Número,Título,Temas Relacionados,Textos Relacionados,Link do Vídeo,Texto Base,Categoria,Subcategoria,Autor da Letra,Autor da Música,letra
1,"Santo, Santo, Santo!",Adoração e Louvor | Graça e Salvação | Sábado e Criação,Efésios 2:8-9; João 3:16; 1 João 1:9 | Salmos 150:1-6; Apocalipse 4:8; Salmos 95:1-2 | Êxodo 20:8-11; Gênesis 2:2-3,https://www.youtube.com/watch?v=FDpludwY46U,Isaías 6:1-3,A Doutrina de Deus,A Trindade,Reginald Heber,John Bacchus Dykes,"Santo, santo, santo! Deus onipotente! 
Cedo de manhã cantaremos Teu louvor 
Santo, santo, santo! Deus Jeová triúno! 
És Deus excelso nosso Criador 
  Santo, santo, santo! Nós, os pecadores 
Não podemos ver Tua glória sem tremor 
Tu somente és santo justo e compassivo 
Puro e perfeito nosso Redentor 
  Santo, santo, santo! Deus onipotente! 
Tua criação manifesta o Teu amor 
Antes de criares todo o Céu e a Terra 
Eras e sempre hás de ser, Senhor 
 "
2,Ó Adorai o Senhor,Adoração e Louvor | Graça e Salvação | Oração e Comunhão,1 Tessalonicenses 5:17; Mateus 7:7; Filipenses 4:6 | Efésios 2:8-9; João 3:16; 1 João 1:9 | Salmos 150:1-6; Apocalipse 4:8; Salmos 95:1-2,https://www.youtube.com/watch?v=u4c66cbU9-c,Salmo 96:9,A Doutrina de Deus,A Trindade,John Samuel Bewley Monsell,Edwin Barnes,"Ó adorai o Senhor na beleza 
Da santidade da glória e poder 
Vinde e prostrai-vos à Sua grandeza 
Ele é o princípio e sempre há de ser 
  Vinde a Seus pés Ele é caridade 
Grande e piedoso tardio em furor 
Vinde adorá-Lo por Sua bondade 
Pela grandeza do Seu santo amor 
  Ele criou o Universo e a Terra 
Vinde e adorai-O com fé e oração 
Límpida fonte de bênçãos encerra 
Fonte de graça e de redenção 
 "
3,O Deus Eterno Reina,"Adoração e Louvor | Graça e Salvação | Oração e Comunhão | Paz, Cuidado e Confiança",1 Tessalonicenses 5:17; Mateus 7:7; Filipenses 4:6 | Efésios 2:8-9; João 3:16; 1 João 1:9 | Salmos 150:1-6; Apocalipse 4:8; Salmos 95:1-2 | Salmos 23:1-4; João 14:27; Salmos 46:1,https://www.youtube.com/watch?v=BpMD-UziYbc,Salmo 99:1-3,A Doutrina de Deus,A Trindade,Fanny J. Crosby,Hart Pease Danks,"O Deus eterno reina 
No monte de Sião 
Chegai-vos ante o trono seu 
Em santa adoração 
Trazei humildemente 
O vosso coração 
Ao Deus eterno e Rei dos reis 
Senhor da redenção 
  O Deus eterno reina 
No monte de Sião 
Os astros na amplidão sem fim 
Sustenta com a mão 
A Ele toda a honra 
A glória e o poder! 
E ascendam os louvores mil 
Ao mais sublime ser 
  O Deus eterno reina 
No monte de Sião 
Entrai no santo templo seu 
Buscai o seu perdão 
Buscando sua face 
A paz encontrareis 
E reine para sempre, enfim 
O eterno Rei dos reis 
 "
4,Louvor ao Trino Deus,Adoração e Louvor | Espírito Santo | Graça e Salvação | Sacrifício e Redenção,Efésios 2:8-9; João 3:16; 1 João 1:9 | Isaías 53:4-5; Romanos 5:8; Hebreus 9:22 | João 14:16-17; Atos 2:1-4 | Salmos 150:1-6; Apocalipse 4:8; Salmos 95:1-2,https://www.youtube.com/watch?v=hfH_dQpEMhk,Salmo 148,A Doutrina de Deus,A Trindade,Elizabeth Rundle Charles,Friedrich Ferdinand Flemming,"Ó anjos e homens dai a Deus louvores 
Pois Sua graça dá aos pecadores! 
Ó firmamento Céus e mar e Terra 
Sim, dai louvor a Deus! 
  Vós, ó remidos, dai louvor a Cristo! 
Tal sacrifício, oh jamais foi visto! 
A Sua morte Seu amor revela 
Sim, adorai Jesus! 
  Quão insondável é o amor divino! 
O Santo Espírito ilumina o mundo 
É tão sublime luz ao peregrino 
Luz que ao Céu conduz 
 "
5,Jubilosos Te Adoramos,"Adoração e Louvor | Espírito Santo | Graça e Salvação | Lar e Família | Oração e Comunhão | Paz, Cuidado e Confiança | Segunda Vinda e Esperança",1 Tessalonicenses 4:16-17; Apocalipse 1:7; João 14:1-3 | 1 Tessalonicenses 5:17; Mateus 7:7; Filipenses 4:6 | Efésios 2:8-9; João 3:16; 1 João 1:9 | Josué 24:15; Efésios 6:1-4 | João 14:16-17; Atos 2:1-4 | Salmos 150:1-6; Apocalipse 4:8; Salmos 95:1-2 | Salmos 23:1-4; João 14:27; Salmos 46:1,https://www.youtube.com/watch?v=e6r1kYZJ1hg,Salmo 105:1-3,A Doutrina de Deus,A Trindade,Henry Van Dyke,Ludwig Van Beethoven,"Jubilosos te adoramos 
Deus da glória, Deus do amor 
Nosso coração transborda 
Em louvor a Ti, Senhor 
Rompe as nuvens da tristeza 
Do pecado e do temor 
Doador da eterna graça 
Enche-nos do Teu amor! 
  Tuas obras anunciam 
Teu poder e resplendor 
Céus e terra cantam hinos 
Em louvor a ti, Senhor 
Vales, montes e campinas 
Lindos prados, verde mar 
Aves, fontes cristalinas 
Todos querem te adorar! 
  Aleluia, aleluia 
A Jesus, o redentor! 
Aleluia eternamente 
Em louvor a Ti, Senhor! 
Ao consolador dai glória 
Pois conforto e vida traz 
Aleluia ao pai eterno 
Deus da graça, Deus da paz! 
 "
6,Nós Te Adoramos,"Adoração e Louvor | Crianças e Jovens | Espírito Santo | Graça e Salvação | Oração e Comunhão | Paz, Cuidado e Confiança",1 Tessalonicenses 5:17; Mateus 7:7; Filipenses 4:6 | Efésios 2:8-9; João 3:16; 1 João 1:9 | João 14:16-17; Atos 2:1-4 | Mateus 19:14; Provérbios 22:6 | Salmos 150:1-6; Apocalipse 4:8; Salmos 95:1-2 | Salmos 23:1-4; João 14:27; Salmos 46:1,https://www.youtube.com/watch?v=gUX4rONKdeI,Salmo 95:6,A Doutrina de Deus,A Trindade,Edmond L. Budry,Franz Joseph Haydn,"Nós Te adoramos Deus infinito 
E a Teu Filho Rei, Salvador 
Teu nome eterno é sempre bendito 
Teu Espírito traz-nos amor 
Glória rendemos honra, louvor 
E adoração a Ti, ó Senhor! 
  Éramos presos pelo pecado 
Tu nos livraste dessa prisão 
E, por Teu Filho imaculado 
Ofertaste-nos a salvação 
Glória rendemos honra, louvor 
E adoração a Ti, Redentor! 
  Tu nos convences dos vis pecados 
E da justiça luzes nos dás 
E à verdade somos guiados 
Ó Espírito Santo de paz 
Glória rendemos honra, louvor 
E adoração ó Consolador! 
 "
7,Sejas Louvado,"Adoração e Louvor | Graça e Salvação | Paz, Cuidado e Confiança",Efésios 2:8-9; João 3:16; 1 João 1:9 | Salmos 150:1-6; Apocalipse 4:8; Salmos 95:1-2 | Salmos 23:1-4; João 14:27; Salmos 46:1,https://www.youtube.com/watch?v=jRo9W3iHhLc,"Salmo 9:1, 2",A Doutrina de Deus,A Trindade,Joachim Neander,Stralsund Gesangbuch,"Sejas louvado 
Rei, criador da natura! 
Louva, minh'alma 
Louva com zelo e ternura! 
Louva o senhor 
Pelo insondável amor 
Cálido amor que perdura! 
  Sejas louvado 
Tu que o universo conduzes! 
Sob tuas asas 
Paz e conforto produzes 
Haja louvor 
Pelo teu dom redentor 
Príncipe eterno das luzes! 
  Sejas louvado 
Pelo cuidado paterno! 
Sobre a verdade 
Ergues teu reino eterno 
Teu o louvor 
Seja somente, senhor 
Por Teu amor sempiterno! 
 "
8,Ó Deus de Amor,Adoração e Louvor | Graça e Salvação | Oração e Comunhão,1 Tessalonicenses 5:17; Mateus 7:7; Filipenses 4:6 | Efésios 2:8-9; João 3:16; 1 João 1:9 | Salmos 150:1-6; Apocalipse 4:8; Salmos 95:1-2,https://www.youtube.com/watch?v=W0Ha0nqpVtY,Gênesis 1:1,A Doutrina de Deus,A Trindade,Isaac Watts,John Hatton,"Ó Deus de amor vimos nós Te adorar 
Vós, ó nações rendei louvor! 
És Tu, Senhor o poderoso Vencedor 
És Criador e Rei sem-par 
  Por Teu poder nos criaste, Senhor 
Deste-nos vida e perfeição 
Mas, ao deixarmos o Teu plano de amor 
Veio em Jesus a salvação 
  Teu é o poder e o louvor, nosso Deus 
Teu, nosso amor fervor também 
Qual rocha firme a verdade ficará 
Deus eternal Senhor. Amém! 
 "
9,"Santo, Santo, Pai Bondoso",Adoração e Louvor | Espírito Santo | Graça e Salvação | Lar e Família | Oração e Comunhão | Sacrifício e Redenção,1 Tessalonicenses 5:17; Mateus 7:7; Filipenses 4:6 | Efésios 2:8-9; João 3:16; 1 João 1:9 | Isaías 53:4-5; Romanos 5:8; Hebreus 9:22 | Josué 24:15; Efésios 6:1-4 | João 14:16-17; Atos 2:1-4 | Salmos 150:1-6; Apocalipse 4:8; Salmos 95:1-2,https://www.youtube.com/watch?v=d-Jm5BqIHms,Salmo 95:6,A Doutrina de Deus,A Trindade,Jimmy Owens,Jimmy Owens,"Santo, santo Pai bondoso 
Santo, santo Deus poderoso 
Entregamos nosso coração a Ti, em devoção 
Pai bondoso Te adoramos 
  Santo, santo Cristo amado 
Pela cruz nós somos redimidos 
Elevamos nossa mente em constante adoração 
Cristo amado Te adoramos 
  Santo, santo Santo Espírito 
Enche de poder a nossa vida 
Suplicamos Tua graça Teu auxílio e direção 
Santo Espírito Te adoramos 
 "
10,O Senhor Está Aqui,Adoração e Louvor | Oração e Comunhão | Segunda Vinda e Esperança,1 Tessalonicenses 4:16-17; Apocalipse 1:7; João 14:1-3 | 1 Tessalonicenses 5:17; Mateus 7:7; Filipenses 4:6 | Salmos 150:1-6; Apocalipse 4:8; Salmos 95:1-2,https://www.youtube.com/watch?v=XafjwXQ7OF8,Habacuque 2:20,A Doutrina de Deus,A Trindade,Silmar Correia,Silmar Correia,"O Senhor está aqui! O Senhor está aqui! 
Vinde adorá-Lo! Vinde exaltá-Lo! 
O Senhor está aqui! 
  Vamos entoar louvores ao Seu nome! 
Vamos exaltar as Suas maravilhas! 
Toda a Terra e Céu deem o seu louvor! 
Vamos adorar o grande Criador! 
  O Senhor está aqui! O Senhor está aqui! 
Vinde adorá-Lo! Vinde exaltá-Lo! 
O Senhor está aqui! 
  Nuvens e trovões proclamem Sua glória! 
Mundos e nações inclinem-se a Ele! 
Dele é o poder Dele é o louvor! 
Vamos adorar o grande Criador! 
  O Senhor está aqui! O Senhor está aqui! 
Vinde adorá-Lo! Vinde exaltá-Lo! 
O Senhor está aqui! 
 "
11,Maior que Tudo,Graça e Salvação | Sacrifício e Redenção,Efésios 2:8-9; João 3:16; 1 João 1:9 | Isaías 53:4-5; Romanos 5:8; Hebreus 9:22,https://www.youtube.com/watch?v=7UlUMa8dlBg,Salmo 48:1,A Doutrina de Deus,A Trindade,"Paul Baloche, Lenny LeBlanc","Paul Baloche, Lenny LeBlanc","Maior que forças Maior que reis 
Que a natureza e tudo que Ele fez 
Maior que coisas que o homem inventar 
No princípio Deus estava lá 
Maior que reinos e posições 
Que as maravilhas de todas as nações 
Maior que bens e o ouro que existir 
Seu amor não pode se medir 
  Mas na cruz, por amor de mim 
Morreu Jesus sozinho até o fim 
Mesmo assim em humilhação 
Morrendo só pensando em mim 
Foi maior 
  Maior que forças Maior que reis 
Que a natureza e tudo que Ele fez 
Maior que coisas que o homem inventar 
No princípio Deus estava lá 
Maior que reinos e posições 
Que as maravilhas de todas as nações 
Maior que bens e o ouro que existir 
Seu amor não pode se medir 
  Mas na cruz, por amor de mim 
Morreu Jesus sozinho até o fim 
Mesmo assim em humilhação 
Morrendo só pensando em mim 
Foi maior 
 "
12,"Vinde, Povo do Senhor","Adoração e Louvor | Espírito Santo | Graça e Salvação | Igreja e Comunhão | Lar e Família | Paz, Cuidado e Confiança | Segunda Vinda e Esperança",1 Tessalonicenses 4:16-17; Apocalipse 1:7; João 14:1-3 | Efésios 2:8-9; João 3:16; 1 João 1:9 | Josué 24:15; Efésios 6:1-4 | João 14:16-17; Atos 2:1-4 | Salmos 133:1; Hebreus 10:25 | Salmos 150:1-6; Apocalipse 4:8; Salmos 95:1-2 | Salmos 23:1-4; João 14:27; Salmos 46:1,https://www.youtube.com/watch?v=2WLfNPD0uhw,Salmo 95:1-6,A Doutrina de Deus,A Trindade,Henry Alford,George J. Elvey,"Vinde povo do Senhor adorai-O com louvor 
Ao Deus trino exaltai a Jesus, a Deus, o Pai 
E ao Espírito de luz que em bondade nos conduz 
Vinde, povo do Senhor adorai o Deus de amor 
  Observemos com fervor este dia do Senhor 
Pois as bênçãos lá do Céu aos fiéis as prometeu 
Atentai à Sua voz com amor falar a nós 
Vinde, povo do Senhor exaltai o Criador 
  Quando a igreja se tornar triunfante, lá no lar 
Nossas lutas findarão e virá a redenção 
Mal e dor ficando atrás reinará amor e paz 
Vinde, povo do Senhor aclamai o Redentor 
 "
13,"Louvamos-Te, ó Deus",Adoração e Louvor | Espírito Santo | Graça e Salvação | Sacrifício e Redenção | Segunda Vinda e Esperança,1 Tessalonicenses 4:16-17; Apocalipse 1:7; João 14:1-3 | Efésios 2:8-9; João 3:16; 1 João 1:9 | Isaías 53:4-5; Romanos 5:8; Hebreus 9:22 | João 14:16-17; Atos 2:1-4 | Salmos 150:1-6; Apocalipse 4:8; Salmos 95:1-2,https://www.youtube.com/watch?v=xAzZsKdefi0,"Salmo 113:1, 2",A Doutrina de Deus,A Trindade,William Paton Mackay,John Jenkins Husband,"Louvamos-Te, ó Deus pelo dom de Jesus 
Que por nós, pecadores foi morto na cruz 
  Aleluia! Toda a glória Te rendemos sem fim 
Aleluia! Tua graça Celebramos. Amém 
  Louvamos-Te, ó Deus pelo Espírito, luz 
Que nos tira das trevas e a Cristo conduz 
  Aleluia! Toda a glória Te rendemos sem fim 
Aleluia! Tua graça Celebramos. Amém 
  Ó, vem nos encher de celeste fervor 
De esperança e bondade de fé, zelo e amor 
  Aleluia! Toda a glória Te rendemos sem fim 
Aleluia! Tua graça Celebramos. Amém 
 "
14,Louvemos o Rei,"Adoração e Louvor | Crianças e Jovens | Espírito Santo | Graça e Salvação | Lar e Família | Paz, Cuidado e Confiança",Efésios 2:8-9; João 3:16; 1 João 1:9 | Josué 24:15; Efésios 6:1-4 | João 14:16-17; Atos 2:1-4 | Mateus 19:14; Provérbios 22:6 | Salmos 150:1-6; Apocalipse 4:8; Salmos 95:1-2 | Salmos 23:1-4; João 14:27; Salmos 46:1,https://www.youtube.com/watch?v=KARmqJz3Ktg,"Salmo 146:1, 2",A Doutrina de Deus,A Trindade,Robert Grant,SACRED MELODIES – II,"Louvemos o Rei glorioso Senhor 
Oh, vamos cantar de Seu infindo amor 
Escudo seguro é Seu grande poder 
E sempre Seus filhos está a defender 
  Falemos de Deus da graça sem-par 
Do grande Senhor do Céu, da Terra e mar 
Que forma a chuva o vento e a luz 
A força dos mares o Seu poder traduz 
  Cantemos do Seu cuidado por nós 
E demos ao Pai louvor em alta voz 
Louvemos, louvemos ao bom Criador 
Amigo sincero fiel e Redentor 
 "
15,"Tu És Fiel, Senhor","Crianças e Jovens | Graça e Salvação | Lar e Família | Paz, Cuidado e Confiança | Segunda Vinda e Esperança",1 Tessalonicenses 4:16-17; Apocalipse 1:7; João 14:1-3 | Efésios 2:8-9; João 3:16; 1 João 1:9 | Josué 24:15; Efésios 6:1-4 | Mateus 19:14; Provérbios 22:6 | Salmos 23:1-4; João 14:27; Salmos 46:1,https://www.youtube.com/watch?v=lVBzxAcXTVk,"Lamentações 3:22, 23",A Doutrina de Deus,O Pai,Thomas Obadiah Chisholm,William Marion Runyan,"Tu és fiel, Senhor ó Deus eterno 
Teus filhos sabem que não falharás 
Nunca mudaste Tu nunca faltaste 
Tal como eras, sim sempre serás 
  Tu és fiel, Senhor! Tu és fiel, Senhor! 
Dia após dia Tuas bênçãos nos dás 
A tua mão nos sustenta e nos guarda 
Sim, para sempre ó Deus, fiel serás 
  Nuvens no azul do céu Sol refulgente 
Montes e vales campinas em flor 
Tudo criaste na terra e nos ares 
E todos louvam-Te fiel Senhor 
  Tu és fiel, Senhor! Tu és fiel, Senhor! 
Dia após dia Tuas bênçãos nos dás 
A tua mão nos sustenta e nos guarda 
Sim, para sempre ó Deus, fiel serás 
  Pleno perdão nos dás que segurança 
Sempre nos guias na senda do bem 
E no porvir, oh! Que doce esperança 
Tu nos receberás no lar de além 
  Tu és fiel, Senhor! Tu és fiel, Senhor! 
Dia após dia Tuas bênçãos nos dás 
A tua mão nos sustenta e nos guarda 
Sim, para sempre ó Deus, fiel serás 
 "
16,Sublime Amor,"Adoração e Louvor | Crianças e Jovens | Graça e Salvação | Lar e Família | Paz, Cuidado e Confiança",Efésios 2:8-9; João 3:16; 1 João 1:9 | Josué 24:15; Efésios 6:1-4 | Mateus 19:14; Provérbios 22:6 | Salmos 150:1-6; Apocalipse 4:8; Salmos 95:1-2 | Salmos 23:1-4; João 14:27; Salmos 46:1,https://www.youtube.com/watch?v=724USSpz4ls,João 15:13,A Doutrina de Deus,O Pai,Frederick M. Lehman,Frederick M. Lehman,"Sublime amor o amor de Deus 
Que lira não traduzirá! 
Maior que o mar maior que o céu 
Jamais alguém compreenderá! 
Ao pecador em aflição 
Seu Filho Deus entregou 
Ao sofredor deu Ele a mão 
E as culpas lhe perdoou 
  Sublime amor o amor de Deus 
Oh! Maravilha sem-par! 
Por esse amor eternamente 
A Deus iremos louvar 
  Se em tinta o mar se transformasse 
E em papel o céu também 
E a pena ágil deslizasse 
Dizendo o que esse amor contém 
Daria fim ao grande mar 
Ao esse amor descrever 
E o céu seria tão pequeno 
Pra tal relato conter 
  Sublime amor o amor de Deus 
Oh! Maravilha sem-par! 
Por esse amor eternamente 
A Deus iremos louvar 
  Excelso amor o amor de Deus 
Que nos remiu da perdição! 
Em gratidão proclamaremos 
Tão grande amor e salvação 
E quando enfim no lar dos Céus 
Em paz e glória eternal 
Pra sempre ali desfrutaremos 
Do grande amor divinal 
  Sublime amor o amor de Deus 
Oh! Maravilha sem-par! 
Por esse amor eternamente 
A Deus iremos louvar 
 "
17,Deus é Nosso Pai Amado,Adoração e Louvor | Lar e Família | Oração e Comunhão | Sacrifício e Redenção | Segunda Vinda e Esperança,1 Tessalonicenses 4:16-17; Apocalipse 1:7; João 14:1-3 | 1 Tessalonicenses 5:17; Mateus 7:7; Filipenses 4:6 | Isaías 53:4-5; Romanos 5:8; Hebreus 9:22 | Josué 24:15; Efésios 6:1-4 | Salmos 150:1-6; Apocalipse 4:8; Salmos 95:1-2,https://www.youtube.com/watch?v=1fkhW76iKSs,Mateus 6:26-30,A Doutrina de Deus,O Pai,Helen Griggs,Helen Griggs,"Jamais teu coração se turbe 
Nem nele haja algum temor 
Pois Deus, do Céu de ti bem cuida 
Oh, confia em teu Senhor 
  Deus é nosso Pai amado 
Que das aves cuida bem 
Dá ao lírio tanta glória 
Sim, te atenderá também 
  O fardo pode ser pesado 
Grande a cruz a carregar 
Levando a Cristo teu cuidado 
Ele vai te aliviar 
  Deus é nosso Pai amado 
Que das aves cuida bem 
Dá ao lírio tanta glória 
Sim, te atenderá também 
  No céu, se negras nuvens pairam 
Dando a ti perturbação 
Oh, busca em Cristo novo alento 
NEle há consolação 
  Deus é nosso Pai amado 
Que das aves cuida bem 
Dá ao lírio tanta glória 
Sim, te atenderá também 
 "
18,Deus é Nosso Pai Celeste,Adoração e Louvor | Crianças e Jovens | Lar e Família,Josué 24:15; Efésios 6:1-4 | Mateus 19:14; Provérbios 22:6 | Salmos 150:1-6; Apocalipse 4:8; Salmos 95:1-2,https://www.youtube.com/watch?v=5Zm_BUpeWHI,Salmo 103:13,A Doutrina de Deus,O Pai,Karolina Wilhelmina Sandell-Berg,Melodia Tradicional Sueca,"Deus é nosso Pai celeste 
Somos sempre bem guardados 
Nem às aves e às estrelas 
Ele mostra tais cuidados 
  Deus, com zelo com ternura 
Seus filhinhos alimenta 
Do pecado Ele os livra 
E em Seus braços os sustenta 
  Na tristeza ou na alegria 
Nunca os filhos Deus esquece 
Seu desejo é levá-los 
Para o santo lar celeste 
 "
19,A Deus demos Glória,Adoração e Louvor | Crianças e Jovens | Graça e Salvação | Sacrifício e Redenção,Efésios 2:8-9; João 3:16; 1 João 1:9 | Isaías 53:4-5; Romanos 5:8; Hebreus 9:22 | Mateus 19:14; Provérbios 22:6 | Salmos 150:1-6; Apocalipse 4:8; Salmos 95:1-2,https://www.youtube.com/watch?v=MnBH-e_BpZQ,"Salmo 107:21, 22",A Doutrina de Deus,O Pai,Fanny J. Crosby,William H. Doane,"A Deus demos glória com grande fervor 
Seu Filho bendito por nós todos deu 
A graça concede ao mais vil pecador 
Abrindo-lhe a porta de entrada no Céu 
  Exultai! Exultai! Vinde todos louvar 
A Jesus Salvador a Jesus Redentor 
A Deus demos glória por quanto do Céu 
Seu Filho bendito por nós todos deu 
  Oh! graça real! Foi assim que Jesus 
Morrendo, Seu sangue por nós derramou 
Herança nos Céus com os santos em luz 
Comprou-nos Jesus pois o preço pagou 
  Exultai! Exultai! Vinde todos louvar 
A Jesus Salvador a Jesus Redentor 
A Deus demos glória por quanto do Céu 
Seu Filho bendito por nós todos deu 
  A crer nos convida tal prova de amor 
Nos merecimentos do Filho de Deus 
E quem, pois, confia no seu Salvador 
Vai vê-Lo sentado na glória do Céu 
  Exultai! Exultai! Vinde todos louvar 
A Jesus Salvador a Jesus Redentor 
A Deus demos glória por quanto do Céu 
Seu Filho bendito por nós todos deu 
 "
20,Grande é o Senhor,Adoração e Louvor | Graça e Salvação,Efésios 2:8-9; João 3:16; 1 João 1:9 | Salmos 150:1-6; Apocalipse 4:8; Salmos 95:1-2,https://www.youtube.com/watch?v=4C23Lx1lwso,Salmo 48:1,A Doutrina de Deus,O Pai,"Michael W. Smith, Deborah D. Smith","Michael W. Smith, Deborah D. Smith","Grande é o Senhor santo e justo Ele é! 
Nós confiamos em Seu grande amor 
Grande é o Senhor verdadeiro e fiel! 
Sua graça provou Seu amor 
  Grande é o Senhor E digno de glória! 
Grande é o Senhor Digno é de louvor! 
Grande é o Senhor Ergamos a voz, ergamos a voz! 
Grande é o Senhor! Grande é o Senhor! 
  Grande é o Senhor santo e justo Ele é! 
Nós confiamos em Seu grande amor 
Grande é o Senhor verdadeiro e fiel! 
Sua graça provou Seu amor 
  Grande é o Senhor E digno de glória! 
Grande é o Senhor Digno é de louvor! 
Grande é o Senhor Ergamos a voz, ergamos a voz! 
Grande é o Senhor! Grande é o Senhor! 
 "
21,"Eu Te Amo, ó Deus",Adoração e Louvor | Graça e Salvação | Oração e Comunhão,1 Tessalonicenses 5:17; Mateus 7:7; Filipenses 4:6 | Efésios 2:8-9; João 3:16; 1 João 1:9 | Salmos 150:1-6; Apocalipse 4:8; Salmos 95:1-2,https://www.youtube.com/watch?v=BjHv6tOnhn0,"Salmo 116:1, 2",A Doutrina de Deus,O Pai,Laurie Klein,Laurie Klein,"Eu te amo ó Deus 
Ergo meu louvor 
Minh'alma vem Te adorar, Senhor 
Aceita, pois, este meu louvor 
Como gratidão por Teu grande amor 
 "
22,A Ti Toda Glória,Adoração e Louvor | Crianças e Jovens | Graça e Salvação | Igreja e Comunhão | Sacrifício e Redenção,Efésios 2:8-9; João 3:16; 1 João 1:9 | Isaías 53:4-5; Romanos 5:8; Hebreus 9:22 | Mateus 19:14; Provérbios 22:6 | Salmos 133:1; Hebreus 10:25 | Salmos 150:1-6; Apocalipse 4:8; Salmos 95:1-2,https://www.youtube.com/watch?v=BwISjJU028U,I Pedro 1:3-5,A Doutrina de Deus,O Pai,Desconhecido,Melodia Tradicional Holandesa,"A Ti, toda glória e louvores rendemos 
Senhor do Universo e Deus, Criador 
Reunidos, rogamos as Tuas santas bênçãos 
E graças ofertamos por Teu grande amor 
  Ó fonte perene de bênçãos constantes 
Fruindo Tua graça queremos viver 
Sustém-nos os passos pois, são mui vacilantes 
Somente pela fé nós podemos vencer 
  Louvores rendemos por Tua bondade 
Teu Filho querido nos deste, na cruz 
Sua morte nos trouxe perdão e eternidade 
E abriu-nos os portais para o reino de luz 
 "
23,Louvai a Cristo,"Crianças e Jovens | Graça e Salvação | Missão e Serviço | Paz, Cuidado e Confiança | Sacrifício e Redenção | Segunda Vinda e Esperança",1 Tessalonicenses 4:16-17; Apocalipse 1:7; João 14:1-3 | Efésios 2:8-9; João 3:16; 1 João 1:9 | Isaías 53:4-5; Romanos 5:8; Hebreus 9:22 | Mateus 19:14; Provérbios 22:6 | Mateus 28:19-20; Isaías 6:8; Marcos 16:15 | Salmos 23:1-4; João 14:27; Salmos 46:1,https://www.youtube.com/watch?v=0LeRHv_eCgk,Apocalipse 5:11-14,A Doutrina de Deus,O Filho,Fanny J. Crosby,Chester G. Allen,"Oh, louvai-O: Cristo o bom Mestre divino 
Pra salvar-nos a Sua vida deu 
Graça e força hoje aos contritos outorga 
Pois Seu sangue por todos nós verteu 
Sim, louvai-O seja pra sempre honrado 
Por Seus filhos um mediador será 
  Exaltai-O pelas excelsas grandezas 
Desta graça que hoje aos perdidos dá 
  Oh, louvai-O: Cristo o bom Mestre divino 
Bons conselhos dá Ele ao pecador 
Dai ao mundo dádivas maravilhosas 
Concedidas por esse Salvador 
Ide, todos servos fiéis de Cristo 
Ele nunca vos abandonará 
  Exaltai-O pelas excelsas grandezas 
Desta graça que hoje aos perdidos dá 
  Oh, louvai-O: Cristo o bom Mestre divino 
Entre os povos Seu grande amor cantai 
Cristo volta com os milhares de anjos 
Logo ao mundo esta mensagem dai 
Cristo o bom pastor cuida do seu rebanho 
Ele os salvos sempre conduzirá 
  Exaltai-O pelas excelsas grandezas 
Desta graça que hoje aos perdidos dá 
 "
24,Louvai a Cristo,Vida Cristã e Devoção,Salmos 1:1-2; Provérbios 3:5-6,https://www.youtube.com/watch?v=AlTWVhSsndI,Apocalipse 17:14,A Doutrina de Deus,O Filho,Jack Williams Hayford,Jack Williams Hayford,
25,"Jesus, Sempre Te Amo",Adoração e Louvor | Graça e Salvação,Efésios 2:8-9; João 3:16; 1 João 1:9 | Salmos 150:1-6; Apocalipse 4:8; Salmos 95:1-2,https://www.youtube.com/watch?v=T5jU2aXD0cI,João 14:21,A Doutrina de Deus,O Filho,William Ralph Featherstone,Adoniram Judson Gordon,"Jesus sempre Te amo 
Porque sei que és meu 
A Ti toda glória 
Na Terra e no céu! 
Meu Mestre divino 
Meu Deus e meu Rei 
A Ti, ó meu Cristo 
Submisso serei 
  Eu Te amo porque 
Tu morreste por mim 
Eu Te amo porque 
Teu amor não tem fim 
Em Ti confiança 
Pra sempre terei 
A Ti, ó meu Cristo 
Submisso serei 
  Eu Te amo, Meu Mestre 
Enquanto viver 
Eu hei de louvar-Te 
Com grande prazer 
Agora e pra sempre 
Contigo estarei 
A Ti, ó meu Cristo 
Submisso serei 
 "
26,Saudai o Nome de Jesus,"Adoração e Louvor | Crianças e Jovens | Graça e Salvação | Lar e Família | Paz, Cuidado e Confiança",Efésios 2:8-9; João 3:16; 1 João 1:9 | Josué 24:15; Efésios 6:1-4 | Mateus 19:14; Provérbios 22:6 | Salmos 150:1-6; Apocalipse 4:8; Salmos 95:1-2 | Salmos 23:1-4; João 14:27; Salmos 46:1,https://www.youtube.com/watch?v=qQuZ30_VVbU,Apocalipse 5:11-13,A Doutrina de Deus,O Filho,Edward Perronet,James Ellor,"Saudai o nome de Jesus 
Ó anjos, vos prostrai 
O Filho do glorioso Deus 
Com glória coroai! 
O Filho do glorioso Deus 
Com glória coroai! 
  Ó escolhida geração 
Do bom e eterno Pai 
O grande Autor da salvação 
Com glória coroai! 
O grande Autor da salvação 
Com glória coroai! 
  Ó perdoados por Jesus 
Alegres adorai 
O Deus de paz, o Deus de luz 
Com glória coroai! 
O Deus de paz, o Deus de luz 
Com glória coroai! 
  Ó povos, tribos e nações 
Ao Rei divino honrai 
A quem quebrou os vis grilhões 
Com glória coroai! 
A quem quebrou os vis grilhões 
Com glória coroai! 
 "
27,Com Glória Coroai,"Adoração e Louvor | Crianças e Jovens | Graça e Salvação | Lar e Família | Paz, Cuidado e Confiança",Efésios 2:8-9; João 3:16; 1 João 1:9 | Josué 24:15; Efésios 6:1-4 | Mateus 19:14; Provérbios 22:6 | Salmos 150:1-6; Apocalipse 4:8; Salmos 95:1-2 | Salmos 23:1-4; João 14:27; Salmos 46:1,https://www.youtube.com/watch?v=xlkwuGo10Os,Apocalipse 5:11-13,A Doutrina de Deus,O Filho,Edward Perronet,James Ellor,"Saudai o nome de Jesus 
Ó anjos, vos prostrai Ó anjos, vos prostrai 
O Filho do glorioso Deus 
  Com glória, glória, glória 
Glória, com glória coroai 
  Ó escolhida geração 
Do bom e eterno Pai Do bom e eterno Pai 
O grande Autor da salvação 
  Com glória, glória, glória 
Glória, com glória coroai 
  Ó perdoados por Jesus 
Alegres adorai Alegres adorai 
O Deus de paz, o Deus de luz 
  Com glória, glória, glória 
Glória, com glória coroai 
  Ó povos, tribos e nações 
Ao Rei divino honrai Ao Rei divino honrai 
A quem quebrou Os vis grilhões 
  Com glória, glória, glória 
Glória, com glória coroai 
 "
28,"Lindo És, Meu Mestre",Adoração e Louvor,Salmos 150:1-6; Apocalipse 4:8; Salmos 95:1-2,https://www.youtube.com/watch?v=DRYgNLQNjmU,Salmo 45:2,A Doutrina de Deus,O Filho,Münster Gesangbuch,Melodia Tradicional Silesiana,"Lindo és, meu Mestre 
Rei do Céu, da Terra! 
Ó Homem-Deus, Senhor Jesus! 
Teu é o reino 
É tua a honra 
És minha glória e minha luz 
  Flores do campo 
Como são tão lindas! 
São o fulgor de prados mil! 
Mais belo é Cristo 
Mais puro e lindo 
É sempre meigo, bom, gentil 
  Lua brilhante! 
Sol, tão resplendente! 
Quão divinal é sua luz! 
Mas há um brilho 
Mais fulgurante: 
O brilho do Senhor Jesus 
 "
29,O Amor de Jesus,"Graça e Salvação | Lar e Família | Oração e Comunhão | Paz, Cuidado e Confiança",1 Tessalonicenses 5:17; Mateus 7:7; Filipenses 4:6 | Efésios 2:8-9; João 3:16; 1 João 1:9 | Josué 24:15; Efésios 6:1-4 | Salmos 23:1-4; João 14:27; Salmos 46:1,https://www.youtube.com/watch?v=rDqhjaMUu8I,João 15:9,A Doutrina de Deus,O Filho,William Elmo Mercer,William Elmo Mercer,"O amor de Jesus é tão puro e leal 
Que aclara o meu viver 
O amor de Jesus me liberta do mal 
E envolve meu pobre ser 
Tão meigo e tão bom é Jesus 
E guia-me com Sua mão 
O amor de Jesus é qual fonte de luz: 
Tirou-me da escuridão 
  O amor de Jesus é mais vasto que o mar 
Sustém-me na provação 
O amor de Jesus qual fragrância da flor 
Inunda meu coração 
Sua paz dá-me calma e prazer 
Eu sei que há um Céu para mim 
A Cristo Jesus minha vida darei 
Por Seu grande amor, sem fim 
 "
30,Sempre Vencendo,"Lar e Família | Paz, Cuidado e Confiança",Josué 24:15; Efésios 6:1-4 | Salmos 23:1-4; João 14:27; Salmos 46:1,https://www.youtube.com/watch?v=SvLmewB4-tc,Apocalipse 6:2,A Doutrina de Deus,O Filho,Fanny J. Crosby,John R. Sweney,"Sempre vencendo mui vitorioso 
Cristo Jesus, o Senhor! 
Chefe bendito Chefe glorioso 
Em tudo é vencedor 
Ei-Lo supremo, guiando 
Com Seu poder e valor! 
Todos avante, ó crentes 
Todos seguindo o Senhor 
  Não é dos fortes a vitória 
Nem dos que correm melhor 
Mas dos fiéis e sinceros 
Como nos diz o Senhor 
  Sempre vencendo mui vitorioso 
Cristo Jesus, o Senhor! 
Eis Suas hostes inumeráveis 
Seu refulgente esplendor! 
Cristo, que é nosso Monarca 
É Salvador, Deus e Pai 
Sempre nos ama, nos guarda 
Sempre conosco Ele vai 
  Não é dos fortes a vitória 
Nem dos que correm melhor 
Mas dos fiéis e sinceros 
Como nos diz o Senhor 
  Sempre vencendo mui vitorioso 
Cristo Jesus, o Senhor! 
Reis e monarcas príncipes fortes 
Buscam também Seu favor 
Humildemente Te peço 
Que me permitas lutar 
Só ao Teu lado, seguro 
Té minha vida findar 
  Não é dos fortes a vitória 
Nem dos que correm melhor 
Mas dos fiéis e sinceros 
Como nos diz o Senhor 
 "
31,"Jesus, Tu És a Minha Vida",Adoração e Louvor | Graça e Salvação | Oração e Comunhão | Segunda Vinda e Esperança,1 Tessalonicenses 4:16-17; Apocalipse 1:7; João 14:1-3 | 1 Tessalonicenses 5:17; Mateus 7:7; Filipenses 4:6 | Efésios 2:8-9; João 3:16; 1 João 1:9 | Salmos 150:1-6; Apocalipse 4:8; Salmos 95:1-2,https://www.youtube.com/watch?v=LL5Pak4zcuA,João 14:6,A Doutrina de Deus,O Filho,Williams Costa Jr.,Williams Costa Jr.,"Jesus, Tu És a minha vida 
Jesus, Tu És o meu cantar 
Tu És a estrada mais bonita 
Por onde eu devo caminhar 
Jesus, Tu És a primavera 
Que faz a vida florescer 
Tu És a chama da alegria 
Que faz brilhar todo o meu ser 
  Jesus, Tu És a melodia 
A voz, o canto, a emoção 
Tu És a força que me inspira 
A dar louvor na provação 
Jesus, Tu És a esperança 
Que faz vibrar meu coração 
Jesus, Tu És a energia 
Que move a vida do cristão 
  Jesus, Tu És o meu caminho 
Verdade, vida e salvação 
Jesus, Tu És a minha glória 
Motivo de minha adoração 
Jesus, Tu És meu Deus querido 
A quem dedico o meu viver 
Tu És pra sempre a minha vida 
Jesus, És vida no meu ser 
 "
32,"Brilha, Jesus","Adoração e Louvor | Graça e Salvação | Lar e Família | Paz, Cuidado e Confiança",Efésios 2:8-9; João 3:16; 1 João 1:9 | Josué 24:15; Efésios 6:1-4 | Salmos 150:1-6; Apocalipse 4:8; Salmos 95:1-2 | Salmos 23:1-4; João 14:27; Salmos 46:1,https://www.youtube.com/watch?v=pnjg15RB6f8,João 8:12,A Doutrina de Deus,O Filho,Graham Kendrick,Graham Kendrick,"Pai o teu grande amor me inspira 
Pai o teu resplendor me anima 
Tua luz ilumina os caminhos meus 
Como um sol o amor desses olhos Teus 
Brilha em mim brilha em mim 
  Brilha Jesus, vem trazer a luz 
Que vem da glória 
O Teu calor, traz a paz e amor 
Vem como um sol 
Às nações trazer misericórdia 
Brilha Jesus, vem trazer Tua luz 
  Pai a tua real grandeza 
Traz à vida real beleza 
Teu amor transformou nossa história 
Hoje a luz que nos vem lá da glória 
Brilha em mim brilha em mim 
  Brilha Jesus, vem trazer a luz 
Que vem da glória 
O Teu calor, traz a paz e amor 
Vem como um sol 
Às nações trazer misericórdia 
Brilha Jesus, vem trazer Tua luz 
 "
33,A Esperança é Jesus,"Graça e Salvação | Paz, Cuidado e Confiança | Segunda Vinda e Esperança",1 Tessalonicenses 4:16-17; Apocalipse 1:7; João 14:1-3 | Efésios 2:8-9; João 3:16; 1 João 1:9 | Salmos 23:1-4; João 14:27; Salmos 46:1,https://www.youtube.com/watch?v=8hKR6ohrexE,1 Timóteo 1:1,A Doutrina de Deus,O Filho,Ariney Balthazar de Oliveira,Ariney Balthazar de Oliveira,"Não há esperança alguma 
Pra um mundo onde Deus não está 
Não há esperança de amor e de paz 
Onde o ódio deixa marcas fatais 
Não há esperança de vida 
Naqueles que não amam a Deus 
Não há esperança de um mundo de paz 
Se o homem deixa Deus para trás 
  A esperança é Jesus 
Ele é o caminho 
A esperança é Jesus 
Nossa luz entre espinhos 
A esperança é Jesus 
Segurança de salvação 
Onde o mundo Pode achar solução 
A esperança é Jesus 
  Só há esperança e certeza 
Naquele que é vencedor 
Só há esperança no nome de Deus 
Para um povo que não tem mais amor 
  A esperança é Jesus 
Ele é o caminho 
A esperança é Jesus 
Nossa luz entre espinhos 
A esperança é Jesus 
Segurança de salvação 
Onde o mundo Pode achar solução 
A esperança é Jesus 
 "
34,Precioso Nome,"Adoração e Louvor | Graça e Salvação | Paz, Cuidado e Confiança",Efésios 2:8-9; João 3:16; 1 João 1:9 | Salmos 150:1-6; Apocalipse 4:8; Salmos 95:1-2 | Salmos 23:1-4; João 14:27; Salmos 46:1,https://www.youtube.com/watch?v=i_1znegpxLI,Filipenses 2:9-11,A Doutrina de Deus,O Filho,Evaldo Vicente,Evaldo Vicente,"Tenho ouvido muitos nomes 
Nomes que hoje vêm e logo vão 
Mas existe um nome eterno 
Fonte de poder e salvação 
  Precioso nome o nome de Jesus 
Tão belo e meigo sempre um grande bem produz 
Mesmo quando é forte o pranto 
Esse nome traz encanto 
Precioso nome, o nome santo, Jesus 
  Esse nome é poderoso 
Pra fazer alguém de novo amar 
Quem procura segurança 
Pode nesse nome encontrar 
  Precioso nome o nome de Jesus 
Tão belo e meigo sempre um grande bem produz 
Mesmo quando é forte o pranto 
Esse nome traz encanto 
Precioso nome, o nome santo, Jesus 
  Precioso nome, o nome santo, Jesus 
 "
35,Ele é Exaltado,Adoração e Louvor,Salmos 150:1-6; Apocalipse 4:8; Salmos 95:1-2,https://www.youtube.com/watch?v=KAu7WO38klQ,Salmo 24:10,A Doutrina de Deus,O Filho,Twila Paris,Twila Paris,"Ele é exaltado, o Rei é exaltado nos Céus 
Eu O louvarei 
Ele é exaltado, pra sempre é exaltado 
O Seu nome louvarei 
  Ele é o Senhor 
Sua verdade vai sempre reinar 
Terra e Céus 
Glorificam Seu santo nome 
Ele é exaltado, o Rei é exaltado nos Céus 
  Ele é exaltado, o Rei é exaltado nos Céus 
Eu O louvarei 
Ele é exaltado, pra sempre é exaltado 
O Seu nome louvarei 
  Ele é o Senhor 
Sua verdade vai sempre reinar 
Terra e Céus 
Glorificam Seu santo nome 
Ele é exaltado, o Rei é exaltado nos Céus 
  Ele é exaltado, o Rei é exaltado nos Céus 
 "
36,Por Seu Imenso Amor,Adoração e Louvor | Graça e Salvação | Oração e Comunhão,1 Tessalonicenses 5:17; Mateus 7:7; Filipenses 4:6 | Efésios 2:8-9; João 3:16; 1 João 1:9 | Salmos 150:1-6; Apocalipse 4:8; Salmos 95:1-2,https://www.youtube.com/watch?v=h2zY2yqEhH8,2 João 1:3,A Doutrina de Deus,O Filho,Rafael Lindemute,Rafael Lindemute,"O Universo, em seu resplendor 
Revela um Deus Criador 
  Por isso, exalto a Jesus, meu Senhor 
Por Seu imenso amor 
Só a Jesus, só a Jesus 
Exaltarei cada dia 
Só a Jesus, só a Jesus 
Dedicarei meu louvor 
Quero pra sempre a Cristo adorar 
Por Seu imenso amor 
  Mesmo sabendo que indigno eu sou 
Ele jamais me deixou 
  Por isso, exalto a Jesus, meu Senhor 
Por Seu imenso amor 
Só a Jesus, só a Jesus 
Exaltarei cada dia 
Só a Jesus, só a Jesus 
Dedicarei meu louvor 
Quero pra sempre a Cristo adorar 
Por Seu imenso amor 
  A vida eterna sem pranto e dor 
Ele, por mim, conquistou 
  Por isso, exalto a Jesus, meu Senhor 
Por Seu imenso amor 
Só a Jesus, só a Jesus 
Exaltarei cada dia 
Só a Jesus, só a Jesus 
Dedicarei meu louvor 
Quero pra sempre a Cristo adorar 
Por Seu imenso amor 
Por Seu imenso amor 
Por Seu imenso amor 
 "
37,Cristo,"Adoração e Louvor | Graça e Salvação | Paz, Cuidado e Confiança",Efésios 2:8-9; João 3:16; 1 João 1:9 | Salmos 150:1-6; Apocalipse 4:8; Salmos 95:1-2 | Salmos 23:1-4; João 14:27; Salmos 46:1,https://www.youtube.com/watch?v=PRVP3fMMOJ8,Mateus 11:28-30,A Doutrina de Deus,O Filho,Jader D. Santos,Jader D. Santos,"Cristo é amigo Cristo é irmão 
Cristo é grandioso Cristo é união 
Dele é toda a glória Dele é o poder 
Cristo é amparo Cristo é salvação 
Cristo é Rei da glória Cristo é o Senhor 
Cristo é abrigo Cristo é amor 
  Cristo é meu guia Cristo é farol 
Cristo é luz que brilha Cristo é como um sol 
Dele é minha vida Dele é o meu ser 
Cristo é alegria Cristo é canção 
Cristo é Rei da glória Cristo é o Senhor 
Cristo é abrigo Cristo é amor 
 "
38,A Ti Rendemos Glórias,"Adoração e Louvor | Crianças e Jovens | Graça e Salvação | Lar e Família | Paz, Cuidado e Confiança | Sacrifício e Redenção",Efésios 2:8-9; João 3:16; 1 João 1:9 | Isaías 53:4-5; Romanos 5:8; Hebreus 9:22 | Josué 24:15; Efésios 6:1-4 | Mateus 19:14; Provérbios 22:6 | Salmos 150:1-6; Apocalipse 4:8; Salmos 95:1-2 | Salmos 23:1-4; João 14:27; Salmos 46:1,https://www.youtube.com/watch?v=Sju2hLQ6hKU,Salmo 106:48,A Doutrina de Deus,O Filho,Teodulfo de Orleães,Melchior Teschner,"A Ti rendemos glórias Ó Rei e Redentor 
A quem crianças rendem também, o seu louvor 
Senhor, nos inclinamos aos Teus sagrados pés 
E a Ti nós adoramos pois Deus eterno és 
  A voz dos santos anjos em sons celestiais 
Aqui na Terra ecoa na voz dos vis mortais 
Só Tu, ó Deus bondoso és o Pastor fiel 
O Rei dos reis vindouro Senhor de Israel 
  Louvor Te deram antes da cruz e da paixão 
E nós também cantamos o dom da salvação 
Pois Teu, Senhor, é o reino a glória e o poder 
E a Ti, pra sempre, os salvos mui gratos hão de ser 
 "
39,Glórias ao Rei de Amor,"Adoração e Louvor | Graça e Salvação | Lar e Família | Oração e Comunhão | Paz, Cuidado e Confiança | Sacrifício e Redenção",1 Tessalonicenses 5:17; Mateus 7:7; Filipenses 4:6 | Efésios 2:8-9; João 3:16; 1 João 1:9 | Isaías 53:4-5; Romanos 5:8; Hebreus 9:22 | Josué 24:15; Efésios 6:1-4 | Salmos 150:1-6; Apocalipse 4:8; Salmos 95:1-2 | Salmos 23:1-4; João 14:27; Salmos 46:1,https://www.youtube.com/watch?v=aARgwr11kt4,"Judas 24, 25",A Doutrina de Deus,O Filho,Matthew Bridges,George J. Elvey,"Glórias ao Rei de amor ao Rei, Senhor Jesus 
O Seu divino e santo amor provou ali na cruz 
A Cristo, o Redentor darei louvor sem fim 
Louvor ao santo Rei de amor 
Que a vida deu por mim 
  Glórias ao Rei da luz do bem o manancial 
Louvor ao nobre Rei da luz ao dom celestial 
Senhor da Terra e mar da luz que ao Céu conduz 
Louvor ao nobre Rei da luz 
Ao Rei que a Deus traduz 
  Glórias ao Rei da paz ao Rei, Senhor e Deus 
Louvor ao grande Rei da paz ao Rei dos altos Céus 
Ó Rei, por Teu favor ali irei morar 
Viver a eterna E doce paz 
A paz do eterno lar 
 "
40,Concede-nos o Espírito,Adoração e Louvor | Crianças e Jovens | Espírito Santo | Graça e Salvação | Lar e Família | Oração e Comunhão | Santuário e Juízo,1 Tessalonicenses 5:17; Mateus 7:7; Filipenses 4:6 | Efésios 2:8-9; João 3:16; 1 João 1:9 | Hebreus 4:14-16; Hebreus 8:1-2; Daniel 8:14 | Josué 24:15; Efésios 6:1-4 | João 14:16-17; Atos 2:1-4 | Mateus 19:14; Provérbios 22:6 | Salmos 150:1-6; Apocalipse 4:8; Salmos 95:1-2,https://www.youtube.com/watch?v=AEIOZHynZ10,"João 16:7, 8",A Doutrina de Deus,O Espírito Santo,Dario Pires de Araújo,John Darwall,"Concede-nos, ó Deus o Espírito de amor 
E ao nosso coração o Teu Consolador 
No mundo atroz 
Que sempre o Santo Espírito esteja em nós 
  Convença o mundo então do juízo e do mal 
E da justiça, enfim com graça divinal 
Concede, ó Deus 
Que andem na Verdade aqui os filhos Teus 
  Permite-nos aqui louvar a Deus, o Pai 
E ao Filho em alta voz ó povos, glória dai 
Louvai também 
O bom e Santo Espírito pra sempre. Amém 
 "
41,Chuvas de Bênçãos,"Espírito Santo | Graça e Salvação | Paz, Cuidado e Confiança",Efésios 2:8-9; João 3:16; 1 João 1:9 | João 14:16-17; Atos 2:1-4 | Salmos 23:1-4; João 14:27; Salmos 46:1,https://www.youtube.com/watch?v=BaJF1Tg3CJM,Ezequiel 34:26,A Doutrina de Deus,O Espírito Santo,Daniel W. Whittle,James McGranahan,"Chuvas de bênçãos teremos 
É a promessa de Deus 
Tempos benditos veremos 
Chuvas de bênçãos dos Céus 
  Sim, chuvas de bênçãos 
Chuvas de bênçãos dos Céus 
Gotas somente nós temos 
Chuvas rogamos a Deus 
  Chuvas de bênçãos teremos 
Vida de paz e perdão 
Os pecadores indignos 
Graça dos Céus obterão 
  Sim, chuvas de bênçãos 
Chuvas de bênçãos dos Céus 
Gotas somente nós temos 
Chuvas rogamos a Deus 
  Chuvas de bênçãos teremos 
Manda-nos já, ó Senhor! 
Dá-nos agora o bom fruto 
Desta promessa de amor 
  Sim, chuvas de bênçãos 
Chuvas de bênçãos dos Céus 
Gotas somente nós temos 
Chuvas rogamos a Deus 
  Chuvas de bênçãos teremos 
Chuvas mandadas dos Céus 
Bênçãos a todos os crentes 
Bênçãos do nosso bom Deus 
  Sim, chuvas de bênçãos 
Chuvas de bênçãos dos Céus 
Gotas somente nós temos 
Chuvas rogamos a Deus 
 "
42,Vive em Mim,Adoração e Louvor | Espírito Santo | Graça e Salvação | Oração e Comunhão,1 Tessalonicenses 5:17; Mateus 7:7; Filipenses 4:6 | Efésios 2:8-9; João 3:16; 1 João 1:9 | João 14:16-17; Atos 2:1-4 | Salmos 150:1-6; Apocalipse 4:8; Salmos 95:1-2,https://www.youtube.com/watch?v=GHr5fUzMD-8,João 3:5-8,A Doutrina de Deus,O Espírito Santo,Edwin Hatch,Baylus Benjamin McKinney,"Vive, Santo Espírito 
Neste meu pobre ser 
Faz no meu coração a luz 
Do Céu resplandecer 
  Vive em mim vive em mim 
Santo e bom Consolador 
Limpa do mal meu coração 
Reine nele só o amor 
  Fala, Santo Espírito 
Fala-me com poder 
Pois para a redenção real 
Eu quero renascer 
  Vive em mim vive em mim 
Santo e bom Consolador 
Limpa do mal meu coração 
Reine nele só o amor 
  Santo, Santo Espírito 
Enche-me de fervor 
Para que eu ponha o meu viver 
Nas mãos do Salvador 
  Vive em mim vive em mim 
Santo e bom Consolador 
Limpa do mal meu coração 
Reine nele só o amor 
 "
43,"Vem, Santo Espírito, Agora",Adoração e Louvor | Espírito Santo | Graça e Salvação | Oração e Comunhão,1 Tessalonicenses 5:17; Mateus 7:7; Filipenses 4:6 | Efésios 2:8-9; João 3:16; 1 João 1:9 | João 14:16-17; Atos 2:1-4 | Salmos 150:1-6; Apocalipse 4:8; Salmos 95:1-2,https://www.youtube.com/watch?v=q7ckGf7nsU4,Isaías 44:3,A Doutrina de Deus,O Espírito Santo,"Gloria Gaither, William J. Gaither",William J. Gaither,"Vem, Santo Espírito, agora 
Vem, Te pedimos a orar 
Vem com poder inspirar-nos 
Sim, vem nos reavivar 
  Vem como água ao sedento 
Traz ao faminto o pão 
Vem e sacia minh'alma 
Faz puro meu coração 
  Vem como a brisa suave 
Vem com o Teu resplendor 
Dá-nos vigor e alegria 
Enche-nos com Teu amor 
  Ó, vem, Espírito Santo 
Bom, meigo Consolador 
Vem inundar nossa vida 
Com Teu sagrado fervor 
 "
44,O Santo Espírito,"Adoração e Louvor | Espírito Santo | Graça e Salvação | Igreja e Comunhão | Missão e Serviço | Oração e Comunhão | Palavra de Deus e Lei | Paz, Cuidado e Confiança",1 Tessalonicenses 5:17; Mateus 7:7; Filipenses 4:6 | Efésios 2:8-9; João 3:16; 1 João 1:9 | João 14:16-17; Atos 2:1-4 | Mateus 28:19-20; Isaías 6:8; Marcos 16:15 | Salmos 119:105; 2 Timóteo 3:16; Salmos 19:7 | Salmos 133:1; Hebreus 10:25 | Salmos 150:1-6; Apocalipse 4:8; Salmos 95:1-2 | Salmos 23:1-4; João 14:27; Salmos 46:1,https://www.youtube.com/watch?v=niiUqUc9j1s,Atos 1:8,A Doutrina de Deus,O Espírito Santo,John W. Peterson,John W. Peterson,"O Santo Espírito desceu do Céu 
Em plenitude de poder 
E o Pentecostes fez brilhar a luz 
E multidões puderam crer 
Fiéis em Cristo sem qualquer temor 
Saíram todos a pregar 
E conseguiram mesmo em luta e dor 
Final vitória conquistar 
  Ó Deus bendito hoje, também 
Vem conceder-nos Tua graça e Teu poder 
Eis nossa prece: Vem perto estar 
Vem Tua Igreja aqui reavivar 
  ""Só pela fé o justo vai viver"" 
Na Bíblia vamos encontrar 
Jesus portanto nos dará poder 
Devemos crer e confiar 
Os que esperam sempre no Senhor 
Paz e alegria hão de achar 
Receberão de Deus constante amor 
E graça pra testemunhar 
  Ó Deus bendito hoje, também 
Vem conceder-nos Tua graça e Teu poder 
Eis nossa prece: Vem perto estar 
Vem Tua Igreja aqui reavivar 
 "
45,Suave Espírito,Adoração e Louvor | Espírito Santo | Graça e Salvação | Missão e Serviço | Oração e Comunhão,1 Tessalonicenses 5:17; Mateus 7:7; Filipenses 4:6 | Efésios 2:8-9; João 3:16; 1 João 1:9 | João 14:16-17; Atos 2:1-4 | Mateus 28:19-20; Isaías 6:8; Marcos 16:15 | Salmos 150:1-6; Apocalipse 4:8; Salmos 95:1-2,https://www.youtube.com/watch?v=zoxr6xrtoa8,Gálatas 4:6,A Doutrina de Deus,O Espírito Santo,Doris Akers,Doris Akers,"Há um suave espírito entre nós 
É do Espírito de Deus a doce voz 
Vejo em cada rosto o resplendor 
Da presença do Espírito do Senhor 
  Ó Santo Espírito vindo do Céu 
Fica conosco enche-nos de fervor! 
E por tais bênçãos rendemos-Te louvor 
E assim reavivados vamos todos ser 
Por Teu poder e amor 
  Há prazer em cada coração 
Pois o Espírito desperta em nós o amor 
E nos faz viver em união 
Dedicados ao serviço do Senhor 
  Ó Santo Espírito vindo do Céu 
Fica conosco enche-nos de fervor! 
E por tais bênçãos rendemos-Te louvor 
E assim reavivados vamos todos ser 
Por Teu poder e amor 
 "
46,Dia de Chuva,Espírito Santo | Graça e Salvação | Lar e Família | Oração e Comunhão | Segunda Vinda e Esperança,1 Tessalonicenses 4:16-17; Apocalipse 1:7; João 14:1-3 | 1 Tessalonicenses 5:17; Mateus 7:7; Filipenses 4:6 | Efésios 2:8-9; João 3:16; 1 João 1:9 | Josué 24:15; Efésios 6:1-4 | João 14:16-17; Atos 2:1-4,https://www.youtube.com/watch?v=Vwpc1inHrwA,Joel 2:28,A Doutrina de Deus,O Espírito Santo,Ariney Balthazar de Oliveira,Ariney Balthazar de Oliveira,"Hoje é o dia em que temos de pedir 
Pela benção da presença do Senhor 
Hoje é o dia em que temos de orar 
Pela benção da presença desse amor 
  Derrama a chuva sobre nós 
Derrama o Teu poder de amor 
Teu Espírito pedimos oh Senhor 
Derrama a chuva sobre nós 
Derrama o Teu poder de amor 
Teu Espírito envia oh Senhor 
  Hoje é o dia em que temos de orar 
Pra que o Céu derrame bênçãos sobre nós 
Hoje é o dia em que temos de falar 
Que Jesus está mais perto de voltar 
  Derrama a chuva sobre nós 
Derrama o Teu poder de amor 
Teu Espírito pedimos oh Senhor 
Derrama a chuva sobre nós 
Derrama o Teu poder de amor 
Teu Espírito envia oh Senhor 
 "
47,Cheios do Espírito,"Adoração e Louvor | Espírito Santo | Graça e Salvação | Lar e Família | Paz, Cuidado e Confiança | Sacrifício e Redenção | Segunda Vinda e Esperança",1 Tessalonicenses 4:16-17; Apocalipse 1:7; João 14:1-3 | Efésios 2:8-9; João 3:16; 1 João 1:9 | Isaías 53:4-5; Romanos 5:8; Hebreus 9:22 | Josué 24:15; Efésios 6:1-4 | João 14:16-17; Atos 2:1-4 | Salmos 150:1-6; Apocalipse 4:8; Salmos 95:1-2 | Salmos 23:1-4; João 14:27; Salmos 46:1,https://www.youtube.com/watch?v=5pCbe4IUoSQ,Efésios 5:18,A Doutrina de Deus,O Espírito Santo,Valdecir Simões Lima,Lineu Formighieri Soares,"O Espírito de Deus 
Nos guiará pela verdade 
Dizendo com clareza 
As coisas certas que virão 
Jesus em nossa vida 
Vencerá a falsidade 
No mundo que se perde 
Em meio à escuridão 
  Cheios do Espírito 
Cheios de poder 
Iremos proclamar 
A paz que vem da cruz 
Cheios do Espírito 
Cheios de poder 
Iremos anunciar 
A volta de Jesus 
Cheios do Espírito 
Cheios de poder 
  Confiantes na riqueza 
Da glória de Jesus 
Vivemos o poder 
De Seu Espírito em nós 
Assim nós proclamamos 
Sua graça, eterna luz 
Ao mundo que tem fome 
De ouvir a Sua voz 
  Cheios do Espírito 
Cheios de poder 
Iremos proclamar 
A paz que vem da cruz 
Cheios do Espírito 
Cheios de poder 
Iremos anunciar 
A volta de Jesus 
Cheios do Espírito 
Cheios de poder 
 "
48,O Poder do Espírito,Adoração e Louvor | Espírito Santo | Graça e Salvação | Segunda Vinda e Esperança,1 Tessalonicenses 4:16-17; Apocalipse 1:7; João 14:1-3 | Efésios 2:8-9; João 3:16; 1 João 1:9 | João 14:16-17; Atos 2:1-4 | Salmos 150:1-6; Apocalipse 4:8; Salmos 95:1-2,https://www.youtube.com/watch?v=dq4XfQZJrbg,Atos 1:8,A Doutrina de Deus,O Espírito Santo,Valdecir Simões Lima,Wanderson F. Paiva,"Ao descer sobre nós 
O poder do Santo Espírito de Deus 
Nosso ser, nossa voz 
Com poder proclamarão os atos Seus 
  O mundo há de ouvir 
Que Jesus irá voltar 
Com poder e grande glória irá reinar 
  O Espírito de Deus 
Através do nosso amor 
Levará a todo mundo Cristo Salvador 
  Ao descer sobre nós 
O poder do Santo Espírito de Deus 
Nosso ser, nossa voz 
Com poder proclamarão os atos Seus 
  O mundo há de ouvir 
Que Jesus irá voltar 
Com poder e grande glória irá reinar 
  O Espírito de Deus 
Através do nosso amor 
Levará a todo mundo Cristo Salvador 
 "
49,Que Firme Alicerce!,Adoração e Louvor | Crianças e Jovens | Palavra de Deus e Lei | Sacrifício e Redenção,Isaías 53:4-5; Romanos 5:8; Hebreus 9:22 | Mateus 19:14; Provérbios 22:6 | Salmos 119:105; 2 Timóteo 3:16; Salmos 19:7 | Salmos 150:1-6; Apocalipse 4:8; Salmos 95:1-2,https://www.youtube.com/watch?v=YiYxrq_0LuI,2 Pedro 1:19,A Doutrina de Deus,As Escrituras Sagradas,SELECTION OF HYMNS,CANTUS DIVERSI,"Que firme alicerce na Santa Escritura 
Encontram os crentes em lutas e dor! 
Grandes promessas e com tal ternura 
Quem há que as daria senão o Senhor? 
Quem há que as daria senão o Senhor? 
  Se fores chamado a passar pelas águas 
Profundas e bravas de angústia e aflição 
Crê, pois contigo estarei nessas mágoas 
E em glória perene depois findarão 
Em glória perene depois findarão 
  Se tua vereda passar pela chama 
De fogos ardentes não fujas à dor! 
Palha, somente no fogo se inflama 
O ouro, na chama duplica o valor 
O ouro, na chama duplica o valor 
  A todo que em Mim vem buscar o repouso 
Confiado no sangue do Filho de Deus 
Eu o farei um cristão vitorioso 
Por certo estará nas moradas dos Céus! 
Por certo estará nas moradas dos Céus! 
 "
50,Alicerce Seguro,"Crianças e Jovens | Graça e Salvação | Palavra de Deus e Lei | Paz, Cuidado e Confiança | Sacrifício e Redenção",Efésios 2:8-9; João 3:16; 1 João 1:9 | Isaías 53:4-5; Romanos 5:8; Hebreus 9:22 | Mateus 19:14; Provérbios 22:6 | Salmos 119:105; 2 Timóteo 3:16; Salmos 19:7 | Salmos 23:1-4; João 14:27; Salmos 46:1,https://www.youtube.com/watch?v=s8iTxsqiiqM,2 Pedro 1:19,A Doutrina de Deus,As Escrituras Sagradas,RIPPON´S SELECTION OF HYMNS,GENUINE CHURCH MUSIC,"Que firme alicerce podemos achar 
Na Santa Escritura pra a fé basear! 
São ricas promessas pra quem nelas crer 
Pra quem quer refúgio em Jesus receber 
  Não temas, Meu filho bem perto Eu estou 
Pois sou o seu Deus sempre à frente Eu vou 
Eu posso ajudar e a você sustentar 
A mão Eu estendo e o posso amparar 
  Se em águas profundas tiver que seguir 
Os rios não irão a você submergir 
Se a sua estrada o fogo cruzar 
A graça darei pra prover e cuidar 
  Quem quer encontrar o repouso em Jesus 
Terá proteção bem à sombra da cruz 
Embora em conflitos em lutas ou dor 
Bem perto estarei ao seu lado co’amor 
 "
51,Dá-me a Bíblia,"Palavra de Deus e Lei | Paz, Cuidado e Confiança | Sacrifício e Redenção",Isaías 53:4-5; Romanos 5:8; Hebreus 9:22 | Salmos 119:105; 2 Timóteo 3:16; Salmos 19:7 | Salmos 23:1-4; João 14:27; Salmos 46:1,https://www.youtube.com/watch?v=k-O7d-lvwtE,"2 Timóteo 3:16, 17",A Doutrina de Deus,As Escrituras Sagradas,Priscilla J. Owens,Edmund S. Lorenz,"Dá-me a Bíblia que eu tanto anelo 
Por seu caminho quero sempre andar 
Suas palavras são a doce nova 
Que nosso Mestre veio anunciar 
  Dá-me a Bíblia livro tão precioso 
Santa doutrina fonte é de luz 
Têm seus ensinos um poder grandioso 
Eles conduzem para o bom Jesus 
  Dá-me a Bíblia dela eu preciso 
Pois do pecado há de me livrar 
Suas palavras têm poder e alento 
Que minha alma podem renovar 
  Dá-me a Bíblia livro tão precioso 
Santa doutrina fonte é de luz 
Têm seus ensinos um poder grandioso 
Eles conduzem para o bom Jesus 
  Dá-me a Bíblia que meu guia seja 
Por toda a vida meu caminho e luz 
Seus bons ensinos sejam sempre o astro 
Que me conduza para o pé da cruz 
  Dá-me a Bíblia livro tão precioso 
Santa doutrina fonte é de luz 
Têm seus ensinos um poder grandioso 
Eles conduzem para o bom Jesus 
 "
52,Novas de Amor e Vida,"Adoração e Louvor | Graça e Salvação | Paz, Cuidado e Confiança",Efésios 2:8-9; João 3:16; 1 João 1:9 | Salmos 150:1-6; Apocalipse 4:8; Salmos 95:1-2 | Salmos 23:1-4; João 14:27; Salmos 46:1,https://www.youtube.com/watch?v=ZKGM3HzpOZo,"Lucas 2:10, 11",A Doutrina de Deus,As Escrituras Sagradas,Philip P. Bliss,Philip P. Bliss,"Oh, cantai, outra vez cantai 
Novas de amor e vida 
Pois eu nelas encontro paz: 
Novas de amor e vida 
Belas, sublimadas puras, inspiradas: 
  Novas dos Céus Bênçãos de Deus 
Novas de amor e vida 
Novas dos Céus Bênçãos de Deus 
Novas de paz e luz 
  Vem Jesus Cristo a todos dar 
Novas de amor e vida 
Dai ouvidos ao Seu chamar: 
Novas de amor e vida 
Salva todo crente salva livremente 
  Novas dos Céus Bênçãos de Deus 
Novas de amor e vida 
Novas dos Céus Bênçãos de Deus 
Novas de paz e luz 
  Vós, ó crentes, a voz alçai: 
Novas de amor e vida 
Vós, ó anjos, também clamai: 
Novas de amor e vida 
Cristo, o Rei da glória dá-nos a vitória 
  Novas dos Céus Bênçãos de Deus 
Novas de amor e vida 
Novas dos Céus Bênçãos de Deus 
Novas de paz e luz 
 "
53,Que Diz a Bíblia?,Palavra de Deus e Lei | Segunda Vinda e Esperança | Sábado e Criação,1 Tessalonicenses 4:16-17; Apocalipse 1:7; João 14:1-3 | Salmos 119:105; 2 Timóteo 3:16; Salmos 19:7 | Êxodo 20:8-11; Gênesis 2:2-3,https://www.youtube.com/watch?v=hNdx9bWb_0s,Atos 17:11,A Doutrina de Deus,As Escrituras Sagradas,Franklin E. Belden,Franklin E. Belden,"""Que diz a Bíblia livro sagrado?"" 
Para o fiel eis a questão! 
Ensinamentos de homens são falhos 
Que diz de Deus o livro, então? 
  ""Que diz a Bíblia?"" Poucos dirão 
""Que diz a Bíblia?"" Cumpre saber 
Seus mandamentos guardem-nos todos 
Breve Jesus iremos ver 
  Poucos ponderam estes ensinos 
Querem fugir de a lei guardar 
Outros pretendem quanto ao descanso 
Ter o poder de o revogar 
  ""Que diz a Bíblia?"" Poucos dirão 
""Que diz a Bíblia?"" Cumpre saber 
Seus mandamentos guardem-nos todos 
Breve Jesus iremos ver 
  Ao vir o Mestre há de saudar-vos 
Vós que pisais a Sua lei? 
Há de Ele achar-vos justificados? 
Ó, meditai e respondei! 
  ""Que diz a Bíblia?"" Poucos dirão 
""Que diz a Bíblia?"" Cumpre saber 
Seus mandamentos guardem-nos todos 
Breve Jesus iremos ver 
 "
54,Unidos Pela Palavra,Espírito Santo | Igreja e Comunhão | Palavra de Deus e Lei | Segunda Vinda e Esperança,1 Tessalonicenses 4:16-17; Apocalipse 1:7; João 14:1-3 | João 14:16-17; Atos 2:1-4 | Salmos 119:105; 2 Timóteo 3:16; Salmos 19:7 | Salmos 133:1; Hebreus 10:25,https://www.youtube.com/watch?v=2rH9XgY6SGQ,Atos 2:42,A Doutrina de Deus,As Escrituras Sagradas,Marcelo Santos Meireles,Marcelo Santos Meireles,"Lâmpada para os pés 
Luz para o caminho 
Nós teremos 
Unidos pela Palavra 
Espada de poder 
Verdade que liberta 
Nós teremos 
Unidos pela Palavra 
  Com porção dobrada do Espírito 
Ó Senhor vem nos encher 
Faz-nos um 
Unidos pela Palavra 
Nós faremos grandes maravilhas 
Ao descer o Teu poder 
Faz-nos um 
Unidos pela Palavra 
  Lâmpada para os pés 
Luz para o caminho 
Nós teremos 
Unidos pela Palavra 
Espada de poder 
Verdade que liberta 
Nós teremos 
Unidos pela Palavra 
  Com porção dobrada do Espírito 
Ó Senhor vem nos encher 
Faz-nos um 
Unidos pela Palavra 
Nós faremos grandes maravilhas 
Ao descer o Teu poder 
Faz-nos um 
Unidos pela Palavra 
 "
55,Tua Palavra,"Oração e Comunhão | Palavra de Deus e Lei | Paz, Cuidado e Confiança",1 Tessalonicenses 5:17; Mateus 7:7; Filipenses 4:6 | Salmos 119:105; 2 Timóteo 3:16; Salmos 19:7 | Salmos 23:1-4; João 14:27; Salmos 46:1,https://www.youtube.com/watch?v=L81Mjny13d4,Salmo 119:11,A Doutrina de Deus,As Escrituras Sagradas,Jader D. Santos,Jader D. Santos,"Escondi tua palavra no meu coração 
Pra não pecar contra Ti 
Escondi as Tuas preciosas verdades 
Dentro de mim 
Eu não quero falhar 
Eu não quero jamais entristecer meu Jesus 
  Tua palavra é luz Tua palavra é paz 
Tua palavra é vida ao meu coração 
Por isso em meu viver 
Eu quero compreender 
Eu quero aceitar em mim o Teu querer 
Vem ajudar-me ó Deus 
  Decidi obedecer Senhor em qualquer situação 
Sei que Tu vais ser comigo 
Decidi que quero de hoje em diante 
Ser sempre Teu 
Eu não quero falhar 
Eu não quero jamais entristecer meu Jesus 
  Tua palavra é luz Tua palavra é paz 
Tua palavra é vida ao meu coração 
Por isso em meu viver 
Eu quero compreender 
Eu quero aceitar em mim o Teu querer 
Vem ajudar-me ó Deus 
 "
56,Nossa Inspiração,Graça e Salvação | Oração e Comunhão | Palavra de Deus e Lei | Segunda Vinda e Esperança,1 Tessalonicenses 4:16-17; Apocalipse 1:7; João 14:1-3 | 1 Tessalonicenses 5:17; Mateus 7:7; Filipenses 4:6 | Efésios 2:8-9; João 3:16; 1 João 1:9 | Salmos 119:105; 2 Timóteo 3:16; Salmos 19:7,https://www.youtube.com/watch?v=5-PCVhz6uzg,Salmo 119:140,A Doutrina de Deus,As Escrituras Sagradas,Samuel Gravino Júnior,Samuel Gravino Júnior,"Grande e lindo é o amor de Deus 
Que um livro mui precioso nos deixou 
Seus ensinos servem para nos lembrar 
Que um dia lá no céu vamos morar 
  A Bíblia é nossa inspiração 
Palavra doce ao coração 
É luz eterna de valor 
É fonte de esperança e de amor 
  Curas e milagres de Jesus 
A Bíblia tantas vezes nos mostrou 
Sempre nós devemos este livro amar 
Pois, muitas vidas pode transformar 
  A Bíblia é nossa inspiração 
Palavra doce ao coração 
É luz eterna de valor 
É fonte de esperança e de amor 
  É fonte de esperança e de amor 
 "
57,A Palavra do Senhor,"Oração e Comunhão | Palavra de Deus e Lei | Paz, Cuidado e Confiança | Segunda Vinda e Esperança",1 Tessalonicenses 4:16-17; Apocalipse 1:7; João 14:1-3 | 1 Tessalonicenses 5:17; Mateus 7:7; Filipenses 4:6 | Salmos 119:105; 2 Timóteo 3:16; Salmos 19:7 | Salmos 23:1-4; João 14:27; Salmos 46:1,https://www.youtube.com/watch?v=86bzYwgHtG4,Hebreus 4:12,A Doutrina de Deus,As Escrituras Sagradas,Wendel Mattos,Wendel Mattos,"A Palavra do Senhor 
Me dá força e poder 
Quando estou em provação 
Me ajuda a vencer 
Não estarei sozinho 
É luz do meu caminho 
Na Palavra do Senhor 
Ouço a voz de Jesus 
  Não mudará não falhará 
A Palavra do Senhor é promessa de Deus 
A Palavra do Senhor Me ensina a viver 
Dá alento ao coração E preenche meu ser 
Traz paz e segurança 
Conforto e esperança 
Na Palavra do Senhor 
Ouço a voz de Jesus 
  Não mudará não falhará 
A Palavra do Senhor é promessa de Deus 
 "
58,O Pão da Vida,Adoração e Louvor | Graça e Salvação | Lar e Família | Palavra de Deus e Lei,Efésios 2:8-9; João 3:16; 1 João 1:9 | Josué 24:15; Efésios 6:1-4 | Salmos 119:105; 2 Timóteo 3:16; Salmos 19:7 | Salmos 150:1-6; Apocalipse 4:8; Salmos 95:1-2,https://www.youtube.com/watch?v=uNq843-YAvo,João 6:51,A Doutrina de Deus,As Escrituras Sagradas,Mary A. Lathbury,William F. Sherwin,"Ó Tu que deste o pão lá junto ao mar 
Vem dá-lo a mim também Jesus, vem dar 
Pois, na Palavra, ó Deus pão busco achar 
O santo pão que me há de sustentar 
  Vem Tua bênção dar vem, ó Senhor 
Vem e revela, então o Teu amor 
Pai, muitas graças dou por este pão 
Luz que provém do Céu e traz perdão 
  É vida o Teu falar sim, ao que crer 
Eu quero a lei guardar e em Ti viver 
Mas fraco sou, Senhor vem me ajudar 
Sim, sempre até ao lar de além chegar 
 "
59,Por Belezas Naturais,"Adoração e Louvor | Espírito Santo | Graça e Salvação | Igreja e Comunhão | Paz, Cuidado e Confiança | Sacrifício e Redenção",Efésios 2:8-9; João 3:16; 1 João 1:9 | Isaías 53:4-5; Romanos 5:8; Hebreus 9:22 | João 14:16-17; Atos 2:1-4 | Salmos 133:1; Hebreus 10:25 | Salmos 150:1-6; Apocalipse 4:8; Salmos 95:1-2 | Salmos 23:1-4; João 14:27; Salmos 46:1,https://www.youtube.com/watch?v=ogxYKQWtuCo,Salmo 107:1-3,A Doutrina do Ser Humano,A Criação,Folliott S. Pierpoint,Conrad Kocher,"Por belezas naturais 
Pelo azul do lindo céu 
Por encantos imortais 
Ó Senhor, ao trono Teu 
Se erguerá, e com fervor 
Nossa voz em Teu louvor 
  Por amigos e irmãos 
Pela luz do puro amor 
Por poderem nossas mãos 
Trabalhar em Teu favor 
Se erguerá, também, Senhor 
Nossa voz em Teu louvor 
  Por Jesus, o Salvador 
Que por nós morreu na cruz 
Pelo Espírito de amor 
Que à verdade nos conduz 
Se erguerá, também, Senhor 
Nossa voz em Teu louvor 
 "
60,Ao Deus de Abraão Louvai,Adoração e Louvor | Crianças e Jovens | Graça e Salvação | Lar e Família,Efésios 2:8-9; João 3:16; 1 João 1:9 | Josué 24:15; Efésios 6:1-4 | Mateus 19:14; Provérbios 22:6 | Salmos 150:1-6; Apocalipse 4:8; Salmos 95:1-2,https://www.youtube.com/watch?v=2khAUPUJ5VM,"Êxodo 3:14, 15",A Doutrina do Ser Humano,A Criação,Thomas Olivers,Melodia Tradicional Judaica,"Ao Deus de Abraão louvai supremo Criador 
Eterno Deus, bondoso Pai e Rei Senhor 
O grande Deus EU SOU Céu, Terra e mar formou 
Meu ser também dará louvor ao Deus de amor 
  Ao Deus de Abraão louvai Eterno Benfeitor 
O povo Seu um dia vai ao lar de amor 
O mundo mau deixei seu brilho e seu prazer 
E filho então de Deus serei até morrer 
  Ao Deus de Abraão louvai os anjos dão louvor 
E vós também louvores dai ao Deus de amor 
Ao Deus de Abraão e meu no além irei louvar 
Eternamente eu louvarei ao Deus sem-par 
 "
61,"Vós, Criaturas do Senhor",Adoração e Louvor | Crianças e Jovens | Espírito Santo | Graça e Salvação | Lar e Família | Sábado e Criação,Efésios 2:8-9; João 3:16; 1 João 1:9 | Josué 24:15; Efésios 6:1-4 | João 14:16-17; Atos 2:1-4 | Mateus 19:14; Provérbios 22:6 | Salmos 150:1-6; Apocalipse 4:8; Salmos 95:1-2 | Êxodo 20:8-11; Gênesis 2:2-3,https://www.youtube.com/watch?v=EUHb7-depCY,Salmo 148,A Doutrina do Ser Humano,A Criação,Francisco de Assis,GEISTLICHE KIRCHENGESÄNGE,"Vós, criaturas do senhor 
Oh, elevai a deus louvor 
Oh, louvai-O! Aleluia! 
Tu, sol dourado a refulgir 
Tu, lua em prata a reluzir 
  Oh, louvai-O! Oh, louvai-O! 
Aleluia! Aleluia! Aleluia! 
  Ó terra e céu, a Deus honrai 
Culto de amor e graças dai! 
Oh, louvai-O! Aleluia! 
Flores, erguei-vos em canção 
Ao grande deus da criação 
  Oh, louvai-O! Oh, louvai-O! 
Aleluia! Aleluia! Aleluia! 
  Vós, homens sábios e de bem 
Dai ao senhor louvor também 
Oh, louvai-O! Aleluia! 
Dai glória ao filho glória ao pai 
E ao Santo Espírito louvai 
  Oh, louvai-O! Oh, louvai-O! 
Aleluia! Aleluia! Aleluia! 
 "
62,Quão Grande És Tu,Adoração e Louvor | Crianças e Jovens | Lar e Família | Sacrifício e Redenção,Isaías 53:4-5; Romanos 5:8; Hebreus 9:22 | Josué 24:15; Efésios 6:1-4 | Mateus 19:14; Provérbios 22:6 | Salmos 150:1-6; Apocalipse 4:8; Salmos 95:1-2,https://www.youtube.com/watch?v=gwi_gzBwl98,Salmo 8,A Doutrina do Ser Humano,A Criação,"Carl Boberg, Stuart K. Hine",Melodia Tradicional Sueca,"Senhor meu Deus quando eu, maravilhado 
Fico a pensar nas obras de Tuas mãos 
Estrelas mil a cintilar no espaço 
O Teu poder em manifestação 
  Então minh'alma canta a Ti, Senhor: 
Quão grande és Tu! Quão grande és Tu! 
Então minh'alma canta a Ti, Senhor: 
Quão grande és Tu! Quão grande és Tu! 
  Se ao caminhar por campos e florestas 
Escuto as aves belas a cantar 
Se estendo o olhar do alto da montanha 
E a fonte além eu ouço a murmurar 
  Então minh'alma canta a Ti, Senhor: 
Quão grande és Tu! Quão grande és Tu! 
Então minh'alma canta a Ti, Senhor: 
Quão grande és Tu! Quão grande és Tu! 
  Se penso, então, que sem poupar Teu Filho 
O enviaste pra morrer por mim 
Levando à cruz os meus pecados todos 
Para eu viver a vida que é sem fim 
  Então minh'alma canta a Ti, Senhor: 
Quão grande és Tu! Quão grande és Tu! 
Então minh'alma canta a Ti, Senhor: 
Quão grande és Tu! Quão grande és Tu! 
  E ao vir Jesus em resplendor e glória 
Para levar-me ao lar dos filhos Seus 
Prostrar-me-ei em gratidão infinda 
E exclamarei: 
Quão grande és Tu, meu Deus! 
  Então minh'alma canta a Ti, Senhor: 
Quão grande és Tu! Quão grande és Tu! 
Então minh'alma canta a Ti, Senhor: 
Quão grande és Tu! Quão grande és Tu! 
 "
63,O Mundo é de Meu Deus,Sacrifício e Redenção | Sábado e Criação,Isaías 53:4-5; Romanos 5:8; Hebreus 9:22 | Êxodo 20:8-11; Gênesis 2:2-3,https://www.youtube.com/watch?v=xopoI-il52Y,Salmo 24:1,A Doutrina do Ser Humano,A Criação,Maltbie D. Babcock,Franklin L. Sheppard,"O mundo é de meu Deus 
Senhor da criação 
E todo ser que vida tem 
O louva em gratidão 
O mundo é de meu Deus 
Conforta assim pensar 
Deus fez o Sol e o lindo céu 
Deus fez a terra e O mar 
  O mundo é de meu Deus 
As aves na amplidão 
O lírio branco a luz do sol 
Provêm de Sua mão 
O mundo é de meu Deus 
Em tudo posso ver 
Até na brisa a sussurrar 
Percebo Seu poder 
  O mundo é de meu Deus 
Jamais me esquecerei 
Em toda a vasta criação 
Somente Deus é Rei 
O mundo é de meu Deus 
E o Salvador Jesus 
Para esta Terra resgatar 
A vida deu na cruz 
 "
64,Vaso Novo,Graça e Salvação | Palavra de Deus e Lei,Efésios 2:8-9; João 3:16; 1 João 1:9 | Salmos 119:105; 2 Timóteo 3:16; Salmos 19:7,https://www.youtube.com/watch?v=Dh24lTXOorc,Jeremias 18:3-6,A Doutrina do Ser Humano,A Natureza da Humanidade,Nilton Tuller,Nilton Tuller,"Eu quero ser Senhor amado 
Como um vaso nas mãos do oleiro 
Quebra a minha vida e faze-a de novo 
Eu quero ser Eu quero ser 
Um Vaso Novo 
  Faz teu querer Senhor amado 
És o oleiro e eu esse vaso 
Quebra a minha vida e faze-a de novo 
Eu quero ser eu quero ser 
Um Vaso Novo 
  Modela-me, transforma o meu ser 
Faz de mim um vaso escolhido 
Para levar o amor aos perdidos 
Eu quero ser eu quero ser 
Um Vaso Novo 
 "
65,Das Mãos do Criador,"Adoração e Louvor | Graça e Salvação | Igreja e Comunhão | Lar e Família | Oração e Comunhão | Palavra de Deus e Lei | Paz, Cuidado e Confiança | Sacrifício e Redenção | Segunda Vinda e Esperança",1 Tessalonicenses 4:16-17; Apocalipse 1:7; João 14:1-3 | 1 Tessalonicenses 5:17; Mateus 7:7; Filipenses 4:6 | Efésios 2:8-9; João 3:16; 1 João 1:9 | Isaías 53:4-5; Romanos 5:8; Hebreus 9:22 | Josué 24:15; Efésios 6:1-4 | Salmos 119:105; 2 Timóteo 3:16; Salmos 19:7 | Salmos 133:1; Hebreus 10:25 | Salmos 150:1-6; Apocalipse 4:8; Salmos 95:1-2 | Salmos 23:1-4; João 14:27; Salmos 46:1,https://www.youtube.com/watch?v=38nr_ig4oYk,Salmo 119:14,A Doutrina do Ser Humano,A Natureza da Humanidade,Jader D. Santos,Jader D. Santos,"Nossa vida veio das mãos do Criador 
Nós éramos perfeitos a imagem do Senhor 
Porém, os descaminhos de dor e aflição 
Levaram nossos dias de paz e comunhão 
  Foi Deus, o Pai bondoso quem estendeu a mão 
Desceu até o abismo tornou-Se um de nós 
Nos devolveu a chance de vida eternal 
O Seu amor venceu voltaremos para o lar 
  Fomos conclamados tocados pela cruz 
A espalhar no mundo o perfume de Jesus 
Por um amor profundo e total dedicação 
Onde existia pranto só haverá canção 
  Foi Deus, o Pai bondoso quem estendeu a mão 
Desceu até o abismo tornou-Se um de nós 
Nos devolveu a chance de vida eternal 
O Seu amor venceu voltaremos para o lar 
  A felicidade consiste em seguir 
Preceitos e princípios na mente e no agir 
A fé na providência de um majestoso Rei 
Nos faz crescer na graça e amar a Sua lei 
  Foi Deus, o Pai bondoso quem estendeu a mão 
Desceu até o abismo tornou-Se um de nós 
Nos devolveu a chance de vida eternal 
O Seu amor venceu voltaremos para o lar 
 "
66,Não Há Outro Igual a Você,Espírito Santo | Lar e Família,Josué 24:15; Efésios 6:1-4 | João 14:16-17; Atos 2:1-4,https://www.youtube.com/watch?v=1XYJWYHuZdg,Gênesis 1:27,A Doutrina do Ser Humano,A Natureza da Humanidade,Flo Price,Flo Price,"Se algum dia você vir um pingo de chuva 
A rolar na janela, a escorrer 
Saiba então que não há 
Nenhum pingo de chuva 
Igualzinho um ao outro 
Pode crer 
  Não há outro igual a você 
Nenhum outro igual a você 
Deus o ama assim como é você 
Diante do nosso Deus 
Você é muito especial 
Deus o ama assim como é você 
  Olhe o mundo ao redor 
Deus conhece o seu nome 
Ele sabe quem você é 
Cada qual Ele fez 
Diferente um do outro 
Mas pra Deus é como se houvesse 
Só você 
  Não há outro igual a você 
Nenhum outro igual a você 
Deus o ama assim como é você 
Diante do nosso Deus 
Você é muito especial 
Deus o ama assim como é você 
Deus o ama assim como é você 
 "
67,Restaura em Mim,Espírito Santo | Lar e Família,Josué 24:15; Efésios 6:1-4 | João 14:16-17; Atos 2:1-4,https://www.youtube.com/watch?v=IN0WMRcnYq4,Gênesis 2:7,A Doutrina do Ser Humano,A Natureza da Humanidade,Sullivan Dutra,Sullivan Dutra,"Restaura em mim o Teu querer 
Envia a mim o Teu Espírito 
Restaura em mim o Teu propósito 
Restaura em mim restaura em mim 
  Restaura em mim o Teu querer 
Envia a mim o Teu Espírito 
Restaura em mim o Teu propósito 
Restaura em mim restaura em mim 
  Eu fui criado pelas mãos do Pai 
Eu fui criado para a grandeza 
Eu fui criado para glorificar 
A Ti, Jesus, glorificar 
  Restaura em mim o Teu querer 
Envia a mim o Teu Espírito 
Restaura em mim o Teu propósito 
Restaura em mim restaura em mim 
 "
68,Restaura,"Adoração e Louvor | Graça e Salvação | Oração e Comunhão | Paz, Cuidado e Confiança",1 Tessalonicenses 5:17; Mateus 7:7; Filipenses 4:6 | Efésios 2:8-9; João 3:16; 1 João 1:9 | Salmos 150:1-6; Apocalipse 4:8; Salmos 95:1-2 | Salmos 23:1-4; João 14:27; Salmos 46:1,https://www.youtube.com/watch?v=98rSocNlrtw,Salmo 80:3,A Doutrina do Ser Humano,A Natureza da Humanidade,Antônio Carlos S. Moura Jr.,Antônio Carlos S. Moura Jr.,"Restaura meu ser 
Restaura meu viver 
Restaura minha consagração 
Restaura meu quebrantado coração 
Restaura meus sonhos 
Restaura os meus planos, Senhor 
Restaura minha vida por completo 
Pra que todos saibam que Tu És meu Deus 
  Porque Teu é o poder e o louvor 
Porque Tu És a paz e o amor 
A ti toda a honra e glória 
Rendemos, Senhor 
Grandioso é teu agir em nossa vida 
Restaura 
  Restaura meu ser 
Restaura meu viver 
Restaura minha consagração 
Restaura meu quebrantado coração 
Restaura meus sonhos 
Restaura os meus planos, Senhor 
Restaura minha vida por completo 
Pra que todos saibam que Tu És meu Deus 
  Porque Teu é o poder e o louvor 
Porque Tu És a paz e o amor 
A ti toda a honra e glória 
Rendemos, Senhor 
Grandioso é teu agir em nossa vida 
  Porque Teu é o poder e o louvor 
Porque Tu És a paz e o amor 
A ti toda a honra e glória 
Rendemos, Senhor 
Grandioso é teu agir em nossa vida 
Restaura 
Restaura 
Restaura 
 "
69,"Obrigado, Bom Pai",Adoração e Louvor | Graça e Salvação | Lar e Família | Oração e Comunhão | Palavra de Deus e Lei | Segunda Vinda e Esperança,1 Tessalonicenses 4:16-17; Apocalipse 1:7; João 14:1-3 | 1 Tessalonicenses 5:17; Mateus 7:7; Filipenses 4:6 | Efésios 2:8-9; João 3:16; 1 João 1:9 | Josué 24:15; Efésios 6:1-4 | Salmos 119:105; 2 Timóteo 3:16; Salmos 19:7 | Salmos 150:1-6; Apocalipse 4:8; Salmos 95:1-2,https://www.youtube.com/watch?v=4XkYx2_xuPA,Salmo 8:3-8,A Doutrina do Ser Humano,A Natureza da Humanidade,"Regina Mota, Rize L. Matheus",Rize L. Matheus,"Que é o homem pra que mereça favor? 
Que é o homem pra que dele se lembre o Senhor? 
Somos nada, somos pó 
Mas o pai nos sustém com imenso amor 
  Vê as nossas lutas compreende a dor 
Sabe o que precisamos como ninguém 
Lê nosso coração 
E transforma o medo em canção de louvor 
  Obrigado, bom Pai pela vida 
Pelo pão de cada dia 
Por Tua proteção 
Por manteres o universo 
Com Tua poderosa mão 
Por Tua palavra 
Luz para os nossos caminhos 
Por ouvires a oração 
E em resposta nos dares carinho e perdão 
Te agradeço 
  Obrigado, bom Pai 
Por Tua graça 
Pelos dons que Tu nos dás 
Pela chance de usarmos a voz 
Pra falar do amor com que cuidas de nós 
E por fim por que em breve virás nos buscar 
Te agradeço 
Bom pai te agradeço 
Canto muito obrigado Senhor 
  Que é o homem pra que mereça favor? 
Que é o homem pra que dele se lembre o Senhor? 
Somos nada, somos pó 
Mas o pai nos sustém com imenso amor 
 "
70,A Real Bandeira,Oração e Comunhão,1 Tessalonicenses 5:17; Mateus 7:7; Filipenses 4:6,https://www.youtube.com/watch?v=vs4fs-zc66M,Salmo 20:5,A Doutrina da Salvação,O Grande Conflito,Daniel W. Whittle,James McGranahan,"A real bandeira entregou o Rei 
A vós, soldados Seus 
Corajosos, firmes sempre a defendei 
Até chegar aos Céus 
  Com valor, sem temor 
Por Cristo prontos a sofrer 
Com a bandeira do Senhor 
Vamos sempre até morrer! 
  Eis que estão formados já os batalhões 
De Cristo, o Vencedor 
Alistai-vos hoje bravos campeões 
Avante, sem temor 
  Com valor, sem temor 
Por Cristo prontos a sofrer 
Com a bandeira do Senhor 
Vamos sempre até morrer! 
  A real bandeira vamos defender 
De todo o coração 
Os que avançam sempre sem retroceder 
Com Cristo reinarão 
  Com valor, sem temor 
Por Cristo prontos a sofrer 
Com a bandeira do Senhor 
Vamos sempre até morrer! 
 "
71,Vitória em Cristo,"Adoração e Louvor | Lar e Família | Paz, Cuidado e Confiança | Sacrifício e Redenção | Segunda Vinda e Esperança",1 Tessalonicenses 4:16-17; Apocalipse 1:7; João 14:1-3 | Isaías 53:4-5; Romanos 5:8; Hebreus 9:22 | Josué 24:15; Efésios 6:1-4 | Salmos 150:1-6; Apocalipse 4:8; Salmos 95:1-2 | Salmos 23:1-4; João 14:27; Salmos 46:1,https://www.youtube.com/watch?v=wQFi-aVjuo0,1 Coríntios 15:57,A Doutrina da Salvação,O Grande Conflito,Eugene M. Bartlett,Eugene M. Bartlett,"Ouvi da bela história 
Que Jesus desceu da glória 
E no Gólgota enfim morreu 
Por quantos como eu 
Ouvi dos Seus gemidos 
De Seu sangue e dos remidos 
E ao fim, contrito me prostrei 
Vitória nEle achei 
  Vitória em Cristo 
Eterna vitória! 
Buscou-me, salvou-me 
Na cruz por mim morreu 
Que paz e alegria! 
Raiou um novo dia! 
Vitória Jesus me deu 
No sangue que verteu! 
  Ouvi que Ele cura 
Sim, a todo que O procura 
Que o coxo fez andar, então 
E ao cego deu visão 
Orei, clamei: ""Meu Mestre 
Vem restaura minha vida"" 
E logo Cristo me atendeu 
E a mim vitória deu 
  Vitória em Cristo 
Eterna vitória! 
Buscou-me, salvou-me 
Na cruz por mim morreu 
Que paz e alegria! 
Raiou um novo dia! 
Vitória Jesus me deu 
No sangue que verteu! 
  Ouvi falar da glória 
Que virá após vitória 
Para os redimidos por Jesus 
Na resplendente luz 
De anjos lá cantando 
E mansões já me aguardando 
Será glorioso ali chegar 
E então poder cantar: 
  Vitória em Cristo 
Eterna vitória! 
Buscou-me, salvou-me 
Na cruz por mim morreu 
Que paz e alegria! 
Raiou um novo dia! 
Vitória Jesus me deu 
No sangue que verteu! 
 "
72,Firme nas Promessas,"Adoração e Louvor | Graça e Salvação | Paz, Cuidado e Confiança | Sacrifício e Redenção",Efésios 2:8-9; João 3:16; 1 João 1:9 | Isaías 53:4-5; Romanos 5:8; Hebreus 9:22 | Salmos 150:1-6; Apocalipse 4:8; Salmos 95:1-2 | Salmos 23:1-4; João 14:27; Salmos 46:1,https://www.youtube.com/watch?v=0QqmaJAVCss,"2 Pedro 1:3, 4",A Doutrina da Salvação,O Grande Conflito,Russell K. Carter,Russell K. Carter,"Firme nas promessas de Jesus, Senhor 
Vou cantar louvores ao meu bom Pastor 
Sempre exaltarei o Seu eterno amor 
Firme nas promessas de Jesus 
  Firme, firme 
Firme nas promessas de Jesus, meu Mestre 
Firme, firme 
Sim, firme nas promessas de Jesus 
  Firme nas promessas não irei falhar 
Vindo as tempestades neste meu lidar 
Pelo Verbo eterno sempre irei lutar 
Firme nas promessas de Jesus 
  Firme, firme 
Firme nas promessas de Jesus, meu Mestre 
Firme, firme 
Sim, firme nas promessas de Jesus 
  Firme nas promessas do Senhor Jesus 
Em amor ligado com a Sua cruz 
Cada dia mais me alegro nesta luz 
Firme nas promessas de Jesus 
  Firme, firme 
Firme nas promessas de Jesus, meu Mestre 
Firme, firme 
Sim, firme nas promessas de Jesus 
 "
73,Castelo Forte,"Lar e Família | Oração e Comunhão | Palavra de Deus e Lei | Paz, Cuidado e Confiança | Sábado e Criação",1 Tessalonicenses 5:17; Mateus 7:7; Filipenses 4:6 | Josué 24:15; Efésios 6:1-4 | Salmos 119:105; 2 Timóteo 3:16; Salmos 19:7 | Salmos 23:1-4; João 14:27; Salmos 46:1 | Êxodo 20:8-11; Gênesis 2:2-3,https://www.youtube.com/watch?v=r130BsOP1Cs,Salmo 46:1,A Doutrina da Salvação,O Grande Conflito,Martinho Lutero,Martinho Lutero,"Castelo forte é nosso Deus 
Refúgio e fortaleza 
Com Seu poder defende os Seus 
E os livra com presteza 
  Destrói o perspicaz 
Ardil de Satanás 
A fim de o derrotar 
Com Seu poder sem-par 
E a nós provê descanso e paz 
  Se nos quisessem devorar 
Demônios não contados 
Não nos iriam assustar 
Nem somos derrotados 
  O grande acusador 
Dos servos do Senhor 
Já condenado está 
Vencido cairá 
Por uma só palavra 
  Sim, que a Palavra vencerá 
Sabemos com certeza 
E nada nos assustará 
Com Cristo por defesa 
  Se temos de deixar 
Parentes, bens e lar 
Embora a vida vá 
Por nós Jesus está 
E nos dará Seu reino 
 "
74,Grande Comandante,Lar e Família,Josué 24:15; Efésios 6:1-4,https://www.youtube.com/watch?v=pDF_yaObO8M,Josué 1:9,A Doutrina da Salvação,O Grande Conflito,Carrie Ellis Breck,Grant C. Tullar,"Grande Comandante Cristo nos será 
Nesta nobre luta sempre à frente está 
Nunca Suas hostes abandonará 
Vai até o fim lutar 
  ""Sempre avante!"" manda o General 
""Sempre avante!"" guerra contra o mal! 
Firmes, fortes nunca vacilar! 
Com Jesus iremos triunfar 
  A real bandeira vamos defender 
Contra o inimigo sempre combater 
Nosso General por certo irá vencer 
Seguiremos a Jesus 
  ""Sempre avante!"" manda o General 
""Sempre avante!"" guerra contra o mal! 
Firmes, fortes nunca vacilar! 
Com Jesus iremos triunfar 
  Na feroz batalha temos proteção 
E afinal, em coro junto à multidão 
Entoaremos todos a real canção 
Quando nós chegarmos lá 
  ""Sempre avante!"" manda o General 
""Sempre avante!"" guerra contra o mal! 
Firmes, fortes nunca vacilar! 
Com Jesus iremos triunfar 
 "
75,Fé é a Vitória,"Adoração e Louvor | Graça e Salvação | Igreja e Comunhão | Paz, Cuidado e Confiança",Efésios 2:8-9; João 3:16; 1 João 1:9 | Salmos 133:1; Hebreus 10:25 | Salmos 150:1-6; Apocalipse 4:8; Salmos 95:1-2 | Salmos 23:1-4; João 14:27; Salmos 46:1,https://www.youtube.com/watch?v=1k3ayNZz8jQ,1 João 5:4,A Doutrina da Salvação,O Grande Conflito,John H. Yates,Ira D. Sankey,"Soldados de Jesus Senhor 
Cristãos, ó, despertai! 
Da noite já as trevas vêm 
Depressa batalhai! 
E contra o inimigo mau 
Saí a combater! 
A nossa fé vitória é 
Ao mundo irá vencer 
  Fé é a vitória 
Sim, fé sempre tem poder 
Fé é a vitória: 
Ao mundo irá vencer 
  Sob a bandeira que pra nós 
É o santo amor de Deus 
Trilhemos o caminho aqui 
Que leva para os Céus 
Os santos crentes, pela fé 
Venceram Satanás 
A nossa fé vitória é 
E a todos traz a paz 
  Fé é a vitória 
Sim, fé sempre tem poder 
Fé é a vitória: 
Ao mundo irá vencer 
  Aquele que viver na fé 
Justiça alcançará 
Um novo nome há de ter 
Perdão receberá 
Assim, bem firmes, pela fé 
Unidos em amor 
Nós venceremos no poder 
Que vem do Salvador 
  Fé é a vitória 
Sim, fé sempre tem poder 
Fé é a vitória: 
Ao mundo irá vencer 
 "
76,Vencedor Cada Dia,Graça e Salvação | Lar e Família | Missão e Serviço | Oração e Comunhão | Palavra de Deus e Lei | Segunda Vinda e Esperança,1 Tessalonicenses 4:16-17; Apocalipse 1:7; João 14:1-3 | 1 Tessalonicenses 5:17; Mateus 7:7; Filipenses 4:6 | Efésios 2:8-9; João 3:16; 1 João 1:9 | Josué 24:15; Efésios 6:1-4 | Mateus 28:19-20; Isaías 6:8; Marcos 16:15 | Salmos 119:105; 2 Timóteo 3:16; Salmos 19:7,https://www.youtube.com/watch?v=-0M7gBeQI78,Romanos 8:37-39,A Doutrina da Salvação,O Grande Conflito,Evaldo Vicente,Evaldo Vicente,"Há caminhos que parecem 
Ideais pra se seguir 
Há projetos 
Que parecem ser de Deus 
Desde quando me levanto 
Até quando vou dormir 
Sou provado 
Tenho escolhas a fazer 
Cada dia que eu vivo 
É um milagre singular 
Mas também 
Tenho lutas pra enfrentar 
Eu Te peço, Senhor 
Que eu aprenda mais de Ti 
Para ser cada dia vencedor 
  Eu me entrego a Ti, Senhor 
Em oração, aqui estou 
Pra pedir 
Que não me deixes pecar contra Ti 
Com Teu amor em minha mente 
Que eu Te obedeça humildemente 
Vencedor cada dia eu sou 
  Para todos que me ouvirem 
Testemunha eu serei 
Vou mostrar-lhes 
O caminho até Jesus 
É um passo de fé 
Entregar-se a esse Deus 
Pra ganhar 
Liberdade pra vencer 
  Eu me entrego a Ti, Senhor 
Em oração, aqui estou 
Pra pedir 
Que não me deixes pecar contra Ti 
Com Teu amor em minha mente 
Que eu Te obedeça humildemente 
Vencedor cada dia eu sou 
  Eu nada tenho em mim mesmo 
Preciso crer e confiar 
Alimentar-me da Palavra 
Jamais deixar de orar 
  Eu me entrego a Ti, Senhor 
Em oração, aqui estou 
Pra pedir 
Que não me deixes pecar contra Ti 
Com Teu amor em minha mente 
Que eu Te obedeça humildemente 
Vencedor cada dia eu sou 
  Cada dia 
Por Tua graça 
Até Tua volta 
Vencedor eu serei 
 "
77,"Ó Cristãos, Avante!","Adoração e Louvor | Igreja e Comunhão | Lar e Família | Paz, Cuidado e Confiança | Sacrifício e Redenção",Isaías 53:4-5; Romanos 5:8; Hebreus 9:22 | Josué 24:15; Efésios 6:1-4 | Salmos 133:1; Hebreus 10:25 | Salmos 150:1-6; Apocalipse 4:8; Salmos 95:1-2 | Salmos 23:1-4; João 14:27; Salmos 46:1,https://www.youtube.com/watch?v=3-mP_nKu8yQ,Efésios 6:10-12,A Doutrina da Salvação,O Grande Conflito,Sabine Baring-Gould,Arthur S. Sullivan,"Ó cristãos, avante! 
Sem temor marchar 
Pela cruz de Cristo 
Com ardor lutar 
Cristo, o nosso Mestre 
Guia o batalhão 
No calor da guerra 
Ergue Seu pendão 
  Ó cristãos, avante! 
Marchar, marchar, marchar! 
Pela cruz de Cristo 
Com ardor lutar! 
  Ó cristãos, avante 
Contra Satanás 
A Jesus seguindo 
Príncipe da paz 
Nunca o inimigo 
Prevalecerá 
Com as hostes santas 
Cristo vencerá 
  Ó cristãos, avante! 
Marchar, marchar, marchar! 
Pela cruz de Cristo 
Com ardor lutar! 
  Reinos pereceram 
Tronos e nações 
Mas a Igreja vence 
Mesmo em aflições 
Vamos, pois, avante 
Com fervor marchar 
Rumo para a glória 
Nosso eterno lar 
  Ó cristãos, avante! 
Marchar, marchar, marchar! 
Pela cruz de Cristo 
Com ardor lutar! 
 "
78,Um Vencedor,"Graça e Salvação | Missão e Serviço | Paz, Cuidado e Confiança | Sacrifício e Redenção",Efésios 2:8-9; João 3:16; 1 João 1:9 | Isaías 53:4-5; Romanos 5:8; Hebreus 9:22 | Mateus 28:19-20; Isaías 6:8; Marcos 16:15 | Salmos 23:1-4; João 14:27; Salmos 46:1,https://www.youtube.com/watch?v=JzD8Fe1ICcw,1 João 5:4,A Doutrina da Salvação,O Grande Conflito,Jader D. Santos,Jader D. Santos,"Deus nos tem chamado e com amor guiado 
Tem nos motivado a prosseguir 
Tem nos dirigido 
Nos tem fortalecido 
Tem mostrado que está na direção 
Eu não vou temer nem desistir 
Deus vai me levantar se eu cair 
Vai me conceder mais do Seu poder 
Basta segurar a Sua mão 
  Ele vai fazer de mim um vencedor 
Não importa quem eu fui ou quem eu sou 
O Seu sangue é poderoso Seu amor é milagroso 
Nele sei que posso tudo conseguir 
Ele vê em mim o que eu vou me tornar 
Se eu Nele esperar e confiar 
Seu amor é fortaleza 
Me dá força na fraqueza 
Por Sua graça vou vencer vou triunfar! 
  Olhe a seu lado e veja com cuidado 
Quantas vidas Deus já transformou 
Foram destruídas 
Mas hoje estão erguidas 
São troféus do Seu amor e Seu poder 
Não duvide se alguém disser 
Que transportou montanhas pela fé 
Um poder assim Deus nos prometeu 
Se você quiser pode ser seu 
  Ele vai fazer de mim um vencedor 
Não importa quem eu fui ou quem eu sou 
O Seu sangue é poderoso Seu amor é milagroso 
Nele sei que posso tudo conseguir 
Ele vê em mim o que eu vou me tornar 
Se eu Nele esperar e confiar 
Seu amor é fortaleza 
Me dá força na fraqueza 
Por Sua graça vou vencer vou triunfar! 
 "
79,Noite de Paz,"Adoração e Louvor | Graça e Salvação | Paz, Cuidado e Confiança",Efésios 2:8-9; João 3:16; 1 João 1:9 | Salmos 150:1-6; Apocalipse 4:8; Salmos 95:1-2 | Salmos 23:1-4; João 14:27; Salmos 46:1,https://www.youtube.com/watch?v=EbHIw7hpduI,Lucas 2:8-11,A Doutrina da Salvação,"Vida, Morte e Ressurreição de Cristo",Joseph Mohr,Franz Xaver Gruber,"Tudo é paz! Tudo amor! 
Dormem todos em redor 
Em Belém Jesus nasceu 
Rei da paz, da Terra e Céu 
Nosso Salvador é Jesus, Senhor 
  Glória a Deus! Glória a Deus! 
Cantam anjos lá nos Céus 
Boas novas de perdão 
Graça eterna, salvação 
Prova desse amor dá o Redentor 
  Rei da paz, Rei do amor 
É Jesus o Salvador 
Vinde todos Lhe pedir 
Que nos venha conduzir 
Deste mundo a luz é o Senhor Jesus 
 "
80,Soou em Meio à Noite Azul,"Adoração e Louvor | Graça e Salvação | Lar e Família | Paz, Cuidado e Confiança",Efésios 2:8-9; João 3:16; 1 João 1:9 | Josué 24:15; Efésios 6:1-4 | Salmos 150:1-6; Apocalipse 4:8; Salmos 95:1-2 | Salmos 23:1-4; João 14:27; Salmos 46:1,https://www.youtube.com/watch?v=j_LfpCFhM1o,"Lucas 2:13, 14",A Doutrina da Salvação,"Vida, Morte e Ressurreição de Cristo",Edmund Hamilton Sears,Richard Storrs Willis,"Soou em meio à noite azul 
Um hino divinal 
Jamais com tal beleza assim 
Ouviu algum mortal 
Do Céu ao mundo, graça e paz 
Excelso dom gentil 
Dos anjos essa doce voz 
Encheu o céu anil 
  Enquanto os anjos inda estão 
Cantando, com prazer 
Louvor por todo o céu sem fim 
Ao mais sublime Ser 
Então, suave e meiga voz 
Descendo como um véu 
Cantou que já nasceu Jesus 
E uniu a Terra ao Céu 
  Oh! quem nos dera sempre ouvir 
As vozes divinais 
Sentir a paz do Céu de luz 
País dos imortais 
Louvar a Cristo, o Rei dos reis 
Com anjos em canção 
No lar possamos nós também 
Cantar a salvação 
 "
81,Surgem Anjos Proclamando,"Adoração e Louvor | Graça e Salvação | Oração e Comunhão | Paz, Cuidado e Confiança",1 Tessalonicenses 5:17; Mateus 7:7; Filipenses 4:6 | Efésios 2:8-9; João 3:16; 1 João 1:9 | Salmos 150:1-6; Apocalipse 4:8; Salmos 95:1-2 | Salmos 23:1-4; João 14:27; Salmos 46:1,https://www.youtube.com/watch?v=kkHG9hyVZFI,Lucas 2:13 e 14,A Doutrina da Salvação,"Vida, Morte e Ressurreição de Cristo",Desconhecido,Melodia Tradicional Francesa,"Surgem anjos proclamando 
Paz na Terra, e a Deus, louvor 
Vão seus hinos ecoando 
Nas montanhas, ao redor 
  Glória 
Glória a Deus nas alturas! 
Glória 
Glória a Deus nas alturas! 
  Vão-se alegres os pastores 
Ver o Infante celestial 
E acrescentam seus louvores 
Ao louvor angelical 
  Glória 
Glória a Deus nas alturas! 
Glória 
Glória a Deus nas alturas! 
  Berço humilde, Lhe foi dado 
Mas do Céu Lhe vem louvor 
Ele é o Salvador amado 
Bem merece o nosso amor 
  Glória 
Glória a Deus nas alturas! 
Glória 
Glória a Deus nas alturas! 
  Povos, tribos, celebrai-O! 
""Glória a Deus"" também dizei 
De joelhos adorai-O 
Ele é o Cristo o grande Rei! 
  Glória 
Glória a Deus nas alturas! 
Glória 
Glória a Deus nas alturas! 
 "
82,Num Berço de Palha,"Adoração e Louvor | Crianças e Jovens | Graça e Salvação | Lar e Família | Paz, Cuidado e Confiança",Efésios 2:8-9; João 3:16; 1 João 1:9 | Josué 24:15; Efésios 6:1-4 | Mateus 19:14; Provérbios 22:6 | Salmos 150:1-6; Apocalipse 4:8; Salmos 95:1-2 | Salmos 23:1-4; João 14:27; Salmos 46:1,https://www.youtube.com/watch?v=RDNxaHfPnLE,Lucas 2:15 e 16,A Doutrina da Salvação,"Vida, Morte e Ressurreição de Cristo",LITTLE CHILDRENS BOOK,James Ramsey Murray,"Num berço de palha dormia Jesus 
O meigo Menino coberto de luz 
Num rude presépio à noite, em Belém 
Enquanto as estrelas brilhavam além 
  Acorda o Menino o gado a mugir 
Mas Ele não chora Se põe a sorrir 
Eu Te amo, Menino nascido em Belém 
Ó, guia meus pés no caminho do bem 
  Bem perto de nós permanece, ó Senhor 
Guardando-nos sempre com Teu santo amor 
Contigo queremos pra sempre ficar 
Ó, dá-nos entrada no Teu doce lar 
 "
83,Canção da Manjedoura,"Adoração e Louvor | Crianças e Jovens | Graça e Salvação | Lar e Família | Paz, Cuidado e Confiança",Efésios 2:8-9; João 3:16; 1 João 1:9 | Josué 24:15; Efésios 6:1-4 | Mateus 19:14; Provérbios 22:6 | Salmos 150:1-6; Apocalipse 4:8; Salmos 95:1-2 | Salmos 23:1-4; João 14:27; Salmos 46:1,https://www.youtube.com/watch?v=j3eoiJdeg9k,Lucas 2:12,A Doutrina da Salvação,"Vida, Morte e Ressurreição de Cristo","Desconhecido, John T. McFarland",William J. Kirkpatrick,"Num berço de palha dormia Jesus 
O meigo Menino coberto de luz 
Num rude presépio à noite, em Belém 
Enquanto as estrelas brilhavam além 
  Acorda o Menino o gado a mugir 
Mas Ele não chora Se põe a sorrir 
Eu Te amo, Menino nascido em Belém 
Ó, guia meus pés no caminho do bem 
  Bem perto de nós permanece, ó Senhor 
Guardando-nos sempre com Teu santo amor 
Contigo queremos pra sempre ficar 
Ó, dá-nos entrada no Teu doce lar 
 "
84,"Ó Vinde, Adoremos",Adoração e Louvor,Salmos 150:1-6; Apocalipse 4:8; Salmos 95:1-2,https://www.youtube.com/watch?v=eNDUTp27XrI,Mateus 2:11,A Doutrina da Salvação,"Vida, Morte e Ressurreição de Cristo",Hino Latino,CANTUS DIVERSI,"Chegai-vos, ó crentes 
Vinde jubilosos 
Sigamos a estrela 
Do céu de Belém! 
Eis que é nascido 
Cristo, Rei da glória! 
  Ó, vinde, adoremos! Ó, vinde, adoremos! 
Ó, vinde, adoremos o Rei Salvador! 
  Ó coros celestes 
Plenos de harmonia 
Uni-vos aos povos 
Cantai com fervor! 
Ó, dai hosanas 
Glória nas alturas! 
  Ó, vinde, adoremos! Ó, vinde, adoremos! 
Ó, vinde, adoremos o Rei Salvador 
  Com altos louvores 
Glória a Deus rendemos 
Por Cristo que ao mundo 
Desceu lá do céu! 
Oh! para sempre 
Temos Deus conosco! 
  Ó, vinde, adoremos! Ó, vinde, adoremos! 
Ó, vinde, adoremos o Rei Salvador! 
 "
85,Estrela de Luz,"Graça e Salvação | Lar e Família | Paz, Cuidado e Confiança",Efésios 2:8-9; João 3:16; 1 João 1:9 | Josué 24:15; Efésios 6:1-4 | Salmos 23:1-4; João 14:27; Salmos 46:1,https://www.youtube.com/watch?v=C3cAaEQRlSg,"Mateus 2:1, 2",A Doutrina da Salvação,"Vida, Morte e Ressurreição de Cristo",Franklin E. Belden,Franklin E. Belden,"Estrela de luz um dia brilhou 
Com raro fulgor e os sábios guiou 
Ao pobre lugar na humilde Belém 
Ao meigo Jesus a fonte do bem 
  Brilhando inda está brilhando inda está 
A estrela de luz de raro fulgor 
Brilhando inda está brilhando inda está 
A estrela a indicar o Deus Salvador 
  Já por Balaão, da estrela porvir 
Ouviram falar em terra oriental 
E logo que a veem a estão a seguir 
E vão encontrar Jesus, afinal 
  Brilhando inda está brilhando inda está 
A estrela de luz de raro fulgor 
Brilhando inda está brilhando inda está 
A estrela a indicar o Deus Salvador 
  A fim de encontrar e ter salvação 
Havemos também de a estrela seguir 
E achando a Jesus felizes, então 
Do amor e da paz iremos fruir 
  Brilhando inda está brilhando inda está 
A estrela de luz de raro fulgor 
Brilhando inda está brilhando inda está 
A estrela a indicar o Deus Salvador 
 "
86,Nasce Jesus,"Adoração e Louvor | Crianças e Jovens | Graça e Salvação | Paz, Cuidado e Confiança",Efésios 2:8-9; João 3:16; 1 João 1:9 | Mateus 19:14; Provérbios 22:6 | Salmos 150:1-6; Apocalipse 4:8; Salmos 95:1-2 | Salmos 23:1-4; João 14:27; Salmos 46:1,https://www.youtube.com/watch?v=G4KswVUWNM8,Lucas 2:14,A Doutrina da Salvação,"Vida, Morte e Ressurreição de Cristo",Robert Hawkey Moreton,Robert Lowry,"Nasce Jesus fonte de luz 
Descem os anjos cantando 
Nasce Jesus é nossa luz 
Trevas vem, pois, dissipando 
Nasce Jesus fonte de luz 
Oh! glória a Deus nas alturas! 
Vede a redenção raiar 
Cristo ao mundo vem 
Se, pois, bem-vindo 
Firma Teu justo império 
Honras e glórias 
Anjos e homens deem 
  Nasce Jesus fonte de luz 
Oh! glória a Deus nas alturas! 
Paz na Terra, aos homens 
A quem quer Ele bem 
  Deus nos amou Deus nos mandou 
Cristo, Seu Filho querido 
Deus nos amou Deus encarnou 
Vede o Menino nascido 
Deus nos amou Deus nos salvou 
Digam-no todos os povos 
Podem salvação fruir 
Todos os que creem 
Reino bendito 
Reino do amor divino 
Eis que resgate 
Todos Por Cristo, têm 
  Nasce Jesus fonte de luz 
Oh! glória a Deus nas alturas! 
Paz na Terra, aos homens 
A quem quer Ele bem 
 "
87,"Belém, Bendita És","Adoração e Louvor | Oração e Comunhão | Paz, Cuidado e Confiança | Segunda Vinda e Esperança",1 Tessalonicenses 4:16-17; Apocalipse 1:7; João 14:1-3 | 1 Tessalonicenses 5:17; Mateus 7:7; Filipenses 4:6 | Salmos 150:1-6; Apocalipse 4:8; Salmos 95:1-2 | Salmos 23:1-4; João 14:27; Salmos 46:1,https://www.youtube.com/watch?v=GVg5Enb5OU4,Miqueias 5:2,A Doutrina da Salvação,"Vida, Morte e Ressurreição de Cristo",Phillips Brooks,Lewis Henry Redner,"Belém, bendita és entre as cidades de Judá 
Enquanto assim tu dormes oh! que bênção Deus te dá 
Embora obscura, brilha em ti a eterna luz 
A luz da esperança que os mortais a Deus conduz 
  Em ti já é nascido o Messias Redentor 
No Céu os santos anjos cantam glórias, dão louvor 
E vós, estrelas d'alva a nova anunciai 
A Deus erguei hosanas e a nós a paz cantai 
  Ó, vem, Senhor e Mestre que nasceste em Belém 
Visita-nos e nasce em nosso coração também 
O canto de anjos soa a paz a proclamar 
Jesus, agora mesmo vem sim, vem em nós morar 
 "
88,Cristo Nasceu,Adoração e Louvor | Graça e Salvação | Oração e Comunhão,1 Tessalonicenses 5:17; Mateus 7:7; Filipenses 4:6 | Efésios 2:8-9; João 3:16; 1 João 1:9 | Salmos 150:1-6; Apocalipse 4:8; Salmos 95:1-2,https://www.youtube.com/watch?v=HXHaY7MkNoI,"Lucas 2:6, 7",A Doutrina da Salvação,"Vida, Morte e Ressurreição de Cristo",Isaac Watts,Georg F. Händel,"Cristo nasceu! Nações, ouvi 
O vosso Rei saudai 
O coração a Ele abri 
Ó terra e céus cantai 
Ó terra e céus cantai 
Ó terra, ó terra e céus cantai! 
  Ao mundo veio o Salvador! 
Vós, homens, celebrai! 
Florestas, rios e prado em flor 
Contentes exaltai 
Contentes exaltai 
Contentes todos exaltai! 
  Ele as nações governará 
Com graça divinal 
Glorioso dom concederá 
De glória eternal 
De glória eternal 
De glória, glória eternal! 
 "
89,"Natal, Feliz Natal!","Graça e Salvação | Lar e Família | Missão e Serviço | Paz, Cuidado e Confiança | Segunda Vinda e Esperança",1 Tessalonicenses 4:16-17; Apocalipse 1:7; João 14:1-3 | Efésios 2:8-9; João 3:16; 1 João 1:9 | Josué 24:15; Efésios 6:1-4 | Mateus 28:19-20; Isaías 6:8; Marcos 16:15 | Salmos 23:1-4; João 14:27; Salmos 46:1,https://www.youtube.com/watch?v=02SEzuF8Yeg,Mateus 2:9-11,A Doutrina da Salvação,"Vida, Morte e Ressurreição de Cristo",Melodia Tradicional Inglesa,Melodia Tradicional Inglesa,"Natal, feliz Natal! No céu de Belém 
Uma luz que surgiu fez soar, lá no além 
O coro angelical que em sons divinais 
Proclamou lá do Céu Salvação aos mortais 
  Natal, feliz natal! 
Natal, Natal! 
Eis que nasceu nosso Rei divinal 
  A paz então reinou em, céu, terra e mar 
Ao descer sobre o Rei uma luz estelar 
A luz do Salvador brilhou mais e mais  
E guiou a Seus pés nobres reis orientais 
  Natal, feliz natal! 
Natal, Natal! 
Eis que nasceu nosso Rei divinal 
  A luz que fez reinar a paz divinal 
Que encheu todo o céu de fulgor sideral 
A luz que ainda está no céu a luzir 
Vem também nossos pés a Jesus conduzir 
  Natal, feliz natal! 
Natal, Natal! 
Eis que nasceu nosso Rei divinal 
 "
90,Glória ao Rei que Vos Nasceu,"Adoração e Louvor | Crianças e Jovens | Graça e Salvação | Paz, Cuidado e Confiança",Efésios 2:8-9; João 3:16; 1 João 1:9 | Mateus 19:14; Provérbios 22:6 | Salmos 150:1-6; Apocalipse 4:8; Salmos 95:1-2 | Salmos 23:1-4; João 14:27; Salmos 46:1,https://www.youtube.com/watch?v=UiF50HoVxmQ,"Lucas 2:13, 14",A Doutrina da Salvação,"Vida, Morte e Ressurreição de Cristo",Charles Wesley,Felix Mendelssohn-Bartholdy,"Já soou por todo o céu: 
""Glória ao Rei que vos nasceu!"" 
Graça e paz Deus quer doar 
Para o mundo resgatar 
Vós nações, cantai louvor 
Ó, cantai de Deus o amor 
Proclamai, pois vós também 
Quem nasceu lá em Belém 
Deus ao mundo o Filho deu 
""Glória ao Rei que vos nasceu!"" 
  Deem louvor os anjos Seus 
Cristo é o eterno Deus 
Terra e céu, e mar sabei 
Que nasceu o grande Rei 
Cristo lá da glória traz 
Para nós no mundo, paz 
Veio a nós o dom do Céu 
O Bebê Emanuel 
Deus ao mundo o Filho deu 
""Glória ao Rei que vos nasceu!"" 
  Proclamai o Rei da paz 
Rei que a nós justiça traz 
Vida e luz a todos dá 
Pobre Rei, em palha está 
Glória e Céu abandonou 
Oh! sim, Deus o mundo amou 
Com amor nos dá perdão 
E eternal ressurreição 
Deus ao mundo o Filho deu 
""Glória ao Rei que vos nasceu!"" 
 "
91,Ó Noite Santa!,"Adoração e Louvor | Graça e Salvação | Lar e Família | Paz, Cuidado e Confiança | Segunda Vinda e Esperança",1 Tessalonicenses 4:16-17; Apocalipse 1:7; João 14:1-3 | Efésios 2:8-9; João 3:16; 1 João 1:9 | Josué 24:15; Efésios 6:1-4 | Salmos 150:1-6; Apocalipse 4:8; Salmos 95:1-2 | Salmos 23:1-4; João 14:27; Salmos 46:1,https://www.youtube.com/watch?v=manYe2ql8Kg,"Lucas 2:8, 9",A Doutrina da Salvação,"Vida, Morte e Ressurreição de Cristo",Placide Cappeau,Adolphe-Charles Adam,"Noite de paz! No céu estrelas brilham 
Ó linda noite em que Cristo nasceu! 
O mundo aqui estava em meio às trevas 
Até que o Verbo conosco habitou 
Trazendo a todos paz e esperança 
Em clara aurora a nova luz brilhou 
  Dai glória a Deus! Ouvi a voz dos anjos 
Natal, Natal! Em Belém Jesus nasceu! 
Cantai, cantai! Nasceu o Rei dos reis! 
  Com devoção felizes nos curvamos 
E adoramos a Cristo Jesus 
Magos também do Oriente aqui chegaram 
Guiados por uma estrela de luz 
O nobre Rei nasceu em berço humilde 
Pra nos trazer a paz e a salvação 
  Dai glória a Deus! Ouvi a voz dos anjos 
Natal, Natal! Em Belém Jesus nasceu! 
Cantai, cantai! Nasceu o Rei dos reis! 
 "
92,Onde Estavam?,"Adoração e Louvor | Crianças e Jovens | Graça e Salvação | Paz, Cuidado e Confiança | Segunda Vinda e Esperança",1 Tessalonicenses 4:16-17; Apocalipse 1:7; João 14:1-3 | Efésios 2:8-9; João 3:16; 1 João 1:9 | Mateus 19:14; Provérbios 22:6 | Salmos 150:1-6; Apocalipse 4:8; Salmos 95:1-2 | Salmos 23:1-4; João 14:27; Salmos 46:1,https://www.youtube.com/watch?v=neN3QmMPIf4,Lucas 2:8-11,A Doutrina da Salvação,"Vida, Morte e Ressurreição de Cristo",Jader D. Santos,Jader D. Santos,"Quem chora é Jesus Menino tão comum 
E o mundo nem notou que o Rei nasceu 
Chegou tão frágil chegou tão simples 
Chegou sem honra sem menção 
  Mas onde estão os governantes? 
Por que não há celebração? 
O Rei dos reis Se fez Menino 
E vem com Ele a salvação 
  Mas onde estão os que esperavam? 
Por que não vêm render louvor? 
Já renasceu a esperança 
Pois já nasceu o Salvador 
  Naquela noite azul tão cheia de amor 
Alguns pastores vêm trazer louvor 
E magos do Oriente com presentes vêm 
Homenagear o que nasceu 
  Não foi preciso pompa e honra 
Não foi preciso comoção 
Os próprios anjos celebraram 
Cantando hosanas a Jesus 
  O Céu chorou de alegria 
O Universo emudeceu 
O Rei dos reis Se fez Menino 
Lá em Belém Jesus nasceu 
 "
93,Nasceu o Salvador,"Crianças e Jovens | Graça e Salvação | Paz, Cuidado e Confiança",Efésios 2:8-9; João 3:16; 1 João 1:9 | Mateus 19:14; Provérbios 22:6 | Salmos 23:1-4; João 14:27; Salmos 46:1,https://www.youtube.com/watch?v=Lp2_WQaM8KQ,"Lucas 2:6, 7",A Doutrina da Salvação,"Vida, Morte e Ressurreição de Cristo",Sullivan Dutra,Sullivan Dutra,"Por amor, Deus criou 
O plano da redenção 
Pra nos dar a salvação 
Enviou Seu Filho como um bebê 
O Universo então parou 
Um coro de anjos anunciou: 
  Aleluia, aleluia 
Eis que vos nasceu o Salvador! 
Aleluia, aleluia 
Eis que vos nasceu o Salvador! 
  Por amor, Deus criou 
O plano da redenção 
Em Belém nasceu Jesus 
Tão humilde sem conforto algum 
O Universo então parou 
Um coro de anjos anunciou: 
  Aleluia, aleluia 
Eis que vos nasceu o Salvador! 
Aleluia, aleluia 
Eis que vos nasceu o Salvador! 
 "
94,Vestido em Linho,Adoração e Louvor | Graça e Salvação | Lar e Família | Sacrifício e Redenção,Efésios 2:8-9; João 3:16; 1 João 1:9 | Isaías 53:4-5; Romanos 5:8; Hebreus 9:22 | Josué 24:15; Efésios 6:1-4 | Salmos 150:1-6; Apocalipse 4:8; Salmos 95:1-2,https://www.youtube.com/watch?v=jgwICRa17Ts,Salmo 45:8,A Doutrina da Salvação,"Vida, Morte e Ressurreição de Cristo",Henry Barraclough,Henry Barraclough,"Vestido em linho Jesus desceu 
Trazendo salvação 
De mirra o bálsamo traz do Céu 
Beleza e perfeição 
  Vindo ao mundo deixou no Céu 
Palácios de marfim 
Glória não quis em dor morreu 
A cruz suportou por mim 
  Trazendo em Si de aloés o odor 
A morte atroz sofreu 
Provou aqui amargura e dor 
Ao mundo abriu o Céu 
  Vindo ao mundo deixou no Céu 
Palácios de marfim 
Glória não quis em dor morreu 
A cruz suportou por mim 
  Odor de cássia as vestes têm: 
Sim, Ele ressurgiu 
E junto ao Pai Se assentou no além 
Ao mundo redimiu 
  Vindo ao mundo deixou no Céu 
Palácios de marfim 
Glória não quis em dor morreu 
A cruz suportou por mim 
 "
95,Amor Que Por Amor Desceste,"Graça e Salvação | Paz, Cuidado e Confiança | Sacrifício e Redenção",Efésios 2:8-9; João 3:16; 1 João 1:9 | Isaías 53:4-5; Romanos 5:8; Hebreus 9:22 | Salmos 23:1-4; João 14:27; Salmos 46:1,https://www.youtube.com/watch?v=Pwa7fRMbURU,Jeremias 31:3,A Doutrina da Salvação,"Vida, Morte e Ressurreição de Cristo",George Matheson,Albert Lister Peace,"Amor, que por amor desceste! 
Amor, que por amor morreste! 
Ah, quanta dor não padeceste! 
Minh'alma vieste resgatar 
E meu amor ganhar! 
  Amor, que com amor seguias 
A mim, que sem amor, Tu vias! 
Oh! Quanto amor por mim sentias 
Eterno Deus, Senhor Jesus 
Sofrendo sobre a cruz! 
  Amor, que tudo me perdoas! 
Amor, que até mesmo abençoas 
Um réu de quem Tu Te afeiçoas! 
Vencido, ó Salvador, por Ti 
Teu grande amor senti! 
  Amor sublime que perduras 
Que em Tua graça me seguras 
Cercando a mim de mil venturas! 
Aceita agora, ó Salvador 
O meu humilde amor! 
 "
96,Foi Amor,"Crianças e Jovens | Graça e Salvação | Paz, Cuidado e Confiança | Sacrifício e Redenção",Efésios 2:8-9; João 3:16; 1 João 1:9 | Isaías 53:4-5; Romanos 5:8; Hebreus 9:22 | Mateus 19:14; Provérbios 22:6 | Salmos 23:1-4; João 14:27; Salmos 46:1,https://www.youtube.com/watch?v=qJXgvVGefyc,João 15:13,A Doutrina da Salvação,"Vida, Morte e Ressurreição de Cristo",John E. Walvoord,Donald J. Wyrtzen,"Foi amor, quando Deus aqui 
Neste mundo vil homem Se tornou 
Foi amor, quando meu bom Deus 
Carpinteiro foi quando aqui andou! 
Foi amor, quando veio meu Jesus 
Pra me conceder nova vida e luz 
Foi amor, ao sofrer na cruz 
Por mim, um pobre pecador 
  Foi amor, quando Deus desceu 
Pra cuidar de mim qual um filho Seu 
Foi amor, ao morrer em dor 
Por um pobre ser sem qualquer valor! 
Foi amor, ao ressuscitar, enfim 
Pra me conceder vida e paz sem fim 
Foi amor, ao sofrer na cruz 
Por mim, um pobre pecador 
 "
97,Por Que Me Amou Assim?,Graça e Salvação | Sacrifício e Redenção,Efésios 2:8-9; João 3:16; 1 João 1:9 | Isaías 53:4-5; Romanos 5:8; Hebreus 9:22,https://www.youtube.com/watch?v=KXB43Rs8SyU,"Hebreus 12:2, 3",A Doutrina da Salvação,"Vida, Morte e Ressurreição de Cristo",Robert Harkness,Robert Harkness,"Morte cruel padeceu meu Jesus 
Por que me amou assim? 
Eu merecera sofrer nessa cruz 
Por que me amou assim? 
  Por que me amou assim? 
Por que me amou assim? 
Por que sofreu meu Jesus por mim? 
Por que me amou assim? 
  Foi meu pecado que O crucificou 
Por que me amou assim? 
Para salvar-me que dor suportou 
Por que me amou assim? 
  Por que me amou assim? 
Por que me amou assim? 
Por que sofreu meu Jesus por mim? 
Por que me amou assim? 
  Oh! que agonia que grande aflição 
Por que me amou assim? 
Hei de aceitar tão imenso perdão 
Por que me amou assim? 
  Por que me amou assim? 
Por que me amou assim? 
Por que sofreu meu Jesus por mim? 
Por que me amou assim? 
 "
98,Conta-me a História de Cristo,"Adoração e Louvor | Graça e Salvação | Oração e Comunhão | Paz, Cuidado e Confiança | Sacrifício e Redenção",1 Tessalonicenses 5:17; Mateus 7:7; Filipenses 4:6 | Efésios 2:8-9; João 3:16; 1 João 1:9 | Isaías 53:4-5; Romanos 5:8; Hebreus 9:22 | Salmos 150:1-6; Apocalipse 4:8; Salmos 95:1-2 | Salmos 23:1-4; João 14:27; Salmos 46:1,https://www.youtube.com/watch?v=pcShGyOHlig,"Isaías 53:4, 5",A Doutrina da Salvação,"Vida, Morte e Ressurreição de Cristo",Fanny J. Crosby,John R. Sweney,"Conta-me a história de Cristo 
Grava-a em meu coração 
Conta-me a história preciosa 
Conta-me com emoção 
Conta-me como Seus anjos 
Deram-Lhe honra ao nascer: 
""Glória ao Senhor paz na Terra"" 
Ao Céu fizeram ascender 
  Conta-me a história de Cristo 
Grava-a em meu coração 
Conta-me a história preciosa 
Conta-me com emoção! 
  Conta-me a história de Cristo 
Quando na Cruz expirou 
Conta-me como o choraram 
E como ressuscitou 
Nessa história tão terna 
Vejo o Seu grande amor 
Quero pra sempre servi-Lo 
É meu Senhor e Salvador 
  Conta-me a história de Cristo 
Grava-a em meu coração 
Conta-me a história preciosa 
Conta-me com emoção! 
  Essa história bendita 
Deves contar com amor 
Ao mundo todo falando 
De Seu poder salvador 
Hoje no Céu intercede 
Esse fiel Redentor 
Vida eterna concede 
Aos que aceitam Seu favor 
  Conta-me a história de Cristo 
Grava-a em meu coração 
Conta-me a história preciosa 
Conta-me com emoção! 
 "
99,Conta-me a Velha História,"Adoração e Louvor | Graça e Salvação | Paz, Cuidado e Confiança",Efésios 2:8-9; 1 João 1:9 | Salmos 150:1-6; Apocalipse 4:8; Salmos 95:1-2 | Salmos 23:1-4; João 14:27; Salmos 46:1,https://www.youtube.com/watch?v=nkGGdNovUXg,João 3:16,A Doutrina da Salvação,"Vida, Morte e Ressurreição de Cristo",Arabella Katherine Hankey,William H. Doane,"Conta-me a velha história 
Suave, com dulçor 
De meu Jesus e Sua glória 
De Cristo e Seu amor 
Com calma e com paciência 
Pois quero alcançar 
A altura do mistério: 
Que Deus nos pode amar 
  Conta-me a velha história 
Velha e sublime história! 
Conta-me, pois, a história 
Do meigo Salvador! 
  Fala-me com doçura 
Do meigo Redentor 
De Seu amor e Sua graça 
Pois, sou um pecador 
Sim, para o meu conforto 
Em tempos de aflição 
Repete a velha história 
De amor e salvação 
  Conta-me a velha história 
Velha e sublime história! 
Conta-me, pois, a história 
Do meigo Salvador! 
  Se o brilho deste mundo 
Cobrir do Céu a luz 
Repete então a mesma história 
Da graça de Jesus! 
E quando, enfim, a glória 
Do mundo além raiar 
Oh, conta a mesma história: 
Que veio aqui salvar 
  Conta-me a velha história 
Velha e sublime história! 
Conta-me, pois, a história 
Do meigo Salvador! 
 "
100,A Doce História,"Adoração e Louvor | Graça e Salvação | Lar e Família | Paz, Cuidado e Confiança | Sacrifício e Redenção | Segunda Vinda e Esperança",1 Tessalonicenses 4:16-17; Apocalipse 1:7; João 14:1-3 | Efésios 2:8-9; João 3:16; 1 João 1:9 | Isaías 53:4-5; Romanos 5:8; Hebreus 9:22 | Josué 24:15; Efésios 6:1-4 | Salmos 150:1-6; Apocalipse 4:8; Salmos 95:1-2 | Salmos 23:1-4; João 14:27; Salmos 46:1,https://www.youtube.com/watch?v=LgbciTZ1VwM,Isaías 53:5,A Doutrina da Salvação,"Vida, Morte e Ressurreição de Cristo",Arabella Katherine Hankey,William Gustavus Fischer,"Alegro-me em proclamar a história de Jesus 
Que veio lá da glória morrer na amarga cruz 
Sim, quero proclamá-la pois ela satisfaz 
Anseios de minh'alma e enche-me de paz 
  Oh! doce e bela história 
De Cristo, o Salvador! 
De Sua eterna graça 
De Seu imenso amor! 
  Desejo sempre repetir a história desse amor 
Que trouxe nova vida Oh! glória ao Salvador 
E Cristo ainda hoje com terna compaixão 
Procura pecadores e dá-lhes o perdão 
  Oh! doce e bela história 
De Cristo, o Salvador! 
De Sua eterna graça 
De Seu imenso amor! 
  Sim, dessa história vou falar pra sempre, com fervor 
Pois muitos inda vivem nas trevas e na dor 
E mesmo lá na glória ao meu Jesus voltar 
Tão linda e doce história eu hei de celebrar 
  Oh! doce e bela história 
De Cristo, o Salvador! 
De Sua eterna graça 
De Seu imenso amor! 
 "
101,Seu Maravilhoso Olhar,"Graça e Salvação | Paz, Cuidado e Confiança | Sacrifício e Redenção",Efésios 2:8-9; João 3:16; 1 João 1:9 | Isaías 53:4-5; Romanos 5:8; Hebreus 9:22 | Salmos 23:1-4; João 14:27; Salmos 46:1,https://www.youtube.com/watch?v=yey65PRKnwY,"Lucas 22:61, 62",A Doutrina da Salvação,"Vida, Morte e Ressurreição de Cristo",John W. Peterson,John W. Peterson,"Vivi tão longe do Senhor 
Assim eu quis andar 
Até que eu encontrei o amor 
Em Seu bondoso olhar 
  Seu maravilhoso olhar! 
Seu maravilhoso olhar! 
Transformou meu ser todo o meu viver 
Seu maravilhoso olhar! 
  Seu corpo vi na rude cruz 
Sofrendo ali por mim 
E ouvi a voz do meu Jesus: 
""Por ti morri assim"" 
  Seu maravilhoso olhar! 
Seu maravilhoso olhar! 
Transformou meu ser todo o meu viver 
Seu maravilhoso olhar! 
  Em contrição então voltei 
À fonte deste amor 
Perdão e paz em Cristo achei 
Pertenço ao Salvador! 
  Seu maravilhoso olhar! 
Seu maravilhoso olhar! 
Transformou meu ser todo o meu viver 
Seu maravilhoso olhar! 
 "
102,"Ó Vem, Emanuel!","Igreja e Comunhão | Paz, Cuidado e Confiança | Segunda Vinda e Esperança",1 Tessalonicenses 4:16-17; Apocalipse 1:7; João 14:1-3 | Salmos 133:1; Hebreus 10:25 | Salmos 23:1-4; João 14:27; Salmos 46:1,https://www.youtube.com/watch?v=xXSfV9DBfuU,Mateus 1:23,A Doutrina da Salvação,"Vida, Morte e Ressurreição de Cristo",Hino Latino,Melodia Gregoriana,"Ó, vem, ó, vem, Emanuel 
E salva o aflito Israel 
Que chora o exílio em seu viver 
Até Jesus aparecer 
  Cantai! Cantai! Emanuel 
Virá a vós, ó Israel! 
  Sabedoria que é do além 
Ordena tudo aqui também 
O bom caminho vem mostrar 
E como nele sempre andar 
  Cantai! Cantai! Emanuel 
Virá a vós, ó Israel! 
  Ó Desejado das nações 
Unidos faze os corações 
Do mundo vem tirar o mal 
E dar-lhe a paz celestial 
  Cantai! Cantai! Emanuel 
Virá a vós, ó Israel! 
 "
103,Rude Cruz,Adoração e Louvor | Lar e Família | Missão e Serviço | Sacrifício e Redenção,Isaías 53:4-5; Romanos 5:8; Hebreus 9:22 | Josué 24:15; Efésios 6:1-4 | Mateus 28:19-20; Isaías 6:8; Marcos 16:15 | Salmos 150:1-6; Apocalipse 4:8; Salmos 95:1-2,https://www.youtube.com/watch?v=uARK7ATNd94,Gálatas 6:14,A Doutrina da Salvação,"Vida, Morte e Ressurreição de Cristo",George Bennard,George Bennard,"Rude cruz se erigiu dela o dia fugiu 
Em sinal de vergonha e de dor 
Mas eu amo essa cruz Sobre a qual meu Jesus 
Deu a vida por mim pecador 
  Sim, eu amo a mensagem da cruz 
Té morrer eu a vou proclamar 
Levarei eu também minha cruz 
Té por uma coroa trocar 
  Desde a glória dos Céus O Cordeiro de Deus 
Ao Calvário humilhante baixou 
E essa cruz tem pra mim Atrativos sem fim 
Pois Jesus nela me resgatou 
  Sim, eu amo a mensagem da cruz 
Té morrer eu a vou proclamar 
Levarei eu também minha cruz 
Té por uma coroa trocar 
  Eu aqui, com Jesus a vergonha da cruz 
Quero sempre levar e sofrer 
Ele vem me buscar e com Ele, no lar 
Uma parte na glória hei de ter 
  Sim, eu amo a mensagem da cruz 
Té morrer eu a vou proclamar 
Levarei eu também minha cruz 
Té por uma coroa trocar 
 "
104,Na Senda do Calvário,"Adoração e Louvor | Missão e Serviço | Paz, Cuidado e Confiança | Sacrifício e Redenção",Isaías 53:4-5; Romanos 5:8; Hebreus 9:22 | Mateus 28:19-20; Isaías 6:8; Marcos 16:15 | Salmos 150:1-6; Apocalipse 4:8; Salmos 95:1-2 | Salmos 23:1-4; João 14:27; Salmos 46:1,https://www.youtube.com/watch?v=6dOjCNKG3H8,"Mateus 16:24, 25",A Doutrina da Salvação,"Vida, Morte e Ressurreição de Cristo",Ira F. Stanphill,Ira F. Stanphill,"Seguia tristemente e só ninguém a me observar 
Curvado ao fardo andava eu e quis desesperar 
Queixei-me então a Cristo do mundo a me atrair 
E Sua voz suave pude ouvir: 
""Na senda do Calvário Meus pés também cansei 
E sob a cruz pesada sem forças Me prostrei 
Cansado peregrino a noite chega ao fim 
Ó, toma a cruz e segue junto a Mim"" 
  Do esforço meu por Ti Jesus, às vezes me gabei: 
Quão grande sacrifício fiz na senda estreita andei 
Deixei fortuna e fama a fim de Te seguir 
E Tua voz suave pude ouvir: 
""Deixei o trono e a glória deixei do Céu a luz 
E Minhas mãos pregaram sobre uma rude cruz 
Com tua mão na Minha sigamos, pois, assim 
Ó, toma a cruz e segue junto a Mim"" 
 "
105,"Oh, Fronte Ensanguentada!","Graça e Salvação | Oração e Comunhão | Palavra de Deus e Lei | Paz, Cuidado e Confiança | Sacrifício e Redenção",1 Tessalonicenses 5:17; Mateus 7:7; Filipenses 4:6 | Efésios 2:8-9; João 3:16; 1 João 1:9 | Isaías 53:4-5; Romanos 5:8; Hebreus 9:22 | Salmos 119:105; 2 Timóteo 3:16; Salmos 19:7 | Salmos 23:1-4; João 14:27; Salmos 46:1,https://www.youtube.com/watch?v=HRIFTOPGfQo,"Mateus 27:29, 30",A Doutrina da Salvação,"Vida, Morte e Ressurreição de Cristo",Poema Latino Medieval,Hans Leo Hassler,"Oh! fronte ensanguentada 
Em sofrimento e dor 
Cruel coroa fere 
Tua fronte, ó Salvador 
A turba escarnece 
De Tua condição 
E zomba destas dores 
Ferindo o coração! 
  Sem luz estão Teus olhos 
Não brilham mais, assim 
Por que, Senhor, se apagam? 
Oh! sim, bem sei: por mim 
Tão grandes sofrimentos 
Os meus pecados vis 
Causaram ao meu Mestre 
Que o Sol brilhar não quis 
  Jesus, meu grande Amigo 
Morreste em meu lugar 
Em dor desfaleceste 
A fim de me salvar 
Palavras não expressam 
A minha gratidão 
Por Tua imensa graça 
Bendita redenção! 
 "
106,Cristo no Horto,Adoração e Louvor | Graça e Salvação | Lar e Família | Oração e Comunhão | Sacrifício e Redenção,1 Tessalonicenses 5:17; Mateus 7:7; Filipenses 4:6 | Efésios 2:8-9; João 3:16; 1 João 1:9 | Isaías 53:4-5; Romanos 5:8; Hebreus 9:22 | Josué 24:15; Efésios 6:1-4 | Salmos 150:1-6; Apocalipse 4:8; Salmos 95:1-2,https://www.youtube.com/watch?v=PjPkdT0RdVg,Lucas 22:39-44,A Doutrina da Salvação,"Vida, Morte e Ressurreição de Cristo",Sidney Clopton Lanier,Peter Christian Lutkin,"Cristo entra no horto a sós e inclina-Se a orar 
Triste, ergue a Deus a voz dispõe-Se a nos salvar 
Que angústia ao orar em dor 
Em sangue se torna o Seu suor 
""Afasta este cálice 
Ó Pai, se possível for!"" 
  Quanto sofrimento atroz provou o Salvador 
Vede quanto amor por nós divino e Santo amor 
Aos ombros suportou a cruz 
Por nós Se dispôs à morte e à dor 
Mas logo ressurgiu em luz 
Tornando-Se vencedor! 
 "
107,Na Cruz Morri Por Ti,Adoração e Louvor | Lar e Família | Sacrifício e Redenção,Isaías 53:4-5; Romanos 5:8; Hebreus 9:22 | Josué 24:15; Efésios 6:1-4 | Salmos 150:1-6; Apocalipse 4:8; Salmos 95:1-2,https://www.youtube.com/watch?v=1LBGWEG23uc,Marcos 14:34-38,A Doutrina da Salvação,"Vida, Morte e Ressurreição de Cristo",Frances Ridley Havergal,James Edson White,"Na cruz morri por ti 
Por ti, ó pecador 
Meu sangue ali verti 
Provando amarga dor 
A Minha vida dei na cruz 
Do Céu por isso vim 
Das trevas te chamei à luz 
Que fazes tu por Mim? 
  Em vão Eu não deixei 
O trono lá na luz 
Em vão Eu não troquei 
A glória pela cruz 
Por ti deixei no Céu Meu lar 
Fui peregrino aqui 
Não queiras, pois desculpas dar 
Que fazes tu por Mim? 
  Imensa foi a dor 
A angústia que sofri 
Não pode haver maior 
Por ti Eu padeci 
E mesmo a morte Eu enfrentei 
Pra te salvar, assim 
Por ti a Minha vida dei 
Que fazes tu por Mim? 
 "
108,Foi Por Você Também,Graça e Salvação | Sacrifício e Redenção,Efésios 2:8-9; João 3:16; 1 João 1:9 | Isaías 53:4-5; Romanos 5:8; Hebreus 9:22,https://www.youtube.com/watch?v=LYPwUpwFqJU,Romanos 5:8-10,A Doutrina da Salvação,"Vida, Morte e Ressurreição de Cristo",Williams Costa Jr.,Williams Costa Jr.,"Foi por você também Foi por você também 
Que Jesus Se entregou 
Vejo os cravos a rasgar Suas mãos e pés sem-par 
Foi por você também 
Que Jesus Se entregou 
  Foi por você também Foi por você também 
que o Mestre agonizou 
Vejo o sangue de Jesus deslizando sobre a Cruz 
Foi por você também 
Que o Mestre agonizou 
  Foi por você também Foi por você também 
Que Jesus mostrou amor 
Padeceu sem merecer e sofreu até morrer 
Foi por você também 
Que Jesus mostrou amor 
 "
109,Houve Alguém,"Adoração e Louvor | Graça e Salvação | Paz, Cuidado e Confiança | Sacrifício e Redenção",Efésios 2:8-9; João 3:16; 1 João 1:9 | Isaías 53:4-5; Romanos 5:8; Hebreus 9:22 | Salmos 150:1-6; Apocalipse 4:8; Salmos 95:1-2 | Salmos 23:1-4; João 14:27; Salmos 46:1,https://www.youtube.com/watch?v=xoUiEda5iJM,Filipenses 2:5-8,A Doutrina da Salvação,"Vida, Morte e Ressurreição de Cristo",Carrie E. Breck,Grant C. Tullar,"Houve Alguém que Se achando disposto a morrer 
Por um vil pecador que sou eu 
No caminho da cruz suportou o sofrer: 
Meus pecados ali esqueceu 
  Lá estão sobre a cruz Lá estão sobre a cruz 
Meus pecados na cruz já estão 
Com que angústia Jesus 
Caminhou para a cruz! 
Santo amor que me deu salvação! 
  Ele é meigo comigo paciente e leal 
Pelo Seu grande amor salvo sou 
Liberdade me deu vida e paz perenal 
Minhas faltas na cruz já pregou 
  Lá estão sobre a cruz Lá estão sobre a cruz 
Meus pecados na cruz já estão 
Com que angústia Jesus 
Caminhou para a cruz! 
Santo amor que me deu salvação! 
  Grato sou a Jesus Que me deu o perdão 
E com Ele feliz sempre sou 
Em meus lábios terei esta linda canção: 
""Meus pecados Jesus perdoou"" 
  Lá estão sobre a cruz Lá estão sobre a cruz 
Meus pecados na cruz já estão 
Com que angústia Jesus 
Caminhou para a cruz! 
Santo amor que me deu salvação! 
 "
110,Monte do Calvário,Graça e Salvação | Sacrifício e Redenção,Efésios 2:8-9; João 3:16; 1 João 1:9 | Isaías 53:4-5; Romanos 5:8; Hebreus 9:22,https://www.youtube.com/watch?v=RRpKJGGwcXE,"João 19:17, 18",A Doutrina da Salvação,"Vida, Morte e Ressurreição de Cristo",Keith Whitford,Keith Whitford,"Lá, num monte além 
Eis a rude cruz 
Onde Alguém está em aflição 
É o meu Senhor 
Que do Céu desceu 
Para conceder-me salvação 
  Monte, monte do Calvário 
Onde meu Jesus morreu por mim 
Triste, ei-Lo assim ferido 
Só, em agonia pereceu 
Puro, carregou meu fardo 
Para libertar-me do pecar 
Este foi o dia mais feliz: 
Pois morreu pra me salvar 
  Lá, num monte além 
Eis a multidão 
A escarnecer do Salvador 
Mas não foi em vão 
Que Jesus desceu 
Para resgatar o pecador 
  Monte, monte do Calvário 
Onde meu Jesus morreu por mim 
Triste, ei-Lo assim ferido 
Só, em agonia pereceu 
Puro, carregou meu fardo 
Para libertar-me do pecar 
Este foi o dia mais feliz: 
Pois morreu pra me salvar 
 "
111,Ao Ver a Cruz,Graça e Salvação | Oração e Comunhão | Sacrifício e Redenção,1 Tessalonicenses 5:17; Mateus 7:7; Filipenses 4:6 | Efésios 2:8-9; João 3:16; 1 João 1:9 | Isaías 53:4-5; Romanos 5:8; Hebreus 9:22,https://www.youtube.com/watch?v=2wRdBPHruHU,Lucas 23:33-38,A Doutrina da Salvação,"Vida, Morte e Ressurreição de Cristo",Carl Harold Lowden,Carl Harold Lowden,"Ao ver a cruz, meu rude coração 
Fica em silêncio ante tanto horror 
Eu vejo os pregos sobre Suas mãos 
E como a sós morreu por ter-me amor 
  Vejo o Calvário o monte tão cruel 
Ali, Jesus, pregado foi na cruz 
Vejo o Calvário o monte do amor 
A minha culpa ali Jesus pagou 
  Aos olhos vêm as cenas tão cruéis 
E humildemente eu penso em Seu amor 
Então minh'alma em muda contrição 
Eterna graça rende ao Salvador 
  Vejo o Calvário o monte tão cruel 
Ali, Jesus, pregado foi na cruz 
Vejo o Calvário o monte do amor 
A minha culpa ali Jesus pagou 
 "
112,Cordeiro de Deus,Adoração e Louvor | Graça e Salvação | Lar e Família | Sacrifício e Redenção,Efésios 2:8-9; João 3:16; 1 João 1:9 | Isaías 53:4-5; Romanos 5:8; Hebreus 9:22 | Josué 24:15; Efésios 6:1-4 | Salmos 150:1-6; Apocalipse 4:8; Salmos 95:1-2,https://www.youtube.com/watch?v=QvcJtKyiJaQ,Mateus 1:18-21,A Doutrina da Salvação,"Vida, Morte e Ressurreição de Cristo",Twila Paris,Twila Paris,"Jesus desceu pra nos salvar 
Deixou o Céu deixou Seu lar 
Por nós sofreu a morte em dor 
Pra ser o nosso Salvador 
  Humilde Rei na cruz morreu 
E assim perdão nos concedeu 
Jesus sofreu vergonha e dor 
Pra ser o nosso Salvador 
  Ó meu Jesus meu Salvador 
Entrego a Ti o meu louvor 
Vem perdoar os erros meus 
Tu és Cordeiro do bom Deus 
  O mundo mau me enganou 
Mas Tua cruz me resgatou 
O Teu amor me atraiu 
Pra ser ovelha em Teu redil 
  Ó meu Jesus meu Salvador 
Entrego a Ti o meu louvor 
Vem perdoar os erros meus 
Tu és Cordeiro do bom Deus 
 "
113,'Stavas Lá?,Missão e Serviço,Mateus 28:19-20; Isaías 6:8; Marcos 16:15,https://www.youtube.com/watch?v=5EB_afTMfPc,Marcos 15:21-25,A Doutrina da Salvação,"Vida, Morte e Ressurreição de Cristo",Desconhecido,Negro Spiritual,"'Stavas lá, ao pregarem meu Jesus? 
'Stavas lá, ao pregarem meu Jesus? 
Oh! nisto pensando quanto tremo, tremo, tremo! 
'Stavas lá, ao pregarem meu Jesus? 
  'Stavas lá, quando o Sol não quis brilhar? 
'Stavas lá, quando o Sol não quis brilhar? 
Oh! nisto pensando quanto tremo, tremo, tremo! 
'Stavas lá, quando o Sol não quis brilhar? 
  'Stavas lá, quando Ele ressurgiu? 
'Stavas lá, quando Ele ressurgiu? 
Oh! nisto pensando quanto tremo, tremo, tremo! 
'Stavas lá, quando Ele ressurgiu? 
 "
114,Cristo Já Ressuscitou,Graça e Salvação | Sacrifício e Redenção,Efésios 2:8-9; João 3:16; 1 João 1:9 | Isaías 53:4-5; Romanos 5:8; Hebreus 9:22,https://www.youtube.com/watch?v=Jxim-KyuzMw,Mateus 28:5-7,A Doutrina da Salvação,"Vida, Morte e Ressurreição de Cristo",Charles Wesley,LYRA DAVIDICA,"Cristo já ressuscitou! Aleluia! 
Sobre a morte triunfou! Aleluia! 
Tudo consumado está! Aleluia! 
Salvação de graça dá! Aleluia! 
  Gratos hinos entoai! Aleluia! 
Ao Senhor Jesus honrai! Aleluia! 
Pois à morte quis baixar! Aleluia! 
Pecadores quis salvar! Aleluia! 
  Uma vez na cruz sofreu! Aleluia! 
Uma vez por nós morreu! Aleluia! 
Mas agora vivo está! Aleluia! 
E para sempre reinará! Aleluia! 
 "
115,Preciosa Graça,"Adoração e Louvor | Graça e Salvação | Lar e Família | Paz, Cuidado e Confiança | Sacrifício e Redenção",Efésios 2:8-9; João 3:16; 1 João 1:9 | Isaías 53:4-5; Romanos 5:8; Hebreus 9:22 | Josué 24:15; Efésios 6:1-4 | Salmos 150:1-6; Apocalipse 4:8; Salmos 95:1-2 | Salmos 23:1-4; João 14:27; Salmos 46:1,https://www.youtube.com/watch?v=3uF79G1Wwjw,Efésios 2:7,A Doutrina da Salvação,A Experiência da Salvação,John Newton,Melodia Tradicional Americana,"Preciosa graça de Jesus! 
Perdido, me encontrou 
Estando cego, me fez ver 
Da morte me livrou 
  A graça libertou-me assim 
E meu temor levou 
Oh! quão preciosa é para mim 
A hora em que me achou 
  Mil lutas, dores, tentações 
Caíram sobre mim 
Porém, a graça me salvou 
Feliz eu sou, enfim 
  E quando ao Céu em glória eu for 
Ao lar de paz e luz 
Pra sempre, então eu cantarei 
Da graça de Jesus 
 "
116,Maravilhosa Graça,"Adoração e Louvor | Graça e Salvação | Paz, Cuidado e Confiança",Efésios 2:8-9; João 3:16; 1 João 1:9 | Salmos 150:1-6; Apocalipse 4:8; Salmos 95:1-2 | Salmos 23:1-4; João 14:27; Salmos 46:1,https://www.youtube.com/watch?v=Kfplvg2IX6w,Efésios 2:7,A Doutrina da Salvação,A Experiência da Salvação,Haldor Lillenas,Haldor Lillenas,"Maravilhosa graça Maior que o meu pecar 
Como poder cantá-la? Como hei de começar? 
Trouxe-me alívio à alma e vivo em toda a calma 
Pela maravilhosa graça de Jesus! 
  Graça! Quão maravilhosa graça 
Como o firmamento, é sem fim 
É maravilhosa é tão grandiosa 
Tão sublime e doce para mim 
É maior que todos meus pecados 
Mais profunda que o imenso mar 
A Cristo vamos pois, louvores dar 
A Deus honrar! 
  Maravilhosa graça Traz vida perenal 
Por Cristo perdoado vou à mansão real 
Sei que hoje sou liberto vivo de Deus bem perto 
Pela maravilhosa graça de Jesus 
  Graça! Quão maravilhosa graça 
Como o firmamento, é sem fim 
É maravilhosa é tão grandiosa 
Tão sublime e doce para mim 
É maior que todos meus pecados 
Mais profunda que o imenso mar 
A Cristo vamos pois, louvores dar 
A Deus honrar! 
  Maravilhosa graça Quão ricas bênçãos traz 
Por ela Deus salvou-me deu-me perdão e paz 
Salvo, sim, em verdade por toda a eternidade 
Pela maravilhosa graça de Jesus 
  Graça! Quão maravilhosa graça 
Como o firmamento, é sem fim 
É maravilhosa é tão grandiosa 
Tão sublime e doce para mim 
É maior que todos meus pecados 
Mais profunda que o imenso mar 
A Cristo vamos pois, louvores dar 
A Deus honrar! 
 "
117,Infinita Graça,Adoração e Louvor | Graça e Salvação | Lar e Família | Oração e Comunhão,1 Tessalonicenses 5:17; Mateus 7:7; Filipenses 4:6 | Efésios 2:8-9; João 3:16; 1 João 1:9 | Josué 24:15; Efésios 6:1-4 | Salmos 150:1-6; Apocalipse 4:8; Salmos 95:1-2,https://www.youtube.com/watch?v=kQbEAjwxHXU,"Salmo 51:1, 2",A Doutrina da Salvação,A Experiência da Salvação,Desconhecido,Melodia Tradicional Cubana,"Conforme a Tua infinita graça 
Ó Pai, perdoa a minha transgressão 
Anseio ter o Teu amor infindo 
Dá-me alegria em Tua salvação 
  Mais uma vez eu sinto o meu pecado 
Que é contra Ti, ó Pai de amor 
Concede, ó Deus a mim, misericórdia 
E entoarei a Ti o meu louvor 
  Meu coração entrego a Ti, contrito 
Perdão imploro meu Senhor e Rei 
Conforme a Tua infinita graça 
Misericórdia, sim, alcançarei 
  Mais uma vez eu sinto o meu pecado 
Que é contra Ti, ó Pai de amor 
Concede, ó Deus a mim, misericórdia 
E entoarei a Ti o meu louvor 
 "
118,Imenso Amor,Graça e Salvação | Sacrifício e Redenção,Efésios 2:8-9; 1 João 1:9 | Isaías 53:4-5; Romanos 5:8; Hebreus 9:22,https://www.youtube.com/watch?v=p0HlgYN5D6Q,João 3:16,A Doutrina da Salvação,A Experiência da Salvação,Charles Wesley,Thomas Campbell,"Como entender o imenso amor 
Do Deus que veio me salvar? 
Por mim sofreu enorme dor 
Provando a cruz em meu lugar 
Imenso amor amor sem fim 
Na cruz Jesus morreu por mim 
  Imenso amor amor sem fim 
Na cruz Jesus morreu por mim 
  O trono Seu deixou no Céu 
Pra vir sofrer a morte atroz 
Provou aqui amargo fel 
E o sangue derramou por nós 
Graça real que me livrou 
Divino amor me alcançou 
  Imenso amor amor sem fim 
Na cruz Jesus morreu por mim 
  Eu prisioneiro fui do mal 
Atado em dor e escuridão 
Mas esta graça divinal 
Me trouxe luz e salvação 
Imensa graça a porta abriu 
Pois o Seu sangue me remiu 
  Imenso amor amor sem fim 
Na cruz Jesus morreu por mim 
  Não há jamais condenação 
Jesus é meu e Dele eu sou 
As Suas vestes de perdão 
Jesus em mim as colocou 
Vou diante Dele sem temer 
E obtenho forças pra vencer 
  Imenso amor amor sem fim 
Na cruz Jesus morreu por mim 
 "
119,Graça de Deus,"Graça e Salvação | Paz, Cuidado e Confiança | Sacrifício e Redenção",-9; João 3:16; 1 João 1:9 | Isaías 53:4-5; Romanos 5:8; Hebreus 9:22 | Salmos 23:1-4; João 14:27; Salmos 46:1,https://www.youtube.com/watch?v=cS1Nl3pkS6g,Efésios 2:8,A Doutrina da Salvação,A Experiência da Salvação,Julia Harriete Johnston,Daniel B. Towner,"Graça de Deus, infinito amor 
Graça do Céu, dom divinal 
Por Sua morte em amarga dor 
Cristo me trouxe este amor real 
  Graça, graça 
Fonte de paz que Jesus me deu 
Graça, graça 
Graça maior que o pecado meu 
  Fardos me oprimem de angústia e dor 
Quando me vêm ondas do mal 
Mas pela graça do Salvador 
Tenho poder para ser leal 
  Graça, graça 
Fonte de paz que Jesus me deu 
Graça, graça 
Graça maior que o pecado meu 
  Quão insondável o amor de Deus 
Traz salvação ao pecador 
Por esta graça que vem dos Céus 
Sei que estarei com o meu Senhor 
  Graça, graça 
Fonte de paz que Jesus me deu 
Graça, graça 
Graça maior que o pecado meu 
 "
120,Graça,Graça e Salvação | Lar e Família | Oração e Comunhão | Sacrifício e Redenção | Segunda Vinda e Esperança,1 Tessalonicenses 4:16-17; Apocalipse 1:7; João 14:1-3 | 1 Tessalonicenses 5:17; Mateus 7:7; Filipenses 4:6 | Efésios 2:8-9; João 3:16; 1 João 1:9 | Isaías 53:4-5; Romanos 5:8; Hebreus 9:22 | Josué 24:15; Efésios 6:1-4,https://www.youtube.com/watch?v=pb6P7_xmUQs,2 Coríntios 12:9,A Doutrina da Salvação,A Experiência da Salvação,Daniel Salles,Daniel Salles,"A graça é um ponto de encontro 
Lugar onde os fardos 
Se espalham no chão 
Onde todo que chega cansado 
Tranquilo descansa o seu coração 
  A graça se explica em uma cruz 
Lá eu posso entender 
O que o Céu me traduz 
A morte era a minha sentença 
Mas agora sou livre em Jesus 
  Graça: simples assim! 
Perdão se recebe se aceita e fim 
Pecado não se explica 
Pecado se paga 
E Cristo pagou por mim 
  Havia imensa separação 
Entre a raça caída 
E o Deus do perdão 
Mas a graça fechou o abismo 
  E sem hesitar estendeu-nos a mão 
Mostrou-nos a estrada de volta 
À casa do pai 
Onde iremos morar 
Nos dá a esperança que move 
A certeza que Cristo em breve virá 
  Graça: simples assim! 
Perdão se recebe se aceita e fim 
Pecado não se explica 
Pecado se paga 
E Cristo pagou por mim 
 "
121,Por Um Pecador Qual Eu,"Graça e Salvação | Lar e Família | Paz, Cuidado e Confiança | Sacrifício e Redenção",Efésios 2:8-9; João 3:16; 1 João 1:9 | Isaías 53:4-5; Romanos 5:8; Hebreus 9:22 | Josué 24:15; Efésios 6:1-4 | Salmos 23:1-4; João 14:27; Salmos 46:1,https://www.youtube.com/watch?v=1d_Sj5oJk2k,1 Timóteo 1:15,A Doutrina da Salvação,A Experiência da Salvação,William McComb,Desconhecido,"Por um pecador qual eu 
Sobre a cruz Jesus morreu 
Quis Seu sangue ali verter 
Para eu poder viver 
Sou eternamente Seu 
DEle sou e Ele é meu 
  Oh! que ilimitado amor 
Revelou o Redentor 
Não é tão profundo o mar 
Nem tão alto o céu sem-par 
Sim, a salvação me traz 
Dá poder perdão e paz 
  Sei que pecador eu sou 
Mas Jesus já me salvou 
Seu perdão vem me alcançar 
Meus pecados lança ao mar 
Com Jesus desejo andar 
Sempre, aqui e até no lar 
 "
122,Só um Passo,Crianças e Jovens | Graça e Salvação,Efésios 2:8-9; João 3:16; 1 João 1:9 | Mateus 19:14; Provérbios 22:6,https://www.youtube.com/watch?v=zJqNjxb-7SI,Lucas 15:17-24,A Doutrina da Salvação,A Experiência da Salvação,Ellen K. Bradford,Franklin E. Belden,"Mui terna e doce é do Mestre a voz 
Chamando-me com amor: 
""De braços abertos te espero, vem 
Ó, vem ao teu Redentor!"" 
  Cristo me chama E quer me salvar 
É só um passo é só confiar 
Todo o meu ser deponho no altar 
Aceita-me Tu, ó Cristo 
  ""Tu tens muitas culpas e débil fé"" 
Sugere-me o tentador 
""Eu tudo já fiz"" uma voz me diz 
""Confia em teu Salvador!"" 
  Cristo me chama E quer me salvar 
É só um passo é só confiar 
Todo o meu ser deponho no altar 
Aceita-me Tu, ó Cristo 
  O mundo é falso perdido e mau 
Pequeno e frágil sou 
Mas Cristo com voz divinal me diz: 
""Meu filho, Eu forças dou!"" 
  Cristo me chama E quer me salvar 
É só um passo é só confiar 
Todo o meu ser deponho no altar 
Aceita-me Tu, ó Cristo 
 "
123,Seu Sangue Tem Poder,Lar e Família | Missão e Serviço | Oração e Comunhão | Sacrifício e Redenção,1 Tessalonicenses 5:17; Mateus 7:7; Filipenses 4:6 | Isaías 53:4-5; Romanos 5:8; Hebreus 9:22 | Josué 24:15; Efésios 6:1-4 | Mateus 28:19-20; Isaías 6:8; Marcos 16:15,https://www.youtube.com/watch?v=IMJRhe3K1EA,"Efésios 1:6, 7",A Doutrina da Salvação,A Experiência da Salvação,Lewis E. Jones,Lewis E. Jones,"De teu pecado te queres livrar? 
O sangue de Jesus dá o poder 
É teu querer do maligno escapar? 
Terás no Seu sangue o poder 
  Há poder, sim força sem igual 
Só no sangue de Jesus 
Há poder, sim vem, ó pecador 
E aceita o dom de Jesus 
  Não queres tu a vaidade afastar? 
O sangue de Jesus dá o poder 
Queres as tuas paixões dominar? 
Terás no Seu sangue o poder 
  Há poder, sim força sem igual 
Só no sangue de Jesus 
Há poder, sim vem, ó pecador 
E aceita o dom de Jesus 
  Teu coração queres purificar? 
O sangue de Jesus dá o poder 
Todas as manchas te pode tirar 
Seu sangue tem este poder 
  Há poder, sim força sem igual 
Só no sangue de Jesus 
Há poder, sim vem, ó pecador 
E aceita o dom de Jesus 
  Queres entrar no serviço real? 
O sangue de Jesus dá o poder 
Queres também ser um servo leal? 
Seu sangue tem este poder 
  Há poder, sim força sem igual 
Só no sangue de Jesus 
Há poder, sim vem, ó pecador 
E aceita o dom de Jesus 
 "
124,Deixa a Luz do Céu Entrar,"Graça e Salvação | Oração e Comunhão | Paz, Cuidado e Confiança",1 Tessalonicenses 5:17; Mateus 7:7; Filipenses 4:6 | Efésios 2:8-9; João 3:16; 1 João 1:9 | Salmos 23:1-4; João 14:27; Salmos 46:1,https://www.youtube.com/watch?v=VlxR27Iy9LQ,João 8:12,A Doutrina da Salvação,A Experiência da Salvação,Ada Blenkhorn,Charles H. Gabriel,"Tu desejas hoje a salvação fruir? 
E, se queres toda a escuridão banir 
Abre o coração pra Cristo em ti brilhar 
Deixa a luz do Céu entrar! 
  Deixa a luz do Céu entrar! 
Deixa a luz do Céu entrar! 
Abre o coração pra Cristo em ti brilhar 
Deixa a luz do Céu entrar! 
  Cristo, a luz celeste quer morar em ti 
Para iluminar o teu caminho aqui 
Quer do teu pecado o coração limpar 
Deixa a luz do Céu entrar! 
  Deixa a luz do Céu entrar! 
Deixa a luz do Céu entrar! 
Abre o coração pra Cristo em ti brilhar 
Deixa a luz do Céu entrar! 
  Que alegria andar no brilho dessa luz 
Vida eterna e paz no coração produz 
Abre o coração pra Cristo em ti brilhar 
Deixa a luz do Céu entrar! 
  Deixa a luz do Céu entrar! 
Deixa a luz do Céu entrar! 
Abre o coração pra Cristo em ti brilhar 
Deixa a luz do Céu entrar! 
 "
125,A Terna voz do Salvador,Adoração e Louvor | Graça e Salvação | Segunda Vinda e Esperança,1 Tessalonicenses 4:16-17; Apocalipse 1:7; João 14:1-3 | Efésios 2:8-9; João 3:16; 1 João 1:9 | Salmos 150:1-6; Apocalipse 4:8; Salmos 95:1-2,https://www.youtube.com/watch?v=t0ehkXbVZvw,"Filipenses 2:9, 11",A Doutrina da Salvação,A Experiência da Salvação,William Hunter,John Hart Stockton,"A terna voz do Salvador 
Com graça nos convida 
Chamando-nos em Seu amor 
Querendo dar-nos vida 
  Nunca dos homens se ouvirá 
Mesmo no Céu de amor e luz 
Com tanto ardor mais doce som 
Que o nome de Jesus! 
  Do cálice da amarga dor 
Não foi Jesus poupado 
A fim de dar ao pecador 
Perdão do seu pecado 
  Nunca dos homens se ouvirá 
Mesmo no Céu de amor e luz 
Com tanto ardor mais doce som 
Que o nome de Jesus! 
  Por essa grande salvação 
Rendei louvor ardente! 
É digna de celebração 
Agora e eternamente! 
  Nunca dos homens se ouvirá 
Mesmo no Céu de amor e luz 
Com tanto ardor mais doce som 
Que o nome de Jesus! 
 "
126,Foge Para o monte,"Adoração e Louvor | Graça e Salvação | Paz, Cuidado e Confiança",Efésios 2:8-9; João 3:16; 1 João 1:9 | Salmos 150:1-6; Apocalipse 4:8; Salmos 95:1-2 | Salmos 23:1-4; João 14:27; Salmos 46:1,https://www.youtube.com/watch?v=1SBM9-TndOU,Salmo 121,A Doutrina da Salvação,A Experiência da Salvação,Mary Stanley Bruce Dana,Melodia Tradicional Espanhola,"Foge veloz para o monte 
Ó pecador, sem tardar 
Busca perdão junto à fonte 
Fonte que está a jorrar 
Lá fruirás paz dos santos 
Lá findarão os teus prantos 
Olha do Céu os encantos 
E vem a Jesus sem tardar 
Oh, vem a Jesus sem tardar 
  Sente terror tua alma? 
Buscas a paz, pecador? 
Hás de sentir doce calma 
Junto do teu Salvador 
Ele é gentil, bom e amável 
Quer só teu bem cada instante 
Não fiques, pois, vacilante 
Oh, vem a Jesus sem tardar! 
Oh, vem a Jesus sem tardar! 
 "
127,Vida em Olhar,Graça e Salvação | Missão e Serviço | Sacrifício e Redenção,Efésios 2:8-9; João 3:16; 1 João 1:9 | Isaías 53:4-5; Romanos 5:8; Hebreus 9:22 | Mateus 28:19-20; Isaías 6:8; Marcos 16:15,https://www.youtube.com/watch?v=DMdabK3IbAU,"João 3:14, 15",A Doutrina da Salvação,A Experiência da Salvação,Amelia Matilda Hull,E. G. Taylor,"Vida tens em olhar a Jesus, Salvador 
Ele diz: ""Vida eterna te dou"" 
Pois então, pecador considera esse amor 
Vê Jesus que na cruz expirou 
  Vê, vê, viverás 
Vida tens em olhar a Jesus, Salvador 
Ele diz: ""Vida em Mim acharás"" 
  Vida tens em olhar a Jesus, Salvador 
Pois o Seu grande amor já provou 
Com Seu sangue na cruz e sofrendo em dor 
Tua falta também já pagou 
  Vê, vê, viverás 
Vida tens em olhar a Jesus, Salvador 
Ele diz: ""Vida em Mim acharás"" 
  Vida tens em olhar a Jesus, Salvador 
Já por ti Ele tudo sofreu 
Com amor dá perdão ao maior transgressor 
Vê Jesus que por ti padeceu 
  Vê, vê, viverás 
Vida tens em olhar a Jesus, Salvador 
Ele diz: ""Vida em Mim acharás"" 
 "
128,Se Tu Buscares a Jesus,"Graça e Salvação | Lar e Família | Paz, Cuidado e Confiança | Segunda Vinda e Esperança",1 Tessalonicenses 4:16-17; Apocalipse 1:7; João 14:1-3 | Efésios 2:8-9; João 3:16; 1 João 1:9 | Josué 24:15; Efésios 6:1-4 | Salmos 23:1-4; João 14:27; Salmos 46:1,https://www.youtube.com/watch?v=FHqRzJ1Pj0Q,Jeremias 29:13,A Doutrina da Salvação,A Experiência da Salvação,Ina Duley Ogdon,Bentley D. Ackley,"Se tu buscares a Jesus 
Encontrarás o Salvador 
A ti virá manhã de luz 
E paz em Seu amor 
  Se buscares conhecê-Lo 
Oh, sim, O amarás também! 
Manhã feliz despontará 
Para ti no lar de além 
  Assim como Ele prometeu 
Em teu viver desfrutarás 
O amor e as bênçãos lá do Céu 
De Deus a doce paz 
  Se buscares conhecê-Lo 
Oh, sim, O amarás também! 
Manhã feliz despontará 
Para ti no lar de além 
  Jesus compreende tua dor 
E tudo faz pra te salvar 
Crê, pois, que junto ao Salvador 
A Paz irás achar 
  Se buscares conhecê-Lo 
Oh, sim, O amarás também! 
Manhã feliz despontará 
Para ti no lar de além 
 "
129,Deixa Entrar o Rei da Glória,"Adoração e Louvor | Graça e Salvação | Oração e Comunhão | Paz, Cuidado e Confiança | Segunda Vinda e Esperança",1 Tessalonicenses 4:16-17; Apocalipse 1:7; João 14:1-3 | 1 Tessalonicenses 5:17; Mateus 7:7; Filipenses 4:6 | Efésios 2:8-9; João 3:16; 1 João 1:9 | Salmos 150:1-6; Apocalipse 4:8; Salmos 95:1-2 | Salmos 23:1-4; João 14:27; Salmos 46:1,https://www.youtube.com/watch?v=R3J8A4uVooQ,Apocalipse 3:20,A Doutrina da Salvação,A Experiência da Salvação,Desconhecido,C. C. Williams,"Ouve a voz, Jesus te chama 
Volta já, ó pecador 
Ouve a voz de quem te ama: 
É Jesus, teu Salvador 
  Deixa entrar o Rei da glória 
Abre-Lhe o coração 
Hás de ter final vitória 
Vais obter a salvação 
  Os prazeres do pecado 
Não trarão conforto ou paz 
Só Jesus, o Mestre amado 
Tua alma satisfaz 
  Deixa entrar o Rei da glória 
Abre-Lhe o coração 
Hás de ter final vitória 
Vais obter a salvação 
  Hoje ainda graça existe 
Para ti, ó pecador 
Deixa teu viver tão triste 
Vem agora ao Salvador 
  Deixa entrar o Rei da glória 
Abre-Lhe o coração 
Hás de ter final vitória 
Vais obter a salvação 
 "
130,Jesus Está Esperando,Graça e Salvação | Oração e Comunhão,1 Tessalonicenses 5:17; Mateus 7:7; Filipenses 4:6 | Efésios 2:8-9; João 3:16; 1 João 1:9,https://www.youtube.com/watch?v=KeUClZbg8Uk,Apocalipse 3:20,A Doutrina da Salvação,A Experiência da Salvação,Ralph R. Carmichael,Ralph R. Carmichael,"Jesus quer entrar hoje em teu coração 
Por que não abres, então? 
Não deixes que nada Lhe ocupe o lugar 
Oh, que resposta vais dar? 
  Vezes sem conta esperado Ele tem 
E agora, eis que espera também 
A ver se Lhe queres a porta franquear 
Oh, quanto almeja Ele entrar! 
  Se um passo tu deres pra teu Salvador 
Ele te espera co'amor 
Unido a Jesus toda treva se esvai 
E Ele morar em ti vai 
  Vezes sem conta esperado Ele tem 
E agora, eis que espera também 
A ver se Lhe queres a porta franquear 
Oh, quanto almeja Ele entrar! 
 "
131,Manso e Suave,Graça e Salvação,Efésios 2:8-9; João 3:16; 1 João 1:9,https://www.youtube.com/watch?v=U1MtpuMnAK8,Mateus 11:28-30,A Doutrina da Salvação,A Experiência da Salvação,Will L. Thompson,Will L. Thompson,"Manso e suave Jesus 'stá chamando 
Chama por ti e por mim 
Eis que Ele à porta está esperando 
'spera por ti e por mim 
  Vem já! Vem já! 
Se estás cansado, vem já! 
Manso e suave Jesus 'stá chamando 
Chama: ""Ó, vem, pecador!"" 
  Correm os dias, as horas se passam 
Passam por ti e por mim 
Tempos de angústia por fim nos esperam 
'Speram por ti e por mim 
  Vem já! Vem já! 
Se estás cansado, vem já! 
Manso e suave Jesus 'stá chamando 
Chama: ""Ó, vem, pecador!"" 
  Oh, grande amor que Jesus nos tem dado! 
Tem dado a ti, dado a mim 
Veio salvar-nos do tão vil pecado 
Veio por ti e por mim 
  Vem já! Vem já! 
Se estás cansado, vem já! 
Manso e suave Jesus 'stá chamando 
Chama: ""Ó, vem, pecador!"" 
 "
132,Pra Quem Nada Tem,"Espírito Santo | Oração e Comunhão | Palavra de Deus e Lei | Paz, Cuidado e Confiança",1 Tessalonicenses 5:17; Mateus 7:7; Filipenses 4:6 | João 14:16-17; Atos 2:1-4 | Salmos 119:105; 2 Timóteo 3:16; Salmos 19:7 | Salmos 23:1-4; João 14:27; Salmos 46:1,https://www.youtube.com/watch?v=WLANtS8injM,"Hebreus 3:7, 8",A Doutrina da Salvação,A Experiência da Salvação,Evaldo Vicente,Evaldo Vicente,"""Hoje, se ouvirdes a Sua voz 
Não endureçais o vosso coração."" 
Essas são palavras do Espírito de Deus 
Que outra vez você ouviu 
  Não resista mais ao convite 
Nos braços de Jesus cabemos todos nós 
Ele nos restaura com o toque de Suas mãos 
Mas qual será sua decisão? 
  Pra toda culpa e dor 
Jesus tem a cura 
Para quem quer viver 
Ele é o pão 
Pra qualquer sofrer da alma 
Ele traz a paz 
Pra quem nada tem 
Ele tudo é 
  Não resista mais ao convite 
Nos braços de Jesus cabemos todos nós 
Ele nos restaura com o toque de Suas mãos 
Mas qual será sua decisão? 
  Pra toda culpa e dor 
Jesus tem a cura 
Para quem quer viver 
Ele é o pão 
Pra qualquer sofrer da alma 
Ele traz a paz 
  Pra quem nada tem 
Ele tudo é 
Pra toda culpa e dor 
Jesus tem a cura 
Para quem quer viver 
Ele é o Pão 
Pra qualquer sofrer da Alma 
Ele traz a paz 
  Pra quem nada tem 
Jesus Cristo é tudo 
Pra quem quer viver 
Ele é o Pão da vida 
Pra quem quer viver 
Ele é o pão 
 "
133,"Ó Vem, Aflito Coração","Graça e Salvação | Oração e Comunhão | Paz, Cuidado e Confiança | Sábado e Criação",1 Tessalonicenses 5:17; Mateus 7:7; Filipenses 4:6 | Efésios 2:8-9; João 3:16; 1 João 1:9 | Salmos 23:1-4; João 14:27; Salmos 46:1 | Êxodo 20:8-11; Gênesis 2:2-3,https://www.youtube.com/watch?v=1kM5QluWwqc,Mateus 11:28,A Doutrina da Salvação,A Experiência da Salvação,W. H. Bellamy,William J. Kirkpatrick,"Ó, vem, aflito coração 
Em Cristo alívio encontrarás 
Consolo, paz e Seu perdão 
Sim, dEle tu receberás 
  Ó, vem sem demora ao Salvador! 
Por que duvidar e ter temor? 
Ó, vem! Vem já! Descanso te dará! 
  Se estás ferido pela dor 
Que vem da tua transgressão 
Vem sem demora ao Salvador 
Terás alivio e salvação 
  Ó, vem sem demora ao Salvador! 
Por que duvidar e ter temor? 
Ó, vem! Vem já! Descanso te dará! 
  Se estás distante do Senhor 
E tens fraquezas a vencer 
Ó, vem, pois Ele, em Seu amor 
Dará a graça do poder 
  Ó, vem sem demora ao Salvador! 
Por que duvidar e ter temor? 
Ó, vem! Vem já! Descanso te dará! 
 "
134,Junto à Cruz,"Graça e Salvação | Paz, Cuidado e Confiança | Sacrifício e Redenção | Segunda Vinda e Esperança",1 Tessalonicenses 4:16-17; Apocalipse 1:7; João 14:1-3 | Efésios 2:8-9; João 3:16; 1 João 1:9 | Isaías 53:4-5; Romanos 5:8; Hebreus 9:22 | Salmos 23:1-4; João 14:27; Salmos 46:1,https://www.youtube.com/watch?v=hXrjWCkDmpY,"Lucas 23:33, 34",A Doutrina da Salvação,A Experiência da Salvação,Ira F. Stanphill,Ira F. Stanphill,"Na cruz onde Cristo morreu 
Há poder de abrigar e salvar 
Ali meu Jesus, por amor, padeceu 
Amor tão imenso mais vasto que o mar 
  Junto à cruz há lugar pra ti 
Junto à cruz há lugar pra ti 
Salvou a milhões e ainda há lugar 
Junto à cruz há lugar pra ti 
  Milhões encontraram perdão 
Descobriram a paz divinal 
E Cristo inda espera pra dar salvação 
Quer dar-te esperança e vida eternal 
  Junto à cruz há lugar pra ti 
Junto à cruz há lugar pra ti 
Salvou a milhões e ainda há lugar 
Junto à cruz há lugar pra ti 
  Sem Cristo não podes viver 
Sem Jesus tu não podes andar 
Vigor fruirás, vida plena hás de ter 
Se em teu Salvador tu quiseres confiar 
  Junto à cruz há lugar pra ti 
Junto à cruz há lugar pra ti 
Salvou a milhões e ainda há lugar 
Junto à cruz há lugar pra ti 
 "
135,Vinde às Águas,Crianças e Jovens,Mateus 19:14; Provérbios 22:6,https://www.youtube.com/watch?v=f9VL-sdtUHg,Isaías 55:1,A Doutrina da Salvação,A Experiência da Salvação,Daniel Salles,Daniel Salles,"Todos vós que tendes sede 
Vinde às águas 
E quem já se sente perdido 
Vinde tomai e bebei 
E inclinem seus ouvidos 
E sua alma viverá 
Quem estiver com sede 
Vinde às águas 
  Buscai ao Senhor 
Enquanto se pode achar 
Invocai o seu nome 
Enquanto perto Ele está 
Deixe o ímpio o seu caminho 
Deixe o homem seus pensamentos maus 
E volte pro Senhor 
  Todos vós que tendes sede 
Vinde às águas 
E quem já se sente perdido 
Vinde tomai e bebei 
E inclinem seus ouvidos 
E sua alma viverá 
Quem estiver com sede 
Vinde às águas 
  Buscai ao Senhor 
Enquanto se pode achar 
Invocai o seu nome 
Enquanto perto Ele está 
Deixe o ímpio o seu caminho 
Deixe o homem seus pensamentos maus 
E volte pro Senhor 
  Todos vós que tendes sede 
Vinde às águas 
E quem já se sente perdido 
Vinde tomai e bebei 
E inclinem seus ouvidos 
E sua alma viverá 
Quem estiver com sede 
Vinde às águas 
  Quem estiver com sede 
Vinde às águas 
 "
136,Quero Estar ao Pé da Cruz,Lar e Família | Sacrifício e Redenção,Isaías 53:4-5; Romanos 5:8; Hebreus 9:22 | Josué 24:15; Efésios 6:1-4,https://www.youtube.com/watch?v=20XieWKvvvA,Gálatas 6:14,A Doutrina da Salvação,A Experiência da Salvação,Fanny J. Crosby,William H. Doane,"Quero estar ao pé da cruz 
De onde rica fonte 
Corre franca e salutar 
Sobre o rude monte 
  Sim, na cruz, sim, na cruz 
Sempre me glorio 
Té que ao fim vá descansar 
Salvo, além do rio 
  Desta cruz Jesus, meu Deus 
Vem, sim, recordar-me 
Dela, à sombra ó Salvador 
Queiras abrigar-me 
  Sim, na cruz, sim, na cruz 
Sempre me glorio 
Té que ao fim vá descansar 
Salvo, além do rio 
  Junto à cruz ardendo em fé 
Sem temor vigio 
Pois ao lar paterno irei 
Salvo, além do rio 
  Sim, na cruz, sim, na cruz 
Sempre me glorio 
Té que ao fim vá descansar 
Salvo, além do rio 
 "
137,"Pai, Eu me Achego a Ti","Adoração e Louvor | Graça e Salvação | Lar e Família | Palavra de Deus e Lei | Paz, Cuidado e Confiança",Efésios 2:8-9; João 3:16; 1 João 1:9 | Josué 24:15; Efésios 6:1-4 | Salmos 119:105; 2 Timóteo 3:16; Salmos 19:7 | Salmos 150:1-6; Apocalipse 4:8; Salmos 95:1-2 | Salmos 23:1-4; João 14:27; Salmos 46:1,https://www.youtube.com/watch?v=m2XiTAFMXJ0,"Isaías 55:6, 7",A Doutrina da Salvação,A Experiência da Salvação,Franklin E. Belden,W. J. Bostwick,"Pai, eu me achego a Ti 
Pois Tua voz ouvi 
Teu grande amor senti 
Ó meu Senhor! 
Não poderei viver 
Só, sem o Teu poder 
Vem inundar meu ser 
Com Teu amor! 
  Pai, eu me achego a Ti 
Sou pecador 
Que me conforte aqui 
Teu santo amor 
  Pai, quão distante andei 
Só, quebrantando a lei 
Sem Tua luz, bem sei 
Sem salvação 
Sou pecador e vil 
Sim, com defeitos mil 
Ó dá-me em Teu redil 
Paz e perdão! 
  Pai, eu me achego a Ti 
Sou pecador 
Que me conforte aqui 
Teu santo amor 
  Teu quero ser, Senhor 
Ser luz por onde for 
Que eu tenha mais fervor 
Mais mansidão 
Em minha vida, ó Deus 
Pões os caminhos Teus 
Vem, vem guiar-me aos céus 
Com tua mão! 
  Pai, eu me achego a Ti 
Sou pecador 
Que me conforte aqui 
Teu santo amor 
 "
138,Tal Qual Estou,Graça e Salvação,Efésios 2:8-9; João 3:16; 1 João 1:9,https://www.youtube.com/watch?v=NTBQm-5nTZ0,"Salmo 103:13, 14",A Doutrina da Salvação,A Experiência da Salvação,Charlotte Elliott,William B. Bradbury,"Tal qual estou, eu venho a Ti 
Aceita-me, oh Salvador! 
Confiante sou em Teu amor 
Ó Salvador, me achego a Ti! 
  Tal qual estou, eu venho a Ti 
Perdão me podes conceder 
E minhas faltas esquecer 
Ó Salvador, me achego a Ti! 
  Tal qual estou, eu venho a Ti 
E Tu minh'alma limparás 
Com Teu amor me envolverás 
Ó Salvador, me achego a Ti! 
 "
139,Sou de Jesus Agora,Sacrifício e Redenção | Segunda Vinda e Esperança,1 Tessalonicenses 4:16-17; Apocalipse 1:7; João 14:1-3 | Isaías 53:4-5; Romanos 5:8; Hebreus 9:22,https://www.youtube.com/watch?v=9SHy1_R9Rx4,1 Coríntios 6:20,A Doutrina da Salvação,A Experiência da Salvação,Norman J. Clayton,Norman J. Clayton,"Cristo me tem fiel amizade 
NEle encontrei real liberdade 
Pois sobre a cruz minh'alma comprou 
DEle, por tanto, eu sou 
  Sou de Jesus agora 
Meu é Jesus também 
Meu Ele é agora 
Meu para sempre. Amém 
  Cristo salvou-me sinto em minh'alma 
Grata esperança e a mais doce calma 
Pra libertar-me o preço pagou 
DEle, portanto, eu sou 
  Sou de Jesus agora 
Meu é Jesus também 
Meu Ele é agora 
Meu para sempre. Amém 
  Quando perdido em dor e pecado 
Cristo salvou-me fui libertado 
Vida eternal Jesus me outorgou 
DEle, portanto, eu sou 
  Sou de Jesus agora 
Meu é Jesus também 
Meu Ele é agora 
Meu para sempre. Amém 
 "
140,Ao Pé da Cruz de Cristo,"Graça e Salvação | Lar e Família | Paz, Cuidado e Confiança | Sacrifício e Redenção | Segunda Vinda e Esperança",1 Tessalonicenses 4:16-17; Apocalipse 1:7; João 14:1-3 | Efésios 2:8-9; João 3:16; 1 João 1:9 | Isaías 53:4-5; Romanos 5:8; Hebreus 9:22 | Josué 24:15; Efésios 6:1-4 | Salmos 23:1-4; João 14:27; Salmos 46:1,https://www.youtube.com/watch?v=80eW16boEDg,Gálatas 6:14,A Doutrina da Salvação,A Experiência da Salvação,Elizabeth Cecilia Clephane,Frederick Charles Maker,"Ao pé da cruz de Cristo 
Feliz desejo estar 
Repouso ter à sombra ali 
E então a paz achar 
Um lar feliz no ermo achar 
E aqui, na vida, o amor 
Alívio à dor e graça há 
Aos pés do meu Senhor 
  Ao pé da cruz de Cristo 
Aqui e no jardim 
Eu vejo a dor cruel em que 
Jesus morreu por mim 
Compreendo, então Quão débil sou 
Quão mau e sem valor 
Compreendo, sim quão grande é 
O Seu sagrado amor 
  Estar eu quero à sombra 
Da cruz, bendita cruz 
Eu posso ali obter perdão 
E estar junto a Jesus 
Eu posso então certeza ter 
Do amor de Deus por mim 
E em breve irei fruir no Céu 
A paz do amor sem fim 
 "
141,Cristo Tocou-me,"Adoração e Louvor | Graça e Salvação | Oração e Comunhão | Paz, Cuidado e Confiança",1 Tessalonicenses 5:17; Mateus 7:7; Filipenses 4:6 | Efésios 2:8-9; João 3:16; 1 João 1:9 | Salmos 150:1-6; Apocalipse 4:8; Salmos 95:1-2 | Salmos 23:1-4; João 14:27; Salmos 46:1,https://www.youtube.com/watch?v=0xi3zUDft6g,Marcos 1:40-42,A Doutrina da Salvação,A Experiência da Salvação,William J. Gaither,William J. Gaither,"Preso por imenso fardo 
De pecado e de temor 
Foi que Cristo então, tocou-me 
E assim não sou mais tal pecador 
  Tocou-me, sim, tocou-me 
Oh! quanta paz no coração 
Fui transformado e novo sou 
E hoje eu tenho salvação 
  Desde que encontrei meu Mestre 
Sinto paz, prazer sem-par 
Meus louvores ergo a Cristo 
Seu nome a todos vou proclamar 
  Tocou-me, sim, tocou-me 
Oh! quanta paz no coração 
Fui transformado e novo sou 
E hoje eu tenho salvação 
 "
142,"Perdão, Poder e Paz","Adoração e Louvor | Espírito Santo | Graça e Salvação | Lar e Família | Paz, Cuidado e Confiança",Efésios 2:8-9; João 3:16; 1 João 1:9 | Josué 24:15; Efésios 6:1-4 | João 14:16-17; Atos 2:1-4 | Salmos 150:1-6; Apocalipse 4:8; Salmos 95:1-2 | Salmos 23:1-4; João 14:27; Salmos 46:1,https://www.youtube.com/watch?v=QbgZAOmi0lc,"Romanos 5:1, 2",A Doutrina da Salvação,A Experiência da Salvação,Daniel W. Whittle,James McGranahan,"Se nós quisermos vida ter 
Busquemos, pois, a Deus 
Colhendo as bênçãos com prazer 
Que em Seu amor nos deu 
  Há perdão, poder e paz 
E graça e luz, e amor gentil 
Em Cristo, a fonte de prazer 
A Ele demos glórias e honras mil 
  O espírito divino em mim 
Me livra de pecar 
Em Sua graça quero assim 
Perdidos alcançar 
  Há perdão, poder e paz 
E graça e luz, e amor gentil 
Em Cristo, a fonte de prazer 
A Ele demos glórias e honras mil 
  Só é possível pela fé 
Tais bênçãos receber 
Por Cristo o Pai concederá 
O reino ao que crer 
  Há perdão, poder e paz 
E graça e luz, e amor gentil 
Em Cristo, a fonte de prazer 
A Ele demos glórias e honras mil 
 "
143,Ao Olhar pra Cruz,"Adoração e Louvor | Graça e Salvação | Paz, Cuidado e Confiança | Sacrifício e Redenção | Sábado e Criação",Efésios 2:8-9; João 3:16; 1 João 1:9 | Isaías 53:4-5; Romanos 5:8; Hebreus 9:22 | Salmos 150:1-6; Apocalipse 4:8; Salmos 95:1-2 | Salmos 23:1-4; João 14:27; Salmos 46:1 | Êxodo 20:8-11; Gênesis 2:2-3,https://www.youtube.com/watch?v=Jxr4l1rb47Q,1 Coríntios 1:18,A Doutrina da Salvação,A Experiência da Salvação,Suzanne Hirle,Suzanne Hirle,"Andei tão cego sem rumo certo 
Buscando a paz e descanso 
Eu procurei por tantos meios 
Justificar meus erros 
Mas ao clamar meus olhos abri 
  E ao olhar pra cruz eu entendo o amor 
Derramado ali por mim 
Sacrifício de sangue por um pecador 
Não sou merecedor Tua graça me alcançou 
  E ao ver tua glória naquele dia 
Me alegrarei em gratidão 
Tocarei as marcas marcas de vitória 
Vencido é o pecado 
Perante Ti me prostrarei 
  E ao olhar pra cruz eu entendo o amor 
Derramado ali por mim 
Sacrifício de sangue por um pecador 
Não sou merecedor Tua graça me alcançou 
 "
144,Foi na Cruz,"Adoração e Louvor | Graça e Salvação | Lar e Família | Oração e Comunhão | Paz, Cuidado e Confiança | Sacrifício e Redenção",1 Tessalonicenses 5:17; Mateus 7:7; Filipenses 4:6 | Efésios 2:8-9; João 3:16; 1 João 1:9 | Isaías 53:4-5; Romanos 5:8; Hebreus 9:22 | Josué 24:15; Efésios 6:1-4 | Salmos 150:1-6; Apocalipse 4:8; Salmos 95:1-2 | Salmos 23:1-4; João 14:27; Salmos 46:1,https://www.youtube.com/watch?v=ENC3wRLqSWY,"João 9:24, 25",A Doutrina da Salvação,A Experiência da Salvação,"Isaac Watts, Ralph E. Hudson",Ralph E. Hudson,"Quão cego outrora eu já vaguei 
Distante do Senhor 
Que veio lá dos altos Céus 
Salvar o pecador 
  Foi na cruz, foi na cruz Em que ao fim percebi 
Meu pecado recaiu em Jesus! 
Foi então, pela fé que meus olhos abri 
Que prazer sinto agora em sua luz! 
  Temor da morte eu já senti 
Pairando sobre mim 
Aos pés de Cristo então corri 
E achei abrigo enfim 
  Foi na cruz, foi na cruz Em que ao fim percebi 
Meu pecado recaiu em Jesus! 
Foi então, pela fé que meus olhos abri 
Que prazer sinto agora em sua luz! 
  Remido, ó Cristo o coração 
Eu ponho ao Teu dispor 
Teu nome quero sempre honrar 
Honrar Teu santo amor 
  Foi na cruz, foi na cruz Em que ao fim percebi 
Meu pecado recaiu em Jesus! 
Foi então, pela fé que meus olhos abri 
Que prazer sinto agora em sua luz! 
 "
145,É Jesus o Salvador,Adoração e Louvor | Crianças e Jovens | Graça e Salvação | Missão e Serviço | Sacrifício e Redenção,Efésios 2:8-9; João 3:16; 1 João 1:9 | Isaías 53:4-5; Romanos 5:8; Hebreus 9:22 | Mateus 19:14; Provérbios 22:6 | Mateus 28:19-20; Isaías 6:8; Marcos 16:15 | Salmos 150:1-6; Apocalipse 4:8; Salmos 95:1-2,https://www.youtube.com/watch?v=BAVvAtp5I7M,"Lucas 2:10, 11",A Doutrina da Salvação,A Experiência da Salvação,Priscilla J. Owens,William J. Kirkpatrick,"Escutai a voz de Deus: 
É Jesus o Salvador 
Oh clamai, vós filhos Seus: 
É Jesus o Salvador 
Proclamai com grande ardor 
Salvação ao pecador 
Pois Jesus aqui morreu 
Para ser o Salvador 
  Abraçai o excelso dom: 
É Jesus o Salvador 
Pela cruz vos dá perdão: 
É Jesus o Salvador 
Multidões, oh, exultai 
Seu amor considerai 
Anjos Seus também clamai: 
É Jesus o Salvador 
  Ó fiéis, a voz erguei: 
É Jesus o Salvador 
Vós, nações, louvor rendei: 
É Jesus o Salvador 
Salvação de graça dá 
E perdão concederá 
Glórias mil a Deus Jeová 
Pois Jesus é o Salvador 
 "
146,Eu Não Sou Mais Eu,Adoração e Louvor | Graça e Salvação | Lar e Família,Efésios 2:8-9; João 3:16; 1 João 1:9 | Josué 24:15; Efésios 6:1-4 | Salmos 150:1-6; Apocalipse 4:8; Salmos 95:1-2,https://www.youtube.com/watch?v=Cp1MchLAT4Q,Gálatas 2:20,A Doutrina da Salvação,A Experiência da Salvação,Jader D. Santos,Jader D. Santos,"Eu vivi tão longe de Jesus 
Desprezei esta luz que um dia recebi 
O Senhor de mim teve compaixão 
Foi o Seu amor que inundou meu ser 
E uma nova vida começou 
  Eu não sou mais eu Cristo vive em mim 
Eu não sou mais eu tudo em mim mudou 
Quando encontrei a Jesus meu Rei 
Um milagre aconteceu 
Vivo não mais eu Cristo vive em mim! 
  Do Meu Deus completamente sou 
Me escondi em Sua graça e Seu querer 
Hoje sei quem sou e também quem fui 
Vivo do amor que me resgatou 
E Lhe rendo Glórias Oh Jesus! 
  Eu não sou mais eu Cristo vive em mim 
Eu não sou mais eu tudo em mim mudou 
Quando encontrei a Jesus meu Rei 
Um milagre aconteceu 
Vivo não mais eu Cristo vive em mim! 
  Quem eu era já não sou o passado já se foi 
Vivo agora na alegria do Senhor 
Se o pecado me chamar 
Insistindo em convidar 
Eu direi: ""Morri pro mundo 
Cristo vive em meu lugar!"" 
  Se o pecado me chamar 
Insistindo em convidar 
Eu direi: ""Morri pro mundo 
Cristo vive em meu lugar!"" 
  Eu não sou mais eu Eu não sou mais eu 
Eu não sou mais eu 
 "
147,Jesus me Transformou,"Graça e Salvação | Oração e Comunhão | Palavra de Deus e Lei | Paz, Cuidado e Confiança | Segunda Vinda e Esperança",1 Tessalonicenses 4:16-17; Apocalipse 1:7; João 14:1-3 | 1 Tessalonicenses 5:17; Mateus 7:7; Filipenses 4:6 | Efésios 2:8-9; João 3:16; 1 João 1:9 | Salmos 119:105; 2 Timóteo 3:16; Salmos 19:7 | Salmos 23:1-4; João 14:27; Salmos 46:1,https://www.youtube.com/watch?v=Lw5boxvR22k,Salmo 40:1-3,A Doutrina da Salvação,A Experiência da Salvação,James Rowe,Howard E. Smith,"Pelo mal perdido andei longe do meu Jesus 
Sem amor, sem fé sem lei A perecer sem luz 
Mas Jesus co'amor me viu E estendeu-me a mão 
Trouxe esperança e deu-me a salvação 
  Cristo me amou e me livrou 
O Seu imenso amor me transformou 
Foi Seu poder foi Seu querer 
Sim, Cristo, meu Senhor me transformou 
  Minha vida, todo o ser quero Lhe consagrar 
Ao Seu lado, vou viver o Seu amor cantar 
Esse amor levar, também aos que perdidos são 
Vinde todos já fruir a salvação 
  Cristo me amou e me livrou 
O Seu imenso amor me transformou 
Foi Seu poder foi Seu querer 
Sim, Cristo, meu Senhor me transformou 
  Pecadores, vinde já Cristo vos quer salvar 
Seu perdão, conforto e paz Ele vos pode dar 
Sua luz e Seu amor sempre concederá 
Vosso coração Jesus transformará 
  Cristo me amou e me livrou 
O Seu imenso amor me transformou 
Foi Seu poder foi Seu querer 
Sim, Cristo, meu Senhor me transformou 
 "
148,Jesus Achou-me,"Graça e Salvação | Lar e Família | Paz, Cuidado e Confiança | Segunda Vinda e Esperança",1 Tessalonicenses 4:16-17; Apocalipse 1:7; João 14:1-3 | Efésios 2:8-9; João 3:16; 1 João 1:9 | Josué 24:15; Efésios 6:1-4 | Salmos 23:1-4; João 14:27; Salmos 46:1,https://www.youtube.com/watch?v=gmYPdCt9IlM,Salmo 40:1-3,A Doutrina da Salvação,A Experiência da Salvação,Lelia N. Morris,Lelia N. Morris,"Jesus um dia achou-me 
Mui longe do meu lar 
Perdido já no mundo 
Sem mais poder voltar 
Nos braços seus tomou-me 
Por seu amor salvou-me 
O bom pastor levou-me 
De volta para o lar 
  A presença de Jesus 
Dá-me paz, prazer e luz 
Cada dia cresce mais se enriquece 
Esta vida com Jesus 
  Andamos pelos montes 
Pra minha fé provar 
Tão densas são as trevas 
Não posso caminhar 
Não há nenhum perigo 
Pois Cristo está comigo 
E este grande amigo 
Conduz-me para o lar 
  A presença de Jesus 
Dá-me paz, prazer e luz 
Cada dia cresce mais se enriquece 
Esta vida com Jesus 
  Passamos pelos vales 
Quão bom é relembrar! 
Despertam as saudades 
Do meu paterno lar 
Oh, quão maravilhoso 
Sublime e tão glorioso 
O amigo tão precioso 
Levar-me vai ao lar 
  A presença de Jesus 
Dá-me paz, prazer e luz 
Cada dia cresce mais se enriquece 
Esta vida com Jesus 
 "
149,Pedras,"Crianças e Jovens | Graça e Salvação | Lar e Família | Paz, Cuidado e Confiança | Sacrifício e Redenção | Segunda Vinda e Esperança",1 Tessalonicenses 4:16-17; Apocalipse 1:7; João 14:1-3 | Efésios 2:8-9; João 3:16; 1 João 1:9 | Isaías 53:4-5; Romanos 5:8; Hebreus 9:22 | Josué 24:15; Efésios 6:1-4 | Mateus 19:14; Provérbios 22:6 | Salmos 23:1-4; João 14:27; Salmos 46:1,https://www.youtube.com/watch?v=yi08qQYUizE,"1 Pedro 2:4, 5",A Doutrina da Salvação,A Experiência da Salvação,Williams Costa Jr.,Williams Costa Jr.,"Nós éramos pedras de rua 
Chutadas, pisadas por pés 
Batíamos contra outras pedras 
Rolávamos sempre em revés 
  Até que caímos no abismo 
Disformes, quebradas sem luz 
Nas trevas da noite ficamos 
Perdidas à sombra da cruz! 
  A Pedra que os homens quebraram 
Ficou como Pedra Angular 
A Pedra que foi rejeitada 
É Pedra que pode salvar 
  Se tu te perderes contigo 
Procura encontrar a Jesus 
A Joia das joias, amigo 
É Pedra que vida traduz 
  A Pedra de esquina do templo 
Tirou-nos da lama fatal 
Limpou-nos do lodo envolvente 
É grande esse amor divinal! 
  Nos fez pedras vivas e úteis 
No templo na causa de Deus 
E ainda lapida as arestas 
Que encontra nos filhos Seus 
  A Pedra que os homens quebraram 
Ficou como Pedra Angular 
A Pedra que foi rejeitada 
É Pedra que pode salvar 
  Se tu te perderes contigo 
Procura encontrar a Jesus 
A Joia das joias, amigo 
É Pedra que vida traduz 
  Na guerra do bem contra o mal 
Sejamos um muro de fé 
Lutemos em prol dos princípios 
Que sempre nos firmam de pé 
  Em breve estaremos com Cristo 
Andando em caminhos de luz 
E, pedras outrora pisadas 
Seremos vitória da cruz 
  A Pedra que os homens quebraram 
Ficou como Pedra Angular 
A Pedra que foi rejeitada 
É Pedra que pode salvar 
  Se tu te perderes contigo 
Procura encontrar a Jesus 
A Joia das joias, amigo 
É Pedra que vida traduz 
 "
150,"Ó Jesus, Habita em mim","Graça e Salvação | Paz, Cuidado e Confiança | Sacrifício e Redenção",Efésios 2:8-9; João 3:16; 1 João 1:9 | Isaías 53:4-5; Romanos 5:8; Hebreus 9:22 | Salmos 23:1-4; João 14:27; Salmos 46:1,https://www.youtube.com/watch?v=H6uJzMKrSF8,Efésios 3:17-19,A Doutrina da Salvação,A Experiência da Salvação,Guilherme Luiz dos Santos Ferreira,Ira D. Sankey,"Meu pecado perdoado 
Foi na cruz por Teu amor 
E da morte, triste sorte 
Me livraste, ó Senhor 
  Vem, inflama viva chama 
De fervor e fé sem fim! 
Eu Te adoro sempre imploro: 
Ó Jesus, habita em mim! 
  Se hesitante, vacilante 
Ouço a voz do tentador 
Tu me guias, me auxilias 
E me tornas vencedor 
  Vem, inflama viva chama 
De fervor e fé sem fim! 
Eu Te adoro sempre imploro: 
Ó Jesus, habita em mim! 
  Redimida para a vida 
Foi minh'alma pelo amor 
Com apreço, reconheço 
Quanto devo a Ti, Senhor 
  Vem, inflama viva chama 
De fervor e fé sem fim! 
Eu Te adoro sempre imploro: 
Ó Jesus, habita em mim! 
 "
151,Amor Glorioso,"Graça e Salvação | Oração e Comunhão | Paz, Cuidado e Confiança | Sacrifício e Redenção | Segunda Vinda e Esperança",1 Tessalonicenses 4:16-17; Apocalipse 1:7; João 14:1-3 | 1 Tessalonicenses 5:17; Mateus 7:7; Filipenses 4:6 | Efésios 2:8-9; João 3:16; 1 João 1:9 | Isaías 53:4-5; Romanos 5:8; Hebreus 9:22 | Salmos 23:1-4; João 14:27; Salmos 46:1,https://www.youtube.com/watch?v=J-LrXdce3BQ,Jeremias 31:3,A Doutrina da Salvação,A Experiência da Salvação,W. Spencer Walton,Adoniram Judson Gordon,"Buscou-me com ternura Jesus, o bom Pastor 
Achou-me na miséria salvou-me com amor 
No Céu os anjos em canção 
Mostraram sua aprovação 
  Oh! que amor glorioso! 
Preço tão grandioso 
Que Jesus por mim na cruz pagou! 
Graça sem igual me resgatou! 
  Ferido, abandonado Jesus me socorreu 
E segredou-me: ""Achei-te de agora em diante és Meu"" 
Tão meiga voz jamais ouvi! 
Prazer maior jamais senti! 
  Oh! que amor glorioso! 
Preço tão grandioso 
Que Jesus por mim na cruz pagou! 
Graça sem igual me resgatou! 
  Enquanto as horas passam eu vivo em doce paz 
E aguardo o meu bom Mestre que tão feliz me faz! 
A mim Jesus virá buscar 
E então com Ele irei morar 
  Oh! que amor glorioso! 
Preço tão grandioso 
Que Jesus por mim na cruz pagou! 
Graça sem igual me resgatou! 
 "
152,A Voz de Jesus,"Adoração e Louvor | Crianças e Jovens | Graça e Salvação | Lar e Família | Oração e Comunhão | Paz, Cuidado e Confiança | Segunda Vinda e Esperança",1 Tessalonicenses 4:16-17; Apocalipse 1:7; João 14:1-3 | 1 Tessalonicenses 5:17; Mateus 7:7; Filipenses 4:6 | Efésios 2:8-9; João 3:16; 1 João 1:9 | Josué 24:15; Efésios 6:1-4 | Mateus 19:14; Provérbios 22:6 | Salmos 150:1-6; Apocalipse 4:8; Salmos 95:1-2 | Salmos 23:1-4; João 14:27; Salmos 46:1,https://www.youtube.com/watch?v=PugB4piaHHo,Apocalipse 3:20,A Doutrina da Salvação,A Experiência da Salvação,Jonas Monteiro de Souza,Jonas Monteiro de Souza,"Eu ouvi mui doce a falar-me co'amor 
A divina voz de Jesus: 
""Oh querido filho sou teu Salvador 
Deixa as trevas vem para a luz"" 
Desprezei o mundo e a Jesus me entreguei 
Dei-Lhe todo o meu coração 
Só então a paz celestial desfrutei 
NEle eu encontrei salvação 
  Hoje Sua voz com ternura me diz: 
""Alcançaste pleno perdão 
Dize a todos que Eu te tornei mui feliz 
E que ao mundo dou salvação"" 
Consagrado a Ele desejo anunciar 
Seu incomparável amor 
Pela Sua graça está pronto a aceitar 
Até o mais vil pecador 
  Tenho a mais preciosa esperança de ouvir 
Sua linda voz musical 
Salvo já na glória do eterno porvir 
Lá na pátria celestial 
Para o eterno lar afinal, partirei 
Este mundo não me seduz 
Com os santos anjos ali viverei 
Sempre ouvindo a voz de Jesus 
 "
153,O Que Penso de Meu Mestre,"Graça e Salvação | Lar e Família | Oração e Comunhão | Paz, Cuidado e Confiança",1 Tessalonicenses 5:17; Mateus 7:7; Filipenses 4:6 | Efésios 2:8-9; João 3:16; 1 João 1:9 | Josué 24:15; Efésios 6:1-4 | Salmos 23:1-4; João 14:27; Salmos 46:1,https://www.youtube.com/watch?v=Qc_6UoL0Y2g,Romanos 5:8-11,A Doutrina da Salvação,A Experiência da Salvação,Charles F. Weigle,Charles F. Weigle,"Vou contar-vos o que penso de meu Mestre 
Como dEle recebi a luz e a paz 
Transformou o meu viver completamente 
Só Jesus a minha alma satisfaz 
  Sempre cuidará de mim, meu Mestre 
Com amor e compaixão sem fim! 
Nenhum outro tira a culpa do pecado 
Oh! como Ele ama a mim 
  Com a vida toda cheia de pecado 
Na miséria e com dor no coração 
Em Seus braços Ele ergueu-me com ternura 
Deu-me vida, deu-me paz, consolação 
  Sempre cuidará de mim, meu Mestre 
Com amor e compaixão sem fim! 
Nenhum outro tira a culpa do pecado 
Oh! como Ele ama a mim 
  Cada dia Ele vem com segurança 
Mais e mais me revelar o Seu amor 
Como anelo compreender completamente 
Esse dom tão divinal, restaurador 
  Sempre cuidará de mim, meu Mestre 
Com amor e compaixão sem fim! 
Nenhum outro tira a culpa do pecado 
Oh! como Ele ama a mim 
  Meu maior desejo agora é honrá-lo 
Proclamar o que Ele fez pra me salvar 
E, cantando esse amor inigualável 
Quero a Deus a minha vida consagrar 
  Sempre cuidará de mim, meu Mestre 
Com amor e compaixão sem fim! 
Nenhum outro tira a culpa do pecado 
Oh! como Ele ama a mim 
 "
154,Alvo Mais que a Neve,"Graça e Salvação | Paz, Cuidado e Confiança | Sacrifício e Redenção",Efésios 2:8-9; João 3:16; 1 João 1:9 | Isaías 53:4-5; Romanos 5:8; Hebreus 9:22 | Salmos 23:1-4; João 14:27; Salmos 46:1,https://www.youtube.com/watch?v=E1wkziOywHE,Isaías 1:18,A Doutrina da Salvação,A Experiência da Salvação,Eden Reeder Latta,Henry Southwick Perkins,"Seja bendito o Cordeiro 
Que na cruz por nós padeceu 
Seja bendito Seu sangue 
Que por nós pecadores verteu 
Eis-nos no sangue lavados 
Com vestes que tão alvas são 
Nós, pecadores remidos 
Que de Deus recebemos perdão 
  Alvo mais que a neve! 
Alvo mais que a neve! 
Sim, nesse sangue lavado 
Mais alvo que a neve serei 
  Quão espinhosa a coroa 
Que Jesus por nós suportou 
Oh, quão profundas as marcas 
Que nos provam o quanto Ele amou 
Há nessas marcas tão puras 
Paz para o impuro pecador! 
Muito mais alvos que a neve 
O Teu sangue nos torna, Senhor 
  Alvo mais que a neve! 
Alvo mais que a neve! 
Sim, nesse sangue lavado 
Mais alvo que a neve serei 
  Se nós a Ti confessarmos 
E seguirmos na Tua luz 
Tu não somente perdoas 
Purificas também, ó Jesus 
Sim, e de todo o pecado 
Que maravilha desse amor 
Muito mais alvos que a neve 
O Teu sangue nos torna, Senhor 
  Alvo mais que a neve! 
Alvo mais que a neve! 
Sim, nesse sangue lavado 
Mais alvo que a neve serei 
 "
155,Meu Cálice Transborda,"Crianças e Jovens | Graça e Salvação | Paz, Cuidado e Confiança",Efésios 2:8-9; João 3:16; 1 João 1:9 | Mateus 19:14; Provérbios 22:6 | Salmos 23:1-4; João 14:27; Salmos 46:1,https://www.youtube.com/watch?v=RZ7z3wlZ6w0,Salmo 23:5,A Doutrina da Salvação,A Experiência da Salvação,Richard Blanchard,Richard Blanchard,"Tão sedento, pelo mundo, eu procurava 
Minh'alma, em vão, satisfazer 
Então o Salvador falou-me 
""Desta fonte eterna vem beber"" 
  O meu cálice eu ergo a Ti, Senhor 
Vem minh'alma sedenta saciar 
Minha vida anseia pelo Teu amor 
Faz meu ser dessa água transbordar 
  Quanta gente está em busca dos prazeres 
Que o mundo pode oferecer 
Ignoram a felicidade 
Que em Cristo, de graça, podem ter 
  O meu cálice eu ergo a Ti, Senhor 
Vem minh'alma sedenta saciar 
Minha vida anseia pelo Teu amor 
Faz meu ser dessa água transbordar 
  Ó amigo, se as coisas desta Terra 
Só trazem dor, desilusão 
Em Cristo há paz e alegria 
Ele é fonte de vida e salvação 
  O meu cálice eu ergo a Ti, Senhor 
Vem minh'alma sedenta saciar 
Minha vida anseia pelo Teu amor 
Faz meu ser dessa água transbordar 
 "
156,Remido,"Adoração e Louvor | Graça e Salvação | Oração e Comunhão | Paz, Cuidado e Confiança | Sacrifício e Redenção",1 Tessalonicenses 5:17; Mateus 7:7; Filipenses 4:6 | Efésios 2:8-9; João 3:16; 1 João 1:9 | Isaías 53:4-5; Romanos 5:8; Hebreus 9:22 | Salmos 150:1-6; Apocalipse 4:8; Salmos 95:1-2 | Salmos 23:1-4; João 14:27; Salmos 46:1,https://www.youtube.com/watch?v=Tse3sRoZjUY,"1 Pedro 1:18, 19",A Doutrina da Salvação,A Experiência da Salvação,Fanny J. Crosby,Aubrey Lee Butler,"Remido, eu vou proclamar 
Remido por preço real 
Remido por Cristo na morte 
Eu tenho a paz eternal 
  Remido! Remido! 
No sangue do meu Salvador 
Remido pra sempre por Cristo 
Fui salvo por Seu santo amor 
  Remido e feliz, com Jesus 
Eu vivo e posso cantar 
Na luz da presença de Cristo 
Pra sempre eu vou caminhar 
  Remido! Remido! 
No sangue do meu Salvador 
Remido pra sempre por Cristo 
Fui salvo por Seu santo amor 
  Pensando no meu Redentor 
Pensando, vou sempre orar 
Vivendo, eu quero servi-Lo 
E um dia no Céu vou morar 
  Remido! Remido! 
No sangue do meu Salvador 
Remido pra sempre por Cristo 
Fui salvo por Seu santo amor 
 "
157,Jesus me Remiu,"Adoração e Louvor | Graça e Salvação | Palavra de Deus e Lei | Paz, Cuidado e Confiança | Sacrifício e Redenção",Efésios 2:8-9; João 3:16; 1 João 1:9 | Isaías 53:4-5; Romanos 5:8; Hebreus 9:22 | Salmos 119:105; 2 Timóteo 3:16; Salmos 19:7 | Salmos 150:1-6; Apocalipse 4:8; Salmos 95:1-2 | Salmos 23:1-4; João 14:27; Salmos 46:1,https://www.youtube.com/watch?v=xf46ZtpsWFU,Romanos 5:8-11,A Doutrina da Salvação,A Experiência da Salvação,Fanny J. Crosby,William J. Kirkpatrick,"Jesus me remiu por Seu sangue! 
Feliz vou pra sempre cantar 
Remiu-me sem que eu merecesse 
Oh, graça suprema sem-par! 
  Remiu, remiu 
Na cruz me remiu meu Jesus 
Remiu-me, remiu-me 
Por isso ando agora na luz 
  Remido em Jesus por Sua graça 
Não posso exprimir o prazer 
A luz da divina presença 
Inunda pra sempre meu ser 
  Remiu, remiu 
Na cruz me remiu meu Jesus 
Remiu-me, remiu-me 
Por isso ando agora na luz 
  Em meu Redentor eu medito 
De dia e de noite ao deitar 
Da graça tão maravilhosa 
Eu quero pra sempre cantar 
  Remiu, remiu 
Na cruz me remiu meu Jesus 
Remiu-me, remiu-me 
Por isso ando agora na luz 
  Eu sei que verei em Sua glória 
O Rei cuja lei é de amor 
Pois sempre Ele guia meus passos 
E põe-me na boca o louvor 
  Remiu, remiu 
Na cruz me remiu meu Jesus 
Remiu-me, remiu-me 
Por isso ando agora na luz 
 "
158,Creio em Milagres,"Graça e Salvação | Lar e Família | Oração e Comunhão | Paz, Cuidado e Confiança | Sábado e Criação",1 Tessalonicenses 5:17; Mateus 7:7; Filipenses 4:6 | Efésios 2:8-9; João 3:16; 1 João 1:9 | Josué 24:15; Efésios 6:1-4 | Salmos 23:1-4; João 14:27; Salmos 46:1 | Êxodo 20:8-11; Gênesis 2:2-3,https://www.youtube.com/watch?v=3bsZ_hMpaG8,"Romanos 1:16, 17",A Doutrina da Salvação,A Experiência da Salvação,Carlton C. Buck,John W. Peterson,"Em toda a criação de Deus Eu vejo o Seu poder 
E quem contempla a linda flor Milagres pode ver 
  Creio em milagres 
Pois Cristo me salvou! 
Tão grandioso é o poder 
Que assim me transformou! 
Minh'alma escura se abriu 
À luz do Salvador 
Creio em milagres 
Pois tenho um Deus de amor! 
  Não posso duvidar de quem milagres fez em mim 
Perdão, felicidade, paz Eu tenho agora, enfim 
  Creio em milagres 
Pois Cristo me salvou! 
Tão grandioso é o poder 
Que assim me transformou! 
Minh'alma escura se abriu 
À luz do Salvador 
Creio em milagres 
Pois tenho um Deus de amor! 
  O Pai bondoso em Seu poder Renova o coração 
E num milagre de amor Opera a salvação 
  Creio em milagres 
Pois Cristo me salvou! 
Tão grandioso é o poder 
Que assim me transformou! 
Minh'alma escura se abriu 
À luz do Salvador 
Creio em milagres 
Pois tenho um Deus de amor! 
 "
159,Um Novo Nome Lá na Glória,"Adoração e Louvor | Graça e Salvação | Lar e Família | Paz, Cuidado e Confiança | Sacrifício e Redenção",Efésios 2:8-9; João 3:16; 1 João 1:9 | Isaías 53:4-5; Romanos 5:8; Hebreus 9:22 | Josué 24:15; Efésios 6:1-4 | Salmos 150:1-6; Apocalipse 4:8; Salmos 95:1-2 | Salmos 23:1-4; João 14:27; Salmos 46:1,https://www.youtube.com/watch?v=OZHToenZk6k,Apocalipse 2:17,A Doutrina da Salvação,A Experiência da Salvação,C. Austin Miles,C. Austin Miles,"Pecador eu era, sim, porém 
Graça eu encontrei em Jesus 
Deu-me prontamente Seu perdão 
Deu-me vida, paz e luz 
  Há um novo nome lá na glória: 
É o meu, sim, é o meu! 
Santos anjos cantam essa história: 
O pródigo volveu! 
Pois há um novo nome lá na glória: 
É o meu, sim, é o meu! 
Eu fui resgatado em Cristo perdoado 
Para o Céu eu vou! 
  Junto à cruz prostrei-me com temor 
Ao sentir-me um vil pecador 
Mas o Céu abriu-se e então eu vi 
O meu nome escrito ali 
  Há um novo nome lá na glória: 
É o meu, sim, é o meu! 
Santos anjos cantam essa história: 
O pródigo volveu! 
Pois há um novo nome lá na glória: 
É o meu, sim, é o meu! 
Eu fui resgatado em Cristo perdoado 
Para o Céu eu vou! 
  Glória, aleluia, salvo estou 
Foi Seu sangue que me livrou 
Pela eterna graça louvo a Deus 
Para o lar celeste vou 
  Há um novo nome lá na glória: 
É o meu, sim, é o meu! 
Santos anjos cantam essa história: 
O pródigo volveu! 
Pois há um novo nome lá na glória: 
É o meu, sim, é o meu! 
Eu fui resgatado em Cristo perdoado 
Para o Céu eu vou! 
 "
160,Crescendo em Graça,"Graça e Salvação | Oração e Comunhão | Paz, Cuidado e Confiança",1 Tessalonicenses 5:17; Mateus 7:7; Filipenses 4:6 | Efésios 2:8-9; João 3:16; 1 João 1:9 | Salmos 23:1-4; João 14:27; Salmos 46:1,https://www.youtube.com/watch?v=UFgPVxywUzk,2 Pedro 3:18,A Doutrina da Salvação,A Experiência da Salvação,Jader D. Santos,Jader D. Santos,"Eu entrego a Jesus 
Meus caprichos pessoais 
As vontades tão carnais 
E sigo em frente 
Eu entrego a Jesus 
A impureza do meu ser 
Quero mais do Seu Amor 
Quero viver em paz 
  Vou crescendo em graça 
Crescendo em poder 
Vou crescendo em graça 
Movido pela fé 
Explodindo de vontade 
De estar com meu Jesus 
Pois já é tarde, o sol se esconde 
Logo vem a escura noite 
E a manhã trará o brilho 
Da face do meu Senhor 
  Eu entrego a Jesus 
Toda mágoa que houver 
Pra que eu possa perdoar 
Meu semelhante 
Eu entrego a Jesus 
Preconceitos que formei 
Quero um novo coração 
Quero viver feliz 
  Vou crescendo em graça 
Crescendo em poder 
Vou crescendo em graça 
Movido pela fé 
Explodindo de vontade 
De estar com meu Jesus 
Pois já é tarde, o sol se esconde 
Logo vem a escura noite 
E a manhã trará o brilho 
Da face do meu Senhor 
 "
161,Salva-me Também,"Graça e Salvação | Oração e Comunhão | Paz, Cuidado e Confiança",1 Tessalonicenses 5:17; Mateus 7:7; Filipenses 4:6 | Efésios 2:8-9; João 3:16; 1 João 1:9 | Salmos 23:1-4; João 14:27; Salmos 46:1,https://www.youtube.com/watch?v=d2TGxq6cUdc,Mateus 15:21-28,A Doutrina da Salvação,A Experiência da Salvação,Cleland B. McAfee,Julie Katharina von Hausmann,"Salvador benigno, atende 
Oh, não vás além! 
Outros tens abençoado 
Salva-me também 
  Cristo! Cristo! 
Oh, não vás além! 
Outros tens abençoado 
Salva-me também 
  Aos Teus pés estou prostrado 
Venho em contrição 
Peço-Te que me concedas 
Paz ao coração 
  Cristo! Cristo! 
Oh, não vás além! 
Outros tens abençoado 
Salva-me também 
  És a Fonte de conforto 
De onde a vida vem 
Dá-me alívio mesmo agora 
E perdão também 
  Cristo! Cristo! 
Oh, não vás além! 
Outros tens abençoado 
Salva-me também 
 "
162,Sou de Jesus,"Graça e Salvação | Missão e Serviço | Oração e Comunhão | Paz, Cuidado e Confiança",1 Tessalonicenses 5:17; Mateus 7:7; Filipenses 4:6 | Efésios 2:8-9; João 3:16; 1 João 1:9 | Mateus 28:19-20; Isaías 6:8; Marcos 16:15 | Salmos 23:1-4; João 14:27; Salmos 46:1,https://www.youtube.com/watch?v=lNnC4Lj998s,Apocalipse 14:4,A Doutrina da Salvação,A Experiência da Salvação,"Kátia Rocha, Társis Iraídes","Kátia Rocha, Társis Iraídes","Dois caminhos a seguir 
Dois senhores a lutar 
Qual dos dois irei servir? 
Há só uma decisão 
Quantas vezes procurei 
Os prazeres deste mundo 
Encontrei mil motivos pra chorar 
O inimigo sempre vem 
Disfarçando as intenções 
Com ciladas ao redor 
Ele quer me destruir 
Só Jesus pode me dar 
A real felicidade 
E poder para ser um vencedor 
  Sou de Jesus 
O Senhor da vitória 
O alimento a vida 
Rocha eterna da salvação 
Seu amor me atraiu 
Deu-me paz e alegria 
Eu já fiz minha escolha: 
Sou de Jesus 
  Decidi testemunhar 
Mesmo em forte provação 
Rejeitando pela fé 
O pecado e seu sabor 
No caminho de Jesus 
Estarei sempre seguro 
E assim, eu prossigo rumo ao céu 
  Sou de Jesus 
O Senhor da vitória 
O alimento a vida 
Rocha eterna da salvação 
Seu amor me atraiu 
Deu-me paz e alegria 
Eu já fiz minha escolha: 
Sou de Jesus 
  Mais do que em qualquer outro tempo 
O momento é de escolher 
Sem temer, sem hesitar 
Eu escolho Jesus 
  Sou de Jesus 
O Senhor da vitória 
O alimento a vida 
Rocha eterna da salvação 
Seu amor me atraiu 
Deu-me paz e alegria 
Eu já fiz minha escolha: 
Sou de Jesus 
  Eu já fiz minha escolha: 
Sou de Jesus 
 "
163,Para o Céu Por Jesus Irei,Lar e Família | Sacrifício e Redenção,Isaías 53:4-5; Romanos 5:8; Hebreus 9:22 | Josué 24:15; Efésios 6:1-4,https://www.youtube.com/watch?v=_G5qqB7zbx4,João 14:6,A Doutrina da Salvação,A Experiência da Salvação,Jessie B. Pounds,Charles H. Gabriel,"Foi Jesus que abriu o caminho do Céu 
Caminho através da cruz 
Nunca irei entrar no celeste lar 
Se o caminho da cruz errar 
  Para o Céu por Jesus irei 
Para o Céu por Jesus irei 
Grande é meu prazer de certeza ter: 
Para o Céu pela cruz, irei 
  Certamente eu vou no caminho da cruz 
Com grande fervor andar 
É desejo meu desfrutar no Céu 
Essa herança que Cristo deu 
  Para o Céu por Jesus irei 
Para o Céu por Jesus irei 
Grande é meu prazer de certeza ter: 
Para o Céu pela cruz, irei 
  Os caminhos maus deste mundo deixei 
Jamais neles vou seguir 
Sigo, pois, Jesus com a minha cruz 
No caminho que ao Céu conduz 
  Para o Céu por Jesus irei 
Para o Céu por Jesus irei 
Grande é meu prazer de certeza ter: 
Para o Céu pela cruz, irei 
 "
164,Meu Nome em Suas Mãos,Oração e Comunhão | Sacrifício e Redenção,1 Tessalonicenses 5:17; Mateus 7:7; Filipenses 4:6 | Isaías 53:4-5; Romanos 5:8; Hebreus 9:22,https://www.youtube.com/watch?v=6_dlUP46mEQ,"Isaías 49:15, 16",A Doutrina da Salvação,A Experiência da Salvação,Marjorie Lewis Lloyd,Marjorie Lewis Lloyd,"Meu caminho ponho em Suas mãos 
Nelas eu me apego em oração 
Nestas santas mãos estão gravados 
Meu nome e o teu ó meu querido irmão 
  Meu nome está nas mãos nas mãos de meu Jesus 
Foi ali na cruz que o escreveu 
Esquecer-me não será possível: 
Tem sobre as mãos meu nome lá no Céu 
  Há um sinal em Suas mãos de luz 
Que no próprio Céu nos lembra a cruz 
Mas também está meu pobre nome 
Escrito ali nas mãos de meu Jesus 
  Meu nome está nas mãos nas mãos de meu Jesus 
Foi ali na cruz que o escreveu 
Esquecer-me não será possível: 
Tem sobre as mãos meu nome lá no Céu 
  Foi na dura cruz em que morreu 
Que tais cicatrizes recebeu 
Ao sentir as Suas mãos feridas 
Jesus, assim, meu nome escreveu 
  Meu nome está nas mãos nas mãos de meu Jesus 
Foi ali na cruz que o escreveu 
Esquecer-me não será possível: 
Tem sobre as mãos meu nome lá no Céu 
 "
165,Hoje sou Feliz,Graça e Salvação | Sacrifício e Redenção,Efésios 2:8-9; João 3:16; 1 João 1:9 | Isaías 53:4-5; Romanos 5:8; Hebreus 9:22,https://www.youtube.com/watch?v=X4VP_cLQCSY,Salmo 40:1-3,A Doutrina da Salvação,A Experiência da Salvação,Desconhecido,Desconhecido,"Perdido foi que Cristo me encontrou 
Neste mundo mau 
Salvou-me, no Seu sangue me lavou 
Hoje sou feliz! 
  Hoje sou feliz! 
Foi-se o meu temor 
Vou permanecer 
Junto ao Salvador 
Foi-se a escuridão 
Raia a luz do Céu 
Pois eu sei que sou do meu Senhor 
E Ele é meu 
  Se muitas tentações me sobrevêm 
Para Ele vou 
Recebo forças que do Céu me vêm 
Se com Ele estou 
  Hoje sou feliz! 
Foi-se o meu temor 
Vou permanecer 
Junto ao Salvador 
Foi-se a escuridão 
Raia a luz do Céu 
Pois eu sei que sou do meu Senhor 
E Ele é meu 
  Se escura noite assustar-me vem 
Sinto Seu amor 
As trevas tornam-se em luz também 
Com meu Salvador 
  Hoje sou feliz! 
Foi-se o meu temor 
Vou permanecer 
Junto ao Salvador 
Foi-se a escuridão 
Raia a luz do Céu 
Pois eu sei que sou do meu Senhor 
E Ele é meu 
 "
166,Caminhando,"Lar e Família | Paz, Cuidado e Confiança",Josué 24:15; Efésios 6:1-4 | Salmos 23:1-4; João 14:27; Salmos 46:1,https://www.youtube.com/watch?v=h7uQpNUh9Cw,Isaías 40:31,A Doutrina da Salvação,A Experiência da Salvação,Johnson Oatman Jr.,Hamp Haygood Sewell,"Contente eu já vou para o lar celestial 
Caminhando, caminhando 
Pois não me encanta mais o prazer terreal 
Caminhando para aquele lar 
  Caminhando, caminhando 
Para aquele lar onde está Jesus 
Caminhando, caminhando 
Pela mão divina de Jesus 
  Eu quero pecadores comigo levar 
Caminhando, caminhando 
Que em Cristo possam eles a paz encontrar 
Caminhando para aquele lar 
  Caminhando, caminhando 
Para aquele lar onde está Jesus 
Caminhando, caminhando 
Pela mão divina de Jesus 
  Com Cristo, meu Senhor para sempre estarei 
Caminhando, caminhando 
Seu nome eternamente então louvarei 
Caminhando sim naquele lar 
  Caminhando, caminhando 
Para aquele lar onde está Jesus 
Caminhando, caminhando 
Pela mão divina de Jesus 
 "
167,Mui Triste Eu Andava,Graça e Salvação | Lar e Família,Efésios 2:8-9; João 3:16; 1 João 1:9 | Josué 24:15; Efésios 6:1-4,https://www.youtube.com/watch?v=ajWDH9CUcXU,"Colossenses 2:6, 7",A Doutrina da Salvação,A Experiência da Salvação,James Rowe,Bentley D. Ackley,"Tão triste eu andava no mundo banal 
Mas hoje eu tenho alegria real 
E constantemente bendigo a meu Deus 
E é claro o motivo: Eu sou de Jesus! 
  Eu sou de Jesus, aleluia! 
De Cristo Jesus meu Senhor! 
Eu quero falar eu quero cantar 
Do amor do meu Salvador! 
  Cativo eu vivia nas garras do mal 
O mundo atirou-me no abismo fatal 
Agora qual ave voando no céu 
Sou livre e feliz pois já sou de Jesus! 
  Eu sou de Jesus, aleluia! 
De Cristo Jesus meu Senhor! 
Eu quero falar eu quero cantar 
Do amor do meu Salvador! 
  Por que andas triste por que lamentar? 
Em Cristo tu achas tesouros sem-par 
Infinda alegria poder, salvação 
Ó vem, vem a Cristo sem mais hesitar! 
  Eu sou de Jesus, aleluia! 
De Cristo Jesus meu Senhor! 
Eu quero falar eu quero cantar 
Do amor do meu Salvador! 
 "
168,Eu Achei,Graça e Salvação | Oração e Comunhão | Sacrifício e Redenção | Segunda Vinda e Esperança,1 Tessalonicenses 4:16-17; Apocalipse 1:7; João 14:1-3 | 1 Tessalonicenses 5:17; Mateus 7:7; Filipenses 4:6 | Efésios 2:8-9; João 3:16; 1 João 1:9 | Isaías 53:4-5; Romanos 5:8; Hebreus 9:22,https://www.youtube.com/watch?v=tsPbzFTxyD8,João 1:41,A Doutrina da Salvação,A Experiência da Salvação,Kurt F. Kaiser,Kurt F. Kaiser,"Eu achei, sim eu achei 
Uma fonte em que me satisfiz 
Quando aceitei a Jesus, meu Rei 
Foi meu dia mais feliz 
Recebi, sim, eu recebi 
Plenitude de vida em Jesus 
Que me trouxe a luz 
Que provém da cruz 
Seu amor então senti 
  A vida era triste só dor e aflição 
Mas hoje é diferente 
Com Jesus em meu coração 
  Seu perdão, ele trouxe a mim 
Esperança em Jesus eu ganhei 
Desde que busquei desde que encontrei 
Esse amor que não tem fim 
  A vida era triste só dor e aflição 
Mas hoje é diferente 
Com Jesus em meu coração 
  Quero, sim, a Jesus amar 
Pois Seu sangue por mim derramou 
Ao Seu lado estou para o céu eu vou 
Quero a vida lhe entregar 
 "
169,Salvo em Jesus,"Adoração e Louvor | Graça e Salvação | Igreja e Comunhão | Lar e Família | Oração e Comunhão | Paz, Cuidado e Confiança | Segunda Vinda e Esperança",1 Tessalonicenses 4:16-17; Apocalipse 1:7; João 14:1-3 | 1 Tessalonicenses 5:17; Mateus 7:7; Filipenses 4:6 | Efésios 2:8-9; João 3:16; 1 João 1:9 | Josué 24:15; Efésios 6:1-4 | Salmos 133:1; Hebreus 10:25 | Salmos 150:1-6; Apocalipse 4:8; Salmos 95:1-2 | Salmos 23:1-4; João 14:27; Salmos 46:1,https://www.youtube.com/watch?v=Dyd6mAe1LoI,1 João 5:11-13,A Doutrina da Salvação,A Experiência da Salvação,Fanny J. Crosby,William H. Doane,"Salvo em jesus, meu mestre 
Tenho perfeita paz 
Tal comunhão com ele 
Toda aflição desfaz 
Ele me deu certeza 
Da minha salvação 
Oh, que prazer glorioso 
Enche meu coração 
  Salvo em Jesus, meu Mestre 
Tenho perfeita paz 
Tal comunhão com Ele 
Toda a aflição desfaz 
  Cristo é minha vida 
Fonte ele é de amor 
Tira de mim as mágoas 
Todo o pesar e a dor 
E se eu sofrer a prova 
Fácil será ganhar 
E se verter o pranto 
Logo ele enxugará 
  Salvo em Jesus, meu Mestre 
Tenho perfeita paz 
Tal comunhão com Ele 
Toda a aflição desfaz 
  Hei de passar a noite 
Sem mais sentir temor 
Breve virá o dia 
De perenal fulgor 
Oh! que prazer supremo 
Ver a jesus no lar 
E na mansão de glória 
Com ele então reinar 
  Salvo em Jesus, meu Mestre 
Tenho perfeita paz 
Tal comunhão com Ele 
Toda a aflição desfaz 
 "
170,"Oh, Que Belo Hino Deus me Deu!",Adoração e Louvor | Graça e Salvação | Lar e Família | Oração e Comunhão | Sacrifício e Redenção,1 Tessalonicenses 5:17; Mateus 7:7; Filipenses 4:6 | Efésios 2:8-9; João 3:16; 1 João 1:9 | Isaías 53:4-5; Romanos 5:8; Hebreus 9:22 | Josué 24:15; Efésios 6:1-4 | Salmos 150:1-6; Apocalipse 4:8; Salmos 95:1-2,https://www.youtube.com/watch?v=ZdBnuWtqR0c,Salmo 40:3,A Doutrina da Salvação,A Experiência da Salvação,Elton M. Roth,Elton M. Roth,"Eu canto um hino inspirado 
Por Jesus, meu Redentor 
Jamais aqui soou com tal fervor 
Este canto de amor 
  Oh! que belo hino Deus me deu! 
Me pôs no coração belíssima canção! 
Oh! que belo hino Deus me deu! 
Um hino do divino amor! 
  Eu amo a Cristo que foi morto 
Sobre a cruz pra me salvar 
Jesus um hino em meus lábios pôs 
Para a Deus melhor louvar 
  Oh! que belo hino Deus me deu! 
Me pôs no coração belíssima canção! 
Oh! que belo hino Deus me deu! 
Um hino do divino amor! 
  Quando estiver eu lá na glória 
Vendo os anjos a cantar 
Um belo hino vou cantar também 
Lá no meu eterno lar 
  Oh! que belo hino Deus me deu! 
Me pôs no coração belíssima canção! 
Oh! que belo hino Deus me deu! 
Um hino do divino amor! 
 "
171,Com Cristo no Meu Coração,Oração e Comunhão | Sacrifício e Redenção,1 Tessalonicenses 5:17; Mateus 7:7; Filipenses 4:6 | Isaías 53:4-5; Romanos 5:8; Hebreus 9:22,https://www.youtube.com/watch?v=OvOiXTDTiIk,"Efésios 2:12, 13",A Doutrina da Salvação,A Experiência da Salvação,Rufus H. McDaniel,Charles H. Gabriel,"Que mudança gloriosa em mim se operou 
Com Cristo no meu coração 
Minha alma alcançou luz que muito buscou 
Com Cristo no meu coração 
  Com Cristo no meu coração 
Com Cristo no meu coração 
Alegria sem-par vem meu ser inundar 
Com Cristo no meu coração 
  Pelas sendas do mal já deixei de vaguear 
Com Cristo no meu coração 
E meus muitos pecados fui logo entregar 
Com Cristo no meu coração 
  Com Cristo no meu coração 
Com Cristo no meu coração 
Alegria sem-par vem meu ser inundar 
Com Cristo no meu coração 
  Té no vale da morte eu avisto uma luz 
Com Cristo no meu coração 
Pois a santa cidade já perto reluz 
Com Cristo no meu coração 
  Com Cristo no meu coração 
Com Cristo no meu coração 
Alegria sem-par vem meu ser inundar 
Com Cristo no meu coração 
  Nessa santa cidade pra sempre estarei 
Com Cristo no meu coração 
Lá com grande alegria afinal entrarei 
Com Cristo no meu coração 
  Com Cristo no meu coração 
Com Cristo no meu coração 
Alegria sem-par vem meu ser inundar 
Com Cristo no meu coração 
 "
172,Ando Sempre Alegre,Graça e Salvação | Igreja e Comunhão | Sacrifício e Redenção,Efésios 2:8-9; João 3:16; 1 João 1:9 | Isaías 53:4-5; Romanos 5:8; Hebreus 9:22 | Salmos 133:1; Hebreus 10:25,https://www.youtube.com/watch?v=qY07MGsAkZ0,"Salmo 16:8, 9",A Doutrina da Salvação,A Experiência da Salvação,Judson Van DeVenter,Winfield S. Weeden,"Perdido eu na escuridão Foi que Jesus me achou 
E com a luz do Seu amor As trevas dissipou 
  Eu alegre vou na Sua luz 
Pois agora Cristo me conduz 
Desde que me achou da morte me livrou 
Ando sempre alegre Cristo me salvou 
  Andando estou na luz de Deus que doce comunhão 
Prossigo sempre com vigor Deixando o mundo vão 
  Eu alegre vou na Sua luz 
Pois agora Cristo me conduz 
Desde que me achou da morte me livrou 
Ando sempre alegre Cristo me salvou 
  Eu, face a face então verei Jesus, o Salvador 
O qual a Sua vida deu Por mim, vil pecador 
  Eu alegre vou na Sua luz 
Pois agora Cristo me conduz 
Desde que me achou da morte me livrou 
Ando sempre alegre Cristo me salvou 
 "
173,Que Prazer é Ser de Cristo,Palavra de Deus e Lei | Sacrifício e Redenção,Isaías 53:4-5; Romanos 5:8; Hebreus 9:22 | Salmos 119:105; 2 Timóteo 3:16; Salmos 19:7,https://www.youtube.com/watch?v=1AaW6xXABWM,João 6:47,A Doutrina da Salvação,Crescimento em Cristo,Louisa M. R. Stead,William J. Kirkpatrick,"Que prazer é ser de Cristo 
NEle crer e confiar 
Aceitar os Seus ensinos 
Suas bênçãos desfrutar! 
  Cristo! Cristo! Já confio 
Em Teu nome, em Teu poder 
Cristo! Cristo! bem-amado 
Faze em mim a fé crescer 
  Oh, que bênção crer em Cristo 
Crer no sangue que verteu! 
Pois os meus pecados todos 
Sepultou e os esqueceu! 
  Cristo! Cristo! Já confio 
Em Teu nome, em Teu poder 
Cristo! Cristo! bem-amado 
Faze em mim a fé crescer 
  Bem feliz eu sou em Cristo 
DEle aqui desejo ser 
Quero, pois, humildemente 
Ao Senhor obedecer 
  Cristo! Cristo! Já confio 
Em Teu nome, em Teu poder 
Cristo! Cristo! bem-amado 
Faze em mim a fé crescer 
 "
174,Que Consolo e Paz!,"Graça e Salvação | Paz, Cuidado e Confiança | Sábado e Criação",Efésios 2:8-9; João 3:16; 1 João 1:9 | Salmos 23:1-4; João 14:27; Salmos 46:1 | Êxodo 20:8-11; Gênesis 2:2-3,https://www.youtube.com/watch?v=AbkpBk1b3Rc,,A Doutrina da Salvação,Crescimento em Cristo,Elisha A. Hoffman,Anthony J. Showalter,"Que consolo e paz que prazer me traz 
O descanso ter nas mãos de Deus! 
Ele tem prazer em tomar meu ser 
E descanso dá nos braços Seus 
  Que paz e amor 
E descanso traz a mão de Deus! 
Feliz estou 
Em poder estar nos braços Seus! 
  Sempre avante vou confiante estou 
Pois descanso achei na mão de Deus 
Tudo irei vencer pelo Seu poder 
E descanso ter nos braços Seus 
  Que paz e amor 
E descanso traz a mão de Deus! 
Feliz estou 
Em poder estar nos braços Seus! 
  Lutas hei de ter pelo meu viver 
Mas poder terei nas mãos de Deus 
Minha vida assim há de ser sem fim 
Pois a salvo estou nos braços Seus 
  Que paz e amor 
E descanso traz a mão de Deus! 
Feliz estou 
Em poder estar nos braços Seus! 
 "
175,"De Ti Careço, ó Deus",Graça e Salvação | Palavra de Deus e Lei,Efésios 2:8-9; João 3:16; 1 João 1:9 | Salmos 119:105; 2 Timóteo 3:16; Salmos 19:7,https://www.youtube.com/watch?v=7SuzQVHTvb8,"Salmo 42:1, 2",A Doutrina da Salvação,Crescimento em Cristo,Annie Sherwood Hawks,Robert Lowry,"De Ti careço, o Deus 
Habita, pois, em mim 
E vencedor serei 
Fiel até o fim 
  Jesus, meu Salvador 
És meu anelo aqui 
Vem, pois, me abençoar 
Senhor, confio em Ti 
  De Ti careço, ó Deus 
De Ti, meu Salvador 
Ó vem fazer de mim 
Humilde servidor 
  Jesus, meu Salvador 
És meu anelo aqui 
Vem, pois, me abençoar 
Senhor, confio em Ti 
  Em Tua santa lei 
Senhor, vem me instruir 
E Teu tão grande amor 
Almejo então sentir 
  Jesus, meu Salvador 
És meu anelo aqui 
Vem, pois, me abençoar 
Senhor, confio em Ti 
  Meu grande Protetor 
És Tu na provação 
Concedes-me vigor 
E eterna salvação 
  Jesus, meu Salvador 
És meu anelo aqui 
Vem, pois, me abençoar 
Senhor, confio em Ti 
 "
176,Nunca Desanimes,Lar e Família | Sacrifício e Redenção,Isaías 53:4-5; Romanos 5:8; Hebreus 9:22 | Josué 24:15; Efésios 6:1-4,https://www.youtube.com/watch?v=UM42XBG0EoY,Salmo 37:1-5,A Doutrina da Salvação,Crescimento em Cristo,Norman MacLeod,Arthur S. Sullivan,"Nunca, nunca desanimes 
Se ao redor as trevas vêm 
Segue a luz de Jesus Cristo 
Crê em Deus e faze o bem 
Se o caminho é penoso 
E seu fim é dor também 
Cristo é forte e poderoso 
Crê em Deus, crê em Deus 
Crê em Deus e faze o bem 
  Vês os ímpios desfrutando 
De um viver que não convém? 
Quer perdendo quer ganhando 
Crê em Deus e faze o bem 
Os prazeres do pecado 
Morte são e dor contêm 
Deixa o Mundo e o passado 
Crê em Deus, crê em Deus 
Crê em Deus e faze o bem 
  Nos momentos de tristeza 
Junto a ti está Alguém 
Quer amar-te e dar consolo 
Crê em Deus e faze o bem 
E se queres ter entrada 
Lá no Céu no lar de além 
Vai com Cristo pela estrada 
Crê em Deus, crê em Deus 
Crê em Deus e faze o bem 
 "
177,"Conduze-me, Meu Mestre","Graça e Salvação | Oração e Comunhão | Paz, Cuidado e Confiança | Sacrifício e Redenção",1 Tessalonicenses 5:17; Mateus 7:7; Filipenses 4:6 | Efésios 2:8-9; João 3:16; 1 João 1:9 | Isaías 53:4-5; Romanos 5:8; Hebreus 9:22 | Salmos 23:1-4; João 14:27; Salmos 46:1,https://www.youtube.com/watch?v=fwvoO_TPhwY,Isaías 58:11,A Doutrina da Salvação,Crescimento em Cristo,Julie Katharina von Hausmann,Friedrich Silcher,"Conduze-me, meu Mestre, com Tua mão 
E assim jamais me falte a proteção 
Não quero nem um passo sem Ti andar 
Oh, faze-me hoje e sempre na luz trilhar! 
  Em Teu amor envolve meu coração 
E dá-lhe paz e calma em aflição 
Que eu tenha em Ti repouso bem junto à cruz 
E que jamais me afaste de Ti, Jesus 
  E mesmo quando a luta tremenda for 
Seguro hás de guiar-me meu Redentor 
Conduze-me, meu Mestre, com Tua mão 
E assim jamais me falte a proteção 
 "
178,Deus Cuidará de Ti,Graça e Salvação | Lar e Família | Oração e Comunhão,1 Tessalonicenses 5:17; Mateus 7:7; Filipenses 4:6 | Efésios 2:8-9; João 3:16; 1 João 1:9 | Josué 24:15; Efésios 6:1-4,https://www.youtube.com/watch?v=WHCMQjeWqVs,Salmo 40:17,A Doutrina da Salvação,Crescimento em Cristo,Civilla D. Martin,W. Stillman Martin,"Aflito e triste coração 
Deus cuidará de ti 
Por ti opera a Sua mão 
Deus cuidará de ti 
  Deus cuidará de ti 
Em cada dia proverá 
Sim, cuidará de ti 
Deus cuidará de ti 
  Na dor cruel, na provação 
Deus cuidará de ti 
Socorro dá e proteção 
Deus cuidará de ti 
  Deus cuidará de ti 
Em cada dia proverá 
Sim, cuidará de ti 
Deus cuidará de ti 
  Sentes a fé a vacilar? 
Deus cuidará de ti 
Ao teu amor quer forças dar 
Deus cuidará de ti 
  Deus cuidará de ti 
Em cada dia proverá 
Sim, cuidará de ti 
Deus cuidará de ti 
 "
179,Eu Sei em Quem Eu Creio,Graça e Salvação | Lar e Família | Segunda Vinda e Esperança,1 Tessalonicenses 4:16-17; Apocalipse 1:7; João 14:1-3 | Efésios 2:8-9; João 3:16; 1 João 1:9 | Josué 24:15; Efésios 6:1-4,https://www.youtube.com/watch?v=tA4BbhaEKeA,2 Timóteo 1:12,A Doutrina da Salvação,Crescimento em Cristo,Daniel W. Whittle,James McGranahan,"Não sei porque de Deus o amor 
A mim se revelou 
Por qual razão o Salvador 
Pra Si me resgatou 
  Mas eu sei em quem eu creio 
E estou bem certo que é poderoso 
Pra guardar o meu tesouro 
Até o fim chegar 
  Não sei o que de mal ou bem 
Aqui enfrentarei 
Se maus ou calmos dias vêm 
Se lutas eu terei 
  Mas eu sei em quem eu creio 
E estou bem certo que é poderoso 
Pra guardar o meu tesouro 
Até o fim chegar 
  Não sei também o dia em que 
Verei Jesus voltar 
Se de manhã, se à tarde vem 
Pra me levar ao lar 
  Mas eu sei em quem eu creio 
E estou bem certo que é poderoso 
Pra guardar o meu tesouro 
Até o fim chegar 
 "
180,Nunca te Deixarei,Graça e Salvação | Sacrifício e Redenção,Efésios 2:8-9; João 3:16; 1 João 1:9 | Isaías 53:4-5; Romanos 5:8; Hebreus 9:22,https://www.youtube.com/watch?v=WBXKUyPkNqo,Isaías 41:10,A Doutrina da Salvação,Crescimento em Cristo,Nathaniel Niles,Philip P. Bliss,"Oh! como é grande e doce a promessa 
Do Salvador, Jesus nosso Rei! 
Ao que confia na Sua graça 
Ele diz: ""Sempre te guardarei"" 
  ""Ó, não temas, ó, não temas 
Pois Eu contigo sempre serei! 
Ó, não temas, ó, não temas 
Pois Eu nunca te deixarei"" 
  ""Eu sou teu Deus e para livrar-te 
De ti bem perto sempre estarei 
Não tenhas medo pois, bem seguro 
Eu pela mão te conduzirei"" 
  ""Ó, não temas, ó, não temas 
Pois Eu contigo sempre serei! 
Ó, não temas, ó, não temas 
Pois Eu nunca te deixarei"" 
  ""Para remir-te dei o Meu sangue 
Pelo teu nome já te chamei 
Meu para sempre tu és agora 
Crê pois, que nunca te deixarei"" 
  ""Ó, não temas, ó, não temas 
Pois Eu contigo sempre serei! 
Ó, não temas, ó, não temas 
Pois Eu nunca te deixarei"" 
  ""Eras indigno, mas escolhi-te 
Não temas, pois Eu muito te amei 
Quem dos Meus braços pode arrancar-te? 
Sempre seguro te guardarei"" 
  ""Ó, não temas, ó, não temas 
Pois Eu contigo sempre serei! 
Ó, não temas, ó, não temas 
Pois Eu nunca te deixarei"" 
 "
181,Cuidará de Mim Também,"Espírito Santo | Oração e Comunhão | Paz, Cuidado e Confiança",1 Tessalonicenses 5:17; Mateus 7:7; Filipenses 4:6 | João 14:16-17; Atos 2:1-4 | Salmos 23:1-4; João 14:27; Salmos 46:1,https://www.youtube.com/watch?v=Ti-3MEfiTHQ,Mateus 6:26,A Doutrina da Salvação,Crescimento em Cristo,Civilla D. Martin,Charles H. Gabriel,"Por que estarei eu triste 
Por que na treva andar 
Sentir-me tão sozinho 
Sempre a desanimar 
Se Cristo é meu conforto 
Amigo na aflição 
Se até as aves esperam 
Na Sua proteção? 
Se até as aves esperam 
Na Sua proteção? 
  Feliz e mui alegre 
Cantando viverei 
Se Deus protege as aves 
Cuidará de mim também 
  Quando estou abatido 
Se envolto em sombra vou 
O coração ferido 
Ou perseguido sou 
Jesus é meu amparo 
É meu consolador 
Envolve-me em Seus braços 
E alívio dá-me à dor 
Envolve-me em Seus braços 
E alívio dá-me à dor 
  Feliz e mui alegre 
Cantando viverei 
Se Deus protege as aves 
Cuidará de mim também 
  Ao me sentir cansado 
Em meio de aflição 
Ouço Jesus dizer-me 
Ao segurar-me a mão: 
""Confia em Mim somente 
Somente em Meu poder 
E nas mansões eternas 
Comigo irás viver 
E nas mansões eternas 
Comigo irás viver"" 
  Feliz e mui alegre 
Cantando viverei 
Se Deus protege as aves 
Cuidará de mim também 
 "
182,Eu Pertenço ao Meu Rei,"Adoração e Louvor | Crianças e Jovens | Graça e Salvação | Oração e Comunhão | Palavra de Deus e Lei | Paz, Cuidado e Confiança | Sábado e Criação",1 Tessalonicenses 5:17; Mateus 7:7; Filipenses 4:6 | Efésios 2:8-9; João 3:16; 1 João 1:9 | Mateus 19:14; Provérbios 22:6 | Salmos 119:105; 2 Timóteo 3:16; Salmos 19:7 | Salmos 150:1-6; Apocalipse 4:8; Salmos 95:1-2 | Salmos 23:1-4; João 14:27; Salmos 46:1 | Êxodo 20:8-11; Gênesis 2:2-3,https://www.youtube.com/watch?v=ubclOJpcEgc,"1 Coríntios 6:19, 20",A Doutrina da Salvação,Crescimento em Cristo,Ida L. Reed,Maurice A. Clifton,"Eu pertenço ao meu Rei 
Filho sou do Senhor 
Nas eternas mansões morarei 
Já das glórias ouvi 
Lá da pátria de amor 
Com Seus filhos as desfrutarei 
  Eu pertenço ao meu Rei 
Filho sou do Senhor 
Ele nunca me esquece, eu o sei 
Eu terei salvação 
Por seu grande favor 
E na glória perene estarei 
  Eu pertenço ao meu Rei 
É por mim Seu amor 
Sua paz e descanso terei 
Seu conforto me vem 
Suavizar qualquer dor 
Guardará os Seus filhos bem sei 
  Eu pertenço ao meu Rei 
Filho sou do Senhor 
Ele nunca me esquece, eu o sei 
Eu terei salvação 
Por seu grande favor 
E na glória perene estarei 
  Eu pertenço ao meu Rei 
A promessa é real 
Honrará os que amarem Sua lei 
Junto ao trono de Deus 
Na cidade eternal 
Com os salvos um dia estarei 
  Eu pertenço ao meu Rei 
Filho sou do Senhor 
Ele nunca me esquece, eu o sei 
Eu terei salvação 
Por seu grande favor 
E na glória perene estarei 
 "
183,"Oh, Não temas, Sou Contigo",Vida Cristã e Devoção,Salmos 1:1-2; Provérbios 3:5-6,https://www.youtube.com/watch?v=1JIetpF0Ihk,Isaías 41:10,A Doutrina da Salvação,Crescimento em Cristo,Emily Divine Wilson,Emily Divine Wilson,"Se a fé por vezes falta 
Quando o Sol não posso ver 
A Jesus eu digo humilde: 
Oh, vem meu Piloto ser 
  ""Oh, não temas, sou contigo 
Teu Piloto até o fim! 
Não te importes co'o perigo 
Eis a mão, confia em Mim"" 
  Quando a tentação me envolve 
E não posso a Cristo ver 
Eis que em meio à tempestade 
Ouço o Salvador dizer: 
  ""Oh, não temas, sou contigo 
Teu Piloto até o fim! 
Não te importes co'o perigo 
Eis a mão, confia em Mim"" 
  Quando a alma está ferida 
Pelas ondas da aflição 
Volto o olhar ao meu Piloto 
E este canto escuto então: 
  ""Oh, não temas, sou contigo 
Teu Piloto até o fim! 
Não te importes co'o perigo 
Eis a mão, confia em Mim"" 
  Se do mar à praia chego 
Mesmo havendo turbilhão 
Vejo meu Piloto ao lado 
Creio em Sua direção 
  ""Oh, não temas, sou contigo 
Teu Piloto até o fim! 
Não te importes co'o perigo 
Eis a mão, confia em Mim"" 
 "
184,Quero Ter Jesus Comigo,"Graça e Salvação | Missão e Serviço | Paz, Cuidado e Confiança",Efésios 2:8-9; João 3:16; 1 João 1:9 | Mateus 28:19-20; Isaías 6:8; Marcos 16:15 | Salmos 23:1-4; João 14:27; Salmos 46:1,https://www.youtube.com/watch?v=z3FtUwqdEU4,Romanos 8:35-39,A Doutrina da Salvação,Crescimento em Cristo,Fanny J. Crosby,John R. Sweney,"Quero ter Jesus comigo 
Quero a sós com Ele andar 
Quero ver Seu lindo rosto 
Em Seus braços descansar 
  Tendo fé no Salvador 
Descansando em Seu amor 
Seguirei no meu caminho 
Sem tristeza, sem temor 
  Quero ter Jesus comigo 
Frágil sou em minha fé 
Sua voz me dá conforto 
Quando me vacila o pé 
  Tendo fé no Salvador 
Descansando em Seu amor 
Seguirei no meu caminho 
Sem tristeza, sem temor 
  Quero ter Jesus comigo 
Sempre aqui em meu viver 
No lazer e no trabalho 
No pesar e no prazer 
  Tendo fé no Salvador 
Descansando em Seu amor 
Seguirei no meu caminho 
Sem tristeza, sem temor 
 "
185,Cada Momento,"Graça e Salvação | Paz, Cuidado e Confiança | Sacrifício e Redenção",Efésios 2:8-9; João 3:16; 1 João 1:9 | Isaías 53:4-5; Romanos 5:8; Hebreus 9:22 | Salmos 23:1-4; João 14:27; Salmos 46:1,https://www.youtube.com/watch?v=RvM8AvWDnSQ,Salmo 68:19,A Doutrina da Salvação,Crescimento em Cristo,Daniel W. Whittle,Mary Whittle Moody,"Sendo remido por Cristo na cruz 
Sinto prazer caminhando na luz 
Cheio da graça que vem de Jesus 
Cada momento o Senhor me conduz 
  Cada momento me guia o Senhor 
Cada momento dispensa favor 
Vê minha fé e sustém meu vigor 
Cada momento sou Teu, ó Senhor 
  Junto com Cristo na luta moral 
Contra o pecado o engano e o mal 
Ergo bem alto a bandeira real 
Cada momento mais firme e leal 
  Cada momento me guia o Senhor 
Cada momento dispensa favor 
Vê minha fé e sustém meu vigor 
Cada momento sou Teu, ó Senhor 
  Nas minhas lutas me pode amparar 
E do maligno também me livrar 
Cada momento por onde eu andar 
Cristo, meu Mestre me pode amparar 
  Cada momento me guia o Senhor 
Cada momento dispensa favor 
Vê minha fé e sustém meu vigor 
Cada momento sou Teu, ó Senhor 
 "
186,"Ó Mestre, o Mar se Revolta","Oração e Comunhão | Paz, Cuidado e Confiança | Segunda Vinda e Esperança",1 Tessalonicenses 4:16-17; Apocalipse 1:7; João 14:1-3 | 1 Tessalonicenses 5:17; Mateus 7:7; Filipenses 4:6 | Salmos 23:1-4; João 14:27; Salmos 46:1,https://www.youtube.com/watch?v=Qqp1ZZi1wSw,Mateus 8:23-27,A Doutrina da Salvação,Crescimento em Cristo,Mary Ann Baker,Horatio Richmond Palmer,"Ó Mestre, o mar se revolta 
As ondas nos dão pavor! 
O céu se reveste de trevas 
Não temos um salvador! 
Mestre estamos morrendo! 
Podes assim dormir 
Se a cada momento nos vemos 
Já prestes a submergir? 
  ""As ondas atendem ao Meu mandar: Sossegai! 
Quer seja este revolto mar 
A ira dos homens o gênio do mal 
Tais águas não podem a nau tragar 
Que leva o Senhor Rei do céu e mar 
Pois todos ouvem o Meu mandar: 
Sossegai! Sossegai! 
Convosco estou para vos salvar 
Sim, sossegai"" 
  Mestre, na minha tristeza 
Estou quase a sucumbir 
A dor que perturba minh'alma 
Eu peço-Te, vem banir 
De ondas do mar que me encobrem 
Quem me fará sair? 
Pereço sem Ti, ó meu Mestre! 
Vem logo, vem me acudir 
  ""As ondas atendem ao Meu mandar: Sossegai! 
Quer seja este revolto mar 
A ira dos homens o gênio do mal 
Tais águas não podem a nau tragar 
Que leva o Senhor Rei do céu e mar 
Pois todos ouvem o Meu mandar: 
Sossegai! Sossegai! 
Convosco estou para vos salvar 
Sim, sossegai"" 
  Mestre, chegou a bonança 
Em paz eis o céu e o mar! 
O meu coração sente a calma 
Que não poderá findar 
Fica comigo, ó meu Mestre 
Dono da Terra e Céu 
E assim chegarei bem seguro 
Ao porto, destino meu 
  ""As ondas atendem ao Meu mandar: Sossegai! 
Quer seja este revolto mar 
A ira dos homens o gênio do mal 
Tais águas não podem a nau tragar 
Que leva o Senhor Rei do céu e mar 
Pois todos ouvem o Meu mandar: 
Sossegai! Sossegai! 
Convosco estou para vos salvar 
Sim, sossegai"" 
 "
187,Refúgio em Temporal,"Paz, Cuidado e Confiança",Salmos 23:1-4; João 14:27; Salmos 46:1,https://www.youtube.com/watch?v=485b67iCENY,"Salmo 46:1, 2",A Doutrina da Salvação,Crescimento em Cristo,Vernon J. Charlesworth,Franklin E. Belden,"Eterna rocha é meu Jesus 
Refúgio sempre em temporal 
A confiança nele eu pus 
Refúgio sempre em temporal 
  Rocha eterna nossa proteção 
Nosso abrigo nosso Salvador 
Sempre certo na tribulação 
Presente sempre em nossa dor 
  Defesa forte e proteção 
Refúgio sempre em temporal 
Não temeremos provação 
Refúgio sempre em temporal 
  Rocha eterna nossa proteção 
Nosso abrigo nosso Salvador 
Sempre certo na tribulação 
Presente sempre em nossa dor 
  Ó Rocha eterna, meu Jesus 
Refúgio sempre em temporal 
Sê Tu meu guia, força e luz 
Refúgio sempre em temporal 
  Rocha eterna nossa proteção 
Nosso abrigo nosso Salvador 
Sempre certo na tribulação 
Presente sempre em nossa dor 
 "
188,Minha Esperança,Graça e Salvação | Sacrifício e Redenção | Segunda Vinda e Esperança,1 Tessalonicenses 4:16-17; Apocalipse 1:7; João 14:1-3 | Efésios 2:8-9; João 3:16; 1 João 1:9 | Isaías 53:4-5; Romanos 5:8; Hebreus 9:22,https://www.youtube.com/watch?v=cRUWUT-jwYc,Salmo 37:5,A Doutrina da Salvação,Crescimento em Cristo,Edward Mote,William B. Bradbury,"Em nada ponho minha fé 
Senão na graça de Jesus 
No sacrifício remidor 
No sangue do bom Redentor 
  A minha fé e o meu amor 
Estão firmados no Senhor 
Estão firmados no Senhor 
  Se não Lhe posso a face ver 
Eu mesmo assim não vou temer 
Em cada prova a suportar 
Vou sempre nEle confiar 
  A minha fé e o meu amor 
Estão firmados no Senhor 
Estão firmados no Senhor 
  O Seu amor é mui leal 
Abriga-me no temporal 
Ao vir cercar-me a tentação 
É Cristo minha salvação 
  A minha fé e o meu amor 
Estão firmados no Senhor 
Estão firmados no Senhor 
 "
189,"Deus Sabe, Deus Ouve, Deus Vê",Oração e Comunhão,1 Tessalonicenses 5:17; Mateus 7:7; Filipenses 4:6,https://www.youtube.com/watch?v=EHbbpkoLJ5U,"Êxodo 3:7, 8",A Doutrina da Salvação,Crescimento em Cristo,Valdecir Simões Lima,Flavio Almeida Santos,"Você que se sente pequeno 
Dirija seus olhos a Deus 
Não deixe que sombras o envolvam 
Entregue sua vida a Deus 
  Deus sabe o que vai dentro d'alma 
Deus ouve a oração suplicante 
Deus vê sua angústia e o acalma 
Deus faz de você um gigante 
Deus sabe o que vai dentro d'alma 
Deus ouve a oração suplicante 
Deus vê sua angústia e o acalma: 
Deus sabe, Deus ouve Deus vê 
  Se a vida levou os castelos 
Que em sonhos você construiu 
Não dê por vencidos seus planos 
Entregue seus planos a Deus 
  Deus sabe o que vai dentro d'alma 
Deus ouve a oração suplicante 
Deus vê sua angústia e o acalma 
Deus faz de você um gigante 
Deus sabe o que vai dentro d'alma 
Deus ouve a oração suplicante 
Deus vê sua angústia e o acalma: 
Deus sabe, Deus ouve Deus vê 
 "
190,Pertenço a Cristo,"Adoração e Louvor | Lar e Família | Paz, Cuidado e Confiança",Josué 24:15; Efésios 6:1-4 | Salmos 150:1-6; Apocalipse 4:8; Salmos 95:1-2 | Salmos 23:1-4; João 14:27; Salmos 46:1,https://www.youtube.com/watch?v=NxdttzyFf2o,"Filipenses 3:7, 8",A Doutrina da Salvação,Crescimento em Cristo,James Rowe,Bentley D. Ackley,"Já o mundo não me prende 
Eu pertenço a Cristo! 
Sua voz minh'alma atende 
Pois pertenço a Cristo 
  A Jesus eu seguirei 
Pois é meu Senhor e Rei 
Quer lá fora, quer no lar 
Eu pertenço a Cristo 
  Não mais temo o inimigo 
Eu pertenço a Cristo! 
É-me sempre bom abrigo 
Sim, pertenço a Cristo 
  A Jesus eu seguirei 
Pois é meu Senhor e Rei 
Quer lá fora, quer no lar 
Eu pertenço a Cristo 
  Desde a Terra até a glória 
Eu pertenço a Cristo! 
Sempre irei contar a história: 
Eu pertenço a Cristo 
  A Jesus eu seguirei 
Pois é meu Senhor e Rei 
Quer lá fora, quer no lar 
Eu pertenço a Cristo 
  Lá no céu vou contemplá-lo 
Eu pertenço a Cristo! 
E eternamente honrá-lo 
Pois pertenço a Cristo 
  A Jesus eu seguirei 
Pois é meu Senhor e Rei 
Quer lá fora, quer no lar 
Eu pertenço a Cristo 
 "
191,Olha com Fé Para Cima,"Oração e Comunhão | Paz, Cuidado e Confiança",1 Tessalonicenses 5:17; Mateus 7:7; Filipenses 4:6 | Salmos 23:1-4; João 14:27; Salmos 46:1,https://www.youtube.com/watch?v=TZnLhvVG68Y,Salmo 121,A Doutrina da Salvação,Crescimento em Cristo,Jessie B. Pounds,John Sylvester Fearis,"Quando te vêm tristezas 
Dores ao coração 
Olha com fé pra cima 
Deus dá consolação 
  Sempre! Sempre! 
Olha com fé para cima 
Onde Jesus resplandece a luz 
Olha com fé para cima! 
  Quando os amigos fogem 
E abandonado estás 
Olha com fé pra cima 
Cristo te traz a paz 
  Sempre! Sempre! 
Olha com fé para cima 
Onde Jesus resplandece a luz 
Olha com fé para cima! 
  Não andes cabisbaixo 
Pra mais te entristecer 
Olha com fé pra cima 
Procura a Cristo ver 
  Sempre! Sempre! 
Olha com fé para cima 
Onde Jesus resplandece a luz 
Olha com fé para cima! 
 "
192,Brilho Celeste,"Adoração e Louvor | Graça e Salvação | Paz, Cuidado e Confiança",Efésios 2:8-9; João 3:16; 1 João 1:9 | Salmos 150:1-6; Apocalipse 4:8; Salmos 95:1-2 | Salmos 23:1-4; João 14:27; Salmos 46:1,https://www.youtube.com/watch?v=HUY6sJkScBQ,"Salmo 34:4, 5",A Doutrina da Salvação,Crescimento em Cristo,Henry J. Zelley,George Harrison Cook,"Peregrinando pelas montanhas 
E pelos vales sempre na luz 
Cristo promete nunca deixar-me 
""Eis-Me convosco"" disse Jesus 
  Brilho celeste! Brilho celeste! 
Enche minh'alma glória de Deus! 
Aleluia! Sigo cantando 
Dando louvores indo pra os Céus! 
  Se vejo sombras por toda parte 
Ao Salvador não vão ocultar 
Cristo é luz que nunca se apaga 
Bem ao Seu lado sempre hei de andar 
  Brilho celeste! Brilho celeste! 
Enche minh’alma glória de Deus! 
Aleluia! Sigo cantando 
Dando louvores indo pra os Céus! 
  A luz bendita vai me guiando 
Em meu caminho para Sião 
Mais e mais perto o Mestre seguindo 
Tenho alegria na salvação 
  Brilho celeste! Brilho celeste! 
Enche minh’alma glória de Deus! 
Aleluia! Sigo cantando 
Dando louvores indo pra os Céus! 
 "
193,Sob Suas Asas,"Crianças e Jovens | Graça e Salvação | Lar e Família | Oração e Comunhão | Paz, Cuidado e Confiança",1 Tessalonicenses 5:17; Mateus 7:7; Filipenses 4:6 | Efésios 2:8-9; João 3:16; 1 João 1:9 | Josué 24:15; Efésios 6:1-4 | Mateus 19:14; Provérbios 22:6 | Salmos 23:1-4; João 14:27; Salmos 46:1,https://www.youtube.com/watch?v=pheGcnEq8p8,Salmo 91:1-4,A Doutrina da Salvação,Crescimento em Cristo,William O. Cushing,Ira D. Sankey,"Sob Suas asas estou descansando 
Inda que noite confiante eu estou 
Sob Suas asas vou sempre abrigado 
Fui redimido e Seu filho já sou 
  Descansarei, descansarei 
Sob Suas asas benditas 
Ao Seu abrigo desfrutarei 
Paz e alegria infinitas 
  Sob Suas asas refúgio eu encontro 
Meu coração poderá descansar 
E se este mundo não presta socorro 
Sob Suas asas a paz hei de achar 
  Descansarei, descansarei 
Sob Suas asas benditas 
Ao Seu abrigo desfrutarei 
Paz e alegria infinitas 
  Sob Suas asas promessa preciosa 
Sempre me posso do mal ocultar 
Salvo em Jesus e confiante na graça 
Nada no mundo me pode abalar 
  Descansarei, descansarei 
Sob Suas asas benditas 
Ao Seu abrigo desfrutarei 
Paz e alegria infinitas 
 "
194,Tem Fé em Deus,"Lar e Família | Oração e Comunhão | Paz, Cuidado e Confiança",1 Tessalonicenses 5:17; Mateus 7:7; Filipenses 4:6 | Josué 24:15; Efésios 6:1-4 | Salmos 23:1-4; João 14:27; Salmos 46:1,https://www.youtube.com/watch?v=UabnP6pgbTc,Marcos 11:22,A Doutrina da Salvação,Crescimento em Cristo,Desconhecido,H. L. Graham,"Tem fé em Deus se a treva oculta o Sol 
Tem fé em Deus se o dia está a findar 
Tem fé em Deus, à noite ou no arrebol 
Tem fé, amigo, em Deus 
  Tem fé em Deus se o sonho se desfaz 
Tem fé em Deus, não podes andar só 
Tem fé em Deus, e busca dEle a paz 
Tem fé, amigo, em Deus 
  Tem fé em Deus se calma a vida vai 
Tem fé em Deus se treme o coração 
Tem fé em Deus que é teu bondoso Pai 
Tem fé, amigo, em Deus 
 "
195,Minha Fé bem Segura Está,"Graça e Salvação | Oração e Comunhão | Paz, Cuidado e Confiança | Sacrifício e Redenção | Segunda Vinda e Esperança",1 Tessalonicenses 4:16-17; Apocalipse 1:7; João 14:1-3 | 1 Tessalonicenses 5:17; Mateus 7:7; Filipenses 4:6 | Efésios 2:8-9; João 3:16; 1 João 1:9 | Isaías 53:4-5; Romanos 5:8; Hebreus 9:22 | Salmos 23:1-4; João 14:27; Salmos 46:1,https://www.youtube.com/watch?v=A4izEhw2FLE,1 João 5:4,A Doutrina da Salvação,Crescimento em Cristo,Priscilla J. Owens,William J. Kirkpatrick,"Bem segura está tua fé, irmão 
Mesmo quando em tempos de aflição? 
O seu barco vai firme a navegar 
Ou perdido está no grande mar? 
  Sim, minha fé bem segura está 
Firme em Jesus continuará 
Confiante em Cristo em Seu amor 
Hei de triunfar sobre o tentador 
  Mesmo ao sobrevir grande temporal 
Minha embarcação não sofre mal 
Ela bem segura navegará 
Porque Cristo, o Mestre, ao leme está 
  Sim, minha fé bem segura está 
Firme em Jesus continuará 
Confiante em Cristo em Seu amor 
Hei de triunfar sobre o tentador 
  Quando a morte, enfim me vier chamar 
Noite irá descer por sobre o mar 
Mesmo assim, com fé, não terei temor: 
Estará comigo o Salvador 
  Sim, minha fé bem segura está 
Firme em Jesus continuará 
Confiante em Cristo em Seu amor 
Hei de triunfar sobre o tentador 
  Já vislumbro a paz desse porto além 
A celestial Jerusalém! 
Lá irei morar com o meu Jesus 
Para sempre estar à Sua luz 
  Sim, minha fé bem segura está 
Firme em Jesus continuará 
Confiante em Cristo em Seu amor 
Hei de triunfar sobre o tentador 
 "
196,Ao Jesus me Tomar a Mão,Oração e Comunhão | Segunda Vinda e Esperança,1 Tessalonicenses 4:16-17; Apocalipse 1:7; João 14:1-3 | 1 Tessalonicenses 5:17; Mateus 7:7; Filipenses 4:6,https://www.youtube.com/watch?v=Dsy2ouhHzIs,"Isaías 41:13, 14",A Doutrina da Salvação,Crescimento em Cristo,Jessie B. Pounds,Henry P. Morton,"Dias turvos há em que busco em vão 
O semblante de meu Jesus 
Mas em meio às trevas eu vejo a luz 
Ao Jesus me tomar a mão 
  Ao Jesus me tomar a mão 
Ao Jesus me tomar a mão 
Sinto vir do Céu força em Seu poder 
Ao Jesus me tomar a mão 
  Quando fraco estou sem poder lutar 
E tentado a desanimar 
Sinto a fé voltar e me animo então 
Ao Jesus me tomar a mão 
  Ao Jesus me tomar a mão 
Ao Jesus me tomar a mão 
Sinto vir do Céu força em Seu poder 
Ao Jesus me tomar a mão 
  Quando a noite vem e não posso ver 
Que caminho seguir então 
Fulgurante luz vejo resplender 
Ao Jesus me tomar a mão 
  Ao Jesus me tomar a mão 
Ao Jesus me tomar a mão 
Sinto vir do Céu força em Seu poder 
Ao Jesus me tomar a mão 
  Quando o instante atroz, derradeiro, enfim 
For chegado também a mim 
Há de estar em calma meu coração 
Ao Jesus me tomar a mão 
  Ao Jesus me tomar a mão 
Ao Jesus me tomar a mão 
Sinto vir do Céu força em Seu poder 
Ao Jesus me tomar a mão 
 "
197,Sou Feliz Com Jesus,"Graça e Salvação | Oração e Comunhão | Paz, Cuidado e Confiança | Sacrifício e Redenção | Segunda Vinda e Esperança",1 Tessalonicenses 4:16-17; Apocalipse 1:7; João 14:1-3 | 1 Tessalonicenses 5:17; Mateus 7:7; Filipenses 4:6 | Efésios 2:8-9; João 3:16; 1 João 1:9 | Isaías 53:4-5; Romanos 5:8; Hebreus 9:22 | Salmos 23:1-4; Salmos 46:1,https://www.youtube.com/watch?v=Xmna0YjSQ-s,João 14:27,A Doutrina da Salvação,Crescimento em Cristo,Horatio G. Spafford,Philip P. Bliss,"Se paz, a mais doce eu puder desfrutar 
Se dor a mais forte sofrer 
Oh, seja o que for Tu me fazes saber 
Que feliz com Jesus hei de estar 
  Sou feliz com Jesus! 
Sou feliz com Jesus Meu Senhor! 
  Embora me assalte o cruel Satanás 
E ataque com vis tentações 
Oh, sim, certo estou mesmo em tais provações 
Em Jesus acharei força e paz 
  Sou feliz com Jesus! 
Sou feliz com Jesus Meu Senhor! 
  Jesus, meu Senhor ao morrer sobre a cruz 
Livrou-me da culpa e do mal 
Salvou-me Jesus oh, que amor sem igual 
Sou feliz, e hoje vivo na luz 
  Sou feliz com Jesus! 
Sou feliz com Jesus Meu Senhor! 
  A vinda eu anseio do meu Salvador 
Em breve virá me buscar 
E então com Jesus vou pra sempre morar 
Com remidos na luz do Senhor 
  Sou feliz com Jesus! 
Sou feliz com Jesus Meu Senhor! 
 "
198,Deus Vos Guarde,Adoração e Louvor | Graça e Salvação | Missão e Serviço,Efésios 2:8-9; João 3:16; 1 João 1:9 | Mateus 28:19-20; Isaías 6:8; Marcos 16:15 | Salmos 150:1-6; Apocalipse 4:8; Salmos 95:1-2,https://www.youtube.com/watch?v=J0dZy3WKJCc,Números 6:24-26,A Doutrina da Salvação,Crescimento em Cristo,Jeremiah Eames Rankin,William Gould Tomer,"Deus vos guarde pelo Seu poder 
Protegidos ao Seu lado 
Desfrutando Seus cuidados 
Deus vos guarde pelo Seu poder 
  Pelo Seu poder e no Seu amor 
Té nos encontrarmos com Jesus 
Pelo Seu poder e no Seu amor 
Oh, que Deus vos guarde em Sua luz 
  Deus vos guarde do poder do mal 
Da ruína e do pecado 
Mui felizes ao Seu lado 
Deus vos guarde do poder do mal 
  Pelo Seu poder e no Seu amor 
Té nos encontrarmos com Jesus 
Pelo Seu poder e no Seu amor 
Oh, que Deus vos guarde em Sua luz 
  Deus vos guarde para o Seu louvor 
Seu serviço tão glorioso 
Um viver mui vitorioso 
Deus vos guarde para o Seu louvor 
  Pelo Seu poder e no Seu amor 
Té nos encontrarmos com Jesus 
Pelo Seu poder e no Seu amor 
Oh, que Deus vos guarde em Sua luz 
 "
199,Ao Passares pelas Águas,Vida Cristã e Devoção,Salmos 1:1-2; Provérbios 3:5-6,https://www.youtube.com/watch?v=V6AW8M1Jg-0,"Isaías 43:1, 2",A Doutrina da Salvação,Crescimento em Cristo,Donald J. Wyrtzen,Donald J. Wyrtzen,"""Ao passares pelas águas 
Serei contigo 
Ao passares pelas águas 
Serei contigo 
Rios caudalosos 
A ti não podem submergir 
Ao passares pelo fogo 
Não, oh, não te queimarás 
Ao passares pelas águas 
Serei contigo 
Ao passares pelas águas 
Serei contigo"" 
  ""Ao passares pelas águas 
Serei contigo 
Ao passares pelas águas 
Serei contigo 
As duras provas 
A ti não podem derrotar 
Se por Minha causa sofres 
Tu me glorificarás 
Ao passares pelas águas 
Serei contigo 
Ao passares pelas águas 
Serei contigo"" 
 "
200,Nunca Me Deixar,"Paz, Cuidado e Confiança",Salmos 23:1-4; João 14:27; Salmos 46:1,https://www.youtube.com/watch?v=V37Xhq3pVj8,"Isaías 41:13, 14",A Doutrina da Salvação,Crescimento em Cristo,Ludie Carrington Day Pickett,Desconhecido,"Neste mundo, sozinho 
Eu nunca posso avançar 
Pois, neste meu caminho 
Perdido fico a vagar 
Mas Jesus, nosso Amigo 
Vem sempre pra me guiar 
E Ele mesmo promete 
Que nunca vai me deixar 
  Nunca me deixar! Nunca me deixar! 
Pois ele mesmo promete 
Comigo caminhar 
Nunca me deixar! Nunca me deixar! 
Pois Ele mesmo promete 
Que nunca vai me deixar 
  No caminho do mundo 
Sem Cristo vou me perder 
Sozinho, me confundo 
E fico sempre a temer 
Se Jesus vai comigo 
Alegre posso avançar 
E Ele mesmo promete 
Que nunca vai me deixar 
  Nunca me deixar! Nunca me deixar! 
Pois ele mesmo promete 
Comigo caminhar 
Nunca me deixar! Nunca me deixar! 
Pois Ele mesmo promete 
Que nunca vai me deixar 
  Nestas lutas que enfrento 
Nas dores, nas aflições 
Em todo sofrimento 
Ao virem as tentações 
Cristo anda ao meu lado 
Comigo, para ajudar 
Sim, Ele mesmo promete 
Que nunca vai me deixar 
  Nunca me deixar! Nunca me deixar! 
Pois ele mesmo promete 
Comigo caminhar 
Nunca me deixar! Nunca me deixar! 
Pois Ele mesmo promete 
Que nunca vai me deixar 
 "
201,Dia a Dia,"Crianças e Jovens | Graça e Salvação | Lar e Família | Paz, Cuidado e Confiança",Efésios 2:8-9; João 3:16; 1 João 1:9 | Josué 24:15; Efésios 6:1-4 | Mateus 19:14; Provérbios 22:6 | Salmos 23:1-4; João 14:27; Salmos 46:1,https://www.youtube.com/watch?v=kUuN3BnJnaI,Salmo 68:19,A Doutrina da Salvação,Crescimento em Cristo,Carolina Vilhelmina Sandell-Berg,Oscar Ahnfelt,"Dia a dia, em todos os momentos 
Força encontro em lutas ou labor 
Pois de Deus recebo sempre alento 
Que razão terei eu pra temor? 
Deus, que é bom, e sábio e compassivo 
Cada dia dá-me o que é melhor 
Uma dor, e logo um lenitivo 
Luta e paz eu sinto em derredor 
  Cada dia Deus está bem perto 
E conselhos dEle posso obter 
Segurança e auxílio em tempo certo 
Me concede pelo Seu poder 
Com carinho Deus protege e guia 
Qual zeloso pai os filhos Seus 
""Dar-te-ei poder a cada dia"" 
É a certeza que Ele ofereceu 
  Quero, ó Deus, em cada sofrimento 
Confiar em Teu cuidado e amor 
E com fé, eu permaneça atento 
Às promessas Tuas meu Senhor 
E que eu possa, em lutas, dores, trevas 
Aceitar, ó Deus, de Tua mão 
Um a um, os dias que me entregas 
Nesta minha peregrinação 
 "
202,Não Ando Só,"Graça e Salvação | Oração e Comunhão | Paz, Cuidado e Confiança",1 Tessalonicenses 5:17; Mateus 7:7; Filipenses 4:6 | Efésios 2:8-9; João 3:16; 1 João 1:9 | Salmos 23:1-4; João 14:27; Salmos 46:1,https://www.youtube.com/watch?v=kQWEGODrfKc,Isaías 41:10,A Doutrina da Salvação,Crescimento em Cristo,Alfred H. Ackley,Waldemar Orlando Wensell,"Não ando só, pois Cristo me acompanha 
Por toda a parte aonde quer que eu for 
Meu coração se alegra em Sua graça 
E quantos queiram fruem Seu amor 
  Não ando só, Jesus ao lado tenho 
E nEle achei Amigo sem igual 
De tal Amigo apoio e guia obtenho 
Não ando só, pois Ele me é real 
  Não ando só, em meio à tempestade 
Mesmo que o vento esteja a me açoitar 
Seguro vou pois Cristo está comigo 
E os braços Seus estão a me rodear 
  Não ando só, Jesus ao lado tenho 
E nEle achei Amigo sem igual 
De tal Amigo apoio e guia obtenho 
Não ando só, pois Ele me é real 
 "
203,Abrigo na Rocha,"Adoração e Louvor | Graça e Salvação | Paz, Cuidado e Confiança",Efésios 2:8-9; João 3:16; 1 João 1:9 | Salmos 150:1-6; Apocalipse 4:8; Salmos 95:1-2 | Salmos 23:1-4; João 14:27; Salmos 46:1,https://www.youtube.com/watch?v=TqplFQwwgGM,"Salmo 31:2, 3",A Doutrina da Salvação,Crescimento em Cristo,Fanny J. Crosby,William J. Kirkpatrick,"Jesus, amoroso e fiel Salvador 
Tão maravilhoso pra mim 
No abrigo da rocha me esconde ao calor 
E dá-me alegria sem fim 
  No abrigo da rocha me esconde ao calor 
Em árida terra de sol 
Oculta minh'alma em Seu plácido amor 
E cobre-me com Sua mão 
Sim, cobre-me com Sua mão 
  Jesus, amoroso e fiel Salvador 
Afasta-me a carga e o pesar 
Restaura-me as forças renova o fervor 
E assim já não temo lutar 
  No abrigo da rocha me esconde ao calor 
Em árida terra de sol 
Oculta minh'alma em Seu plácido amor 
E cobre-me com Sua mão 
Sim, cobre-me com Sua mão 
  Concede-me bênçãos de paz e de luz 
Nos lábios me põe o louvor 
Cantando, contente dou glória a Jesus 
Excelso e leal Salvador 
  No abrigo da rocha me esconde ao calor 
Em árida terra de sol 
Oculta minh'alma em Seu plácido amor 
E cobre-me com Sua mão 
Sim, cobre-me com Sua mão 
  E enfim, quando em glória eu feliz ressurgir 
E for meu Jesus abraçar 
Delícias perenes eu hei de fruir 
No reino sublime, sem-par 
  No abrigo da rocha me esconde ao calor 
Em árida terra de sol 
Oculta minh'alma em Seu plácido amor 
E cobre-me com Sua mão 
Sim, cobre-me com Sua mão 
 "
204,Meu Divino Protetor,Crianças e Jovens | Graça e Salvação | Lar e Família | Sacrifício e Redenção,Efésios 2:8-9; João 3:16; 1 João 1:9 | Isaías 53:4-5; Romanos 5:8; Hebreus 9:22 | Josué 24:15; Efésios 6:1-4 | Mateus 19:14; Provérbios 22:6,https://www.youtube.com/watch?v=llDMZ7vVsQU,Salmo 46:1-3,A Doutrina da Salvação,Crescimento em Cristo,Charles Wesley,Simeon B. Marsh,"Meu divino Protetor quero em Ti me refugiar 
Pois as ondas de terror ameaçam me tragar 
Quase estou a perecer 
Dá-me a Tua proteção 
Pois guardado em Teu poder não receio o furacão 
  És amparo, meu Jesus Sem alento venho a Ti 
Não me deixes sem a luz que ilumina a senda aqui 
Eu confio em Teu amor 
E na Tua compaixão 
És meu forte defensor que me ampare Tua mão 
  Graça imensa em Ti se achou para tudo perdoar 
Sangue Teu se derramou nele quero me lavar 
Fonte és de todo bem 
Dá-me sempre de beber 
Confortar minh'alma vem quero em Teu amor viver 
 "
205,Ergo Os Meus Olhos,Segunda Vinda e Esperança,1 Tessalonicenses 4:16-17; Apocalipse 1:7; João 14:1-3,https://www.youtube.com/watch?v=x097Y9HQpL4,Salmo 121,A Doutrina da Salvação,Crescimento em Cristo,Auguste Decoppet,Desconhecido,"Ergo os meus olhos para os altos montes 
O meu socorro de onde me virá? 
O meu socorro vem do Deus eterno 
Que fez a terra fez o céu e o mar 
  Ele te guarda se teu pé vacila 
Teu Guarda nunca tosquenejará 
E tua sombra nem de noite a Lua 
Nem Sol de dia te molestarão 
  Todos os males Ele é quem afasta 
Pois Tua alma Ele guardará 
Guarda a saída guarda tua entrada 
Sim, desde agora para sempre. Amém! 
 "
206,Fixa Teus Olhos No Mestre,Graça e Salvação | Lar e Família | Segunda Vinda e Esperança,1 Tessalonicenses 4:16-17; Apocalipse 1:7; João 14:1-3 | Efésios 2:8-9; João 3:16; 1 João 1:9 | Josué 24:15; Efésios 6:1-4,https://www.youtube.com/watch?v=aWL-qItB_uY,Salmo 42:11,A Doutrina da Salvação,Crescimento em Cristo,Helen H. Lemmel,Helen H. Lemmel,"Se amargas tristezas da vida 
Curvarem tua fronte em dor 
E vendo a esperança perdida 
Caíres nas mãos do temor 
  Fixa teus olhos no Mestre 
Confia no bom Salvador 
Fruirás, na luta terrestre 
Maravilhas do Seu doce amor 
  Se as ondas cruéis do oceano 
Quiserem a nave tragar 
E as vagas do mal tão insano 
Fizerem tua fé vacilar 
  Fixa teus olhos no Mestre 
Confia no bom Salvador 
Fruirás, na luta terrestre 
Maravilhas do Seu doce amor 
  Se aflito, sem fé sem coragem 
Vagando nas sendas do mal 
Do mundo seguindo a miragem 
Não ouves a voz divinal 
  Fixa teus olhos no Mestre 
Confia no bom Salvador 
Fruirás, na luta terrestre 
Maravilhas do Seu doce amor 
 "
207,Confiei No Meu Senhor,Adoração e Louvor,Salmos 150:1-6; Apocalipse 4:8; Salmos 95:1-2,https://www.youtube.com/watch?v=t9Pp34pZ1AQ,Salmo 40:1-4,A Doutrina da Salvação,Crescimento em Cristo,Valdecir Simões Lima,Lineu Formighieri Soares,"Confiei no meu Senhor 
E Ele me ouviu 
Do pecado me livrou 
E a vida em mim surgiu 
  Muitos O verão e temerão 
Deus, Criador da terra e Céu 
Bem aventurado o que confia no Senhor 
A Cristo honra glória e louvor! 
  Os meus pés guiou no bem 
Um sol em mim nasceu 
Minha vida há de ser 
Um hino ao meu bom Deus 
  Muitos O verão e temerão 
Deus, Criador da terra e Céu 
Bem aventurado o que confia no Senhor 
A Cristo honra glória e louvor! 
A Cristo honra glória e louvor! 
 "
208,Confia em Deus,Missão e Serviço | Segunda Vinda e Esperança,1 Tessalonicenses 4:16-17; Apocalipse 1:7; João 14:1-3 | Mateus 28:19-20; Isaías 6:8; Marcos 16:15,https://www.youtube.com/watch?v=u_D5Tk3qn1Y,Salmo 37:5,A Doutrina da Salvação,Crescimento em Cristo,Virgil P. Brock,Blanche Kerr Brock,"A vida tem tristezas mil 
Nem tudo é um céu de anil 
Mas contra a dor que é tão hostil 
Há um caminho só: 
  Confia em Deus, que Ele sempre te ouvirá 
Confia em Deus, que Ele nunca falhará 
Confia em Deus, que a escura nuvem passará 
Oh, não duvides, mas confia em Deus 
  Quando teu céu escurecer 
E enfrentares teu sofrer 
Se queres forças receber 
Há um caminho só: 
  Confia em Deus, que Ele sempre te ouvirá 
Confia em Deus, que Ele nunca falhará 
Confia em Deus, que a escura nuvem passará 
Oh, não duvides, mas confia em Deus 
  Se tua fé provada for 
E te esqueceres do Senhor 
Necessitando um Salvador 
Há um caminho só: 
  Confia em Deus, que Ele sempre te ouvirá 
Confia em Deus, que Ele nunca falhará 
Confia em Deus, que a escura nuvem passará 
Oh, não duvides, mas confia em Deus 
 "
209,Todas As Coisas Contribuem,Vida Cristã e Devoção,Salmos 1:1-2; Provérbios 3:5-6,https://www.youtube.com/watch?v=ZTX7-BadhSc,Romanos 8:28,A Doutrina da Salvação,Crescimento em Cristo,Lineu Formighieri Soares,Lineu Formighieri Soares,"Todas as coisas contribuem pra o bem 
Daqueles que amam a Deus 
Todas as coisas contribuem pra o bem 
Daqueles que amam a Deus 
E, quando você viver momentos de dor 
Segure nas mãos de Deus e louve o Senhor 
Pois todas as coisas contribuem pra o bem 
Daqueles que amam a Deus 
  Todas as coisas contribuem para o bem 
Daqueles que amam a Deus 
Todas as coisas contribuem pra o bem 
Daqueles que amam a Deus 
Se os sonhos demoram a se realizar 
Nos planos de Deus você precisa confiar 
Pois todas as coisas contribuem pra o bem 
Daqueles que amam a Deus 
 "
210,Sempre Confiante,"Crianças e Jovens | Graça e Salvação | Paz, Cuidado e Confiança | Segunda Vinda e Esperança",1 Tessalonicenses 4:16-17; Apocalipse 1:7; João 14:1-3 | Efésios 2:8-9; João 3:16; 1 João 1:9 | Mateus 19:14; Provérbios 22:6 | Salmos 23:1-4; João 14:27; Salmos 46:1,https://www.youtube.com/watch?v=3axUf7ybwqA,Salmo 37:5,A Doutrina da Salvação,Crescimento em Cristo,Cleiton Schaefer,Cleiton Schaefer,"Quando a minha esperança acabar 
Quando o sol pra mim não brilhar 
Eu só preciso a Jesus recorrer 
Pois dEle me vem o poder 
  Em Deus vou 
Sempre confiante 
Vou avante pra vencer 
Em Deus vou 
Sempre confiante 
Vou sem mais temer 
  O que vai no futuro eu não sei 
O caminho que vou passar 
Mas sei que Ele sempre vai me guiar 
E sei que seguro estarei 
  Em Deus vou 
Sempre confiante 
Vou avante pra vencer 
Em Deus vou 
Sempre confiante 
Vou sem mais temer 
  E por isso vamos cantar 
Todos juntos nos alegrar 
Pois nosso Deus é poderoso Senhor 
E guarda Seus filhos co'amor 
  Em Deus vou 
Sempre confiante 
Vou avante pra vencer 
Em Deus vou 
Sempre confiante 
Vou sem mais temer 
Vou sem mais temer 
 "
211,Jesus Meu Guia É,"Graça e Salvação | Paz, Cuidado e Confiança",Efésios 2:8-9; João 3:16; 1 João 1:9 | Salmos 23:1-4; João 14:27; Salmos 46:1,https://www.youtube.com/watch?v=vBfU_89IE44,"Salmo 73:23, 24",A Doutrina da Salvação,Crescimento em Cristo,Michael Ledner,Michael Ledner,"Jesus meu guia é 
Amigo sem igual 
Ele é o meu bom Pastor 
E quando eu sentir temor 
Nele confiarei 
  Nele confiarei 
Fraco sou, mas Deus me dá 
Seu poder, Seu amor 
  Jesus meu guia é 
Amigo sem igual 
Ele é o meu bom Pastor 
E quando eu sentir temor 
Nele confiarei 
  Nele confiarei 
Fraco sou, mas Deus me dá 
Seu poder, Seu amor 
  Nele confiarei 
 "
212,Bendita Segurança,"Adoração e Louvor | Graça e Salvação | Paz, Cuidado e Confiança",Efésios 2:8-9; João 3:16; 1 João 1:9 | Salmos 150:1-6; Apocalipse 4:8; Salmos 95:1-2 | Salmos 23:1-4; João 14:27; Salmos 46:1,https://www.youtube.com/watch?v=6NYekrMlTQY,"Romanos 5:1, 2",A Doutrina da Salvação,Crescimento em Cristo,Fanny J. Crosby,Phoebe Palmer Knapp,"Que segurança! Sou de Jesus! 
Eu já desfruto bênçãos da luz! 
Sei que herdeiro sou de meu Deus 
Ele me leva à glória dos Céus! 
  Canta, minh'alma! Canta ao Senhor! 
Rende-Lhe sempre honra e louvor! 
Canta, minh'alma! Canta ao Senhor! 
Rende-Lhe sempre honra e louvor! 
  Sendo submisso sempre ao bem 
Sinto os enlevos puros no além 
Anjos, descendo trazem no alvor 
Ecos da graça bênçãos do amor 
  Canta, minh'alma! Canta ao Senhor! 
Rende-Lhe sempre honra e louvor! 
Canta, minh'alma! Canta ao Senhor! 
Rende-Lhe sempre honra e louvor! 
  Sempre vivendo em Seu grande amor 
Me regozijo em meu Salvador 
Esperançoso, vivo na luz 
Quanta bondade tem meu Jesus! 
  Canta, minh'alma! Canta ao Senhor! 
Rende-Lhe sempre honra e louvor! 
Canta, minh'alma! Canta ao Senhor! 
Rende-Lhe sempre honra e louvor! 
 "
213,Não Me Esqueci De Ti,Crianças e Jovens | Lar e Família | Missão e Serviço | Palavra de Deus e Lei | Sacrifício e Redenção | Segunda Vinda e Esperança,1 Tessalonicenses 4:16-17; Apocalipse 1:7; João 14:1-3 | Isaías 53:4-5; Romanos 5:8; Hebreus 9:22 | Josué 24:15; Efésios 6:1-4 | Mateus 19:14; Provérbios 22:6 | Mateus 28:19-20; Isaías 6:8; Marcos 16:15 | Salmos 119:105; 2 Timóteo 3:16; Salmos 19:7,https://www.youtube.com/watch?v=ILnsDgw5E30,Isaías 49:15,A Doutrina da Salvação,Crescimento em Cristo,Jader D. Santos,Jader D. Santos,"Se as ondas desta vida 
Destruírem tua fé 
E fizerem que duvides 
De que em breve voltarei 
Volve os olhos ao passado 
Vê na cruz o Meu sofrer 
Queres provas mais do que esta? 
Tanto amei que a vida dei! 
  Pensas mesmo ser tão fácil 
Esquecer o que falei 
Se na história deste mundo 
Já Meus pés empoeirei? 
Mesmo que uma mãe viesse 
De seu filho se esquecer 
Inda assim não haveria 
De Me esquecer de ti 
  Mas ainda que demore 
Ou mesmo que pareça 
Um dia prometi voltar 
E pronto estou a cumprir 
Mas ainda que demore 
Ou mesmo que pareça 
Eu não Me esqueci de ti: 
Virei outra vez 
 "
214,Não Há O Que Temer,Adoração e Louvor | Graça e Salvação | Oração e Comunhão | Sacrifício e Redenção,1 Tessalonicenses 5:17; Mateus 7:7; Filipenses 4:6 | Efésios 2:8-9; João 3:16; 1 João 1:9 | Isaías 53:4-5; Romanos 5:8; Hebreus 9:22 | Salmos 150:1-6; Apocalipse 4:8; Salmos 95:1-2,https://www.youtube.com/watch?v=RylJ4GK3r0k,Isaías 41:10,A Doutrina da Salvação,Crescimento em Cristo,Ricardo Martins,Ricardo Martins,"Eu sou o Senhor Rei de Israel 
Santo Redentor Começo e o Fim 
Sou o Criador O verdadeiro Deus 
Eu sou a cura Sou o Poder 
  Eu sou o Amém Estrela da manhã 
Eu Morri na Cruz Trouxe Salvação 
Conheço a tua dor Ouço o teu clamor 
E minha destra não falhará 
  Não há o que temer Contigo eu estou 
Não te assombres Porque eu sou o Teu Deus 
Te fortalecerei Te sustentarei 
Com minha mão eu serei fiel 
  Eu sou o Senhor Rei de Israel 
Santo Redentor Começo e o Fim 
Sou o Criador O verdadeiro Deus 
Eu sou a cura Sou o Poder 
  Eu sou o Amém Estrela da manhã 
Eu Morri na Cruz Trouxe Salvação 
Conheço a tua dor Ouço o teu clamor 
E minha destra não falhará 
  Não há o que temer Contigo eu estou 
Não te assombres Porque eu sou o Teu Deus 
Te fortalecerei Te sustentarei 
Com minha mão eu serei fiel 
 "
215,A Única Saída,"Paz, Cuidado e Confiança | Segunda Vinda e Esperança",1 Tessalonicenses 4:16-17; Apocalipse 1:7; João 14:1-3 | Salmos 23:1-4; João 14:27; Salmos 46:1,https://www.youtube.com/watch?v=dhYaXaT7SBQ,João 6:68,A Doutrina da Salvação,Crescimento em Cristo,Silmar Correia,Silmar Correia,"Se na escuridão da vida 
Tu não sabes pra onde ir 
Se andas cheio de motivos 
Pra parar e desistir 
Uma coisa eu te digo 
Preste muita atenção: 
Jesus Cristo é a saída 
Jesus Cristo é solução! 
  Ele é mais que uma resposta 
É a mão que te conduz 
Quando tudo está escuro 
Ele é a própria luz 
É a fonte da esperança 
Da alegria e do prazer 
Ele é a única saída 
Pra tua vida renascer 
  Os problemas e as tristezas 
Não vão mais te dominar 
Muita paz e segurança 
Em Jesus tu vais achar 
Pela estrada deste mundo 
Ele vai te esperar 
E ao mostrar-te a saída 
Vai sorrir e te abraçar 
  Ele é mais que uma resposta 
É a mão que te conduz 
Quando tudo está escuro 
Ele é a própria luz 
É a fonte da esperança 
Da alegria e do prazer 
Ele é a única saída 
Pra tua vida renascer 
  Jesus Cristo é a saída 
Pra tua vida renascer 
 "
216,Pode Cair o Mundo,"Adoração e Louvor | Paz, Cuidado e Confiança",Salmos 150:1-6; Apocalipse 4:8; Salmos 95:1-2 | Salmos 23:1-4; João 14:27; Salmos 46:1,https://www.youtube.com/watch?v=OAjs3XGoNS8,Salmo 37:5,A Doutrina da Salvação,Crescimento em Cristo,Valdecir Simões Lima,Lineu Formighieri Soares,"O mundo corre em busca de sucesso 
E a vida em tanta guerra se desfaz 
O homem sonha as glórias do progresso 
Mas anda velozmente para trás 
Só Deus concede a glória verdadeira 
Só nEle a vida tem real valor 
É Ele quem promete um mundo novo 
Sem medo, sem tristeza e sem rancor 
  A glória 
Desta terra é passageira 
A vida passa 
E tudo que ela traz 
Não temo o futuro 
Pois tenho Deus comigo 
Pode cair o mundo 
Estou em paz 
  Entrega teu caminho ao Senhor 
Confia nEle e o mais Ele fará 
É esse o sucesso verdadeiro 
Estar no mundo mas em Deus confiar 
  A glória 
Desta terra é passageira 
A vida passa 
E tudo que ela traz 
Não temo o futuro 
Pois tenho Deus comigo 
Pode cair o mundo 
Estou em paz 
  Na batalha contra o mal 
Cristo é o grande vencedor 
Ele é o nosso general 
Ele é o nosso Salvador 
  A glória 
Desta terra é passageira 
A vida passa 
E tudo que ela traz 
Não temo o futuro 
Pois tenho Deus comigo 
Pode cair o mundo 
Pode cair o mundo 
Pode cair o mundo 
Estou em paz 
 "
217,Fé Dos Nossos Pais,Lar e Família | Missão e Serviço | Oração e Comunhão | Sacrifício e Redenção,1 Tessalonicenses 5:17; Mateus 7:7; Filipenses 4:6 | Isaías 53:4-5; Romanos 5:8; Hebreus 9:22 | Josué 24:15; Efésios 6:1-4 | Mateus 28:19-20; Isaías 6:8; Marcos 16:15,https://www.youtube.com/watch?v=BCeuEXUiNas,,A Doutrina da Igreja,A Igreja,Frederick W. Faber,Henri F. Hemy,"Oh, como pulsa o coração 
Quando nos lembra a antiga fé 
Que revelaram nossos pais 
Ante a dor e a morte até! 
  Bendita fé dos nossos pais 
Inspira nossos ideais! 
  Mesmo em prisões os nossos pais 
Firmes morriam sem pesar 
Tenham de nós a imitação 
Antes morrer do que pecar 
  Bendita fé dos nossos pais 
Inspira nossos ideais! 
  Bendita fé dos nossos pais 
Possamos nós te ser fiéis 
Sempre honrar e proclamar 
Com devoção os teus lauréis 
  Bendita fé dos nossos pais 
Inspira nossos ideais! 
 "
218,"Ouve-nos, Pastor Divino","Adoração e Louvor | Graça e Salvação | Oração e Comunhão | Paz, Cuidado e Confiança",1 Tessalonicenses 5:17; Mateus 7:7; Filipenses 4:6 | Efésios 2:8-9; João 3:16; 1 João 1:9 | Salmos 150:1-6; Apocalipse 4:8; Salmos 95:1-2 | Salmos 23:1-4; João 14:27; Salmos 46:1,https://www.youtube.com/watch?v=yF9207i7eQQ,"João 10:14, 15",A Doutrina da Igreja,A Igreja,Dorothy Ann Thrupp,William B. Bradbury,"Ouve-nos, Pastor divino 
Neste santo e bom lugar 
Teu rebanho congregado 
Vimos juntos Te adorar 
Cristo amado, Cristo amado 
Vem Teu povo abençoar 
Cristo amado, Cristo amado 
Vem Teu povo abençoar 
  Aos perdidos no pecado 
Seu perigo faz sentir 
Chama os pobres enganados 
Faze-os Tua voz ouvir 
Aos enfermos, aos enfermos 
Vem depressa acudir 
Aos enfermos, aos enfermos 
Vem depressa acudir 
  Traze o pobre desgarrado 
Ao Teu bom redil, Senhor 
Toma o tenro cordeirinho 
Em Teu braço protetor 
Dá-lhe abrigo, dá-lhe abrigo 
Em Teu santo e doce amor 
Dá-lhe abrigo, dá-lhe abrigo 
Em Teu santo e doce amor 
  Ó Jesus, escuta o rogo 
Nossa humilde petição 
Vem, desperta em Teu rebanho 
Mais sincera devoção 
Cantaremos, cantaremos 
Tua afável proteção 
Cantaremos, cantaremos 
Tua afável proteção 
 "
219,Da Igreja o Fundamento,"Adoração e Louvor | Graça e Salvação | Igreja e Comunhão | Lar e Família | Missão e Serviço | Paz, Cuidado e Confiança",Efésios 2:8-9; João 3:16; 1 João 1:9 | Josué 24:15; Efésios 6:1-4 | Mateus 28:19-20; Isaías 6:8; Marcos 16:15 | Salmos 133:1; Hebreus 10:25 | Salmos 150:1-6; Apocalipse 4:8; Salmos 95:1-2 | Salmos 23:1-4; João 14:27; Salmos 46:1,https://www.youtube.com/watch?v=S8Xd30MZcNY,1 Coríntios 3:11,A Doutrina da Igreja,A Igreja,Samuel John Stone,Samuel S. Wesley,"Da Igreja o fundamento é Cristo, o Salvador 
E nele ela descansa é forte em Seu amor 
Em Cristo edificada bem firme ficará 
Pois sobre a Rocha eterna jamais se abalará 
  A Pedra mui preciosa que Deus providenciou 
Sustenta pedras vivas que a graça trabalhou 
Sejamos sempre unidos vivendo em plena luz 
E a glória desta Igreja será do Rei Jesus 
  Em meio às duras lutas que deve confrontar 
Espera a Igreja, em Cristo, um dia triunfar 
Pois a visão gloriosa enfim se cumprirá 
E a Igreja vitoriosa em paz repousará 
 "
220,Fortalece Tua Igreja,Adoração e Louvor | Graça e Salvação | Igreja e Comunhão | Lar e Família | Segunda Vinda e Esperança,1 Tessalonicenses 4:16-17; Apocalipse 1:7; João 14:1-3 | Efésios 2:8-9; João 3:16; 1 João 1:9 | Josué 24:15; Efésios 6:1-4 | Salmos 133:1; Hebreus 10:25 | Salmos 150:1-6; Apocalipse 4:8; Salmos 95:1-2,https://www.youtube.com/watch?v=ddnROB-Iagk,Habacuque 3:2,A Doutrina da Igreja,A Igreja,Henry Maxwell Wright,Melodia Tradicional Galesa,"Fortalece Tua igreja ó bendito e bom Senhor 
Aquecendo nossa vida no divino, santo amor 
Vem, derrama sobre todos toda a graça de Jesus 
Dando as bênçãos da verdade que nos mostram Tua luz 
  Pai, contempla Tua Igreja vem, estende Tua mão 
Dá-lhe a graça insondável da divina redenção 
Antes que ela desfaleça e se torne sem vigor 
Vivifica e fortalece Tua igreja, ó Senhor 
  Santifica Tua Igreja pela graça divinal 
Faze-a sempre triunfante no conflito contra o mal 
Dá-lhe forças na jornada a caminho para o lar 
E que esteja preparada quando Cristo regressar 
 "
221,Somos Igreja,Graça e Salvação | Igreja e Comunhão | Lar e Família | Palavra de Deus e Lei | Sacrifício e Redenção,Efésios 2:8-9; João 3:16; 1 João 1:9 | Isaías 53:4-5; Romanos 5:8; Hebreus 9:22 | Josué 24:15; Efésios 6:1-4 | Salmos 119:105; 2 Timóteo 3:16; Salmos 19:7 | Salmos 133:1; Hebreus 10:25,https://www.youtube.com/watch?v=Gd-0ohdm-PI,Efésios 3:10,A Doutrina da Igreja,A Igreja,Wanderson F. Paiva,Wanderson F. Paiva,"Somos igreja um povo unido 
Somos igreja família de Deus 
Somos igreja o povo escolhido 
Nós proclamamos as novas do Céu 
  Somos igreja o corpo de Cristo 
Somos igreja Jesus nos salvou 
Somos igreja que aguarda a vinda 
Do nosso Mestre do nosso Senhor 
  Somos igreja firmada na Bíblia 
Somos igreja comprada na cruz 
Somos igreja que a luz irradia 
Testemunhando do amor de Jesus 
  Somos igreja o corpo de Cristo 
Somos igreja Jesus nos salvou 
Somos igreja que aguarda a vinda 
Do nosso Mestre do nosso Senhor 
 "
222,Somos Um Pequeno Povo,Oração e Comunhão | Segunda Vinda e Esperança,1 Tessalonicenses 4:16-17; Apocalipse 1:7; João 14:1-3 | 1 Tessalonicenses 5:17; Mateus 7:7; Filipenses 4:6,https://www.youtube.com/watch?v=ttA_S0UZpCI,Isaías 41:14,A Doutrina da Igreja,A Igreja,Arnaldo B. Christianini,Arnaldo B. Christianini,"Somos um pequeno povo mui feliz! 
Somos um pequeno povo mui feliz! 
Cristo veio nos salvar breve nos virá buscar 
Somos um pequeno povo mui feliz! 
  Os sinais de Sua volta aí estão 
Eis os povos em tremenda inquietação 
Eis a ciência a aumentar e a impiedade a se agravar 
Logo Cristo nos trará libertação! 
  'Stá mui prestes o momento da emoção 
Vai bater acelerado o coração! 
Nossos olhos levantar Para o céu bem firme olhar 
Já vem vindo a tão sonhada redenção 
  Somos um pequeno povo mui feliz! 
Somos um pequeno povo mui feliz! 
Cristo veio nos salvar breve nos virá buscar 
Somos um pequeno povo mui feliz! 
 "
223,Há Um Dever,Graça e Salvação | Lar e Família | Missão e Serviço,Efésios 2:8-9; João 3:16; 1 João 1:9 | Josué 24:15; Efésios 6:1-4 | Mateus 28:19-20; Isaías 6:8,https://www.youtube.com/watch?v=cWZK-r9LP2I,Marcos 16:15,A Doutrina da Igreja,O Remanescente e Sua Missão,Dario Pires de Araújo,George W. Warren,"Há um dever 
Que Deus nos confiou: 
Ir e anunciar 
Jesus ao pecador 
Ir proclamar 
Que já o resgatou 
Sim, expandir 
A fé no Salvador 
  Não demoreis 
O fim se aproximou 
Já brilha o céu 
No alvor da redenção 
Ao infeliz 
Que o mal escravizou 
Ó, ide já 
Livrar da perdição 
  Deus vos chamou 
A fim de trabalhar 
Sim é Jesus 
O nosso Capitão 
Graça e perdão 
Deveis anunciar 
Quem for fiel 
Terá o galardão 
 "
224,Mensagem Ao Mundo,"Adoração e Louvor | Graça e Salvação | Missão e Serviço | Paz, Cuidado e Confiança | Sacrifício e Redenção | Segunda Vinda e Esperança",1 Tessalonicenses 4:16-17; Apocalipse 1:7; João 14:1-3 | Efésios 2:8-9; João 3:16; 1 João 1:9 | Isaías 53:4-5; Romanos 5:8; Hebreus 9:22 | Mateus 28:19-20; Isaías 6:8; Marcos 16:15 | Salmos 150:1-6; Apocalipse 4:8; Salmos 95:1-2 | Salmos 23:1-4; João 14:27; Salmos 46:1,https://www.youtube.com/watch?v=bENSL9Ox2LU,Mateus 28:18-20,A Doutrina da Igreja,O Remanescente e Sua Missão,H. Ernest Nichol,H. Ernest Nichol,"Vamos dar a mensagem ao mundo 
Proclamar a história da cruz 
História de amor e graça 
História de paz e luz 
História de paz e luz 
  Pois Jesus, nosso Rei, em breve 
Voltará Rei dos reis, Senhor 
Virá Seu reino de luz fundar 
Um reino de paz e amor 
  Uma voz de advertência ao mundo 
Deve ser o nosso cantar 
Um hino de fé que fale 
Das bênçãos do amor sem-par 
Das bênçãos do amor sem-par 
  Pois Jesus, nosso Rei, em breve 
Voltará Rei dos reis, Senhor 
Virá Seu reino de luz fundar 
Um reino de paz e amor 
  Que prazer é levar Cristo ao mundo 
Pois só Ele pode salvar 
E pode afastar pecados 
E a glória de Deus mostrar 
E a glória de Deus mostrar 
  Pois Jesus, nosso Rei, em breve 
Voltará Rei dos reis, Senhor 
Virá Seu reino de luz fundar 
Um reino de paz e amor 
 "
225,Dai-nos Luz,"Graça e Salvação | Oração e Comunhão | Paz, Cuidado e Confiança",1 Tessalonicenses 5:17; Mateus 7:7; Filipenses 4:6 | Efésios 2:8-9; João 3:16; 1 João 1:9 | Salmos 23:1-4; João 14:27; Salmos 46:1,https://www.youtube.com/watch?v=6VG21tjg0bM,Isaías 60:1-3,A Doutrina da Igreja,O Remanescente e Sua Missão,Charles H. Gabriel,Charles H. Gabriel,"Uma voz ressoa num geral clamor: 
Dai-nos luz, dai-nos luz! 
Os milhões em trevas cheios de pavor 
Pedem luz, pedem luz! 
  Dai-nos luz, a mui gloriosa luz 
De perdão, de paz e amor! 
Dai-nos luz, a tão preciosa luz 
De Jesus, o Salvador! 
  Sim, por toda parte deve reluzir 
Essa luz de Jesus 
Que aponta o bom caminho a seguir 
Dai-nos luz, dai-nos luz! 
  Dai-nos luz, a mui gloriosa luz 
De perdão, de paz e amor! 
Dai-nos luz, a tão preciosa luz 
De Jesus, o Salvador! 
  Vamos, pois, cristãos o mundo todo encher 
Dessa luz de Jesus! 
Aos milhões sem Cristo sem tardar erguei 
Essa luz de Jesus! 
  Dai-nos luz, a mui gloriosa luz 
De perdão, de paz e amor! 
Dai-nos luz, a tão preciosa luz 
De Jesus, o Salvador! 
 "
226,Cristo Nos Conclama,"Graça e Salvação | Lar e Família | Missão e Serviço | Oração e Comunhão | Paz, Cuidado e Confiança | Segunda Vinda e Esperança",1 Tessalonicenses 4:16-17; Apocalipse 1:7; João 14:1-3 | 1 Tessalonicenses 5:17; Mateus 7:7; Filipenses 4:6 | Efésios 2:8-9; João 3:16; 1 João 1:9 | Josué 24:15; Efésios 6:1-4 | Mateus 28:19-20; Isaías 6:8; Marcos 16:15 | Salmos 23:1-4; João 14:27; Salmos 46:1,https://www.youtube.com/watch?v=DcKQcVY394U,João 9:4,A Doutrina da Igreja,O Remanescente e Sua Missão,Sra. J. Hunter,W. T. Meyr,"Cristo nos conclama para trabalhar 
Úteis para a causa sempre até voltar 
Nesta guerra santa temos a missão: 
Aos que estão perdidos proclamar perdão 
  Sempre orando, vigiar 
Com fervor, até do Céu Jesus voltar 
Com trabalho e oração 
Vai, enfim, raiar a nossa redenção 
  Contra o vil pecado contra Satanás 
Sempre declarando guerra, e nunca paz 
Vamos aos perdidos logo proclamar 
Que inda tempo existe Cristo os quer salvar 
  Sempre orando, vigiar 
Com fervor, até do Céu Jesus voltar 
Com trabalho e oração 
Vai, enfim, raiar a nossa redenção 
  Breve o tempo passa logo vem o fim 
Ouvem-se ao longe toques de clarim 
Eis que o Mestre volta volta para dar 
Aos que O aceitarem paz no eterno lar 
  Sempre orando, vigiar 
Com fervor, até do Céu Jesus voltar 
Com trabalho e oração 
Vai, enfim, raiar a nossa redenção 
 "
227,Se Cristo For Comigo,"Lar e Família | Palavra de Deus e Lei | Paz, Cuidado e Confiança | Sacrifício e Redenção",Isaías 53:4-5; Romanos 5:8; Hebreus 9:22 | Josué 24:15; Efésios 6:1-4 | Salmos 119:105; 2 Timóteo 3:16; Salmos 19:7 | Salmos 23:1-4; João 14:27; Salmos 46:1,https://www.youtube.com/watch?v=IfM3j1Zbkh0,Salmo 126:6,A Doutrina da Igreja,O Remanescente e Sua Missão,Charles A. Miles,Charles A. Miles,"Por vales de aflições 
Se preciso for passar 
Ou mesmo se feliz 
Sempre em paz puder andar 
Bem sei, seguro estou 
Se ao sol ou sombra vou 
Na luz ou nas trevas 
Irei com Jesus 
  A todo lugar eu irei 
Com Jesus 
Seguindo Sua lei do Céu eu terei 
A santa luz 
É meu privilégio levar 
A Sua cruz 
Irei, pois, a todo lugar 
Com Jesus 
  Se as novas do evangelho 
For meu dever levar 
Ao pecador perdido 
Que longe está do lar 
Se esse é meu dever 
Eu vou sem me deter 
Se ele me guia 
Irei com jesus 
  A todo lugar eu irei 
Com Jesus 
Seguindo Sua lei do Céu eu terei 
A santa luz 
É meu privilégio levar 
A Sua cruz 
Irei, pois, a todo lugar 
Com Jesus 
  Se for o meu dever 
Só em casa a cruz levar 
Quando outros a proclamam 
Em terras de além-mar 
Se fico ou se vou 
Contente sempre estou 
Pois sempre comigo 
Eu tenho jesus 
  A todo lugar eu irei 
Com Jesus 
Seguindo Sua lei do Céu eu terei 
A santa luz 
É meu privilégio levar 
A Sua cruz 
Irei, pois, a todo lugar 
Com Jesus 
 "
228,Onde Quer Que Seja,Graça e Salvação | Lar e Família | Oração e Comunhão,1 Tessalonicenses 5:17; Mateus 7:7; Filipenses 4:6 | Efésios 2:8-9; João 3:16; 1 João 1:9 | Josué 24:15; Efésios 6:1-4,https://www.youtube.com/watch?v=ZzFbbopH8Vo,Isaías 6:8,A Doutrina da Igreja,O Remanescente e Sua Missão,Jessie B. Pounds,Daniel B. Towner,"Onde quer que seja com Jesus irei 
Ele é meu bendito Salvador e Rei 
Seja para a guerra para batalhar 
Seja para os campos para semear 
  Onde quer, onde quer que Jesus mandar 
Sempre junto dEle eu irei andar 
  ""Sempre seguirei a Cristo meu Senhor"" 
Diz o coração que sente o Seu amor 
Perto dEle sempre bem seguro vou 
Onde quer que seja mui contente estou 
  Onde quer, onde quer que Jesus mandar 
Sempre junto dEle eu irei andar 
  Seja, pois, pra onde for que me levar 
Eu encontrarei ali meu doce lar 
Onde quer que seja sempre cantarei: 
""Tu, Senhor, comigo estás, não temerei"" 
  Onde quer, onde quer que Jesus mandar 
Sempre junto dEle eu irei andar 
 "
229,Trabalho Cristão,Adoração e Louvor | Graça e Salvação | Missão e Serviço | Oração e Comunhão | Sacrifício e Redenção | Segunda Vinda e Esperança | Sábado e Criação,1 Tessalonicenses 4:16-17; Apocalipse 1:7; João 14:1-3 | 1 Tessalonicenses 5:17; Mateus 7:7; Filipenses 4:6 | Efésios 2:8-9; João 3:16; 1 João 1:9 | Isaías 53:4-5; Romanos 5:8; Hebreus 9:22 | Mateus 28:19-20; Isaías 6:8; Marcos 16:15 | Salmos 150:1-6; Apocalipse 4:8; Salmos 95:1-2 | Êxodo 20:8-11; Gênesis 2:2-3,https://www.youtube.com/watch?v=oE4qRzuFjk4,João 9:4,A Doutrina da Igreja,O Remanescente e Sua Missão,Fanny J. Crosby,William H. Doane,"Vamos nós trabalhar Somos servos de Deus 
Com o Mestre seguir No caminho dos Céus 
Pelo seu santo amor O vigor renovar 
E fazer, diligentes O que Ele ordenar 
  No labor, com fervor 
A servir a Jesus 
Com desvelo e fé e com oração 
Até voltar o Redentor! 
  Vamos nós trabalhar Os famintos fartar 
Para a fonte do bem Os sedentos levar 
Só a cruz do Senhor Nossa glória será 
Pois Jesus salvação Pela graça nos dá 
  No labor, com fervor 
A servir a Jesus 
Com desvelo e fé e com oração 
Até voltar o Redentor! 
  Vamos nós trabalhar Ajudados por Deus 
Que coroa real Nos dará lá nos Céus 
Na mansão dos fiéis O descanso será 
Pois Jesus salvação Pela graça nos dá 
  No labor, com fervor 
A servir a Jesus 
Com desvelo e fé e com oração 
Até voltar o Redentor! 
 "
230,Ao Mundo Vou Contar,"Adoração e Louvor | Graça e Salvação | Lar e Família | Oração e Comunhão | Paz, Cuidado e Confiança | Segunda Vinda e Esperança",1 Tessalonicenses 4:16-17; Apocalipse 1:7; João 14:1-3 | 1 Tessalonicenses 5:17; Mateus 7:7; Filipenses 4:6 | Efésios 2:8-9; João 3:16; 1 João 1:9 | Josué 24:15; Efésios 6:1-4 | Salmos 150:1-6; Apocalipse 4:8; Salmos 95:1-2 | Salmos 23:1-4; João 14:27; Salmos 46:1,https://www.youtube.com/watch?v=Sv1Mk5f8Gm4,Mateus 10:32,A Doutrina da Igreja,O Remanescente e Sua Missão,Baynard L. Fox,Baynard L. Fox,"Ao mundo vou contar que sou cristão 
Do amor de Cristo eu vou falar 
Ao mundo vou contar que sou cristão 
Pois tenho a Cristo no coração 
Proclamarei o amor de Cristo 
Que me salvou do mundo mau 
E eu bem sei que crendo nEle 
Terás a paz também que eu encontrei 
Ao mundo vou contar que sou cristão 
Do amor de Cristo eu vou falar 
Que meu viver a Ele eu entreguei 
E em Seu caminho sempre andarei 
  Ao mundo vou falar que Cristo vem 
Sim, vem em breve buscar os Seus 
Vivamos, pois em prontidão aqui 
E assim iremos morar nos Céus 
Quando o Senhor voltar em glória 
Com anjos mil, oh que esplendor! 
Vai levar os escolhidos 
À pátria eternal que é só de amor! 
Ao mundo vou contar que sou cristão 
Do amor de Cristo eu vou falar 
Ao mundo vou contar que sou cristão 
Pois tenho a Cristo no coração 
 "
231,Trabalhar e Orar,"Graça e Salvação | Missão e Serviço | Oração e Comunhão | Paz, Cuidado e Confiança",1 Tessalonicenses 5:17; Mateus 7:7; Filipenses 4:6 | Efésios 2:8-9; João 3:16; 1 João 1:9 | Mateus 28:19-20; Isaías 6:8; Marcos 16:15 | Salmos 23:1-4; João 14:27; Salmos 46:1,https://www.youtube.com/watch?v=NWbx4RI3mAg,João 9:4,A Doutrina da Igreja,O Remanescente e Sua Missão,Pedro Grado,Isaiah Baltzell,"Eu quero trabalhar por meu Senhor 
Confiante em Seu poder em Seu amor 
Vou orar e trabalhar e ocupado sempre estar 
Na seara do Senhor 
  Trabalhar e orar 
Fielmente na seara do Senhor 
Meu anelo é orar e ocupado sempre estar 
Na seara do Senhor 
  Eu quero cada dia trabalhar 
Escravos do pecado libertar 
E levá-los a Jesus nosso Guia, nossa luz 
Na seara do Senhor 
  Trabalhar e orar 
Fielmente na seara do Senhor 
Meu anelo é orar e ocupado sempre estar 
Na seara do Senhor 
  Eu quero ser obreiro de valor 
Confiante no poder do Salvador 
E quem queira trabalhar achará também lugar 
Na seara do Senhor 
  Trabalhar e orar 
Fielmente na seara do Senhor 
Meu anelo é orar e ocupado sempre estar 
Na seara do Senhor 
 "
232,Jesus Precisa De Ti,Graça e Salvação | Palavra de Deus e Lei | Segunda Vinda e Esperança,1 Tessalonicenses 4:16-17; Apocalipse 1:7; João 14:1-3 | Efésios 2:8-9; João 3:16; 1 João 1:9 | Salmos 119:105; 2 Timóteo 3:16; Salmos 19:7,https://www.youtube.com/watch?v=PNeCs4J9jfE,1 João 2:14,A Doutrina da Igreja,O Remanescente e Sua Missão,Desconhecido,Desconhecido,"Jesus precisa hoje, sim de jovens de valor 
Sua força solicita pra obra terminar 
Levanta-te, empunha hoje a bíblia com amor 
Proclama a todo o mundo que Jesus irá voltar 
  Marcha firme com força e vigor 
Sempre conduzindo a palavra do Senhor 
Juntos vamos a todos ensinar 
Que Jesus virá em breve aqui reinar 
  À nobre luta hoje Cristo está a te chamar 
Levanta-te, proclama os dons da Sua luz 
Se as sombras desta vida vem o brilho ocultar 
Esconde os teus lamentos que ao teu lado está Jesus 
  Marcha firme com força e vigor 
Sempre conduzindo a palavra do Senhor 
Juntos vamos a todos ensinar 
Que Jesus virá em breve aqui reinar 
 "
233,Brilha Por Cristo Em Teu Viver,Graça e Salvação | Lar e Família | Missão e Serviço | Palavra de Deus e Lei,Efésios 2:8-9; João 3:16; 1 João 1:9 | Josué 24:15; Efésios 6:1-4 | Mateus 28:19-20; Isaías 6:8; Marcos 16:15 | Salmos 119:105; 2 Timóteo 3:16; Salmos 19:7,https://www.youtube.com/watch?v=s8nEm0RjysI,Mateus 5:14-16,A Doutrina da Igreja,O Remanescente e Sua Missão,Ina Duley Ogdon,Charles H. Gabriel,"Não somente pra fazer um gesto singular 
É preciso agir com muito ardor 
Mas também as coisas simples de se executar 
Deves fazê-las com fervor 
  Brilha por Cristo em teu viver 
Brilha por Cristo em teu viver 
Pois talvez algum aflito possas socorrer 
Brilha por Cristo em teu viver 
  Pode ser que alguma vida possas alegrar 
Com palavras ditas com amor 
Ou então pessoas tristes venhas alcançar 
Com a mensagem do Senhor 
  Brilha por Cristo em teu viver 
Brilha por Cristo em teu viver 
Pois talvez algum aflito possas socorrer 
Brilha por Cristo em teu viver 
  Muita gente nesse mundo vive a sofrer 
Em angustia, em densa escuridão 
À espera de alguém que possa oferecer 
Alguma ajuda ou salvação 
  Brilha por Cristo em teu viver 
Brilha por Cristo em teu viver 
Pois talvez algum aflito possas socorrer 
Brilha por Cristo em teu viver 
 "
234,Hoje Ajuda a Alguém,Graça e Salvação | Palavra de Deus e Lei,Efésios 2:8-9; João 3:16; 1 João 1:9 | Salmos 119:105; 2 Timóteo 3:16; Salmos 19:7,https://www.youtube.com/watch?v=6T8ajgIR4Mk,Tiago 2:14-17,A Doutrina da Igreja,O Remanescente e Sua Missão,Carrie E. Breck,Charles H. Gabriel,"Lança os olhares em torno de ti 
Sim, ajuda hoje a alguém! 
Sê um auxílio ao teu próximo ali 
Sim, ajuda hoje a alguém! 
  Sim, ajuda hoje a alguém! 
Demonstra-lhe amor também 
Remove o temor e promove o amor 
Oh, sim ajuda hoje a alguém! 
  Muitos aguardam Palavras de amor 
Sim, ajuda hoje a alguém! 
Inda que seja pequeno o favor 
Sim, ajuda hoje a alguém! 
  Sim, ajuda hoje a alguém! 
Demonstra-lhe amor também 
Remove o temor e promove o amor 
Oh, sim ajuda hoje a alguém! 
  Muitos têm cargas pesadas demais 
Sim, ajuda hoje a alguém! 
Quantos sucumbem em seus tristes ais! 
Sim, ajuda hoje a alguém! 
  Sim, ajuda hoje a alguém! 
Demonstra-lhe amor também 
Remove o temor e promove o amor 
Oh, sim ajuda hoje a alguém! 
  Muitos da vida cansados estão 
Sim, ajuda hoje a alguém! 
Muitos procuram obter salvação 
Sim, ajuda hoje a alguém! 
  Sim, ajuda hoje a alguém! 
Demonstra-lhe amor também 
Remove o temor e promove o amor 
Oh, sim ajuda hoje a alguém! 
 "
235,"Somos Teus, Senhor",Adoração e Louvor | Espírito Santo | Igreja e Comunhão | Lar e Família | Missão e Serviço | Oração e Comunhão,1 Tessalonicenses 5:17; Mateus 7:7; Filipenses 4:6 | Josué 24:15; Efésios 6:1-4 | João 14:16-17; Atos 2:1-4 | Mateus 28:19-20; Isaías 6:8; Marcos 16:15 | Salmos 133:1; Hebreus 10:25 | Salmos 150:1-6; Apocalipse 4:8; Salmos 95:1-2,https://www.youtube.com/watch?v=6gOhEHoEcGA,Romanos14:8,A Doutrina da Igreja,O Remanescente e Sua Missão,Felipe Tonasso,Felipe Tonasso,"'Stá nascendo um novo tempo 
Uma nova geração 
Pra espalhar Tua glória em toda a terra 
Um tempo de consagração 
Restauração da Tua verdade 
Pra levantar Teu nome em toda a terra 
  Eu vejo os jovens se prostrando 
Em reverência e adoração 
Eu vejo o Espírito movendo 
Os corações 
Eu vejo a igreja se erguendo 
E terminando a missão 
Eu vejo um povo declarando 
Em uma canção: 
  Somos teus, Senhor! 
Somos teus, Senhor! 
Quer vivamos ou morramos 
Somos teus! 
Somos teus, Senhor! 
Somos teus, Senhor! 
Quer vivamos ou morramos 
Somos teus! 
  Viveremos só por Ti 
E morreremos só por Ti 
Quer vivamos ou morramos 
Somos teus! 
  Somos teus, Senhor! 
Somos teus, Senhor! 
Quer vivamos ou morramos 
Somos teus! 
Somos teus, Senhor! 
Somos teus, Senhor! 
Quer vivamos ou morramos 
Somos teus! 
 "
236,Transbordando Em Amor,Graça e Salvação | Igreja e Comunhão | Lar e Família | Missão e Serviço | Oração e Comunhão,1 Tessalonicenses 5:17; Mateus 7:7; Filipenses 4:6 | Efésios 2:8-9; João 3:16; 1 João 1:9 | Josué 24:15; Efésios 6:1-4 | Mateus 28:19-20; Isaías 6:8; Marcos 16:15 | Salmos 133:1; Hebreus 10:25,https://www.youtube.com/watch?v=qAu0J5_yhqg,1 Coríntios 13:1,A Doutrina da Igreja,O Remanescente e Sua Missão,Lineu Formighieri Soares,Lineu Formighieri Soares,"Senhor, de que vale o meu esforço 
Se não tiver amor? 
Pra que servem as teorias 
Se não tiver amor? 
E falar com eloquência 
Sem estar em comunhão 
Não atinge o coração mas, Senhor 
Compreendo que é preciso 
Sentir o teu amor 
  Senhor, eu Te entrego o meu viver 
Dedicando todo o ser 
Ao poder redentor deste amor 
Senhor, vem estar comigo sempre 
Quero ser eficiente 
No serviço ao semelhante 
Muito mais transbordando em amor 
  Senhor, quero dar meu testemunho 
Vivido em teu amor 
Auxiliar alguém aflito 
Servindo por amor 
Inspirar no teu exemplo 
Muita gente sem amor 
Que precisa ver a luz de Jesus 
Senhor, que eu aceite ser teu servo 
Somente por amor 
  Senhor, eu Te entrego o meu viver 
Dedicando todo o ser 
Ao poder redentor deste amor 
Senhor, vem estar comigo sempre 
Quero ser eficiente 
No serviço ao semelhante 
Muito mais transbordando em amor 
  Senhor, vem estar comigo sempre 
Quero ser eficiente 
No serviço ao semelhante 
Muito mais transbordando em amor 
 "
237,A Colheita,Graça e Salvação | Lar e Família | Missão e Serviço | Segunda Vinda e Esperança,1 Tessalonicenses 4:16-17; Apocalipse 1:7; João 14:1-3 | Efésios 2:8-9; João 3:16; 1 João 1:9 | Josué 24:15; Efésios 6:1-4 | Mateus 28:19-20; Isaías 6:8; Marcos 16:15,https://www.youtube.com/watch?v=fI_xWfXjWcg,,A Doutrina da Igreja,O Remanescente e Sua Missão,Jader D. Santos,Jader D. Santos,"Os campos estão brancos 
Já podemos ver 
Desponta um novo dia 
Um novo amanhecer 
Há trabalho a ser feito 
Inda há muito que colher 
É Jesus que nos convida 
O que vamos responder? 
  Eu quero ir, Senhor 
À seara trabalhar 
Quero ser ajudador 
Falar de Cristo e Seu amor 
Eu quero ser, Senhor 
Uma luz a iluminar 
Quero dar o meu melhor 
Quero ver Jesus voltar 
  É nossa alegria 
Ir e proclamar: 
""Jesus está voltando 
Virá pra nos buscar!"" 
Muita gente não percebe 
O que vai acontecer 
Se não forem avisados 
Eles podem perecer! 
  Eu quero ir, Senhor 
À seara trabalhar 
Quero ser ajudador 
Falar de Cristo e Seu amor 
Eu quero ser, Senhor 
Uma luz a iluminar 
Quero dar o meu melhor 
Quero ver Jesus voltar 
  Quero ver Jesus voltar 
 "
238,Oração Pela Missão,Graça e Salvação | Lar e Família | Missão e Serviço | Oração e Comunhão | Segunda Vinda e Esperança,1 Tessalonicenses 4:16-17; Apocalipse 1:7; João 14:1-3 | 1 Tessalonicenses 5:17; Mateus 7:7; Filipenses 4:6 | Efésios 2:8-9; João 3:16; 1 João 1:9 | Josué 24:15; Efésios 6:1-4 | Mateus 28:19-20; Marcos 16:15,https://www.youtube.com/watch?v=SEEy-WPicdc,Isaías 6:8,A Doutrina da Igreja,O Remanescente e Sua Missão,Jair Alberto da Silva,Jair Alberto da Silva,"Venho aqui agora 
Nesta oração 
Pedir a Tua graça 
Pra cumprir minha missão 
Quero ser a bênção 
Luz por onde for 
Levando a esperança 
Em plena confiança 
Que a mão que nos alcança 
É a mão do Salvador 
  Muitos que precisam 
Quero ajudar 
Levando o evangelho 
E a Cristo revelar 
Faz-me justo e digno 
Pra eu mostrar amor: 
A mão sempre estendida 
A voz que aquece a vida 
A face tão querida 
De Cristo, o Salvador 
 "
239,Geração Esperança,Graça e Salvação | Lar e Família | Sacrifício e Redenção | Segunda Vinda e Esperança,1 Tessalonicenses 4:16-17; Apocalipse 1:7; João 14:1-3 | Efésios 2:8-9; João 3:16; 1 João 1:9 | Isaías 53:4-5; Romanos 5:8; Hebreus 9:22 | Josué 24:15; Efésios 6:1-4,https://www.youtube.com/watch?v=irEOEYk8ZkI,1 Pedro 2:9,A Doutrina da Igreja,O Remanescente e Sua Missão,Valdecir Simões Lima,Lineu Formighieri Soares,"Nossos pais já proclamavam 
A breve volta de Jesus 
E esperaram tanto tempo 
Pelo brilho de sua luz 
A promessa é verdadeira 
Jesus Cristo iremos ver 
Mas se a noite já está longa 
Logo vem o amanhecer 
  Nós somos 
A Geração Esperança 
Nós pregamos o evangelho 
Da justiça e da cruz 
Breve jesus voltará! Breve Jesus Voltará! 
Nós pregamos e esperamos 
O retorno de Jesus 
  Não cansemos de falar 
Sobre a volta de Jesus 
Que Ele vem enfim buscar 
Os que comprou com sua cruz 
Jesus Cristo é nossa herança 
Ele inspira nossa voz 
É a razão da esperança 
E da vida que há em nós 
  Nós somos 
A Geração Esperança 
Nós pregamos o evangelho 
Da justiça e da cruz 
Breve jesus voltará! Breve Jesus Voltará! 
Nós pregamos e esperamos 
O retorno de Jesus 
  Nós somos 
A Geração Esperança 
Nós pregamos o evangelho 
Da justiça e da cruz 
Breve jesus voltará! Breve Jesus Voltará! 
Nós pregamos e esperamos 
O retorno de Jesus 
  Nós pregamos e esperamos 
O retorno de Jesus 
 "
240,Brilhar Por Ti,Graça e Salvação | Oração e Comunhão | Palavra de Deus e Lei,1 Tessalonicenses 5:17; Mateus 7:7; Filipenses 4:6 | Efésios 2:8-9; João 3:16; 1 João 1:9 | Salmos 119:105; 2 Timóteo 3:16; Salmos 19:7,https://www.youtube.com/watch?v=Rv0F4c4C-Wg,Mateus 5:14-16,A Doutrina da Igreja,O Remanescente e Sua Missão,"Joy Becker, Dan Dean","Joy Becker, Dan Dean","Às vezes parece que ser um cristão 
Não é fácil em meio à escuridão 
Ainda mais se eu pensar 
Que não é minha luz 
Mas a união com Deus 
Que o brilho produz 
  E às vezes parece difícil entender 
Que o cristão é exemplo mesmo sem o querer 
E por isso mesmo 
Eu preciso orar 
Pra que Deus me ilumine 
E assim eu possa brilhar 
  Senhor eu quero brilhar por Ti 
Quando o mundo se apagar 
Eu quero que através da minha vida 
Alguém possa Te enxergar 
Faze com que mesmo sem palavras 
Eu fale do Teu amor 
Eu quero brilhar por Ti 
Brilhar onde quer que for 
  Às vezes eu temo que vou fracassar 
Pois eu sei que errei e continuo a errar 
Mas se a minha luz 
Parece extinguir-se 
Meu Deus me dá força 
Pra prosseguir 
  Não importa o quanto eu tente me esforçar 
Eu só posso vencer se Ele me ajudar 
E é quando percebo 
Meu esforço é vão 
O que devo fazer 
É segurar Sua mão 
  Senhor eu quero brilhar por Ti 
Quando o mundo se apagar 
Eu quero que através da minha vida 
Alguém possa Te enxergar 
Faze com que mesmo sem palavras 
Eu fale do Teu amor 
Eu quero brilhar por Ti 
Brilhar onde quer que for 
  Senhor eu quero brilhar por Ti 
Quando o mundo se apagar 
Eu quero que através da minha vida 
Alguém possa Te enxergar 
Faze com que mesmo sem palavras 
Eu fale do Teu amor 
Eu quero brilhar por Ti 
Brilhar onde quer que for 
  Eu quero brilhar por Ti 
Brilhar onde quer que for 
 "
241,A Todo Semelhante Meu,"Graça e Salvação | Lar e Família | Paz, Cuidado e Confiança",Efésios 2:8-9; João 3:16; 1 João 1:9 | Josué 24:15; Efésios 6:1-4 | Salmos 23:1-4; João 14:27; Salmos 46:1,https://www.youtube.com/watch?v=tSDeT4aYMlY,Mateus 28:19,A Doutrina da Igreja,O Remanescente e Sua Missão,Alfred H. Ackley,Bentley D. Ackley,"A todo semelhante meu 
Contarei que Deus é amor 
O mundo desconhece o bem 
E Jesus, o Redentor 
  Falarei de Deus 
E do Seu amor 
Para o mundo mostrarei Jesus 
Com maior fervor 
  Da eterna graça sem igual 
Aos perdidos falarei 
Guiando-os deste mundo mau 
Para os pés do amado Rei 
  Falarei de Deus 
E do Seu amor 
Para o mundo mostrarei Jesus 
Com maior fervor 
  Mais vasto que o imenso mar 
É de Deus o grande amor 
Eu quero então o proclamar 
Para todo pecador 
  Falarei de Deus 
E do Seu amor 
Para o mundo mostrarei Jesus 
Com maior fervor 
 "
242,Benditos Laços,Graça e Salvação | Igreja e Comunhão | Oração e Comunhão,1 Tessalonicenses 5:17; Mateus 7:7; Filipenses 4:6 | Efésios 2:8-9; João 3:16; 1 João 1:9 | Salmos 133:1; Hebreus 10:25,https://www.youtube.com/watch?v=olcB1p-umdQ,Salmo 133:1,A Doutrina da Igreja,Unidade no Corpo de Cristo,John Fawcett,Hans Georg Naegeli,"Benditos, sagrados serão 
Os laços fraternos do amor 
Se juntos, com Cristo 
Ficarmos unidos 
Na causa, na luta, na dor 
  Se juntos orarmos a Deus 
Se juntos buscarmos poder 
Com Cristo na vida 
As forças das trevas 
Unidos, iremos vencer 
  Se desta sagrada reunião 
Nós vamos distantes ficar 
Na pátria celeste 
Pra sempre com Cristo 
Unidos havemos de estar 
 "
243,"Jesus, Pastor Amado","Adoração e Louvor | Crianças e Jovens | Graça e Salvação | Igreja e Comunhão | Lar e Família | Paz, Cuidado e Confiança",Efésios 2:8-9; João 3:16; 1 João 1:9 | Josué 24:15; Efésios 6:1-4 | Mateus 19:14; Provérbios 22:6 | Salmos 133:1; Hebreus 10:25 | Salmos 150:1-6; Apocalipse 4:8; Salmos 95:1-2 | Salmos 23:1-4; João 14:27; Salmos 46:1,https://www.youtube.com/watch?v=ZHK2rdtAjTs,João 10:14,A Doutrina da Igreja,Unidade no Corpo de Cristo,Sarah Poulton Kalley,George J. Webb,"Jesus, Pastor amado contempla-nos aqui 
Concede que sejamos um corpo só, em Ti 
Contendas e malícias de nós bem longe vão 
Nenhum desgosto impeça a nossa comunhão 
  Por sermos resgatados por um só Salvador 
Devemos ser unidos por santo e forte amor 
Olhar com paciência os erros de um irmão 
E todos ajudá-lo com terna compaixão 
  Jesus, suave e meigo ensina-nos a amar 
E faz-nos bem-dispostos também no perdoar 
Oh, quanto carecemos do auxílio do Senhor! 
Unidos, suplicamos a Ti por esse amor 
  Senhor, se a igreja toda andar em santa união 
Então será bendito o nome de cristão 
Assim o que pediste em nós se cumprirá 
O mundo, em nós, Teus filhos, a Ti distinguirá 
 "
244,Ó Vem à Igreja Comigo,Adoração e Louvor | Graça e Salvação | Igreja e Comunhão | Oração e Comunhão,1 Tessalonicenses 5:17; Mateus 7:7; Filipenses 4:6 | Efésios 2:8-9; João 3:16; 1 João 1:9 | Salmos 133:1; Hebreus 10:25 | Salmos 150:1-6; Apocalipse 4:8; Salmos 95:1-2,https://www.youtube.com/watch?v=Q1aD3qdatVI,Salmo 122:1-4,A Doutrina da Igreja,Unidade no Corpo de Cristo,William Savage Pitts,William Savage Pitts,"Que prazer, que alegria celeste 
Estarmos perante o Senhor 
Todos juntos unidos em Cristo 
Ao bom Deus elevarmos louvor 
  Ó, vem, vem, vem, vem 
Vem à igreja comigo 
Louvar e adorar ao Senhor 
Oh, quão bom é estarmos unidos 
Pelos laços fraternos do amor 
  Privilégio maior não existe 
Que estarmos com nosso bom Deus 
Escutar Seus amáveis conselhos 
Receber ricas bênçãos dos Céus 
  Ó, vem, vem, vem, vem 
Vem à igreja comigo 
Louvar e adorar ao Senhor 
Oh, quão bom é estarmos unidos 
Pelos laços fraternos do amor 
  Sempre aguardo ansioso a chegada 
Do dia do Deus, Criador 
Nesse dia minh'alma contente 
Rende graças e ações de louvor 
  Ó, vem, vem, vem, vem 
Vem à igreja comigo 
Louvar e adorar ao Senhor 
Oh, quão bom é estarmos unidos 
Pelos laços fraternos do amor 
 "
245,Lado a Lado,Graça e Salvação | Lar e Família,Efésios 2:8-9; João 3:16; 1 João 1:9 | Josué 24:15; Efésios 6:1-4,https://www.youtube.com/watch?v=ZrnPn--2-C0,"João 13:34, 35",A Doutrina da Igreja,Unidade no Corpo de Cristo,Jeff Wood,Jeff Wood,"Lado a lado aqui crendo em Seu amor 
Adorando o Rei, Senhor 
Avançando em fé movidos pelo amor 
Deus nos acompanhará 
  Vamos para o Céu 
Com mãos e mãos unidas 
Lado a lado com Jesus 
Nós vamos para o Céu 
Cantar canções em coro 
Eu e você vamos lá 
  Joias somos nós da pedra angular 
Fazendo o mundo ver quem é Jesus 
Para erguer murais colunas de palácios 
Lá nas mansões celestiais 
  Vamos para o Céu 
Com mãos e mãos unidas 
Lado a lado com Jesus 
Nós vamos para o Céu 
Cantar canções em coro 
Eu e você vamos lá 
Lá nas mansões celestiais 
 "
246,Em Família,Graça e Salvação | Lar e Família | Oração e Comunhão | Sacrifício e Redenção,1 Tessalonicenses 5:17; Mateus 7:7; Filipenses 4:6 | Efésios 2:8-9; João 3:16; 1 João 1:9 | Isaías 53:4-5; Romanos 5:8; Hebreus 9:22 | Josué 24:15; Efésios 6:1-4,https://www.youtube.com/watch?v=blOjsarznsQ,Efésios 2:19,A Doutrina da Igreja,Unidade no Corpo de Cristo,Jane Leitzke,Jane Leitzke,"Em família estamos aqui 
Partilhando o amor de Jesus 
Que Sua cruz o motive a orar 
E a cantar conosco esta canção 
A alegria de vê-lo aqui 
Pulsa forte o meu coração 
Sinta o amor que nos une então 
Neste aperto de mão 
  Em família estamos aqui 
Partilhando o amor de Jesus 
Que Sua cruz o motive a orar 
E a cantar conosco esta canção 
A alegria de vê-lo aqui 
Pulsa forte o meu coração 
Sinta o amor que nos une então 
Neste aperto de mão 
  Neste aperto de mão 
 "
247,Unidos Em Cristo,"Espírito Santo | Graça e Salvação | Igreja e Comunhão | Lar e Família | Missão e Serviço | Paz, Cuidado e Confiança | Segunda Vinda e Esperança",1 Tessalonicenses 4:16-17; Apocalipse 1:7; João 14:1-3 | Efésios 2:8-9; João 3:16; 1 João 1:9 | Josué 24:15; Efésios 6:1-4 | João 14:16-17; Atos 2:1-4 | Mateus 28:19-20; Isaías 6:8; Marcos 16:15 | Salmos 133:1; Hebreus 10:25 | Salmos 23:1-4; João 14:27; Salmos 46:1,https://www.youtube.com/watch?v=LCRzBt65wQA,1 Coríntios 12:12,A Doutrina da Igreja,Unidade no Corpo de Cristo,Jader D. Santos,Jader D. Santos,"Uma andorinha não faz verão 
Uma só pessoa não é multidão 
Uma estrela só pode até tentar 
Mas não clareia o céu 
Uma gota só não é chuva não 
Um soldado só não é batalhão 
Uma flor sozinha tem seu valor 
Mas não é jardim 
  Pois a força está na união 
Na soma do melhor de cada um 
O segredo está na união 
Nos tornamos fortes quando damos as mãos 
No serviço do Senhor 
Na esperança, no fervor 
Maravilhas surgirão entre nós 
Unidos pelo amor 
  Uma voz sozinha não é coral 
O amor sozinho não é total 
Uma nota só pode até soar 
Mas não é canção 
Um atleta só não é time não 
Uma corda só não é violão 
Nem dá pra fazer o arco-íris 
Só pintando o azul 
  Pois a força está na união 
Na soma do melhor de cada um 
O segredo está na união 
Nos tornamos fortes quando damos as mãos 
No serviço do Senhor 
Na esperança, no fervor 
Maravilhas surgirão entre nós 
Unidos pelo amor 
  Chega de viver tão só 
Chega de viver pra si 
É hora de fazer amigos 
De falar de Cristo e de Seu amor 
  Pois a força está na união 
Na soma do melhor de cada um 
O segredo está na união 
Nos tornamos fortes quando damos as mãos 
No serviço do Senhor 
Na esperança, no fervor 
Maravilhas surgirão entre nós 
O Espírito irá nos guiar 
Viveremos a vitória final 
Quando Cristo voltar 
 "
248,Encontros,"Graça e Salvação | Igreja e Comunhão | Paz, Cuidado e Confiança",Efésios 2:8-9; João 3:16; 1 João 1:9 | Salmos 133:1| Salmos 23:1-4; João 14:27; Salmos 46:1,https://www.youtube.com/watch?v=zpfmhV1bkS8,Hebreus 10:25,A Doutrina da Igreja,Unidade no Corpo de Cristo,Wanderson F. Paiva,Wanderson F. Paiva,"É tão bom encontrar os amigos, rever os irmãos 
E sentir a amizade e o amor que nos traz união 
É tão bom partilhar este amor com você cada dia 
Vamos juntos cantar 
Demonstrando a nossa alegria 
  É tão bom encontrar os amigos, rever os irmãos 
É tão bom encontrar os amigos, rever os irmãos 
E sentir a amizade e o amor que nos traz união 
Nos traz união 
É tão bom partilhar este amor com você cada dia 
Vamos juntos cantar 
Demonstrando a nossa alegria 
  É tão bom encontrar os amigos, rever os irmãos 
E sentir a amizade e o amor que nos traz união 
É tão bom partilhar este amor com você cada dia 
Vamos juntos cantar 
Demonstrando a nossa alegria 
Vamos juntos cantar 
Demonstrando a nossa alegria 
 "
249,"Oh, Que Belos Hinos!",Adoração e Louvor | Crianças e Jovens | Graça e Salvação | Lar e Família | Missão e Serviço | Segunda Vinda e Esperança,1 Tessalonicenses 4:16-17; Apocalipse 1:7; João 14:1-3 | Efésios 2:8-9; João 3:16; 1 João 1:9 | Josué 24:15; Efésios 6:1-4 | Mateus 19:14; Provérbios 22:6 | Mateus 28:19-20; Isaías 6:8; Marcos 16:15 | Salmos 150:1-6; Apocalipse 4:8; Salmos 95:1-2,https://www.youtube.com/watch?v=RGvKiqTibOc,Lucas 15:7,A Doutrina da Igreja,O Batismo,William O. Cushing,George F. Root,"Oh! que belos hinos cantam lá nos Céus 
É que o filho para o lar voltou 
Vede lá ao longe o Pai já abraçar 
Esse filho que Ele tanto amou 
  Glória, anjos mil entoam lá 
Glória, ouvem-se as harpas já 
É o santo coro Dando o seu louvor 
Pois se converteu um pecador 
  Oh! que belos hinos cantam lá nos Céus 
Pois se converteu um pecador 
Filho tão querido convertido a Deus 
Deixa o mundo e volta ao Pai de amor 
  Glória, anjos mil entoam lá 
Glória, ouvem-se as harpas já 
É o santo coro Dando o seu louvor 
Pois se converteu um pecador 
  Oh! Arrependidos hoje festejai 
Como os anjos fazem com fervor 
Ide alegremente vós e anunciai 
Que se resgatou um pecador 
  Glória, anjos mil entoam lá 
Glória, ouvem-se as harpas já 
É o santo coro Dando o seu louvor 
Pois se converteu um pecador 
 "
250,A Jesus Seguir Eu Quero,Vida Cristã e Devoção,Salmos 1:1-2; Provérbios 3:5-6,https://www.youtube.com/watch?v=AH39bafXKrE,"Mateus 16:24, 25",A Doutrina da Igreja,O Batismo,James L. Elginburg,James L. Elginburg,"A Jesus seguir eu quero 
Seja a sorte, sim, qualquer 
Onde quer que vá meu Mestre 
Seguirei, sem mais temer 
  Ó Jesus, seguir-Te quero 
Tu morreste foi por mim 
Mesmo que Te neguem todos 
Eu te sigo até o fim 
  Se o caminho for difícil 
Nele houver escuridão 
Por ali Tu já passaste 
E me tomas pela mão 
  Ó Jesus, seguir-Te quero 
Tu morreste foi por mim 
Mesmo que Te neguem todos 
Eu te sigo até o fim 
  Se encontrar dificuldades 
E envolver-me a tentação 
Tu também tentado foste 
E sofreste provação 
  Ó Jesus, seguir-Te quero 
Tu morreste foi por mim 
Mesmo que Te neguem todos 
Eu te sigo até o fim 
  E se for Tua vontade 
Que eu transponha o rio Jordão 
Tu também o atravessaste 
Seguirei com prontidão 
  Ó Jesus, seguir-Te quero 
Tu morreste foi por mim 
Mesmo que Te neguem todos 
Eu te sigo até o fim 
 "
251,Meu Jesus Está Chamando,"Graça e Salvação | Missão e Serviço | Paz, Cuidado e Confiança | Sacrifício e Redenção",Efésios 2:8-9; João 3:16; 1 João 1:9 | Isaías 53:4-5; Romanos 5:8; Hebreus 9:22 | Mateus 28:19-20; Isaías 6:8; Marcos 16:15 | Salmos 23:1-4; João 14:27; Salmos 46:1,https://www.youtube.com/watch?v=ZHzaGAfdoCM,Mateus 9:9,A Doutrina da Igreja,O Batismo,Elisha A. Hoffman,John S. Norris,"Meu Jesus está chamando 
Com amor me convidando 
Sua voz, solicitando: 
""Vem a Mim e segue-me"" 
  Minha cruz eu tomo e sigo 
A Jesus eu sempre sigo 
Aonde for, a Ele eu sigo 
Seguirei a meu Jesus 
  Se o caminho for custoso 
E o trabalho mui penoso 
Eu serei um vitorioso 
Ao seguir a meu Jesus 
  Minha cruz eu tomo e sigo 
A Jesus eu sempre sigo 
Aonde for, a Ele eu sigo 
Seguirei a meu Jesus 
  Cristo sempre vai adiante 
Com a Sua luz brilhante 
Sempre avanço triunfante 
Quando sigo a meu Jesus 
  Minha cruz eu tomo e sigo 
A Jesus eu sempre sigo 
Aonde for, a Ele eu sigo 
Seguirei a meu Jesus 
  Pelo vale Cristo guia 
Quando fraco, me auxilia 
Minhas dores alivia 
Seguirei a meu Jesus 
  Minha cruz eu tomo e sigo 
A Jesus eu sempre sigo 
Aonde for, a Ele eu sigo 
Seguirei a meu Jesus 
 "
252,Volto ao Lar,Graça e Salvação | Lar e Família | Palavra de Deus e Lei,Efésios 2:8-9; João 3:16; 1 João 1:9 | Josué 24:15; Efésios 6:1-4 | Salmos 119:105; 2 Timóteo 3:16; Salmos 19:7,https://www.youtube.com/watch?v=BvKZVC9cK9Q,Lucas 15:11-24,A Doutrina da Igreja,O Batismo,William J. Kirkpatrick,William J. Kirkpatrick,"Bem longe do Senhor vaguei 
Volto agora ao lar 
Veredas más eu já trilhei 
Ó Deus, volto ao lar 
  Volto ao lar, volto ao lar 
Não há mais vagar 
Abre, ó Pai os braços Teus 
Volto ao lar, meu Deus 
  Meu tempo em vão desperdicei 
Volto agora ao lar 
Lamento haver ferido a lei 
Ó Deus, volto ao lar 
  Volto ao lar, volto ao lar 
Não há mais vagar 
Abre, ó Pai os braços Teus 
Volto ao lar, meu Deus 
  Já farto estou do mal, da dor 
Volto agora ao lar 
Confio em Ti em Teu amor 
Ó Deus, volto ao lar 
  Volto ao lar, volto ao lar 
Não há mais vagar 
Abre, ó Pai os braços Teus 
Volto ao lar, meu Deus 
  O Teu perdão preciso ter 
Volto agora ao lar 
Bem puro e limpo faz-me ser 
Ó Deus, volto ao lar 
  Volto ao lar, volto ao lar 
Não há mais vagar 
Abre, ó Pai os braços Teus 
Volto ao lar, meu Deus 
 "
253,Importa Renascer,Adoração e Louvor | Crianças e Jovens | Graça e Salvação | Lar e Família | Palavra de Deus e Lei | Sábado e Criação,Efésios 2:8-9; João 3:16; 1 João 1:9 | Josué 24:15; Efésios 6:1-4 | Mateus 19:14; Provérbios 22:6 | Salmos 119:105; 2 Timóteo 3:16; Salmos 19:7 | Salmos 150:1-6; Apocalipse 4:8; Salmos 95:1-2 | Êxodo 20:8-11; Gênesis 2:2-3,https://www.youtube.com/watch?v=7Ci4QNv-pKA,João 3:1-3,A Doutrina da Igreja,O Batismo,William T. Sleeper,George C. Stebbins,"Um rico, de noite chegou a Jesus 
A fim de saber o caminho da luz 
O Mestre, bem claro lhe fez entender: 
Importa renascer! 
  Importa renascer! Importa renascer! 
Com voz infalível o disse Jesus: 
Importa renascer! 
  Vós, filhos do mundo escutai ao Senhor 
Que sempre vos chama com mui terno amor 
Ouvi que o Senhor não Se cansa em dizer: 
Importa renascer! 
  Importa renascer! Importa renascer! 
Com voz infalível o disse Jesus: 
Importa renascer! 
  Ó vós que no santo descanso de Deus 
Quereis ter entrada e viver com os Seus 
Deveis à palavra de Cristo atender: 
Importa renascer! 
  Importa renascer! Importa renascer! 
Com voz infalível o disse Jesus: 
Importa renascer! 
 "
254,Agora Posso Ver,"Graça e Salvação | Oração e Comunhão | Paz, Cuidado e Confiança | Sacrifício e Redenção",1 Tessalonicenses 5:17; Mateus 7:7; Filipenses 4:6 | Efésios 2:8-9; João 3:16; 1 João 1:9 | Isaías 53:4-5; Romanos 5:8; Hebreus 9:22 | Salmos 23:1-4; João 14:27; Salmos 46:1,https://www.youtube.com/watch?v=VxOMU2J_ZAI,Zacarias 13:1,A Doutrina da Igreja,O Batismo,Phoebe Palmer,Phoebe Palmer Knapp,"Agora enfim eu posso ver 
Da fonte, ali, correr 
O sangue que o meu Jesus 
Por mim verteu na cruz 
  Oh, fonte, sim de vida e amor 
Que vem tirar o mal e a dor 
Oh, graças mil ao bom Jesus 
Que a vida deu por mim na cruz 
  Que nova luz, mudança e paz 
No coração se faz! 
O antigo ser, corrupto e vil 
Não mais se mostra hostil 
  Oh, fonte, sim de vida e amor 
Que vem tirar o mal e a dor 
Oh, graças mil ao bom Jesus 
Que a vida deu por mim na cruz 
  Andando estou à luz do Céu 
Perdão se deu ao réu! 
Justiça Cristo me outorgou 
E agora salvo estou 
  Oh, fonte, sim de vida e amor 
Que vem tirar o mal e a dor 
Oh, graças mil ao bom Jesus 
Que a vida deu por mim na cruz 
  Grandiosa graça revelou 
Quem sangue derramou! 
Por toda a vida hei de cantar 
A redenção sem-par! 
  Oh, fonte, sim de vida e amor 
Que vem tirar o mal e a dor 
Oh, graças mil ao bom Jesus 
Que a vida deu por mim na cruz 
 "
255,As Águas Batismais,Lar e Família | Oração e Comunhão,1 Tessalonicenses 5:17; Mateus 7:7; Filipenses 4:6 | Josué 24:15; Efésios 6:1-4,https://www.youtube.com/watch?v=vf3jfoQFP3U,"Romanos 6:3, 4",A Doutrina da Igreja,O Batismo,Albertina Rodrigues Simon,Desconhecido,"Nas claras águas deste mar 
Os meus pecados deixarei 
Depois, então, irei morar 
Com o divino Rei 
  Deixarei no mar 
Minhas culpas deixarei, deixarei 
Deixarei, no mar 
E no Céu irei morar 
  Desejo agora consagrar 
A minha vida ao Salvador 
Deixando todo o meu pesar 
Aos pés do Redentor 
  Deixarei no mar 
Minhas culpas deixarei, deixarei 
Deixarei, no mar 
E no Céu irei morar 
  Aqui as culpas vou deixar 
E vida nova então terei 
E assim um dia irei morar 
Com o divino Rei 
  Deixarei no mar 
Minhas culpas deixarei, deixarei 
Deixarei, no mar 
E no Céu irei morar 
 "
256,A Ceia do Senhor,"Adoração e Louvor | Graça e Salvação | Igreja e Comunhão | Paz, Cuidado e Confiança | Sacrifício e Redenção",Efésios 2:8-9; João 3:16; 1 João 1:9 | Isaías 53:4-5; Romanos 5:8; Hebreus 9:22 | Salmos 133:1; Hebreus 10:25 | Salmos 150:1-6; Apocalipse 4:8; Salmos 95:1-2 | Salmos 23:1-4; João 14:27; Salmos 46:1,https://www.youtube.com/watch?v=DEIsgr6rAXU,1 Coríntios 11:23-26,A Doutrina da Igreja,A Ceia do Senhor,Philip P. Bliss,Philip P. Bliss,"Como irmãos nos acheguemos 
Junto à mesa do Senhor 
Esta é a Santa Ceia 
Memorial do eterno amor 
Os emblemas que hoje temos 
Simbolizam redenção 
Pois de Deus o sacrifício 
Limpa o mal e traz perdão 
  Nosso mau e vil pecado 
Trouxe dor e perdição 
Mas de Deus o amor profundo 
Nos livrou da escravidão 
Ao pensarmos que esta Ceia 
Lembra a morte de Jesus 
Vemos, sim, a nossa culpa 
Morto foi por nós na cruz 
  Tudo, enfim, de rude e triste 
Nessa cruz desfeito está 
Para nós somente existe 
Paz em Deus que durará 
Damos graças e louvores 
Homenagens ao Senhor 
Temos fé em Sua vinda 
Seu real e eterno amor 
 "
257,"Senhor, Tu nos Convidas",Graça e Salvação | Sacrifício e Redenção,Efésios 2:8-9; João 3:16; 1 João 1:9 | Isaías 53:4-5; Romanos 5:8; Hebreus 9:22,https://www.youtube.com/watch?v=LSLQ7w4we1M,Mateus 26:26-28,A Doutrina da Igreja,A Ceia do Senhor,Desconhecido,Samuel S. Wesley,"Senhor, Tu nos convidas a ceia a celebrar 
Deixar as nossa lidas E o Teu favor ganhar 
Por nós provaste a morte e dás o vinho e o pão 
Que são um simbolismo de fé na redenção 
  Do Céu, o Pão partido em dores e aflição 
Por Deus oferecido nos trouxe a salvação 
A taça de amargura tomaste Tu, Jesus 
Mas taça de doçura nos dás em vez de cruz 
  Senhor, Teu sacrifício proveu libertação 
Nos trouxe vida nova nos deu a redenção 
Ao Céu acesso temos por Ti, Jesus Senhor 
Agora compreendemos o Teu eterno amor 
 "
258,A Última Ceia,"Graça e Salvação | Igreja e Comunhão | Oração e Comunhão | Paz, Cuidado e Confiança | Sacrifício e Redenção | Segunda Vinda e Esperança",1 Tessalonicenses 4:16-17; Apocalipse 1:7; João 14:1-3 | 1 Tessalonicenses 5:17; Mateus 7:7; Filipenses 4:6 | Efésios 2:8-9; João 3:16; 1 João 1:9 | Isaías 53:4-5; Romanos 5:8; Hebreus 9:22 | Salmos 133:1; Hebreus 10:25 | Salmos 23:1-4; João 14:27; Salmos 46:1,https://www.youtube.com/watch?v=VbPvb63MO7E,João 13:1,A Doutrina da Igreja,A Ceia do Senhor,Jair Alberto da Silva,Jair Alberto da Silva,"Luz que se acende no início da noite 
Iluminando os amigos reunidos 
Sentam-se à mesa 
Buscando um lugar melhor 
Pois perto do Mestre favor querem ter 
  Esperam que servos lhes sirvam solenes 
Que lavem seus pés que cansados estão 
Mas não há servos pra aquela tarefa 
E os olhos se cruzam procurando alguém 
  Pra espanto de todos Jesus se levanta 
E põe-Se a servi-los tão humilde e sereno 
O Rei dos reis prostrado, servindo 
Dos homens limpando a impureza com amor 
  Eu vi o Deus do Céu servindo 
Eu vi Jesus os pés do traidor lavar 
E vi Seu olhar de amor dizendo: 
Eu vim aqui, Eu vim aqui pra te salvar 
  Mesa já posta, servida a Ceia 
Todos em volta em silêncio estão 
O vinho ofertado o pão repartido 
Preparam o Mestre pra o momento de dor 
  Eu vi Seu rosto em agonia 
Senti a angústia em que seu coração ficou 
Pra dar uma chance a todo homem 
Pra dar uma chance uma chance ao pecador 
  Pra dar uma chance uma chance ao pecador 
 "
259,Em Memória De Ti,Graça e Salvação | Missão e Serviço | Sacrifício e Redenção,Efésios 2:8-9; João 3:16; 1 João 1:9 | Isaías 53:4-5; Romanos 5:8; Hebreus 9:22 | Mateus 28:19-20; Isaías 6:8; Marcos 16:15,https://www.youtube.com/watch?v=nWIsUdDHHmc,"1 Coríntios 11:23, 24",A Doutrina da Igreja,A Ceia do Senhor,Phyllips C. Michael,John M. Rasley,"A mesa preparada está: 
Solene reunião 
Os doze estão ali enquanto 
Estás partindo o pão 
  Em memória de Ti em memória de Ti 
Isto é feito em memória de Ti 
E agora ao tomar deste vinho e do pão 
Isto é feito em memória de Ti 
  A cruz eu vejo em que Jesus 
Sofrendo ali morreu 
Estranha graça que salvou 
Um pobre como eu 
  Em memória de Ti em memória de Ti 
Isto é feito em memória de Ti 
E agora ao tomar deste vinho e do pão 
Isto é feito em memória de Ti 
  Por meus pecados dá perdão: 
Indigno sou, Senhor 
Completa remissão me dá 
Teu sangue, o Teu amor 
  Em memória de Ti em memória de Ti 
Isto é feito em memória de Ti 
E agora ao tomar deste vinho e do pão 
Isto é feito em memória de Ti 
 "
260,Em Memória De Mim,Lar e Família | Oração e Comunhão | Sacrifício e Redenção,1 Tessalonicenses 5:17; Mateus 7:7; Filipenses 4:6 | Isaías 53:4-5; Romanos 5:8; Hebreus 9:22 | Josué 24:15; Efésios 6:1-4,https://www.youtube.com/watch?v=c4JUrBiNjas,,A Doutrina da Igreja,A Ceia do Senhor,Ragan Courtney,Buryl Red,"Em memória de Mim, tome o pão 
Tome o vinho em memória de Mim 
Em memória de Mim, ore pra que 
Seja feita a vontade de Deus 
  Dê a cura pra quem precisar 
E procure ao faminto fartar 
Em memória de Mim, abra o seu lar 
E deixe o irmão entrar deixe-o entrar 
  A mesa está posta aqui 
Venha, celebre por Mim 
Pois ela relembra que Eu 
Morri lá na cruz por você 
  A verdade buscar pra Me achar 
Em memória de Mim, sempre amar 
Em memória de Mim e em contrição 
Reserve um lugar pra Mim em seu coração 
Em memória de Mim 
 "
261,Quem se Dispõe a Ir?,Lar e Família | Segunda Vinda e Esperança,1 Tessalonicenses 4:16-17; Apocalipse 1:7; João 14:1-3 | Josué 24:15; Efésios 6:1-4,https://www.youtube.com/watch?v=OOCiWJTMvkI,Isaías 6:8,A Doutrina da Igreja,Dons e Ministérios Espirituais,Dario Pires de Araújo,George J. Elvey,"Quem se dispõe a ir aos campos do Senhor? 
E com disposição sair ceifar com todo ardor? 
Chegado já está o tempo de ceifar 
O nosso Redentor virá os molhos Seus buscar 
  Crescem as ervas más que junto ao trigo estão 
Deixai o joio para trás trazei do trigo o grão 
A noite logo vem depressa ao campo entrai 
As sombras descem já do além, depressa trabalhar 
  Quantos atenderão à voz do Salvador? 
Ó, vinde para a frente então, à frente do labor 
O grande Rei dos reis será o Capitão 
E lá no Céu enfim tereis eterno galardão 
 "
262,Irei Aonde Jesus Mandar,"Graça e Salvação | Lar e Família | Missão e Serviço | Paz, Cuidado e Confiança",Efésios 2:8-9; João 3:16; 1 João 1:9 | Josué 24:15; Efésios 6:1-4 | Mateus 28:19-20; Isaías 6:8; Marcos 16:15 | Salmos 23:1-4; João 14:27; Salmos 46:1,https://www.youtube.com/watch?v=PEUoGbpsQo4,Lucas 9:2,A Doutrina da Igreja,Dons e Ministérios Espirituais,"Mary Brown, Charles Edwin Prior","Mary Brown, Charles Edwin Prior","Irei aonde Jesus mandar 
Eu vou sempre obedecer 
Em casa ou mesmo além do mar 
Aonde mandar, irei 
Ouvindo a Sua voz de amor 
Por sendas que não sei 
Eu hei de dizer a Jesus: ""Senhor 
Aonde mandares irei."" 
  Contigo sempre irei, Senhor 
Por terras ou por mar 
Eu quero cumprir Teu querer, Senhor 
Aonde mandares irei 
  Talvez o amor, o conforto e a paz 
Eu deva levar a alguém 
Também levar-lhe a salvação 
Que só de Jesus advém 
Se sempre me guias, meu Senhor 
Por onde quer que for 
Jamais minha voz deixarei calar 
Sabendo que eu deva falar 
  Contigo sempre irei, Senhor 
Por terras ou por mar 
Eu quero cumprir Teu querer, Senhor 
Aonde mandares irei 
  Eu sei que há um lugar pra mim 
Na obra do meu Senhor 
E a ela eu quero me dedicar 
Com todo o meu fervor 
Eu tudo confio a meu Jesus 
E espero Sua luz 
Eu quero somente servir ao Rei 
Seu súdito sempre serei 
  Contigo sempre irei, Senhor 
Por terras ou por mar 
Eu quero cumprir Teu querer, Senhor 
Aonde mandares irei 
 "
263,Mãos,Graça e Salvação | Missão e Serviço | Sacrifício e Redenção,Efésios 2:8-9; João 3:16; 1 João 1:9 | Isaías 53:4-5; Romanos 5:8; Hebreus 9:22 | Mateus 28:19-20; Isaías 6:8; Marcos 16:15,https://www.youtube.com/watch?v=eC_SG8HxQ_4,"Mateus 20:27, 28",A Doutrina da Igreja,Dons e Ministérios Espirituais,Williams Costa Jr.,Williams Costa Jr.,"Estas mãos que Deus me deu 
Foram feitas pra servir 
O vizinho ao lado meu 
Que não sabe mais sorrir! 
Através de minhas mãos 
Eu pretendo lhe mostrar 
O sorriso de Jesus 
  Mãos consagradas para a causa em prol do amor 
Mãos dedicadas ao serviço do Senhor 
Mãos preocupadas em se unir às de Jesus 
Mãos que não temem o encontro com a luz 
  Há no céu, no mar, na flor 
Um detalhe de amor 
Há também no entardecer 
A poesia do nascer! 
Na beleza natural 
Eu contemplo a digital 
Dessa mão que me criou 
  Mãos consagradas para a causa em prol do amor 
Mãos dedicadas ao serviço do Senhor 
Mãos preocupadas em se unir às de Jesus 
Mãos que não temem o encontro com a luz 
  Minha mão co'a de Jesus 
Vai se unir no ideal 
De mostrar que a Sua cruz 
É um fato bem real 
Através dessa união 
Eu pretendo a integração 
Com Jesus e com você 
  Mãos consagradas para a causa em prol do amor 
Mãos dedicadas ao serviço do Senhor 
Mãos preocupadas em se unir às de Jesus 
Mãos que não temem o encontro com a luz 
 "
264,Envio A Ti,Graça e Salvação | Lar e Família | Missão e Serviço | Oração e Comunhão | Sacrifício e Redenção,1 Tessalonicenses 5:17; Mateus 7:7; Filipenses 4:6 | Efésios 2:8-9; João 3:16; 1 João 1:9 | Isaías 53:4-5; Romanos 5:8; Hebreus 9:22 | Josué 24:15; Efésios 6:1-4 | Mateus 28:19-20; Isaías 6:8; Marcos 16:15,https://www.youtube.com/watch?v=MGgZCcpZIYE,"João 20:21, 22",A Doutrina da Igreja,Dons e Ministérios Espirituais,Edith M. Clarkson,John W. Peterson,"Envio a ti aos campos da seara 
Semear, ceifar, sem honras receber 
Sofrer por Mim ingratidão e escárnio 
Contigo estou terás o Meu poder 
  Envio a ti aos corações que odeiam 
Aos olhos cegos que não querem ver 
Gastar-te até o sangue sem poupar-te 
Ó, vai e lembra todo o Meu sofrer 
  Envio a ti às almas quebrantadas 
E por alguém orar chorar, velar 
O fardo erguer de corações cansados 
Vai com fervor do Meu amor falar 
  Como o Pai enviou-Me assim 
Eu envio a ti 
 "
265,Faz-me Um Servo,Oração e Comunhão,1 Tessalonicenses 5:17; Mateus 7:7; Filipenses 4:6,https://www.youtube.com/watch?v=MTnD-Y7pjZA,João 12:26,A Doutrina da Igreja,Dons e Ministérios Espirituais,Kelly Willard,Kelly Willard,"Faz-me um servo 
Pronto a Te ouvir 
Quero ficar bem junto de Ti 
Meu coração possa sempre pedir: 
Faz-me um servo 
Faz-me um servo 
Faz-me um servo, meu Deus 
  Faz-me um servo 
Pronto a Te ouvir 
Quero ficar bem junto de Ti 
Meu coração possa sempre pedir: 
Faz-me um servo 
Faz-me um servo 
Faz-me um servo, meu Deus 
 "
266,No Serviço do Meu Rei,"Graça e Salvação | Missão e Serviço | Paz, Cuidado e Confiança",Efésios 2:8-9; João 3:16; 1 João 1:9 | Mateus 28:19-20; Isaías 6:8; Marcos 16:15 | Salmos 23:1-4; João 14:27; Salmos 46:1,https://www.youtube.com/watch?v=Wdz8uN0DPFY,João 4:34-36,A Doutrina da Igreja,Dons e Ministérios Espirituais,Alfred H. Ackley,Bentley D. Ackley,"Trabalhando por Jesus eu sou feliz 
Sou feliz e venturoso 
A Seus pés eu minha alma satisfiz 
Em Jesus eu sou feliz! 
  Ao serviço do meu Rei 
Meus talentos eu darei 
Tenho paz e alegria 
No serviço do meu Rei 
  Em Jesus sublime paz eu encontrei 
Sou feliz e venturoso 
E agora em gratidão sempre estarei 
No serviço do meu Rei 
  Ao serviço do meu Rei 
Meus talentos eu darei 
Tenho paz e alegria 
No serviço do meu Rei 
  Esse grande amor eu hei de proclamar 
Sou feliz e venturoso 
Minha vida a Cristo eu quero consagrar 
E com Ele sempre andar 
  Ao serviço do meu Rei 
Meus talentos eu darei 
Tenho paz e alegria 
No serviço do meu Rei 
 "
267,As Searas Maduras,Graça e Salvação | Lar e Família | Missão e Serviço,Efésios 2:8-9; João 3:16; 1 João 1:9 | Josué 24:15; Efésios 6:1-4 | Mateus 28:19-20; Isaías 6:8; Marcos 16:15,https://www.youtube.com/watch?v=qShdC3CEHN0,"João 4:35, 36",A Doutrina da Igreja,Dons e Ministérios Espirituais,Desconhecido,Desconhecido,"Contemplai as searas maduras 
Vede os grãos tremulando no ar 
Eis a voz do Senhor com ternura 
Os fiéis para a ceifa chamar 
  Oh! quem, pois dirá para o Mestre 
""Eis-me aqui, eu vou, Senhor!"" 
Oh! quem a ceifar se consagra 
Com prazer, força e fé, com amor? 
  Do semear já o tempo é passado 
E chegou a estação outonal 
Eis de Deus o insistente chamado: 
""Partilhai da colheita final!"" 
  Oh! quem, pois dirá para o Mestre 
""Eis-me aqui, eu vou, Senhor!"" 
Oh! quem a ceifar se consagra 
Com prazer, força e fé, com amor? 
  Que prazer, afinal, o ceifeiro 
Fruirá junto ao bom Semeador! 
Receber vai o prêmio do obreiro 
Lá no Céu, no eternal lar de amor 
  Oh! quem, pois dirá para o Mestre 
""Eis-me aqui, eu vou, Senhor!"" 
Oh! quem a ceifar se consagra 
Com prazer, força e fé, com amor? 
 "
268,Compensa Servir a Jesus,Adoração e Louvor | Graça e Salvação | Missão e Serviço | Sacrifício e Redenção,Efésios 2:8-9; João 3:16; 1 João 1:9 | Isaías 53:4-5; Romanos 5:8; Hebreus 9:22 | Mateus 28:19-20; Isaías 6:8; Marcos 16:15 | Salmos 150:1-6; Apocalipse 4:8; Salmos 95:1-2,https://www.youtube.com/watch?v=maPqiR2yjy0,Mateus 19:27-29,A Doutrina da Igreja,Dons e Ministérios Espirituais,Frank C. Huston,Frank C. Huston,"Servir a Jesus, que prazer sem igual 
NEle há salvação e vida eternal 
É só confiar e seguir Sua luz 
Compensa servir a Jesus 
  Compensa servir a Jesus mais e mais 
Compensa, pois bênçãos produz 
Seja a senda da glória difícil demais 
É prazer, sim, servir a Jesus 
  Ainda que as sombras nos venham cercar 
E espinhos do mal nos façam sangrar 
O bom Redentor já sofreu sobre a cruz 
Compensa servir a Jesus 
  Compensa servir a Jesus mais e mais 
Compensa, pois bênçãos produz 
Seja a senda da glória difícil demais 
É prazer, sim, servir a Jesus 
  Compensa servir a Jesus com amor 
Embora a sofrer em lutas e dor 
O Mestre com graça nos guarda e conduz 
Compensa servir a Jesus 
  Compensa servir a Jesus mais e mais 
Compensa, pois bênçãos produz 
Seja a senda da glória difícil demais 
É prazer, sim, servir a Jesus 
 "
269,Sal da Terra,"Graça e Salvação | Missão e Serviço | Paz, Cuidado e Confiança | Segunda Vinda e Esperança",1 Tessalonicenses 4:16-17; Apocalipse 1:7; João 14:1-3 | Efésios 2:8-9; João 3:16; 1 João 1:9 | Mateus 28:19-20; Isaías 6:8; Marcos 16:15 | Salmos 23:1-4; João 14:27; Salmos 46:1,https://www.youtube.com/watch?v=ROWbiKrX-1U,Mateus 5:13,A Doutrina da Igreja,Dons e Ministérios Espirituais,"Edson Romero Marques, Lineu Formighieri Soares","Edson Romero Marques, Lineu Formighieri Soares","Jesus nos deu esta missão: 
O Seu amor compartilhar 
Somente entraremos em ação 
Se o amor de Deus nos motivar 
O Seu poder nos moverá 
E assim iremos repartir 
O amor de Deus a verdadeira paz 
E a doce esperança no porvir 
  Vós sois o sal da terra 
Vós sois o sal da terra 
Restaurando o sabor 
E a alegria de viver 
Vós sois o sal da terra 
  A vida que Jesus viveu 
O exemplo que Ele nos deixou 
Demonstram o real sentido da missão 
Que o Senhor nos confiou 
Saber a todos perdoar 
Querer a todos aceitar 
Revelam a grandeza do serviço 
E apontam para o Salvador 
  Vós sois o sal da terra 
Vós sois o sal da terra 
Restaurando o sabor 
E a alegria de viver 
Vós sois o sal da terra 
 "
270,Vaso de Benção,Graça e Salvação | Missão e Serviço,Efésios 2:8-9; João 3:16; 1 João 1:9 | Mateus 28:19-20; Isaías 6:8; Marcos 16:15,https://www.youtube.com/watch?v=tLhObj3zj-c,Atos 9:15,A Doutrina da Igreja,Dons e Ministérios Espirituais,Harper G. Smyth,Harper G. Smyth,"Quero ser um vaso de bênção 
Sim, um vaso escolhido por Deus 
Para as novas levar aos perdidos 
Boas novas que vêm lá dos Céus 
  Faze-me vaso de bênção, Senhor 
Vaso que leve a mensagem de amor! 
Eis-me submisso pra Teu serviço 
Tudo consagro-Te agora, Senhor! 
  Quero ser um vaso de bênção 
Para todos os dias fazer 
Aos culpados que vivem nas trevas 
O perdão de Jesus conhecer 
  Faze-me vaso de bênção, Senhor 
Vaso que leve a mensagem de amor! 
Eis-me submisso pra Teu serviço 
Tudo consagro-Te agora, Senhor! 
  Para ser um vaso de bênção 
É preciso uma vida leal 
Uma vida de fé e pureza 
Revestida do amor divinal 
  Faze-me vaso de bênção, Senhor 
Vaso que leve a mensagem de amor! 
Eis-me submisso pra Teu serviço 
Tudo consagro-Te agora, Senhor! 
 "
271,Vaso De Honra,Graça e Salvação | Missão e Serviço | Segunda Vinda e Esperança,1 Tessalonicenses 4:16-17; Apocalipse 1:7; João 14:1-3 | Efésios 2:8-9; João 3:16; 1 João 1:9 | Mateus 28:19-20; Isaías 6:8; Marcos 16:15,https://www.youtube.com/watch?v=Kr-tDldyFmQ,"Jeremias 18:5, 6",A Doutrina da Igreja,Dons e Ministérios Espirituais,Rick Kirgham,Rick Kirgham,"Eu quero ser um vaso de honra 
Moldado pelo Senhor 
Com a mensagem de amor e esperança 
Aos homens por onde for 
  Reaviva-me inspira minha vida 
Prepara-me pra fazer o Teu querer 
Aprofunda-me em Teu poder e graça 
Para honrar o Teu nome, Senhor! 
  Eu quero ser um vaso de honra 
Moldado pelo Senhor 
Com a mensagem de amor e esperança 
Aos homens por onde for 
  Reaviva-me inspira minha vida 
Prepara-me pra fazer o Teu querer 
Aprofunda-me em Teu poder e graça 
Para honrar o Teu nome, Senhor! 
  Para honrar o Teu nome, Senhor! 
 "
272,Através De Nós,"Adoração e Louvor | Espírito Santo | Lar e Família | Oração e Comunhão | Paz, Cuidado e Confiança",1 Tessalonicenses 5:17; Mateus 7:7; Filipenses 4:6 | Josué 24:15; Efésios 6:1-4 | João 14:16-17; Atos 2:1-4 | Salmos 150:1-6; Apocalipse 4:8; Salmos 95:1-2 | Salmos 23:1-4; João 14:27; Salmos 46:1,https://www.youtube.com/watch?v=c9f7n3Ro6_Y,João 15:16,A Doutrina da Igreja,Dons e Ministérios Espirituais,Valdecir Simões Lima,Lineu Formighieri Soares,"Deus quer que a nossa vida se consagre 
Para que ele use os dons que há em nós 
O mundo então verá grande milagres 
Se o Espírito falar por nossa voz 
Deus quer usar os dons que nos tem dado 
Tornando a nossa vida uma luz 
E assim curar os pobres quebrantados 
Com nossas mãos guiadas por Jesus 
  Através de nós através de nós 
Deus quer manifestar a sua glória 
Através de nós através de nós 
Deus mostra o caminho da vitória 
Através de nós 
  Se Deus em nossa vida achar morada 
Se Dele for a nossa mente e o coração 
Veremos muita gente abençoada 
Que Deus abençoou por nossas mãos 
Nós somos o canal das grandes bênçãos 
Que Deus deseja hoje derramar 
Deus pode operar muitos milagres 
Somente se o seu povo se humilhar e orar 
  Através de nós através de nós 
Deus quer manifestar a sua glória 
Através de nós através de nós 
Deus mostra o caminho da vitória 
Através de nós 
 "
273,A Escola Sabatina,Igreja e Comunhão | Oração e Comunhão | Palavra de Deus e Lei | Sábado e Criação,1 Tessalonicenses 5:17; Mateus 7:7; Filipenses 4:6 | Salmos 119:105; 2 Timóteo 3:16; Salmos 19:7 | Salmos 133:1; Hebreus 10:25 | Êxodo 20:8-11; Gênesis 2:2-3,https://www.youtube.com/watch?v=cgNzy67c04E,"Salmo 25:4, 5",A Doutrina da Igreja,Dons e Ministérios Espirituais,Desconhecido,Jean Jacques Rousseau,"Em Teu nome começamos 
Esta escola, ó Senhor! 
Com fervor nós Te rogamos 
Sejas o nosso Diretor 
  Cada sábado nós vimos 
À Tua escola, ó Jesus! 
Vem, ó Mestre, instruir-nos 
No caminho Teu de luz 
  Esta escola nos ensina 
Em Tua santa lei viver 
E nos manda que sejamos 
Sempre fiéis, até morrer 
  Cada sábado nós vimos 
À Tua escola, ó Jesus! 
Vem, ó Mestre, instruir-nos 
No caminho Teu de luz 
  Vem, Senhor, vem ensinar-nos 
Teus preceitos bem cumprir 
Eis, reunidos, esperamos 
Tua presença aqui sentir 
  Cada sábado nós vimos 
À Tua escola, ó Jesus! 
Vem, ó Mestre, instruir-nos 
No caminho Teu de luz 
 "
274,O Encontro,Adoração e Louvor | Igreja e Comunhão | Oração e Comunhão | Segunda Vinda e Esperança | Sábado e Criação,1 Tessalonicenses 4:16-17; Apocalipse 1:7; João 14:1-3 | 1 Tessalonicenses 5:17; Mateus 7:7; Filipenses 4:6 | Salmos 133:1; Hebreus 10:25 | Salmos 150:1-6; Apocalipse 4:8; Salmos 95:1-2 | Êxodo 20:8-11; Gênesis 2:2-3,https://www.youtube.com/watch?v=XdXaEhP6LjU,,A Doutrina da Igreja,Dons e Ministérios Espirituais,Guilherme S. Andrade,Guilherme S. Andrade,"Nos reunimos cada sábado pra fortalecer 
Nossos laços, nossa fé 
E em Deus buscar poder 
Com louvor e oração 
Testemunho e comunhão 
Nós unimos nosso coração a Deus 
Pra que ele viva em nós 
E assim que a nossa voz 
Com poder e autoridade 
Leve ao mundo a verdade 
A Escola Sabatina é 
Um encontro com Jesus 
Nele unidos vamos ser 
Na esperança e na fé crescer 
  Nos reunimos cada sábado pra fortalecer 
Nossos laços, nossa fé 
E em Deus buscar poder 
Com louvor e oração 
Testemunho e comunhão 
Nós unimos nosso coração a Deus 
Pra que ele viva em nós 
E assim que a nossa voz 
Com poder e autoridade 
Leve ao mundo a verdade 
A Escola Sabatina é 
Um encontro com Jesus 
Nele unidos vamos ser 
Na esperança e na fé crescer 
 "
275,Hino Dos Aventureiros,"Adoração e Louvor | Crianças e Jovens | Graça e Salvação | Paz, Cuidado e Confiança",Efésios 2:8-9; João 3:16; 1 João 1:9 ; Provérbios 22:6 | Salmos 150:1-6; Apocalipse 4:8; Salmos 95:1-2 | Salmos 23:1-4; João 14:27; Salmos 46:1,https://www.youtube.com/watch?v=As-X-j6HRdE,Mateus 19:14,A Doutrina da Igreja,Dons e Ministérios Espirituais,Wanderson F. Paiva,Wanderson F. Paiva,"Somos Aventureiros alegres 
Que confiam no amigo Jesus 
Aprendemos que sempre devemos 
Ser pra todos um brilho da Luz 
Descobrimos em tudo a beleza 
E o amor de um Deus criador 
E amando a Cristo faremos 
Maravilhas ao nosso redor 
  Somos Aventureiros alegres 
Que confiam no amigo Jesus 
Aprendemos que sempre devemos 
Ser pra todos um brilho da Luz 
Descobrimos em tudo a beleza 
E o amor de um Deus criador 
E amando a Cristo faremos 
Maravilhas ao nosso redor 
 "
276,Hino Dos Desbravadores,Crianças e Jovens | Graça e Salvação | Lar e Família | Palavra de Deus e Lei | Segunda Vinda e Esperança,1 Tessalonicenses 4:16-17; Apocalipse 1:7; João 14:1-3 | Efésios 2:8-9; João 3:16; 1 João 1:9 | Josué 24:15; Efésios 6:1-4 | Mateus 19:14; Provérbios 22:6 | Salmos 119:105; 2 Timóteo 3:16; Salmos 19:7,https://www.youtube.com/watch?v=0v1ihqB0gpI,"Mateus 28:19, 20",A Doutrina da Igreja,Dons e Ministérios Espirituais,Henry T. Bergh,Henry T. Bergh,"Nós somos os Desbravadores 
Os servos do Rei dos reis 
Sempre avante assim marchamos 
Fiéis às Suas leis 
Devemos ao mundo anunciar 
As novas da salvação 
Que Cristo virá em breve 
Dar o galardão 
  Nós somos os Desbravadores 
Os servos do Rei dos reis 
Sempre avante assim marchamos 
Fiéis às Suas leis 
Devemos ao mundo anunciar 
As novas da salvação 
Que Cristo virá em breve 
Dar o galardão 
 "
277,Bem-aventurança,Segunda Vinda e Esperança,1 Tessalonicenses 4:16-17; Apocalipse 1:7; João 14:1-3,https://www.youtube.com/watch?v=r9KpN18SQDg,Apocalipse 1:3,A Doutrina da Igreja,O Dom de Profecia,Lineu Formighieri Soares,Lineu Formighieri Soares,"Bem-aventurado aquele que lê 
Aquele que ouve a profecia 
Bem-aventurado aquele que guarda 
As coisas que nela escritas estão 
  Bem-aventurado aquele que lê 
Aquele que ouve e busca saber 
Que o tempo está bem próximo 
De Jesus aqui voltar 
Pois o tempo está bem próximo 
Amém! 
 "
278,A Voz de Deus,"Graça e Salvação | Lar e Família | Palavra de Deus e Lei | Paz, Cuidado e Confiança",Efésios 2:8-9; João 3:16; 1 João 1:9 | Josué 24:15; Efésios 6:1-4 | Salmos 119:105; 2 Timóteo 3:16; Salmos 19:7 | Salmos 23:1-4; João 14:27; Salmos 46:1,https://www.youtube.com/watch?v=sXZgMQKfLfk,1 Coríntios 14:1,A Doutrina da Igreja,O Dom de Profecia,Wanderson F. Paiva,Wanderson F. Paiva,"Eu creio que meu Deus revela 
Os Seus desejos e Seus planos para mim 
Mostrando a história numa tela 
O meu Senhor declara 
O Seu amor sem fim 
  Eu creio neste dom divino 
Na voz que traz conforto e ensino 
Eu nunca estarei sozinho 
A voz de Deus meus passos sempre guiará 
  Eu creio que em nossos dias 
Deus escolheu os Seus segredos revelar 
Chamando homens e mulheres 
Pra com poder 
Do seu amor, testemunhar 
  Eu creio neste dom divino 
Na voz que traz conforto e ensino 
Eu nunca estarei sozinho 
A voz de Deus meus passos sempre guiará 
  Eu creio que ainda é tempo 
Pra descobrir o que meu Deus já revelou 
Eu quero sempre estar atento 
Pra ouvir a voz do meu Senhor 
Meu Pai de amor 
  Eu creio neste dom divino 
Na voz que traz conforto e ensino 
Eu nunca estarei sozinho 
A voz de Deus meus passos sempre guiará 
 "
279,A Verdade Brilhará,"Espírito Santo | Graça e Salvação | Palavra de Deus e Lei | Paz, Cuidado e Confiança",Efésios 2:8-9; João 3:16; 1 João 1:9 | João 14:16-17; Atos 2:1-4 | Salmos 119:105; 2 Timóteo 3:16; Salmos 19:7 | Salmos 23:1-4; João 14:27; Salmos 46:1,https://www.youtube.com/watch?v=7XEXWM9JX0E,Apocalipse 19:10,A Doutrina da Igreja,O Dom de Profecia,Jader D. Santos,Jader D. Santos,"Deus fala por profetas 
E comunica a sua vontade 
Tem sido assim desde o início do mundo 
A verdade brilhará 
Mesmo em meio a escuridão 
Deus jamais nos abandona 
E nos toma pela mão 
  O Espírito de Profecia é essa luz menor 
Ele é que aponta para a luz maior 
A palavra viva santa e eficaz 
É a luz divina sempre a brilhar 
  Deus não faria algo 
Sem antes avisar Seus profetas 
O Espírito é nosso guia constante 
Através de tempos bons 
Ou na tempestade atroz 
Ele é nossa companhia 
Não nos deixará a sós 
  O Espírito de Profecia é essa luz menor 
Ele é que aponta para a luz maior 
A palavra viva santa e eficaz 
É a luz divina sempre a brilhar 
  O Espírito nos fala 
E a todos que Lhe derem ouvidos 
Àqueles que são sinceros e O buscam 
O senhor se revelou 
Expressando o seu amor 
E demonstra Seu cuidado 
Neste dom que nos deixou 
  O Espírito de Profecia é essa luz menor 
Ele é que aponta para a luz maior 
A palavra viva santa e eficaz 
É a luz divina sempre a brilhar 
 "
280,O Espírito De Profecia,"Espírito Santo | Graça e Salvação | Lar e Família | Palavra de Deus e Lei | Paz, Cuidado e Confiança",Efésios 2:8-9; João 3:16; 1 João 1:9 | Josué 24:15; Efésios 6:1-4 | João 14:16-17; Atos 2:1-4 | Salmos 119:105; 2 Timóteo 3:16; Salmos 19:7 | Salmos 23:1-4; João 14:27; Salmos 46:1,https://www.youtube.com/watch?v=O4pIdHTqSlM,Amós 3:7,A Doutrina da Igreja,O Dom de Profecia,Rute de Matos Bazan,Rute de Matos Bazan,"O Pai jamais nos deixa em trevas 
Revela tudo aos Seus profetas 
Ele quer que compreendamos 
Sua vontade para nós 
  O espírito de profecia 
Traz consolo ao aflito 
Orienta o perdido 
E o que busca instrução 
Quando há necessidade provê a correção 
Nos conduz às Escrituras 
E nos guia à salvação 
  Andemos, pois na luz que temos 
Vivamos tudo que aprendemos 
E as ciladas que nos cercam 
Não nos poderão vencer 
  O espírito de profecia 
Traz consolo ao aflito 
Orienta o perdido 
E o que busca instrução 
Quando há necessidade provê a correção 
Nos conduz às Escrituras 
E nos guia à salvação 
 "
281,Filhos Da Promessa,Crianças e Jovens | Palavra de Deus e Lei | Segunda Vinda e Esperança,1 Tessalonicenses 4:16-17; Apocalipse 1:7; João 14:1-3 | Mateus 19:14; Provérbios 22:6 | Salmos 119:105; 2 Timóteo 3:16; Salmos 19:7,https://www.youtube.com/watch?v=4B2i8A9v4qc,Apocalipse 12:17,A Doutrina da Igreja,O Dom de Profecia,Eddie Schultz Henrique,Eddie Schultz Henrique,"Quando a doce esperança 
Tão amarga se tornou 
E a pequenina chama 
Pouco a pouco se apagou 
Levantou-se em meio às trevas 
Pela mão do Salvador 
Eis a voz da profecia 
A mensageira do Senhor 
  Somos filhos da promessa 
Escolhidos por Jesus 
Pela fé em Sua Palavra 
Nós seguimos Sua luz 
Através de Seus profetas 
Pela santa inspiração 
Conhecemos a verdade 
Que nos traz libertação 
  Hoje são os seus escritos 
Um farol a iluminar 
Jesus Cristo nossa Rocha 
Onde iremos aportar 
Pela pena inspirada 
Deus está a nos mostrar 
Que o caminho é estreito 
Mas Jesus à frente está 
  Somos filhos da promessa 
Escolhidos por Jesus 
Pela fé em Sua Palavra 
Nós seguimos Sua luz 
Através de Seus profetas 
Pela santa inspiração 
Conhecemos a verdade 
Que nos traz libertação 
 "
282,Em Sua Presença,"Graça e Salvação | Missão e Serviço | Palavra de Deus e Lei | Paz, Cuidado e Confiança",Efésios 2:8-9; João 3:16; 1 João 1:9 | Mateus 28:19-20; Isaías 6:8; Marcos 16:15 | Salmos 119:105; 2 Timóteo 3:16; Salmos 19:7 | Salmos 23:1-4; João 14:27; Salmos 46:1,https://www.youtube.com/watch?v=64erEGHX6tg,Apocalipse 2:10,A Doutrina da Vida Cristã,A Lei de Deus,Samuel Krähenbühl,Samuel Krähenbühl,"A lei do Senhor é perfeita 
Em Sua Palavra há vida e salvação 
Quão precioso é estar em Sua presença 
Pois Seu amor me traz segurança 
  Fonte de vida fonte de amor 
Em Seus braços tenho a força 
Que preciso pra vencer 
Seu nome é poderoso divina inspiração 
Sua presença me conforta 
Quando estou em aflição 
  A lei do Senhor é perfeita 
Em Sua Palavra há vida e salvação 
Quão precioso é estar em Sua presença 
Pois Seu amor me traz segurança 
  Quero ser puro a Jesus servir 
Quero andar em Seus caminhos 
Longe de qualquer temor 
Em Sua lei medito e quero obedecer 
Pois só Ele me ajuda 
Quando estou em tentação 
  A lei do Senhor é perfeita 
Em Sua Palavra há vida e salvação 
Quão precioso é estar em Sua presença 
Pois Seu amor me traz segurança 
 "
283,Crer e Observar,"Lar e Família | Oração e Comunhão | Palavra de Deus e Lei | Paz, Cuidado e Confiança",1 Tessalonicenses 5:17; Mateus 7:7; Filipenses 4:6 | Josué 24:15; Efésios 6:1-4 | Salmos 119:105; 2 Timóteo 3:16; Salmos 19:7 | Salmos 23:1-4; João 14:27; Salmos 46:1,https://www.youtube.com/watch?v=lXpmeNNeztI,"Mateus 7:24, 25",A Doutrina da Vida Cristã,A Lei de Deus,John H. Sammis,Daniel B. Towner,"Em Jesus confiar 
Sua lei observar 
Que alegria que bênção, que paz! 
Satisfeitos, guardar 
Tudo quanto ordenar 
Que prazer tão imenso nos traz! 
  Crer e observar 
Tudo quanto ordenar 
O fiel obedece 
Ao que Cristo mandar 
  O inimigo falaz 
E a calúnia mordaz 
Cristo tem o poder de afastar 
Nem tristeza, nem dor 
Nem a intriga maior 
Poderão ao fiel abalar 
  Crer e observar 
Tudo quanto ordenar 
O fiel obedece 
Ao que Cristo mandar 
  Resolutos, senhor 
E com fé, zelo e ardor 
Os Teus passos queremos seguir 
Teus preceitos guardar 
O Teu nome exaltar 
Sempre a Tua vontade cumprir 
  Crer e observar 
Tudo quanto ordenar 
O fiel obedece 
Ao que Cristo mandar 
 "
284,Obedecer É Melhor,Palavra de Deus e Lei,Salmos 119:105; 2 Timóteo 3:16; Salmos 19:7,https://www.youtube.com/watch?v=UBzEdvwvAQY,1 Samuel 15:22,A Doutrina da Vida Cristã,A Lei de Deus,Franklin E. Belden,Franklin E. Belden,"Obedecer é melhor do que sacrificar 
Melhor é sempre atender a Deus e a lei guardar 
  A Deus com fé nossa alma volvamos 
À Sua lei obedeçamos 
Pois obedecer é melhor do que sacrificar 
Melhor é sempre atender a Deus 
E a lei guardar 
  Dizeis que não é preciso mais a lei guardar? 
Olhai que a Bíblia em lugar algum a faz tombar 
  A Deus com fé nossa alma volvamos 
À Sua lei obedeçamos 
Pois obedecer é melhor do que sacrificar 
Melhor é sempre atender a Deus 
E a lei guardar 
  Virão as bênçãos de Deus a quem a lei seguir 
Oh! sim, Jesus nos ajuda a toda a lei cumprir 
  A Deus com fé nossa alma volvamos 
À Sua lei obedeçamos 
Pois obedecer é melhor do que sacrificar 
Melhor é sempre atender a Deus 
E a lei guardar 
 "
285,Eu Amo A Tua Lei,Adoração e Louvor | Missão e Serviço | Oração e Comunhão | Palavra de Deus e Lei | Sábado e Criação,1 Tessalonicenses 5:17; Mateus 7:7; Filipenses 4:6 | Mateus 28:19-20; Isaías 6:8; Marcos 16:15 | Salmos 119:105; 2 Timóteo 3:16; Salmos 19:7 | Salmos 150:1-6; Apocalipse 4:8; Salmos 95:1-2 | Êxodo 20:8-11; Gênesis 2:2-3,https://www.youtube.com/watch?v=qNqAq54JUxg,,A Doutrina da Vida Cristã,A Lei de Deus,Sullivan Dutra,Sullivan Dutra,"Eu amo a Tua lei, pois ela é Teu querer 
Seguir os teus caminhos é a missão do meu viver 
Eu sigo a Tua lei pois ela é direção 
É onde o criador se encontra com a criação 
  Tua lei reflete quem Tu és 
Tua lei revela quem eu sou 
Pensando sempre em mim 
E no meu bem-estar 
Deixaste por escrito 
Uma forma de me amar 
  Eu leio a Tua lei pois nela eu aprendi 
Que os teus pensamentos são perfeitos para mim 
Eu guardo a Tua lei pois ela é instrução 
Escondo-a com carinho dentro do meu coração 
  Tua lei reflete quem Tu és 
Tua lei revela quem eu sou 
Pensando sempre em mim 
E no meu bem-estar 
Deixaste por escrito 
Uma forma de me amar 
 "
286,Tua Lei,Crianças e Jovens | Graça e Salvação | Lar e Família | Oração e Comunhão | Palavra de Deus e Lei,1 Tessalonicenses 5:17; Mateus 7:7; Filipenses 4:6 | Efésios 2:8-9; João 3:16; 1 João 1:9 | Josué 24:15; Efésios 6:1-4 | Mateus 19:14; Provérbios 22:6 | Salmos 119:105; 2 Timóteo 3:16; Salmos 19:7,https://www.youtube.com/watch?v=179Ih-iPnk0,Salmo 19:7,A Doutrina da Vida Cristã,A Lei de Deus,Jader D. Santos,Jader D. Santos,"As Tuas verdades Senhor 
Desejo guardar aonde eu for 
Por isso, eu as escondi 
Dentro do meu coração 
Pretendo seguir Teu querer 
E o Teu grande amor entender 
Eu sou Teu filho Tu és meu Pai 
Da Tua mão eu não largo jamais 
  A Tua verdade me faz 
Ser livre e feliz outra vez 
E nela eu posso encontrar 
A fórmula para vencer 
Luz que ilumina o caminho 
Fonte de todo saber 
A Tua lei é perfeita 
É o resumo do Teu querer 
  Nas Tuas veredas Senhor 
Eu quero também caminhar 
Da fonte da vida, Senhor 
Quero somente beber 
Eu quero saciar minha sede 
A sede de Te conhecer 
Eu sou Teu filho Tu és meu Pai 
Da Tua mão eu não largo jamais 
  A Tua verdade me faz 
Ser livre e feliz outra vez 
E nela eu posso encontrar 
A fórmula para vencer 
Luz que ilumina o caminho 
Fonte de todo saber 
A Tua lei é perfeita 
É o resumo do Teu querer 
 "
287,A Lei De Deus,Graça e Salvação | Lar e Família | Oração e Comunhão | Palavra de Deus e Lei | Santuário e Juízo,1 Tessalonicenses 5:17; Mateus 7:7; Filipenses 4:6 | Efésios 2:8-9; João 3:16; 1 João 1:9 | Hebreus 4:14-16; Hebreus 8:1-2; Daniel 8:14 | Josué 24:15; Efésios 6:1-4 | Salmos 119:105; 2 Timóteo 3:16; Salmos 19:7,https://www.youtube.com/watch?v=qkiZ-pjlcqs,Mateus 5:17,A Doutrina da Vida Cristã,A Lei de Deus,Mário Jorge Lima,Lineu Formighieri Soares,"A expressa vontade do Pai 
A justiça e o caráter de Deus 
Estão revelados nessa lei de amor 
Que é a base do Reino dos Céus 
Seus preceitos são universais 
E são bênçãos pra quem os cumprir 
São princípios eternos são fundamentais 
Por mostrar o caminho a seguir 
  Cristo guardou a lei com perfeição 
Sua obediência a mim transferiu 
Veio escrevê-la no meu coração 
Pois essa lei Deus jamais aboliu 
  A lei não me pode salvar 
Nem garante que no Céu vou viver 
Mas todo que é salvo vai a lei guardar 
Do juízo, ela a norma há de ser 
E não basta guardar essa lei 
É preciso ter nisso prazer 
Salvo, então, pela graça sem condenação 
Ela passa a me proteger 
  Cristo guardou a lei com perfeição 
Sua obediência a mim transferiu 
Veio escrevê-la no meu coração 
Pois essa lei Deus jamais aboliu 
 "
288,Fiel a Toda Prova,Graça e Salvação | Lar e Família | Oração e Comunhão,1 Tessalonicenses 5:17; Mateus 7:7; Filipenses 4:6 | Efésios 2:8-9; João 3:16; 1 João 1:9 | Josué 24:15; Efésios 6:1-4,https://www.youtube.com/watch?v=ndQK0QjLHlU,,A Doutrina da Vida Cristã,A Lei de Deus,Jader D. Santos,Jader D. Santos,"Paro pra pensar 
Nos desafios deste meu viver 
Paro pra ouvir 
O que a voz de Deus quer me dizer 
São tantas as pressões 
Que tenho que enfrentar 
Mas bem acima delas 
Sei que está meu Pai 
  Quero ser fiel a toda prova 
Fiel em qualquer tempo qualquer hora 
Quero ser fiel no que é pouco 
Para ser fiel no que é muito 
Quero ser fiel a toda prova 
Não por uma mera obrigação 
Mas em resposta ao amor tão grande 
Que um dia inundou 
O meu coração 
  Posso triunfar 
Conheço alguém que já venceu por mim 
Posso me apegar 
À forte mão de um Deus tão grande assim 
Em meio à provação 
Começo a louvar 
E seu poder do alto 
Vem me alcançar 
  Quero ser fiel a toda prova 
Fiel em qualquer tempo qualquer hora 
Quero ser fiel no que é pouco 
Para ser fiel no que é muito 
Quero ser fiel a toda prova 
Não por uma mera obrigação 
Mas em resposta ao amor tão grande 
Que um dia inundou 
O meu coração 
  Deus majestoso 
Pai tão grandioso 
Envie em meu auxílio 
Seu anjo mais poderoso 
  Quero ser fiel a toda prova 
Não por uma mera obrigação 
Mas em resposta ao amor tão grande 
Ao amor tão grande 
Ao amor tão grande 
Que um dia inundou 
O meu coração 
 "
289,A Tua Lei,"Adoração e Louvor | Graça e Salvação | Oração e Comunhão | Palavra de Deus e Lei | Paz, Cuidado e Confiança",1 Tessalonicenses 5:17; Mateus 7:7; Filipenses 4:6 | Efésios 2:8-9; João 3:16; 1 João 1:9 | Salmos 119:105; 2 Timóteo 3:16; Salmos 19:7 | Salmos 150:1-6; Apocalipse 4:8; Salmos 95:1-2 | Salmos 23:1-4; João 14:27; Salmos 46:1,https://www.youtube.com/watch?v=DnJh2Iu9_4Y,Salmo 119:97,A Doutrina da Vida Cristã,A Lei de Deus,"Milton Mendes Andrade, Valdecir Simões Lima","Milton Mendes Andrade, Valdecir Simões Lima","Oh! quanto amo a Tua lei 
Ela é o meu prazer, Senhor 
Sim, verdadeiros são Seus passos 
É a verdade dos teus lábios 
É motivo do meu louvor 
  Bem-aventurados os que andam na lei 
Nela tenho vida não me esquecerei 
São os seus ensinos 
Luz pro meu caminho 
Nela seguro estarei 
  A Tua Lei é perfeita 
Como Tu és perfeito, meu Deus 
A Tua Lei é santa e justa 
Pois santo e justo Tu és 
É a mais bela expressão do Teu coração 
É Teu próprio caráter Senhor 
Reflete a grandeza e a Tua beleza 
Revela por mim Teu amor 
  Oh! quanto amo a Tua lei 
Nela vida e paz, achei, Senhor 
Sim, tenho a luz dos Seus ensinos 
Que ilumina o meu caminho 
E me leva ao Salvador 
  Bem aventurados os que guardam a Lei 
Dos Seus mandamentos eu me alegrarei 
Tua Lei tem a verdade 
Os princípios do amor 
Sua autoridade vem de Ti meu Criador 
Palavras eternas fonte de luz 
São reveladas em Cristo Jesus 
  A Tua Lei é perfeita 
Como Tu és perfeito, meu Deus 
A Tua Lei é santa e justa 
Pois santo e justo Tu és 
É a mais bela expressão do Teu coração 
É teu próprio caráter Senhor 
Reflete a grandeza da Tua beleza 
Revela por mim Teu amor 
  Oh, quanto amo a Tua lei! 
Ela é o meu prazer Senhor 
 "
290,Do Santo Sábado És Senhor,Adoração e Louvor | Sábado e Criação,Salmos 150:1-6; Apocalipse 4:8; Salmos 95:1-2 | Êxodo 20:8-11; Gênesis 2:2-3,https://www.youtube.com/watch?v=EhZFepZ47yY,"Marcos 2:27, 28",A Doutrina da Vida Cristã,O Sábado,Douglas A. R. Aufranc,Douglas A. R. Aufranc,"Horas benditas Santas e felizes 
São as que passo Junto a Ti, meu Deus 
  Ó Mestre amado Criador divino 
Do santo sábado Tu és Senhor 
  Busco Tua face De manhã bem cedo 
Pois Tuas bênçãos Quero receber 
  Ó Mestre amado Criador divino 
Do santo sábado Tu és Senhor 
  E logo à tarde Quando o Sol se esconde 
Quero, prostrado Aos Teus pés estar 
  Ó Mestre amado Criador divino 
Do santo sábado Tu és Senhor 
 "
291,Sábado do Meu Senhor,Adoração e Louvor | Graça e Salvação | Lar e Família | Sábado e Criação,Efésios 2:8-9; João 3:16; 1 João 1:9 | Josué 24:15; Efésios 6:1-4 | Salmos 150:1-6; Apocalipse 4:8; Salmos 95:1-2 | Êxodo 20:8-11; Gênesis 2:2-3,https://www.youtube.com/watch?v=rHs4oa1_D9Q,"Isaías 58:13, 14",A Doutrina da Vida Cristã,O Sábado,Desconhecido,William J. Kirkpatrick,"Gosto de cantar um hino 
Ao sentir cercar-me o mal 
Ao vagar qual peregrino 
Para o lar celestial 
Mas real prazer no canto 
Sinto ao dar o meu louvor 
Ao cantar no dia santo 
Sábado do meu Senhor 
  Que prazer ouvir as vozes 
Coros mil angelicais! 
Dores vis, as mais atrozes 
Logo não as sinto mais 
Mas real prazer no canto 
Sinto ao dar o meu louvor 
Ao cantar no dia santo 
Sábado do meu Senhor 
  Ouço a voz da Natureza 
A louvar o Criador 
E entendo com clareza 
Quanto é débil meu louvor 
Mas real prazer no canto 
Hei de ter no lar de amor 
Ao louvar o Mestre santo 
Grande Deus e Redentor 
 "
292,Sábado,"Adoração e Louvor | Graça e Salvação | Oração e Comunhão | Paz, Cuidado e Confiança | Sábado e Criação",1 Tessalonicenses 5:17; Mateus 7:7; Filipenses 4:6 | Efésios 2:8-9; João 3:16; 1 João 1:9 | Salmos 150:1-6; Apocalipse 4:8; Salmos 95:1-2 | Salmos 23:1-4; João 14:27; Salmos 46:1 | Êxodo 20:8-11; Gênesis 2:2-3,https://www.youtube.com/watch?v=_EJR05GlhLQ,"Gênesis 2:2, 3",A Doutrina da Vida Cristã,O Sábado,Eduard Eyth,U. B. Oyen,"Como está feliz o nosso coração 
Livre de cuidados lutas e aflição 
Damos-Te louvores nosso Criador 
Neste santo dia dia do Senhor 
  Somos atraídos pelo Teu amor 
Nestas horas santas cheias de dulçor 
Este amor nos fala bem ao coração 
Sobre a eterna graça nossa redenção 
  Seja-nos suave para o coração 
Teu sagrado dia Tua criação 
Nossos vis pecados lança para trás 
Dá-nos neste dia Tua excelsa paz 
 "
293,O Sábado Chegou,"Adoração e Louvor | Lar e Família | Paz, Cuidado e Confiança | Sábado e Criação",Josué 24:15; Efésios 6:1-4 | Salmos 150:1-6; Apocalipse 4:8; Salmos 95:1-2 | Salmos 23:1-4; João 14:27; Salmos 46:1 ; Gênesis 2:2-3,https://www.youtube.com/watch?v=V7Qx617dQQU,Êxodo 20:8-11,A Doutrina da Vida Cristã,O Sábado,Dario Pires de Araújo,William B. Bradbury,"Lento e calmo foge o dia 
Já a tarde se apagou 
Oh, que paz e que alegria 
Pois o sábado chegou 
  És bem-vindo, és bem-vindo 
Santo dia do Senhor 
És bem-vindo, és bem-vindo 
Santo dia do Senhor 
  Esta hora de bonança 
Lembra o Deus que nos criou 
Pois o dia de lembrança 
Nosso Pai santificou 
  És bem-vindo, és bem-vindo 
Memorial da criação 
És bem-vindo, és bem-vindo 
Memorial da criação 
  Esta hora de harmonia 
Lembra o Deus que nos salvou 
Cristo lá na tumba fria 
Neste dia descansou 
  És bem-vindo, és bem-vindo 
Memorial da redenção 
És bem-vindo, és bem-vindo 
Memorial da redenção 
 "
294,Lembre-se do Sábado,"Adoração e Louvor | Graça e Salvação | Oração e Comunhão | Paz, Cuidado e Confiança | Sábado e Criação",1 Tessalonicenses 5:17; Mateus 7:7; Filipenses 4:6 | Efésios 2:8-9; João 3:16; 1 João 1:9 | Salmos 150:1-6; Apocalipse 4:8; Salmos 95:1-2 | Salmos 23:1-4; João 14:27; Salmos 46:1 | -11; Gênesis 2:2-3,https://www.youtube.com/watch?v=5w3Xrdf5i_0,Êxodo 20:8,A Doutrina da Vida Cristã,O Sábado,Fanny J. Crosby,William B. Bradbury,"Lembre-se do dia de bênção celestial 
De toda a semana é o dia especial 
É o dia de descanso 
De bênçãos e prazer 
É luz pra minha vida 
É paz em meu viver 
  És bem-vindo, és bem-vindo 
Dia de louvor 
És bem-vindo, és bem-vindo 
Dia do Senhor! 
  Faça deste dia um dia sem igual 
Pois é um dia santo presente divinal 
Se nós o observarmos 
Com fé e com amor 
Teremos muitas bênçãos 
Que vêm do criador 
  És bem-vindo, és bem-vindo 
Dia de louvor 
És bem-vindo, és bem-vindo 
Dia do Senhor! 
  Nessas horas santas podemos descansar 
E então alegremente a Cristo adorar 
O amigo mais precioso 
O nosso salvador 
Que grande privilégio 
Fruir o seu amor! 
  És bem-vindo, és bem-vindo 
Dia de louvor 
És bem-vindo, és bem-vindo 
Dia do Senhor! 
 "
295,Sábado Bendito,"Adoração e Louvor | Crianças e Jovens | Graça e Salvação | Igreja e Comunhão | Lar e Família | Oração e Comunhão | Paz, Cuidado e Confiança | Sábado e Criação",1 Tessalonicenses 5:17; Mateus 7:7; Filipenses 4:6 | Efésios 2:8-9; João 3:16; 1 João 1:9 | Josué 24:15; Efésios 6:1-4 | Mateus 19:14; Provérbios 22:6 | Salmos 133:1; Hebreus 10:25 | Salmos 150:1-6; Apocalipse 4:8; Salmos 95:1-2 | Salmos 23:1-4; João 14:27; Salmos 46:1 | Êxodo 20:8-11; Gênesis 2:2-3,https://www.youtube.com/watch?v=5BB1MAN3g1I,"Gênesis 2:2, 3",A Doutrina da Vida Cristã,O Sábado,Jader D. Santos,Jader D. Santos,"O sol vai se escondendo 
Lá no horizonte 
O dia vai fugindo vem chegando a noite 
Sinto n'alma uma paz 
Um incrível bem-estar 
É o sábado chegando 
Por isso, estou cantando 
  O fardo da semana 
Vai se dissipando 
O coração se alegra e vai rejubilando 
Canto um hino de louvor 
Ao meu Deus e Criador 
Por este santo dia 
Por sua companhia 
  Sábado bendito dia do Senhor 
Quero tua bênção quero teu calor 
Sábado bendito faz brotar em mim 
Gratidão eterna e amor sem fim 
  O dia mais bonito 
Mais grandioso e pleno 
É o dia escolhido pelo Pai eterno 
Para estar em comunhão 
Receber restauração 
E benção estendida 
Por graça sem medida 
  Louvores vou erguendo 
Nesse dia Santo 
Estou reconhecendo 
Que, como ser humano 
Eu sou falho, pecador 
Mas tão grande é o Deus de amor 
Que vem em meu auxílio 
Me diz que sou seu filho 
  Sábado bendito dia do Senhor 
Quero tua bênção quero teu calor 
Sábado bendito faz brotar em mim 
Gratidão eterna e amor sem fim 
 "
296,Bem-vindo o Sábado,"Graça e Salvação | Lar e Família | Missão e Serviço | Paz, Cuidado e Confiança | Sábado e Criação",Efésios 2:8-9; João 3:16; 1 João 1:9 | Josué 24:15; Efésios 6:1-4 | Mateus 28:19-20; Isaías 6:8; Marcos 16:15 | Salmos 23:1-4; João 14:27; Salmos 46:1 | Êxodo 20:8-11; Gênesis 2:2-3,https://www.youtube.com/watch?v=JGnzZ3eY5Xg,"Isaías 58:13, 14",A Doutrina da Vida Cristã,O Sábado,Seleção de John Dobell,Friedrich Schneider,"Bem-vindo é a nós 
O sábado feliz 
Do grande amor de Deus 
De Seu poder nos diz 
Bem longe põe o mundo vil 
A luta, a dor, trabalhos mil 
O amor e a doce paz 
Do Céu nos traz 
  Vem Príncipe dos Céus 
Renova-nos o ser 
Até se achar em nós 
Justiça, amor, poder 
Por Teu amor que é sem igual 
Oh, livra-nos de todo o mal 
E dá-nos proteção 
E salvação 
  Com Teu poder, oh vem 
Bendize-nos, Senhor 
Conserva-nos no bem 
Na luz do Teu amor 
A cada um concede, então 
O Teu favor e o Teu perdão 
E lá no bom país 
Um lar feliz 
 "
297,Dia de Esperança,Adoração e Louvor | Graça e Salvação | Missão e Serviço | Oração e Comunhão | Palavra de Deus e Lei | Segunda Vinda e Esperança | Sábado e Criação,1 Tessalonicenses 4:16-17; Apocalipse 1:7; João 14:1-3 | 1 Tessalonicenses 5:17; Mateus 7:7; Filipenses 4:6 | Efésios 2:8-9; João 3:16; 1 João 1:9 | Mateus 28:19-20; Isaías 6:8; Marcos 16:15 | Salmos 119:105; 2 Timóteo 3:16; Salmos 19:7 | Salmos 150:1-6; Apocalipse 4:8; Salmos 95:1-2 | Êxodo 20:8-11; Gênesis 2:2-3,https://www.youtube.com/watch?v=25cPKkUP8go,Isaías 63:23,A Doutrina da Vida Cristã,O Sábado,Jader D. Santos,Jader D. Santos,"Deus nos deu um dia da semana 
Pra pensarmos no que Ele fez 
Separado, abençoado 
Santificado dia de louvor 
Dia lindo, escolhido 
Como verdadeiro memorial 
Pra lembrar-nos constantemente 
Que o grande Deus é o Criador 
  O Sábado é um dia de Esperança 
De lembrança 
De descanso pleno do labor 
É dia de esperança de aliança 
Entre o povo e o seu Senhor 
É dia de alegria, de harmonia 
É dia de canção e poesia 
Tempo abençoado 
Santo Dia do Senhor 
  Livres de cuidados desta vida 
Nos voltamos para o Salvador 
Estudamos a palavra 
Aprendemos mais do Seu amor 
Nesse dia tão precioso 
Dedicamos tempo pra servir 
Aos que tanto necessitam 
De atenção e um pouco de amor 
  O Sábado é um dia de Esperança 
De lembrança 
De descanso pleno do labor 
É dia de esperança de aliança 
Entre o povo e o seu Senhor 
É dia de alegria, de harmonia 
É dia de canção e poesia 
Tempo abençoado 
Santo Dia do Senhor 
  De um Sábado a outro sábado 
Adoraremos juntos ao Senhor 
Na terra renovada 
Por toda a Eternidade 
Exaltaremos Seu amor 
  O Sábado é um dia de Esperança 
De lembrança 
De descanso pleno do labor 
É dia de esperança de aliança 
Entre o povo e o seu Senhor 
É dia de alegria, de harmonia 
É dia de canção e poesia 
Tempo abençoado 
Tempo consagrado 
Tempo incomparável 
Santo Dia do Senhor 
 "
298,Deus Fez o Sábado Para Mim,"Lar e Família | Paz, Cuidado e Confiança | Sábado e Criação",Josué 24:15; Efésios 6:1-4 | Salmos 23:1-4; João 14:27; Salmos 46:1 | Êxodo 20:8-11; Gênesis 2:2-3,https://www.youtube.com/watch?v=diMJD80zr30,"Marcos 2:27, 28",A Doutrina da Vida Cristã,O Sábado,Rute de Matos Bazan,Rute de Matos Bazan,"Deus fez o sábado para mim 
Deus fez o sábado para mim 
Deus fez um dia para eu descansar 
E Nele meditar 
Deus fez o sábado porque me amou assim 
Deus fez o sábado para mim 
Deus fez o sábado para mim 
Bem antes de eu nascer aqui no mundo 
Deus pensou em mim 
Deus fez o sábado para mim 
  Deus fez o sábado para mim 
Deus fez o sábado para mim 
Deus fez um dia para eu contemplar 
A Sua criação 
Um dia para eu sentir paz, em união 
Deus fez o sábado para mim 
Deus fez o sábado para mim 
Por toda a eternidade nesse dia 
Eu vou descansar 
Deus fez o sábado para mim 
Deus fez o sábado para mim 
 "
299,Dia Santo,Adoração e Louvor | Graça e Salvação | Lar e Família | Missão e Serviço | Palavra de Deus e Lei | Segunda Vinda e Esperança | Sábado e Criação,1 Tessalonicenses 4:16-17; Apocalipse 1:7; João 14:1-3 | Efésios 2:8-9; João 3:16; 1 João 1:9 | Josué 24:15; Efésios 6:1-4 | Mateus 28:19-20; Isaías 6:8; Marcos 16:15 | Salmos 119:105; 2 Timóteo 3:16; Salmos 19:7 | Salmos 150:1-6; Apocalipse 4:8; Salmos 95:1-2 | Êxodo 20:8-11; Gênesis 2:2-3,https://www.youtube.com/watch?v=2jlp0c_gOck,Ezequiel 20:12,A Doutrina da Vida Cristã,O Sábado,"Delmar Reis, Felipe Tonasso, Cleverson Pedro","Delmar Reis, Felipe Tonasso, Cleverson Pedro","O sol já vai partindo dando início ao dia santo 
Toda a natureza é bem-vinda ao seu encanto 
Da imutável lei divina é a marca tão perfeita 
O sinal que traz descanso à fiel nação eleita 
  Toda bênção nesse dia é sempre redobrada 
Se minhas vontades pessoais são desprezadas 
Quão imaculado exemplo deu o Pai em Seu descanso 
Encerrando Seu trabalho e nos dando um dia santo 
  Dia santo dia do Senhor 
O teu pôr do sol revela o plano redentor 
Dia da aliança selo da esperança 
Marca de um povo escolhido pelo amor 
  Muitos acreditam que um dia 
Não faz diferença 
Basta ser sincero e a Deus oferecer 
A própria crença 
Mas a Bíblia é clara quanto ao dia escolhido: 
Sábado no Éden foi o dia definido 
  Dia santo dia do Senhor 
O teu pôr do sol revela o plano redentor 
Dia da aliança selo da esperança 
Marca de um povo escolhido pelo amor 
 "
300,Tempo de Ser Santo,"Adoração e Louvor | Graça e Salvação | Paz, Cuidado e Confiança",Efésios 2:8-9; João 3:16; 1 João 1:9 | Salmos 150:1-6; Apocalipse 4:8; Salmos 95:1-2 | Salmos 23:1-4; João 14:27; Salmos 46:1,https://www.youtube.com/watch?v=HZxnyB3lJ-k,2 Pedro 1:5-8,A Doutrina da Vida Cristã,Mordomia Cristã,William D. Longstaff,George C. Stebbins,"Tempo de ser santo tu deves buscar 
Ter vida em teu Mestre Seu livro estudar 
Ser junto a Seu povo luz sempre a brilhar 
E aos necessitados ir para salvar 
  Tempo de ser puro tu deves guardar 
Sempre a sós orando com Cristo estar 
Teus olhos bem fixos ter no Salvador 
Por tua conduta dar provas de amor 
  Tempo de ser forte tu deves achar 
O mestre seguindo por onde guiar 
Ter para os aflitos voz e atos de amor 
Sim, mais semelhante ser ao Salvador 
 "
301,"Toma, ó Deus, Meu Coração",Adoração e Louvor | Graça e Salvação | Igreja e Comunhão | Lar e Família | Oração e Comunhão | Segunda Vinda e Esperança,1 Tessalonicenses 4:16-17; Apocalipse 1:7; João 14:1-3 | 1 Tessalonicenses 5:17; Mateus 7:7; Filipenses 4:6 | Efésios 2:8-9; João 3:16; 1 João 1:9 | Josué 24:15; Efésios 6:1-4 | Salmos 133:1; Hebreus 10:25 | Salmos 150:1-6; Apocalipse 4:8; Salmos 95:1-2,https://www.youtube.com/watch?v=X6AAFwBkfEM,"Salmo 139:23, 24",A Doutrina da Vida Cristã,Mordomia Cristã,Frances R. Havergal,Henri A. C. Malan,"Toma, ó Deus, em Tua mão 
Como está meu coração 
Mesmo sem nenhum valor 
Faze-o puro, santo e bom 
Cheio enfim do Teu amor 
  Toma, ó Deus, as minhas mãos 
Os meus pés e os lábios meus 
E em favor dos meus irmãos 
Ajam sempre com amor 
Com prazer por onde for 
  Quando, enfim, voltar Jesus 
Com poder, em glória e luz 
Toma, ó Deus, meu pobre ser 
Para sempre ir morar 
Com Jesus no doce lar 
 "
302,Tudo Entregarei,"Adoração e Louvor | Paz, Cuidado e Confiança",Salmos 150:1-6; Apocalipse 4:8; Salmos 95:1-2 | Salmos 23:1-4; João 14:27; Salmos 46:1,https://www.youtube.com/watch?v=bzXmFmM4CTM,Salmo 116:12-14,A Doutrina da Vida Cristã,Mordomia Cristã,Judson Van DeVenter,Winfield S. Weeden,"Tudo, ó Cristo, a Ti entrego 
Tudo sim, por Ti darei! 
Resoluto, mas submisso 
Sempre a Ti eu seguirei! 
  Tudo entregarei! Tudo entregarei! 
Sim, por Ti, Jesus bendito 
Tudo deixarei! 
  Tudo, ó Cristo, a Ti entrego 
Corpo e alma eis aqui! 
Este mundo mau renego 
Quero dedicar-me a Ti! 
  Tudo entregarei! Tudo entregarei! 
Sim, por Ti, Jesus bendito 
Tudo deixarei! 
  Tudo, ó Cristo, a Ti entrego 
Que prazer, ó meu Senhor! 
Paz perfeita, paz completa! 
Glória, glória ao Salvador! 
  Tudo entregarei! Tudo entregarei! 
Sim, por Ti, Jesus bendito 
Tudo deixarei! 
 "
303,Minha Entrega,Vida Cristã e Devoção,Salmos 1:1-2; Provérbios 3:5-6,https://www.youtube.com/watch?v=FlkCgkhQ5CI,Filipenses 4:13,A Doutrina da Vida Cristã,Mordomia Cristã,Adelaide A. Pollard,George C. Stebbins,"Cristo, bom Mestre eis meu querer: 
Tua vontade sempre cumprir 
Faze-me forte para vencer 
Duras fraquezas que possam vir 
  Cristo, bom Mestre eis meu querer: 
Mais santidade sempre buscar 
Faze-me sábio, dá-me poder 
Para a verdade nunca deixar 
  Cristo, bom Mestre eis meu querer: 
Todas as minhas faltas vencer 
Faze-me firme para lutar 
Para a vitória sempre ganhar 
 "
304,"Que Te Darei, Meu Mestre?",Adoração e Louvor | Graça e Salvação | Oração e Comunhão,1 Tessalonicenses 5:17; Mateus 7:7; Filipenses 4:6 | Efésios 2:8-9; João 3:16; 1 João 1:9 | Salmos 150:1-6; Apocalipse 4:8; Salmos 95:1-2,https://www.youtube.com/watch?v=wAW5aQOksIg,"Salmo 116:12, 13",A Doutrina da Vida Cristã,Mordomia Cristã,Homer W. Grimes,Homer W. Grimes,"Que Te darei, meu Mestre 
Meu Rei e meu Senhor? 
Tenho tão pouco pra Te ofertar 
Mas é com mui grande amor 
  Cristo, Senhor bendito 
Tudo fizeste a mim 
Tu desceste lá do Céu 
Dando ao pecado fim 
Que Te darei meu Mestre 
Por Teu imenso amor? 
Meu coração e todo o meu ser 
Te entregarei, Senhor 
  Que Te darei, meu Mestre 
Por Teu sublime amor? 
Todos meus bens e tudo o que sou 
Deponho a Teus pés, Senhor 
  Cristo, Senhor bendito 
Tudo fizeste a mim 
Tu desceste lá do Céu 
Dando ao pecado fim 
Que Te darei meu Mestre 
Por Teu imenso amor? 
Meu coração e todo o meu ser 
Te entregarei, Senhor 
  Que Te darei, meu Mestre 
Meu grande Salvador? 
Com gratidão e com devoção 
A Ti renderei louvor 
  Cristo, Senhor bendito 
Tudo fizeste a mim 
Tu desceste lá do Céu 
Dando ao pecado fim 
Que Te darei meu Mestre 
Por Teu imenso amor? 
Meu coração e todo o meu ser 
Te entregarei, Senhor 
 "
305,Sobre o Altar,"Adoração e Louvor | Missão e Serviço | Oração e Comunhão | Paz, Cuidado e Confiança | Sacrifício e Redenção",1 Tessalonicenses 5:17; Mateus 7:7; Filipenses 4:6 | Isaías 53:4-5; Romanos 5:8; Hebreus 9:22 | Mateus 28:19-20; Isaías 6:8; Marcos 16:15 | Salmos 150:1-6; Apocalipse 4:8; Salmos 95:1-2 | Salmos 23:1-4; João 14:27; Salmos 46:1,https://www.youtube.com/watch?v=nYohbTMsyfo,Apocalipse 8:3,A Doutrina da Vida Cristã,Mordomia Cristã,Elisha A. Hoffman,Elisha A. Hoffman,"Se desejas a paz 
Ter mais fé e poder 
E louvor a Jesus querer dar 
Poderás descansar 
Sua bênção obter 
Se tua vida estiver sobre o altar 
  Oh, entrega-te, pois ao serviço de Deus 
Consagra-Lhe teu coração! 
Ele te bendirá 
Te fará descansar 
E tua vida será uma canção 
  Se caminhas com Deus 
Pelo brilho da cruz 
Hás de ter o poder pra vencer 
Viverás, pois, feliz 
Andarás sempre em luz 
Ofertando ao Senhor teu viver 
  Oh, entrega-te, pois ao serviço de Deus 
Consagra-Lhe teu coração! 
Ele te bendirá 
Te fará descansar 
E tua vida será uma canção 
 "
306,Eis-nos Prontos,"Graça e Salvação | Lar e Família | Paz, Cuidado e Confiança | Segunda Vinda e Esperança",1 Tessalonicenses 4:16-17; Apocalipse 1:7; João 14:1-3 | Efésios 2:8-9; João 3:16; 1 João 1:9 | Josué 24:15; Efésios 6:1-4 | Salmos 23:1-4; João 14:27; Salmos 46:1,https://www.youtube.com/watch?v=hwSVlpmYTWM,Lucas 22:39-46,A Doutrina da Vida Cristã,Mordomia Cristã,Earl B. Marlatt,Harry S. Mason,"""Todos prontos"" disse o Mestre 
""A comigo padecer?"" 
E acordando responderam: 
""Eis-nos prontos a morrer!"" 
  Sim, eis-nos prontos 
Senhor, somos Teus 
Nós vamos ser leais, ó Jesus 
Vem ajudar-nos a olhar para os Céus 
E a ser templos Teus 
De paz, amor e luz 
  Quando virmos fortes ondas 
De tristeza sobre nós 
""Eis-nos prontos a seguir-Te"" 
Ergueremos nossa voz? 
  Sim, eis-nos prontos 
Senhor, somos Teus 
Nós vamos ser leais, ó Jesus 
Vem ajudar-nos a olhar para os Céus 
E a ser templos Teus 
De paz, amor e luz 
  Muito em breve quando ao mundo 
Nosso mestre regressar 
Nós diremos: ""Eis-nos prontos 
Para irmos para o lar""? 
  Sim, eis-nos prontos 
Senhor, somos Teus 
Nós vamos ser leais, ó Jesus 
Vem ajudar-nos a olhar para os Céus 
E a ser templos Teus 
De paz, amor e luz 
 "
307,Conta as Bênçãos,Oração e Comunhão | Sacrifício e Redenção,1 Tessalonicenses 5:17; Mateus 7:7; Filipenses 4:6 | Isaías 53:4-5; Romanos 5:8; Hebreus 9:22,https://www.youtube.com/watch?v=ai_AQ1CwA2A,Salmo 40:5,A Doutrina da Vida Cristã,Mordomia Cristã,Johnson Oatman Jr.,Edwin O. Excell,"Se na vida as ondas agitadas são 
Se com desalento julgas tudo vão 
Conta as muitas bênçãos dize-as de uma vez 
Hás de ver, surpreso quanto deus já fez! 
  Conta as bênçãos conta quantas são 
Recebidas da divina mão 
Uma a uma, dize-as de uma vez 
Hás de ver, surpreso quanto Deus já fez 
  Tens acaso mágoa que te faz chorar? 
É a cruz pesada que tens de levar? 
Conta as muitas bênçãos Não duvidarás 
E em canção alegre os dias passarás 
  Conta as bênçãos conta quantas são 
Recebidas da divina mão 
Uma a uma, dize-as de uma vez 
Hás de ver, surpreso quanto Deus já fez 
  Quando vires outros com seu ouro e bens 
Lembra que tesouros prometidos tens 
Nunca os bens da Terra poderão comprar 
A mansão celeste em que tu vais morar 
  Conta as bênçãos conta quantas são 
Recebidas da divina mão 
Uma a uma, dize-as de uma vez 
Hás de ver, surpreso quanto Deus já fez 
  Seja teu conflito fraco ou forte aqui 
Não te desanimes cuida Deus de ti 
Seu divino auxílio afastando o mal 
Vai te dar consolo sempre, até o final 
  Conta as bênçãos conta quantas são 
Recebidas da divina mão 
Uma a uma, dize-as de uma vez 
Hás de ver, surpreso quanto Deus já fez 
 "
308,Faze Como Daniel,Missão e Serviço | Oração e Comunhão,1 Tessalonicenses 5:17; Mateus 7:7; Filipenses 4:6 | Mateus 28:19-20; Isaías 6:8; Marcos 16:15,https://www.youtube.com/watch?v=lCz31f0wvvI,"Daniel 1:8, 9",A Doutrina da Vida Cristã,Mordomia Cristã,Philip P. Bliss,Philip P. Bliss,"Meu irmão, procura ser 
Tal qual Daniel 
Com resolução lutar 
Vencer o mal cruel 
  Faze como Daniel 
Serve o eterno Deus 
Entre os infiéis, fiel 
Marcha para os Céus 
  Não se turbe o coração 
Deixa a timidez 
Muitos males cairão 
Perante a intrepidez 
  Faze como Daniel 
Serve o eterno Deus 
Entre os infiéis, fiel 
Marcha para os Céus 
  Para o crente no Senhor 
Há nas trevas luz 
Ele avança sem temor 
Em nome de Jesus 
  Faze como Daniel 
Serve o eterno Deus 
Entre os infiéis, fiel 
Marcha para os Céus 
 "
309,Em Tuas Mãos,Graça e Salvação | Oração e Comunhão,1 Tessalonicenses 5:17; Mateus 7:7; Filipenses 4:6 | Efésios 2:8-9; João 3:16; 1 João 1:9,https://www.youtube.com/watch?v=J-JW7ALhif8,Isaías 41:13,A Doutrina da Vida Cristã,Mordomia Cristã,Diane Ball,Diane Ball,"Em Tuas mãos em Tuas mãos 
Quero, ó Deus, me colocar em Tuas mãos 
Vem mostrar-me ó Senhor 
Teu carinho e Teu amor 
Meus temores vou depor 
Em Tuas mãos 
  Em Tuas mãos em Tuas mãos 
Quero, ó Deus, me colocar em Tuas mãos 
Esta é minha oração: 
Ter a vida em Tuas mãos 
Toma, pois, meu coração 
Em Tuas mãos 
 "
310,Entrega,Graça e Salvação | Lar e Família | Missão e Serviço | Oração e Comunhão,1 Tessalonicenses 5:17; Mateus 7:7; Filipenses 4:6 | Efésios 2:8-9; João 3:16; 1 João 1:9 | Josué 24:15; Efésios 6:1-4 | Mateus 28:19-20; Isaías 6:8; Marcos 16:15,https://www.youtube.com/watch?v=vylQz82zkKE,Salmo 37:5,A Doutrina da Vida Cristã,Mordomia Cristã,Suzanne Hirle,Suzanne Hirle,"Preciso me entregar Senhor 
Preciso a Ti me entregar 
Preciso ouvir Tua voz a me falar 
Não tenho nada a te oferecer 
Somente um coração impuro e pecador 
Mas, aqui estou 
Me aceita Senhor! 
  Toma os meus pensamentos meus dons e meus bens 
Toma o meu coração e tudo que ele tem 
Renova, Senhor meu viver 
Derrama em mim Teu amor 
Quero pra sempre servir-Te 
Por onde for 
  Preciso me entregar Senhor 
Preciso a Ti me entregar 
Preciso ouvir Tua voz a me falar 
Não tenho nada a te oferecer 
Somente um coração impuro e pecador 
Mas, aqui estou 
Me aceita Senhor! 
  Toma os meus pensamentos meus dons e meus bens 
Toma o meu coração e tudo que ele tem 
Renova, Senhor meu viver 
Derrama em mim Teu amor 
Quero pra sempre servir-Te 
Por onde for 
 "
311,Inteiramente Fiel,Crianças e Jovens,Mateus 19:14; Provérbios 22:6,https://www.youtube.com/watch?v=CVC5EOg8pCM,Apocalipse 2:10,A Doutrina da Vida Cristã,Mordomia Cristã,Evaldo Vicente,Evaldo Vicente,"Não vou mais pensar 
No que passou ou deu errado 
Aquilo que Deus começou 
Irá crescer 
Pois tem o Seu cuidado 
Quem tanto me amou 
Merece de mim 
A entrega do meu melhor 
  Sou inteiramente De Cristo Jesus 
Fui feito pra viver Como filho do Rei 
Sou eternamente ligado a Jesus 
Pra sempre serei 
Inteiramente fiel eu quero ser 
  Eu sei de um lugar 
Que está além do que é comum 
A vida que existe lá 
Não vai ter fim 
Por causa de Jesus 
Quem tanto me amou 
Merece de mim 
A entrega do meu melhor 
  Sou inteiramente De Cristo Jesus 
Fui feito pra viver Como filho do Rei 
Sou eternamente ligado a Jesus 
Pra sempre serei 
Inteiramente fiel Inteiramente fiel 
Inteiramente fiel eu quero ser 
 "
312,Nas Tuas Mãos,"Palavra de Deus e Lei | Paz, Cuidado e Confiança",Salmos 119:105; 2 Timóteo 3:16; Salmos 19:7 | Salmos 23:1-4; João 14:27; Salmos 46:1,https://www.youtube.com/watch?v=g9B7YsUgUNM,Mateus 11:28-30,A Doutrina da Vida Cristã,Mordomia Cristã,Guilherme Schlichting,Guilherme Schlichting,"Nas Tuas mãos entrego minha vida 
Nas Tuas mãos eu posso confiar 
As minhas lutas os meus temores 
Os meus anseios as minhas dores 
  Nas Tuas mãos, Senhor entrego meu viver 
No Teu altar me prostrarei 
Tu És oleiro e eu o vaso 
Nas Tuas mãos descansarei 
  Nas Tuas mãos entrego os meus sonhos 
Só Tu conheces o melhor pra mim 
Os meus queridos a minha casa 
Os meus amigos entrego a Ti 
  Nas Tuas mãos, Senhor entrego meu viver 
No Teu altar me prostrarei 
Tu És oleiro e eu o vaso 
Nas Tuas mãos descansarei 
  Nas Tuas mãos descansarei 
 "
313,Tudo Para Deus,"Oração e Comunhão | Paz, Cuidado e Confiança | Sacrifício e Redenção",1 Tessalonicenses 5:17; Mateus 7:7; Filipenses 4:6 | Isaías 53:4-5; Romanos 5:8; Hebreus 9:22 | Salmos 23:1-4; João 14:27; Salmos 46:1,https://www.youtube.com/watch?v=pI6-8Jet0YU,1 Crônicas 29:14,A Doutrina da Vida Cristã,Mordomia Cristã,Valdecir Simões Lima,Flavio Almeida Santos,"Cristo me deu a voz 
Louvo o Seu nome então 
Cristo meu deu a paz 
Eu dou meu coração 
  Tudo darei a Deus 
E gratidão sem fim 
Cristo morreu na cruz por mim 
Tudo darei a Deus 
E gratidão sem fim 
Cristo morreu na cruz por mim 
  Vou dedicar a Deus 
Tudo o que recebi 
No grande plano Seu 
Há um lugar pra ti 
  Tudo darei a Deus 
E gratidão sem fim 
Cristo morreu na cruz por mim 
Tudo darei a Deus 
E gratidão sem fim 
Cristo morreu na cruz por mim 
 "
314,Se Ele Não For O Primeiro,Crianças e Jovens | Missão e Serviço | Oração e Comunhão,1 Tessalonicenses 5:17; Mateus 7:7; Filipenses 4:6 | Mateus 19:14; Provérbios 22:6 | Mateus 28:19-20; Isaías 6:8; Marcos 16:15,https://www.youtube.com/watch?v=TlArU2RQ2YY,Mateus 6:33,A Doutrina da Vida Cristã,Mordomia Cristã,Jader D. Santos,Jader D. Santos,"No trono do viver só existe lugar pra um 
Lugar de quem governa todo o ser 
No trono do viver só pode haver um Senhor 
Se forem dois, um será amado e outro, rejeitado 
Vem, decide agora quem vai ocupar seu coração 
Mas lembre 
  Se ele não for o primeiro 
Em seu coração 
Então já não é mais nada 
Não passa de uma ilusão 
Mas se Ele for o primeiro 
O seu companheiro 
Motivo do seu existir 
Você vai viver 
Você vai sorrir 
Você vai vencer! 
  Um novo dia vai nascer pra você e pra mim 
Depende de aceitar Jesus no viver 
É hora de beber da fonte da vida 
Você verá que em Jesus existe plena alegria 
Vem, decide agora quem vai ocupar seu coração 
Mas lembre 
  Se ele não for o primeiro 
Em seu coração 
Então já não é mais nada 
Não passa de uma ilusão 
Mas se Ele for o primeiro 
O seu companheiro 
Motivo do seu existir 
Você vai viver 
Você vai sorrir 
Você vai vencer! 
  Você vai viver 
Você vai sorrir 
Vai vencer! 
 "
315,A Cristo Eu Amo,"Missão e Serviço | Paz, Cuidado e Confiança | Sacrifício e Redenção",Isaías 53:4-5; Romanos 5:8; Hebreus 9:22 | Mateus 28:19-20; Isaías 6:8; Marcos 16:15 | Salmos 23:1-4; João 14:27; Salmos 46:1,https://www.youtube.com/watch?v=jBfNNgtMVUA,1 João 4:14-16,A Doutrina da Vida Cristã,Conduta Cristã,Scott Lawrence,Scott Lawrence,"Cristo Jesus é meu bom Salvador 
Desejo amá-Lo mais 
Todos os dias Ele é meu Pastor 
Desejo amá-Lo mais 
  A Cristo eu amo oh, quanto O amo! 
Na cruz a vida Ele deu! 
Com Seu sangue Jesus me salvou assim 
E em gratidão sou Seu 
  Oh! que alegria é servir a Jesus! 
Desejo amá-Lo mais 
Sempre com Ele eu vivo na luz 
Desejo amá-Lo mais 
  A Cristo eu amo oh, quanto O amo! 
Na cruz a vida Ele deu! 
Com Seu sangue Jesus me salvou assim 
E em gratidão sou Seu 
  Bem cedo ao Céu Ele me levará 
Desejo amá-Lo mais 
Eternamente Ele me guiará 
Desejo amá-Lo mais 
  A Cristo eu amo oh, quanto O amo! 
Na cruz a vida Ele deu! 
Com Seu sangue Jesus me salvou assim 
E em gratidão sou Seu 
 "
316,Achei Um Grande Amigo,"Graça e Salvação | Igreja e Comunhão | Oração e Comunhão | Palavra de Deus e Lei | Paz, Cuidado e Confiança | Sacrifício e Redenção | Segunda Vinda e Esperança",1 Tessalonicenses 4:16-17; Apocalipse 1:7; João 14:1-3 | 1 Tessalonicenses 5:17; Mateus 7:7; Filipenses 4:6 | Efésios 2:8-9; João 3:16; 1 João 1:9 | Isaías 53:4-5; Romanos 5:8; Hebreus 9:22 | Salmos 119:105; 2 Timóteo 3:16; Salmos 19:7 | Salmos 133:1; Hebreus 10:25 | Salmos 23:1-4; João 14:27; Salmos 46:1,https://www.youtube.com/watch?v=5RRcpOBlXeA,"João 15:14, 15",A Doutrina da Vida Cristã,Conduta Cristã,Charles W. Fry,Melodia Tradicional Inglesa,"Achei um grande Amigo Jesus, o Salvador 
Contarei quão grandes coisas fez por mim 
Estando eu perdido indigno pecador 
Resgatou-me e agora eu sirvo a Ele enfim 
Em Seu amor imenso por mim morreu na cruz 
E o perdão dos meus pecados outorgou 
Assim me regozijo vivendo em Sua luz 
Aleluia! Jesus Cristo me salvou 
  Por este grande Amigo desejo aqui viver 
E com Ele sempre estar em comunhão 
Servi-Lo fielmente seguindo Seu querer 
Vou a Cristo consagrar meu coração 
Se o mundo me persegue se tenho tentação 
Com Jesus em minha vida, vencerei 
E a cada dia Cristo conduz-me pela mão 
E na Sua graça sempre confiarei 
  Já vem chegando o dia a Bíblia assim o diz 
Em que Cristo a este mundo voltará 
Momento tão alegre Que dia mais feliz 
Sim, que dia esplendoroso então será 
E assim com Ele sempre no Céu habitarei 
Já liberto do pecado e da dor 
E lá, constantemente Seu rosto então verei 
E estarei pra sempre junto ao Salvador 
 "
317,Amigo Mui Precioso,"Graça e Salvação | Lar e Família | Paz, Cuidado e Confiança | Sacrifício e Redenção",Efésios 2:8-9; João 3:16; 1 João 1:9 | Isaías 53:4-5; Romanos 5:8; Hebreus 9:22 | Josué 24:15; Efésios 6:1-4 | Salmos 23:1-4; João 14:27; Salmos 46:1,https://www.youtube.com/watch?v=_8yIJOzF0rw,"João 15:14, 15",A Doutrina da Vida Cristã,Conduta Cristã,Mary A. Shorey,Hubert P. Main,"Amigo mui precioso eu tenho em meu Jesus 
Envolve-me seu doce amor meus pés no bem conduz 
Sem Ele aqui não posso andar, até chegar ao Céu 
Assim andamos juntos: 
Jesus e eu 
  Por vezes sou tentado nas lutas e na dor 
Então Jesus me mostra a mão ferida por amor 
De Seu amor a prova deu por mim na cruz morreu 
E juntos nós andamos: 
Jesus e eu 
  Eu conto-Lhe tristezas e todo o meu prazer 
Em Seu amor encontro paz, e forças pra viver 
E enquanto sigo rumo ao lar, irei ao lado Seu 
Pois juntos nós andamos: 
Jesus e eu 
 "
318,Cantarei de Meu Jesus,Adoração e Louvor | Graça e Salvação | Oração e Comunhão | Sacrifício e Redenção,1 Tessalonicenses 5:17; Mateus 7:7; Filipenses 4:6 | Efésios 2:8-9; João 3:16; 1 João 1:9 | Isaías 53:4-5; Romanos 5:8; Hebreus 9:22 | Salmos 150:1-6; Apocalipse 4:8; Salmos 95:1-2,https://www.youtube.com/watch?v=hrtXSRc5Ces,Efésios 2:4-7,A Doutrina da Vida Cristã,Conduta Cristã,Franklin E. Belden,Franklin E. Belden,"Cantarei de meu Jesus 
Seu amor leal, sem fim 
Pois desceu dos altos Céus 
E na cruz morreu por mim 
  Cantarei do meu Salvador 
Sem cessar Lhe darei louvor 
Pois morreu pra me salvar 
Cantarei do Seu amor 
  Antes de eu poder chorar 
Cristo já por mim pranteou 
Antes de eu poder orar 
Na angústia Ele orou 
  Cantarei do meu Salvador 
Sem cessar Lhe darei louvor 
Pois morreu pra me salvar 
Cantarei do Seu amor 
  Nada fiz por meu Senhor 
Como, pois, me pôde amar? 
Quero, assim, em gratidão 
Minha vida Lhe entregar 
  Cantarei do meu Salvador 
Sem cessar Lhe darei louvor 
Pois morreu pra me salvar 
Cantarei do Seu amor 
 "
319,Cristo é Tudo Para Mim,"Paz, Cuidado e Confiança",Salmos 23:1-4; João 14:27; Salmos 46:1,https://www.youtube.com/watch?v=s99navSSdWM,"Filipenses 3:7, 8",A Doutrina da Vida Cristã,Conduta Cristã,Will L. Thompson,Will L. Thompson,"Cristo é tudo para mim: viver, sonhar, cantar 
É minha força na aflição sem Ele, que pesar! 
Quando em tristeza a Ele vou 
Pois meu Jesus jamais falhou 
Quando em pesar faz-me alegrar 
Cristo é meu! 
  Cristo é tudo para mim leal eu Lhe serei 
Ele é amigo tão fiel Jamais O negarei 
Quando ao Seu lado, alegre vou 
Em Sua mão seguro estou 
Só com Jesus tudo reluz 
Cristo é meu 
  Cristo é tudo para mim só Ele satisfaz 
A confiança nEle pus não mais me falta paz 
Tendo a Jesus comigo assim 
Minha alegria não tem fim 
Vida eternal livre do mal 
Cristo é meu 
 "
320,"Eu Te Amo, Meu Mestre",Adoração e Louvor | Crianças e Jovens | Graça e Salvação | Palavra de Deus e Lei | Segunda Vinda e Esperança,1 Tessalonicenses 4:16-17; Apocalipse 1:7; João 14:1-3 | Efésios 2:8-9; João 3:16; 1 João 1:9 | Mateus 19:14; Provérbios 22:6 | Salmos 119:105; 2 Timóteo 3:16; Salmos 19:7 | Salmos 150:1-6; Apocalipse 4:8; Salmos 95:1-2,https://www.youtube.com/watch?v=Wl9Xe0a1WRI,João 21:15,A Doutrina da Vida Cristã,Conduta Cristã,Christian Harmony,Melodia Tradicional Americana,"Eu Te amo, meu Mestre meu bom Salvador 
Não posso em palavras contar este amor 
Eu Te amo pra sempre e a todos direi 
E pelos meus atos o confirmarei 
  Que grande alegria que glória meu Deus 
Saber que em breve eu vou para os Céus! 
De longe diviso as glórias do além 
Oh, como eu almejo fruí-las também! 
  Teu nome eu exalto ó Rei de Salém 
Pois sempre Teus filhos Nos braços susténs 
Eu quero louvar-Te cantar Teu amor 
Eu Te amo meu Mestre meu bom Salvador 
 "
321,Jesus é Melhor,"Graça e Salvação | Paz, Cuidado e Confiança",Efésios 2:8-9; João 3:16; 1 João 1:9 | Salmos 23:1-4; João 14:27; Salmos 46:1,https://www.youtube.com/watch?v=4OR2dSNYuXk,"Filipenses 3:7, 8",A Doutrina da Vida Cristã,Conduta Cristã,Rhea F. Miller,George B. Shea,"Jesus é melhor, sim que ouro e bens 
Jesus é melhor do que tudo que tens 
Melhor que riquezas e posições 
Melhor muito mais do que milhões 
  Pode ser um rei com poder nas mãos 
Mas do mal escravo, sim 
Mil vezes prefiro o meu Jesus 
E servi-lo até o fim 
  Jesus é melhor que qualquer valor 
Amigo leal, no prazer e na dor 
Melhor do que tudo Ele é pra mim 
Melhor que qualquer amigo, enfim 
  Pode ser um rei com poder nas mãos 
Mas do mal escravo, sim 
Mil vezes prefiro o meu Jesus 
E servi-lo até o fim 
  Jesus é mais puro que a linda flor 
Jesus é o Sol da Justiça e do amor 
Jesus é a fonte que satisfaz 
Caminho do bem verdade e paz 
  Pode ser um rei com poder nas mãos 
Mas do mal escravo, sim 
Mil vezes prefiro o meu Jesus 
E servi-lo até o fim 
 "
322,Jesus Me Guia,"Oração e Comunhão | Paz, Cuidado e Confiança",1 Tessalonicenses 5:17; Mateus 7:7; Filipenses 4:6 | Salmos 23:1-4; João 14:27; Salmos 46:1,https://www.youtube.com/watch?v=WmkAm7Eog80,Isaías 58:11,A Doutrina da Vida Cristã,Conduta Cristã,Joseph H. Gilmore,William B. Bradbury,"Jesus me guia que prazer 
Que paz me vem ao coração 
Nas aflições que eu viver 
Me guia sempre a Sua mão 
  Jesus me guia que prazer 
É Sua mão que me conduz 
De Ti preciso em meu viver 
Que me dirija meu Jesus 
  Às vezes, quando em aflição 
Em meio de perigo e dor 
Por água mansa ou bravo mar 
Me guia a mão do meu Senhor 
  Jesus me guia que prazer 
É Sua mão que me conduz 
De Ti preciso em meu viver 
Que me dirija meu Jesus 
  Ajuda-me a não murmurar 
Qualquer que seja a condição 
Contente vou pois guiarás 
Com Tua tão bondosa mão 
  Jesus me guia que prazer 
É Sua mão que me conduz 
De Ti preciso em meu viver 
Que me dirija meu Jesus 
 "
323,Há um Amigo,"Crianças e Jovens | Graça e Salvação | Paz, Cuidado e Confiança | Segunda Vinda e Esperança",1 Tessalonicenses 4:16-17; Apocalipse 1:7; João 14:1-3 | Efésios 2:8-9; João 3:16; 1 João 1:9 | Mateus 19:14; Provérbios 22:6 | Salmos 23:1-4; João 14:27; Salmos 46:1,https://www.youtube.com/watch?v=ti8OJHZqvUs,Salmo 37:5,A Doutrina da Vida Cristã,Conduta Cristã,Fannie E. Stafford,Homer A. Rodeheaver,"Há um amigo que sabe 
Dos ais que da alma se vão 
E no momento oportuno 
Os torna em suave canção 
Há um amigo que sabe 
Tuas tristezas e dor 
Ele deseja mostrar-te 
O Seu inefável amor 
  Há um amigo que sabe 
Que o mal anda sempre ao redor 
Sente também tuas dores 
Das quedas te ergue co'amor 
Quando estás fraco e abatido 
Muito distante a vagar 
Há um amigo que aguarda 
O pródigo filho voltar 
  Há um amigo que te ama 
Se forte, se fraco tu estás 
Nunca abandona um filho 
Nas mãos do inimigo voraz 
De Sua vista distante 
Nunca tu estás meu irmão 
""Qual é Seu nome?"" perguntas 
Jesus, que nos dá salvação! 
 "
324,"Jesus, Teu Nome Satisfaz","Oração e Comunhão | Paz, Cuidado e Confiança",1 Tessalonicenses 5:17; Mateus 7:7; Filipenses 4:6 | Salmos 23:1-4; João 14:27; Salmos 46:1,https://www.youtube.com/watch?v=VyKaiFCoIXA,Filipenses 2:9-11,A Doutrina da Vida Cristã,Conduta Cristã,William C. Martin,Edmund S. Lorenz,"Jesus, Teu nome satisfaz 
Por toda a Terra espalha paz 
Prazer infindo e vida traz 
Jesus, Senhor amado! 
  Cristo, nome de valor! 
Cristo, forte Redentor! 
Cristo, sumo e bom Pastor 
Te louvarei pra sempre! 
  Com Teu poder, ó Salvador 
Ao coração tão sofredor 
Concedes forças e vigor 
Jesus, Senhor amado! 
  Cristo, nome de valor! 
Cristo, forte Redentor! 
Cristo, sumo e bom Pastor 
Te louvarei pra sempre! 
  Se fraco estou, em tentação 
Poder me vem de Tua mão 
Se busco a Ti em oração 
Jesus, Senhor amado! 
  Cristo, nome de valor! 
Cristo, forte Redentor! 
Cristo, sumo e bom Pastor 
Te louvarei pra sempre! 
  Jesus, Teu nome é sem igual 
Tão meigo e bom, gentil, leal 
És meu Pastor celestial 
Jesus, Senhor amado! 
  Cristo, nome de valor! 
Cristo, forte Redentor! 
Cristo, sumo e bom Pastor 
Te louvarei pra sempre! 
 "
325,Junto ao Bondoso Deus,"Graça e Salvação | Oração e Comunhão | Paz, Cuidado e Confiança",1 Tessalonicenses 5:17; Mateus 7:7; Filipenses 4:6 | Efésios 2:8-9; João 3:16; 1 João 1:9 | Salmos 23:1-4; João 14:27; Salmos 46:1,https://www.youtube.com/watch?v=v76WHJ132HI,"Isaías 26:3, 4",A Doutrina da Vida Cristã,Conduta Cristã,Cleland B. McAfee,Cleland B. McAfee,"Eu sei que há perfeita paz 
Junto ao bondoso Deus 
Não há temor nem obras más 
Junto ao bondoso Deus 
  Jesus, Senhor, meu Mestre 
Pão que desceu dos Céus 
Segura-me bem perto 
Do coração de Deus 
  Eu sei que há conforto e luz 
Junto ao bondoso Deus 
Encontro ali o meu Jesus 
Junto ao bondoso Deus 
  Jesus, Senhor, meu Mestre 
Pão que desceu dos Céus 
Segura-me bem perto 
Do coração de Deus 
  Encontro, sim libertação 
Junto ao bondoso Deus 
E tenho paz e salvação 
Junto ao bondoso Deus 
  Jesus, Senhor, meu Mestre 
Pão que desceu dos Céus 
Segura-me bem perto 
Do coração de Deus 
 "
326,Manancial de Toda Bênção,Adoração e Louvor | Graça e Salvação | Sacrifício e Redenção,Efésios 2:8-9; João 3:16; 1 João 1:9 | Isaías 53:4-5; Romanos 5:8; Hebreus 9:22 | Salmos 150:1-6; Apocalipse 4:8; Salmos 95:1-2,https://www.youtube.com/watch?v=CsPuhdOn8ko,Tiago 1:17,A Doutrina da Vida Cristã,Conduta Cristã,Robert Robinson,Repository of Sacred Music – II,"Manancial de toda bênção 
Vem o canto me inspirar! 
Dons de Deus que nunca cessam 
Quero em alto som louvar 
Faz brotar-me novo canto 
Dos remidos lá na luz 
E Teu servo, faze-o santo 
Pra louvar-Te, ó Jesus! 
  Meus louvores dar eu quero 
Pois Jesus me socorreu 
E por Sua graça espero 
Ser levado para o Céu 
Eu, perdido, procurou-me 
Longe, longe, já sem luz 
Condenado resgatou-me 
Com Seu sangue, meu Jesus 
  Cada dia, cada hora 
Sou à graça devedor 
Não me lances nunca fora 
Confiarei em Teu amor 
Eis minh'alma vacilante 
Faze-a firme em Teu amor 
Faz-me justo, bom, constante 
Para sempre, ó Senhor! 
 "
327,Não Há Amigo Igual A Cristo,"Adoração e Louvor | Paz, Cuidado e Confiança",Salmos 150:1-6; Apocalipse 4:8; Salmos 95:1-2 | Salmos 23:1-4; João 14:27; Salmos 46:1,https://www.youtube.com/watch?v=1ibGBe9svTw,João 15:15,A Doutrina da Vida Cristã,Conduta Cristã,Johnson Oatman Jr.,George C. Hugg,"Não há amigo igual a Cristo! 
Não, nenhum! Não, nenhum! 
Outro não há que minh'alma salve! 
Não, nenhum! Não, nenhum! 
  Cristo sabe das nossas lutas 
Té o fim nos irá guiar 
Não há amigo igual a Cristo! 
Não, nenhum! Não, nenhum! 
  Não há amigo tão nobre e santo! 
Não, nenhum! Não, nenhum! 
Não há também tão humilde e manso! 
Não, nenhum! Não, nenhum! 
  Cristo sabe das nossas lutas 
Té o fim nos irá guiar 
Não há amigo igual a Cristo! 
Não, nenhum! Não, nenhum! 
  Não há momento em que me abandone! 
Não, nenhum! Não, nenhum! 
Não há desgosto que não suavize! 
Não, nenhum! Não, nenhum! 
  Cristo sabe das nossas lutas 
Té o fim nos irá guiar 
Não há amigo igual a Cristo! 
Não, nenhum! Não, nenhum! 
  Crente nenhum é desamparado! 
Não, nenhum! Não, nenhum! 
Não há aflito que é rejeitado! 
Não, nenhum! Não, nenhum! 
  Cristo sabe das nossas lutas 
Té o fim nos irá guiar 
Não há amigo igual a Cristo! 
Não, nenhum! Não, nenhum! 
 "
328,Meu Deus e Eu,"Paz, Cuidado e Confiança",Salmos 23:1-4; João 14:27; Salmos 46:1,https://www.youtube.com/watch?v=AW5sH1Z4XYs,Gênesis 5:24,A Doutrina da Vida Cristã,Conduta Cristã,Austris A. Wihtol,Austris A. Wihtol,"Meu Deus e eu andamos pelos campos 
Quais bons amigos juntos a passear 
Com emoção alegres conversamos 
Sem nada, nada a nos atrapalhar 
Com emoção alegres conversamos 
Sem nada, nada a nos atrapalhar 
  Meu Deus me conta de outros tempos, quando 
Eternos planos Ele fez por mim 
Quando o que vejo era apenas sonho 
Quando Ele o mundo fez tão belo assim 
Quando o que vejo era apenas sonho 
Quando Ele o mundo fez tão belo assim 
  Meu Deus e eu eternamente juntos 
Quais bons amigos vamos sempre andar 
Inda que o Céu e a própria Terra passem 
Nada de Deus me pode separar 
Inda que o céu e a própria terra passem 
Nada de Deus me pode separar 
 "
329,Não Há Nome Mais Amável,"Adoração e Louvor | Graça e Salvação | Oração e Comunhão | Paz, Cuidado e Confiança | Segunda Vinda e Esperança",1 Tessalonicenses 4:16-17; Apocalipse 1:7; João 14:1-3 | 1 Tessalonicenses 5:17; Mateus 7:7; Filipenses 4:6 | Efésios 2:8-9; João 3:16; 1 João 1:9 | Salmos 150:1-6; Apocalipse 4:8; Salmos 95:1-2 | Salmos 23:1-4; João 14:27; Salmos 46:1,https://www.youtube.com/watch?v=0SoM9vhYIwc,Salmo 113:1-3,A Doutrina da Vida Cristã,Conduta Cristã,Franklin E. Belden,Franklin E. Belden,"Outro nome não existe 
Como o nome de Jesus 
Ele a glória é dos anjos 
Dos cristãos fiéis, a luz 
  Jesus! Jesus! 
Não há nome mais amável! 
Jesus! Jesus! 
Nome santo e venerável 
  Outro nome não existe 
Quando aflito o coração 
Nele encontro segurança 
Paz, amor consolação 
  Jesus! Jesus! 
Não há nome mais amável! 
Jesus! Jesus! 
Nome santo e venerável 
  Sempre abrigo esta esperança: 
Quando Cristo aqui voltar 
Quero ver Seu lindo rosto 
E ouvi-Lo a me chamar 
  Jesus! Jesus! 
Não há nome mais amável! 
Jesus! Jesus! 
Nome santo e venerável 
 "
330,O Melhor Amigo,"Graça e Salvação | Oração e Comunhão | Paz, Cuidado e Confiança",1 Tessalonicenses 5:17; Mateus 7:7; Filipenses 4:6 | Efésios 2:8-9; João 3:16; 1 João 1:9 | Salmos 23:1-4; João 14:27; Salmos 46:1,https://www.youtube.com/watch?v=mQblvleLL40,João 15:13,A Doutrina da Vida Cristã,Conduta Cristã,Peter P. Bilhorn,Peter P. Bilhorn,"Sei que o amigo melhor é Cristo 
Se a tormenta vem provar-me a fé 
Pronto estende a Sua mão 
Tranquiliza o coração 
Sim, o amigo melhor é Cristo 
  Jesus é o melhor amigo 
Jesus é o melhor amigo 
Sim, repreende com amor 
E me anima com vigor 
Sim, o amigo melhor é Cristo 
  Oh, que amigo precioso é Cristo! 
Nele encontro amor consolo e paz 
Em Seu braço esperarei 
Nenhum golpe temerei 
Sim, o amigo melhor é Cristo 
  Jesus é o melhor amigo 
Jesus é o melhor amigo 
Sim, repreende com amor 
E me anima com vigor 
Sim, o amigo melhor é Cristo 
  Se eu passar pelo vale escuro 
E chegar às águas do Jordão 
Não receio, pois Jesus 
Salvo, à pátria me conduz 
Sim, o amigo melhor é Cristo 
  Jesus é o melhor amigo 
Jesus é o melhor amigo 
Sim, repreende com amor 
E me anima com vigor 
Sim, o amigo melhor é Cristo 
 "
331,Nome Precioso,"Adoração e Louvor | Graça e Salvação | Oração e Comunhão | Paz, Cuidado e Confiança | Segunda Vinda e Esperança",1 Tessalonicenses 4:16-17; Apocalipse 1:7; João 14:1-3 | 1 Tessalonicenses 5:17; Mateus 7:7; Filipenses 4:6 | Efésios 2:8-9; João 3:16; 1 João 1:9 | Salmos 150:1-6; Apocalipse 4:8; Salmos 95:1-2 | Salmos 23:1-4; João 14:27; Salmos 46:1,https://www.youtube.com/watch?v=ol-pFzHphIQ,Isaías 9:6,A Doutrina da Vida Cristã,Conduta Cristã,Lydia Baxter,William H. Doane,"Leva tu contigo o nome 
De Jesus o Salvador 
Este nome dá consolo 
Seja no lugar que for 
  Nome bom doce à fé 
A esperança do porvir 
Nome bom doce à fé 
A esperança do porvir 
  Leva sempre esse nome 
Para bem te defender 
Ele é arma ao teu alcance 
Quando o mal te aparecer 
  Nome bom doce à fé 
A esperança do porvir 
Nome bom doce à fé 
A esperança do porvir 
  Oh, que nome tão precioso! 
Traz conforto ao coração 
Sendo por Jesus aceito 
Hás de ter o Seu perdão 
  Nome bom doce à fé 
A esperança do porvir 
Nome bom doce à fé 
A esperança do porvir 
  Nome santo e venerável: 
Cristo príncipe da paz! 
Rei dos reis Senhor eterno! 
Lá no Céu O aclamarás! 
  Nome bom doce à fé 
A esperança do porvir 
Nome bom doce à fé 
A esperança do porvir 
 "
332,Tudo És Pra Mim,Adoração e Louvor | Sacrifício e Redenção,Isaías 53:4-5; Romanos 5:8; Hebreus 9:22 | Salmos 150:1-6; Apocalipse 4:8; Salmos 95:1-2,https://www.youtube.com/watch?v=1dA0FMuuftU,João 6:68,A Doutrina da Vida Cristã,Conduta Cristã,Dennis L. Jernigan,Dennis L. Jernigan,"Força Tu és, se fraco estou 
És um tesouro sem igual 
Tudo és para mim 
És minha joia de valor 
Sempre a Ti darei louvor 
Tudo és para mim 
  Cristo, meu Senhor 
Digno é Teu nome 
Cristo, meu Senhor 
Digno é Teu nome 
  Tu carregaste a rude cruz 
Mas ressurgiste em força e luz 
Tudo és para mim 
Se eu tropeçar, me dás a mão 
E me inspiras a canção 
Tudo és para mim 
  Cristo, meu Senhor 
Digno é Teu nome 
Cristo, meu Senhor 
Digno é Teu nome 
 "
333,Oh! Que Amigo em Cristo Temos,"Lar e Família | Oração e Comunhão | Paz, Cuidado e Confiança",1 Tessalonicenses 5:17; Mateus 7:7; Filipenses 4:6 | Josué 24:15; Efésios 6:1-4 | Salmos 23:1-4; João 14:27; Salmos 46:1,https://www.youtube.com/watch?v=MeeNmIEjLVs,João 15:15,A Doutrina da Vida Cristã,Conduta Cristã,Joseph M. Scriven,Charles C. Converse,"Oh! que amigo em Cristo temos 
Mais chegado que um irmão! 
Quer que tudo nós levemos 
Ao bom Deus em oração 
Oh! que paz perdemos sempre 
Oh! que dor de coração! 
Só porque não recorremos 
Ao bom Deus em oração! 
  Há tristezas e pesares 
Há na vida tentação 
Não ficamos sem conforto 
Indo a Cristo em oração 
Não existe um outro amigo 
Tão grandioso em compaixão 
Aos humildes e contritos 
Cristo atende em oração 
  Quando em dor desfalecemos 
Cristo estende-nos a mão 
Pois é sempre a nossa força 
É refúgio em oração 
E se aqui nos menosprezam 
Cristo é nosso em oração 
Em Seus braços nos acolhe 
E nos dá consolação 
 "
334,"Oh, Eu Amo A Cristo!","Adoração e Louvor | Graça e Salvação | Lar e Família | Paz, Cuidado e Confiança",Efésios 2:8-9; João 3:16; 1 João 1:9 | Josué 24:15; Efésios 6:1-4 | Salmos 150:1-6; Apocalipse 4:8; Salmos 95:1-2 | Salmos 23:1-4; João 14:27; Salmos 46:1,https://www.youtube.com/watch?v=JCYBqVqtKGQ,Filipenses 2:9-11,A Doutrina da Vida Cristã,Conduta Cristã,Frederick Whitfield,Melodia Tradicional Americana,"Existe um nome que amo ouvir 
E a quem dou meu louvor 
É o mais precioso e doce som 
Jesus, meu Salvador 
  Oh, eu amo a Cristo! 
Oh, eu amo a Cristo! 
Oh, eu amo a Cristo! 
Porque Ele me amou! 
  Seu nome mostra o amor do Pai 
Que bênçãos quer me dar 
E, quando tudo escuro está 
Sua luz vem me guiar 
  Oh, eu amo a Cristo! 
Oh, eu amo a Cristo! 
Oh, eu amo a Cristo! 
Porque Ele me amou! 
  Seu nome fala de Alguém 
Que sempre perto está 
No sofrimento me sustém 
Um nome igual não há 
  Oh, eu amo a Cristo! 
Oh, eu amo a Cristo! 
Oh, eu amo a Cristo! 
Porque Ele me amou! 
 "
335,Precioso é Jesus Para Mim,Adoração e Louvor | Graça e Salvação | Lar e Família | Oração e Comunhão | Sacrifício e Redenção,1 Tessalonicenses 5:17; Mateus 7:7; Filipenses 4:6 | Efésios 2:8-9; João 3:16; 1 João 1:9 | Isaías 53:4-5; Romanos 5:8; Hebreus 9:22 | Josué 24:15; Efésios 6:1-4 | Salmos 150:1-6; Apocalipse 4:8; Salmos 95:1-2,https://www.youtube.com/watch?v=WOpYIxGYvK0,Filipenses 3:8,A Doutrina da Vida Cristã,Conduta Cristã,Charles H. Gabriel,Charles H. Gabriel,"Precioso é Jesus o meu Rei, Salvador 
A Ele somente darei meu louvor 
É fonte divina de força e vigor 
Precioso é Jesus para mim 
  Precioso é Jesus para mim 
Precioso é Jesus para mim 
É meu Redentor meu fiel Protetor 
Precioso é Jesus para mim 
  Jesus bate à porta do meu coração 
E espera paciente quer dar-me o perdão 
Que Seu sacrifício não seja em vão! 
Precioso é Jesus para mim 
  Precioso é Jesus para mim 
Precioso é Jesus para mim 
É meu Redentor meu fiel Protetor 
Precioso é Jesus para mim 
  Preciosas promessas eu tenho do Rei 
Com Ele num lar perenal morarei 
Num reino de luz Sua face verei 
Precioso é Jesus para mim 
  Precioso é Jesus para mim 
Precioso é Jesus para mim 
É meu Redentor meu fiel Protetor 
Precioso é Jesus para mim 
 "
336,Salmo Dos Salmos,"Graça e Salvação | Palavra de Deus e Lei | Paz, Cuidado e Confiança",Efésios 2:8-9; João 3:16; 1 João 1:9 | Salmos 119:105; 2 Timóteo 3:16; Salmos 19:7 | Salmos 23:1-4; João 14:27; Salmos 46:1,https://www.youtube.com/watch?v=2QuelXhYD8w,Salmo 23,A Doutrina da Vida Cristã,Conduta Cristã,Ariney Balthazar de Oliveira,Ariney Balthazar de Oliveira,"O Senhor é meu Pastor 
O meu Guia e Rei 
O Senhor é a força 
E a luz do viver 
Ao Seu lado eu sempre estarei 
Os Seus olhos vigiam 
Seu amor nos conduz 
Minha vida darei ao Senhor 
Confiarei em Seus braços de amor 
  A bondade do Senhor 
Nos dá força e vigor 
Sua Palavra é qual luz 
Que meus passos conduz 
Não temerei pois comigo vai Jesus 
  O Senhor é meu Pastor 
O meu Guia e Rei 
O Senhor é a força 
E a luz do viver 
Ao Seu lado eu sempre estarei 
Seu perdão é completo 
Seu amor sem igual 
Sob suas asas seguro estarei 
Seu amor transformou o meu ser 
  A bondade do Senhor 
Nos dá força e vigor 
Sua Palavra é qual luz 
Que meus passos conduz 
Não temerei pois comigo vai Jesus 
  Que darei ao meu Senhor 
Por Seu tão grande amor? 
Pois me fez renascer 
E eu não posso entender 
Nem explicar tal milagre do Céu: 
  Dar a vida ao maior pecador que sou eu 
 "
337,Amor nos Faz Contentes,Graça e Salvação | Palavra de Deus e Lei,Efésios 2:8-9; João 3:16; 1 João 1:9 | Salmos 119:105; 2 Timóteo 3:16; Salmos 19:7,https://www.youtube.com/watch?v=6qSurkv7NNM,"João 13:34, 35",A Doutrina da Vida Cristã,Conduta Cristã,Franklin E. Belden,Franklin E. Belden,"Amor nos faz contentes 
Amor nos dá prazer 
E para a lei cumprirmos 
O amor nos dá poder 
  Deus é bom, Seus filhinhos somos 
Deus é bom, quer o nosso amor 
Amor nos faz contentes 
Amor nos dá prazer 
E para a lei cumprirmos 
O amor nos dá poder 
  O mundo tem tristezas 
E cheio está de dor 
Co'amor então, busquemos 
Perdidos ao Senhor 
  Deus é bom, Seus filhinhos somos 
Deus é bom, quer o nosso amor 
Amor nos faz contentes 
Amor nos dá prazer 
E para a lei cumprirmos 
O amor nos dá poder 
  E quando enfim a vida 
De lutas se acabar 
No Céu também iremos 
O amor de Deus louvar 
  Deus é bom, Seus filhinhos somos 
Deus é bom, quer o nosso amor 
Amor nos faz contentes 
Amor nos dá prazer 
E para a lei cumprirmos 
O amor nos dá poder 
 "
338,Deus Não se Cansa de Amar,"Crianças e Jovens | Graça e Salvação | Paz, Cuidado e Confiança | Sacrifício e Redenção | Segunda Vinda e Esperança",1 Tessalonicenses 4:16-17; Apocalipse 1:7; João 14:1-3 | Efésios 2:8-9; João 3:16; 1 João 1:9 | Isaías 53:4-5; Romanos 5:8; Hebreus 9:22 | Mateus 19:14; Provérbios 22:6 | Salmos 23:1-4; João 14:27; Salmos 46:1,https://www.youtube.com/watch?v=SuB1C8QF8RM,Jeremias 31:3,A Doutrina da Vida Cristã,Conduta Cristã,Valdecir Simões Lima,Lineu Formighieri Soares,"Quando andamos pela vida 
Sem destino ou direção 
Quando faltam os amigos 
Autoestima e emoção 
Deus nos chama pelo nome 
Ele vê nosso cansaço 
Quer nos devolver a paz 
E quer de volta nosso abraço 
  Deus não se cansa de amar 
Deus não se cansa de amar 
Deus não se cansa de amar 
  Deus comprou-nos com Seu sangue 
Deus conhece nossa dor 
Se este mundo nos maltrata 
Em Seus braços há amor 
Sua graça é infinita 
NEle está a salvação 
Se são grandes nossas quedas 
Bem maior é o Seu perdão 
  Cristo é nossa esperança 
Numa cruz por nós morreu 
Pra ter sempre ao Seu lado 
Quem um dia se perdeu 
Ele o ama pessoalmente 
É o Cordeiro de Deus 
Se Ele tira os pecados do mundo 
Ele vai tirar os seus 
  Deus não se cansa de amar 
Deus não se cansa de amar 
  Deus ampara Seus filhos 
Paz à alma quer dar 
Pra curar as feridas 
Que ainda estão por fechar 
E se estamos cansados de cair e falhar 
Deus nos toma em Seus braços 
Não Se cansa de amar 
  Deus não se cansa de amar 
Deus não se cansa de amar 
Deus não se cansa de amar 
 "
339,Eu Sou Um Pobre Peregrino,Lar e Família | Sacrifício e Redenção | Segunda Vinda e Esperança | Sábado e Criação,1 Tessalonicenses 4:16-17; Apocalipse 1:7; João 14:1-3 | Isaías 53:4-5; Romanos 5:8; Hebreus 9:22 | Josué 24:15; Efésios 6:1-4 | Êxodo 20:8-11; Gênesis 2:2-3,https://www.youtube.com/watch?v=9VR9YnK2D04,Apocalipse 21:4,A Doutrina da Vida Cristã,Conduta Cristã,Desconhecido,Negro Spiritual,"Eu sou um pobre peregrino 
E desta terra cansado estou 
Há dor aqui, doença e morte 
Mas não ali pra onde vou 
  Vou encontrar os meus amados 
Bem logo ao fim do meu vaguear 
Eu vou transpor o rio Jordão 
E encontrarei ali meu lar 
  Eu vejo aqui um céu escuro 
Difícil é meu caminhar 
Mas lá verei tão lindos campos 
Então ali vou descansar 
  Vou encontrar os meus amados 
Bem logo ao fim do meu vaguear 
Eu vou transpor o rio Jordão 
E encontrarei ali meu lar 
  A morte e a dor e meus problemas 
Os fardos mil a carregar 
Em breve ali eu deixarei 
Irei então descanso achar 
  Vou encontrar os meus amados 
Bem logo ao fim do meu vaguear 
Eu vou transpor o rio Jordão 
E encontrarei ali meu lar 
 "
340,Sou Forasteiro Aqui,Graça e Salvação | Lar e Família | Missão e Serviço,Efésios 2:8-9; João 3:16; 1 João 1:9 | Josué 24:15; Efésios 6:1-4 | Mateus 28:19-20; Isaías 6:8; Marcos 16:15,https://www.youtube.com/watch?v=s0qMxW-q6BY,Hebreus 11:13-16,A Doutrina da Vida Cristã,Conduta Cristã,Elijah T. Cassel,Flora H. Cassel,"Sou forasteiro aqui, em terra estranha estou 
Do reino lá do Céu embaixador eu sou 
Meu Rei e Salvador vos manda em Seu amor 
As boas novas de perdão 
  O Salvador em Seu amor 
Vos dá mensagem lá dos Céus: 
Reconciliai-vos já é ordem que Ele dá 
Reconciliai-vos já, com Deus! 
  É ordem do meu Rei que todo pecador 
Arrependido já, se volte ao Salvador 
E salvação terá pois Cristo prometeu 
Dar o perdão por Seu amor 
  O Salvador em Seu amor 
Vos dá mensagem lá dos Céus: 
Reconciliai-vos já é ordem que Ele dá 
Reconciliai-vos já, com Deus! 
  No meu eterno lar não haverá temor 
Nem lutas e aflições nem mais tristeza ou dor 
E os redimidos lá então receberão 
As boas-vindas do Senhor 
  O Salvador em Seu amor 
Vos dá mensagem lá dos Céus: 
Reconciliai-vos já é ordem que Ele dá 
Reconciliai-vos já, com Deus! 
 "
341,Mágoas,"Graça e Salvação | Oração e Comunhão | Paz, Cuidado e Confiança",1 Tessalonicenses 5:17; Mateus 7:7; Filipenses 4:6 | Efésios 2:8-9; João 3:16; 1 João 1:9 | Salmos 23:1-4; João 14:27; Salmos 46:1,https://www.youtube.com/watch?v=aG7uBv3mnsg,1 Pedro 5:7,A Doutrina da Vida Cristã,Conduta Cristã,Alfred H. Ackley,Alfred H. Ackley,"Se tens mágoas volve agora a Cristo 
O melhor Amigo que tu tens 
Eis que está a ti sempre achegado 
Pronto a dar-te Seus melhores bens 
  Leva a Cristo as tuas mágoas 
Vai com Ele ter, vai sem mesmo te deter 
Leva a Cristo as tuas mágoas 
Que Ele as muda todas em prazer 
  Se a ingratidão ferir-te a alma 
Se amarguras vêm ao coração 
Vê então que Cristo está ao lado 
E te dá consolo na aflição 
  Leva a Cristo as tuas mágoas 
Vai com Ele ter, vai sem mesmo te deter 
Leva a Cristo as tuas mágoas 
Que Ele as muda todas em prazer 
  Cristo compreende as tuas dores 
Quer tua alma enferma restaurar 
Oh, confia em Seu amor imenso 
Que só Ele pode alívio dar 
  Leva a Cristo as tuas mágoas 
Vai com Ele ter, vai sem mesmo te deter 
Leva a Cristo as tuas mágoas 
Que Ele as muda todas em prazer 
 "
342,Eu Não Te Deixarei,"Graça e Salvação | Lar e Família | Paz, Cuidado e Confiança | Segunda Vinda e Esperança",1 Tessalonicenses 4:16-17; Apocalipse 1:7; João 14:1-3 | Efésios 2:8-9; João 3:16; 1 João 1:9 | Josué 24:15; Efésios 6:1-4 | Salmos 23:1-4; João 14:27; Salmos 46:1,https://www.youtube.com/watch?v=6nJvSdQk0es,Gênesis 32:26,A Doutrina da Vida Cristã,Conduta Cristã,Jader D. Santos,Jader D. Santos,"Quando só, em pensamento 
Eu contemplo o Teu poder 
Vejo as Tuas maravilhas 
Vejo o lindo entardecer 
Me pergunto assim calado 
O que fiz pra merecer 
Esse amor tão declarado 
Esse dom que vem de Deus? 
  Meu desejo é ser leal 
Meu desejo é ser fiel 
É viver o dia a dia 
Já sonhando com o Céu 
Se amigos meus me deixarem 
E do Teu nome até zombarem 
Ainda assim eu não Te deixarei 
E, como fez Jacó eu não Te deixarei 
Se não me abençoares, Senhor 
Eu só vou poder dormir em paz 
E só vou descansar 
Se comigo Tu ficares, meu Deus 
  Só o brilho dos Teus olhos 
É capaz de devolver 
A esperança já perdida 
A vontade de viver 
Só Teu braço tão amigo 
É capaz de me envolver 
No calor do Teu abrigo 
Onde posso me esconder 
  Meu desejo é ser leal 
Meu desejo é ser fiel 
É viver o dia a dia 
Já sonhando com o Céu 
Se amigos meus me deixarem 
E do Teu nome até zombarem 
Ainda assim eu não Te deixarei 
E, como fez Jacó eu não Te deixarei 
Se não me abençoares, Senhor 
Eu só vou poder dormir em paz 
E só vou descansar 
Se comigo Tu ficares, meu Deus 
 "
343,Meu Refúgio Está no Monte,"Adoração e Louvor | Crianças e Jovens | Oração e Comunhão | Paz, Cuidado e Confiança | Sacrifício e Redenção",1 Tessalonicenses 5:17; Mateus 7:7; Filipenses 4:6 | Isaías 53:4-5; Romanos 5:8; Hebreus 9:22 | Mateus 19:14; Provérbios 22:6 | Salmos 150:1-6; Apocalipse 4:8; Salmos 95:1-2 | Salmos 23:1-4; João 14:27; Salmos 46:1,https://www.youtube.com/watch?v=D60qJG7tseU,Mateus 14:23,A Doutrina da Vida Cristã,Conduta Cristã,Eliza E. Hewitt,Bentley D. Ackley,"Meu refúgio está no monte 
Onde posso descansar 
E beber da limpa fonte 
De água pura e salutar 
  Bem cedinho e de tarde 
Sempre vou me refugiar 
Vou subindo para o monte 
A beber da limpa fonte 
Bem cedinho e de tarde 
Vou com Cristo me encontrar 
  Minha força está no monte 
Onde fico a meditar 
Meu poder provém da fonte 
Quando estou humilde a orar 
  Bem cedinho e de tarde 
Sempre vou me refugiar 
Vou subindo para o monte 
A beber da limpa fonte 
Bem cedinho e de tarde 
Vou com Cristo me encontrar 
  Minha glória está no monte 
Em que Cristo padeceu 
Onde vejo a rubra fonte 
De Seu sangue que verteu 
  Bem cedinho e de tarde 
Sempre vou me refugiar 
Vou subindo para o monte 
A beber da limpa fonte 
Bem cedinho e de tarde 
Vou com Cristo me encontrar 
 "
344,Confiarei,Graça e Salvação | Oração e Comunhão | Palavra de Deus e Lei,1 Tessalonicenses 5:17; Mateus 7:7; Filipenses 4:6 | Efésios 2:8-9; João 3:16; 1 João 1:9 | Salmos 119:105; 2 Timóteo 3:16; Salmos 19:7,https://www.youtube.com/watch?v=y_tr7ucTMHY,Isaías 12:2,A Doutrina da Vida Cristã,Conduta Cristã,Sullivan Dutra,Sullivan Dutra,"Nas tuas veredas Senhor 
Eu quero sempre andar 
As tuas palavras Senhor 
Eu quero sempre escutar 
As tuas verdades Senhor 
Quero levar comigo aonde for 
A tua lei, o Teu querer 
São preciosidades que eu quero viver 
  Tu És a força se fraco estou 
Só em teus braços encontro calor 
Quando vier a tristeza ou a dor 
Confiarei em Teu amor 
Confiarei em Ti Senhor 
  Teus passos desejo seguir 
Deixando o mal para trás 
Se busco tua face, senhor 
Ali eu sei que estás 
Eu quero viver plenamente 
Quero esquecer o que já passou 
Usa meus pés, as minhas mãos 
E faz morada em meu coração 
  Tu És a força se fraco estou 
Só em teus braços encontro calor 
Quando vier a tristeza ou a dor 
Confiarei em Teu amor 
Confiarei em Ti Senhor 
  Confiarei 
Confiarei 
Confiarei 
  Tu És a força se fraco estou 
Só em teus braços encontro calor 
Quando vier a tristeza ou a dor 
Confiarei em Teu amor 
Confiarei em Ti Senhor 
 "
345,Novo Dia Chegará,Graça e Salvação | Oração e Comunhão | Sacrifício e Redenção | Segunda Vinda e Esperança,1 Tessalonicenses 4:16-17; Apocalipse 1:7; João 14:1-3 | 1 Tessalonicenses 5:17; Mateus 7:7; Filipenses 4:6 | Efésios 2:8-9; João 3:16; 1 João 1:9 | Isaías 53:4-5; Romanos 5:8; Hebreus 9:22,https://www.youtube.com/watch?v=Xm1zBfeI-RY,Salmo 30:5,A Doutrina da Vida Cristã,Conduta Cristã,Wanderson F. Paiva,Wanderson F. Paiva,"Muitas vezes aqui nós queremos saber 
A razão para tanto sofrer 
Vemos gente chorar vozes a lamentar 
Já não há mais razão pra cantar 
Mas, em meio à dor nós podemos sentir 
A presença do nosso Senhor 
Ele estende Sua mão não nos deixa cair 
Com bondade assim nos diz: 
  O choro pode durar uma noite 
A alegria virá de manhã 
O sofrimento e a dor deste mundo 
Muito em breve irão se findar 
Jesus Cristo prometeu 
Sua promessa cumprirá 
Logo a noite escura se acaba 
Novo dia chegará 
  Você pode confiar em Jesus, o Senhor 
Ele aqui muita dor suportou 
Carregou uma cruz por você e por mim 
Seu amor divinal não tem fim 
Tão sozinho sofreu tão sozinho morreu 
Pra podermos agora viver 
Mesmo a morte venceu novo dia nasceu 
E podemos então dizer: 
  O choro pode durar uma noite 
A alegria virá de manhã 
O sofrimento e a dor deste mundo 
Muito em breve irão se findar 
Jesus Cristo prometeu 
Sua promessa cumprirá 
Logo a noite escura se acaba 
Novo dia chegará 
 "
346,Como Agradecer,Adoração e Louvor | Graça e Salvação | Sacrifício e Redenção,Efésios 2:8-9; João 3:16; 1 João 1:9 | Isaías 53:4-5; Romanos 5:8; Hebreus 9:22 | Salmos 150:1-6; Apocalipse 4:8; Salmos 95:1-2,https://www.youtube.com/watch?v=K0dtLwEBX3Q,"Salmo 116:12, 13",A Doutrina da Vida Cristã,Conduta Cristã,Andraé Crouch,Andraé Crouch,"Como agradecer 
A Jesus o que fez por mim? 
Sem eu merecer 
Vem provar o Seu amor sem fim 
As vozes de um milhão de anjos 
Não poderiam expressar 
A gratidão que vibra em meu ser 
Pois tudo devo a Ti 
  A Deus seja a glória a Deus seja a glória 
A Deus seja a glória 
Pelo que fez por mim! 
Com Seu sangue lavou-me 
Seu poder transformou-me 
A Deus seja a glória 
Pelo que fez por mim! 
  Quero entregar, Senhor 
A minha vida em Tuas mãos 
E quero dar meu louvor 
Pela Tua eterna salvação 
Com Seu sangue lavou-me 
Seu poder transformou-me 
A Deus seja a glória 
Pelo que fez por mim! 
 "
347,Obrigado,"Crianças e Jovens | Graça e Salvação | Oração e Comunhão | Paz, Cuidado e Confiança | Segunda Vinda e Esperança | Sábado e Criação",1 Tessalonicenses 4:16-17; Apocalipse 1:7; João 14:1-3 | 1 Tessalonicenses 5:17; Mateus 7:7; Filipenses 4:6 | Efésios 2:8-9; João 3:16; 1 João 1:9 | Mateus 19:14; Provérbios 22:6 | Salmos 23:1-4; João 14:27; Salmos 46:1 | Êxodo 20:8-11; Gênesis 2:2-3,https://www.youtube.com/watch?v=yRp9mr9TgcA,Salmo 103:2,A Doutrina da Vida Cristã,Conduta Cristã,Samuel Silva,Samuel Silva,"Eu Te agradeço, Senhor 
Pelo carinho, pelo amor 
Pelo cuidado que tens por mim 
Toma minha vida em Tuas mãos 
Meu coração vem transformar 
Em Cristo, um novo ser, cada vez mais 
  Eu Te agradeço, Senhor 
Pelo carinho, pelo amor 
Pelo cuidado que tens por mim 
Toma minha vida em Tuas mãos 
Meu coração vem transformar 
Em Cristo, um novo ser, cada vez mais 
  Quanta esperança santa harmonia 
Ouço uma voz me chamar, voz de perdão 
Brilho celeste, então, toca minha face com ternura e diz 
Meu filho, descanso e paz em Mim vais achar 
Cristo, Te amo, Tu és minha luz 
Eu Te agradeço, querido Jesus 
 "
348,Graças,"Graça e Salvação | Oração e Comunhão | Paz, Cuidado e Confiança | Sacrifício e Redenção | Segunda Vinda e Esperança",1 Tessalonicenses 4:16-17; Apocalipse 1:7; João 14:1-3 | 1 Tessalonicenses 5:17; Mateus 7:7; Filipenses 4:6 | Efésios 2:8-9; João 3:16; 1 João 1:9 | Isaías 53:4-5; Romanos 5:8; Hebreus 9:22 | Salmos 23:1-4; João 14:27; Salmos 46:1,https://www.youtube.com/watch?v=On65YomkD4g,Efésios 5:20,A Doutrina da Vida Cristã,Conduta Cristã,August L. Storm,Jhohannes A. Hultman,"Graças dou, sim, pela vida 
Que o bom Deus a mim legou 
Graças dou por meu futuro 
E por tudo o que passou 
Pelas bênçãos derramadas 
Pela dor e aflição 
Pelo Seu cuidado infindo 
Pela graça do perdão 
  Graças pelo azul celeste 
E por nuvens que há também 
Pelas rosas do caminho 
E os espinhos que elas têm 
Pela aurora, pela noite 
Pela estrela que brilhou 
Pela prece respondida 
E a esperança que raiou 
  Pela cruz e o sofrimento 
E eternal ressurreição 
Pelo amor que é sem medida 
Pela paz no coração 
Pela lágrima vertida 
E o consolo que é sem-par 
Pelo dom da eterna vida 
Sempre a Deus irei louvar 
 "
349,Gratidão,Adoração e Louvor | Graça e Salvação | Lar e Família,Efésios 2:8-9; João 3:16; 1 João 1:9 | Josué 24:15; Efésios 6:1-4 | Salmos 150:1-6; Apocalipse 4:8; Salmos 95:1-2,https://www.youtube.com/watch?v=cnHNKIuzMVk,1Coríntios 15:57,A Doutrina da Vida Cristã,Conduta Cristã,Flavio Almeida Santos,Flavio Almeida Santos,"Ó Pai que estás no Céu 
Venho Te agradecer 
Por Teu cuidado e amor 
Ao dirigir meu ser 
Graças a Ti Senhor 
Meus lábios em louvor 
Não podem expressar 
Quão grato sou a Ti 
  Graças a Ti, Senhor! 
Por Tua proteção 
E bênçãos de Tua mão 
Graças a Ti, Senhor! 
Graças a Ti, Senhor! 
  Graças a Ti, Senhor! 
Por Tua proteção 
E bênçãos de Tua mão 
Graças a Ti, Senhor! 
Graças a Ti, Senhor! 
 "
350,"Senhor Jesus, Muito Obrigado","Adoração e Louvor | Crianças e Jovens | Graça e Salvação | Missão e Serviço | Paz, Cuidado e Confiança",Efésios 2:8-9; João 3:16; 1 João 1:9 | Mateus 19:14; Provérbios 22:6 | Mateus 28:19-20; Isaías 6:8; Marcos 16:15 | Salmos 150:1-6; Apocalipse 4:8; Salmos 95:1-2 | Salmos 23:1-4; João 14:27; Salmos 46:1,https://www.youtube.com/watch?v=rYV_vBMei_A,Salmo 116:12,A Doutrina da Vida Cristã,Conduta Cristã,Valdecir Simões Lima,Flavio Almeida Santos,"Senhor Jesus muito obrigado 
Por tantas bênçãos que Tu nos dás 
Por tanto amor por Teus cuidados 
Por nossa vida por tanta paz! 
  Queremos dar a cada instante 
Nosso viver em Teu louvor 
Em cada gesto um exemplo 
Em cada exemplo o amor 
  Senhor Jesus queremos ter 
O Teu amor em nossas mãos 
Que em cada ser possamos ver 
Um filho Teu um nosso irmão! 
  Queremos dar a cada instante 
Nosso viver em Teu louvor 
Em cada gesto um exemplo 
Em cada exemplo o amor 
  Senhor Jesus nós Te imploramos 
Que nos despertes para servir 
Levando ao mundo a Tua luz 
Fazendo a vida ressurgir 
  Queremos dar a cada instante 
Nosso viver em Teu louvor 
Em cada gesto um exemplo 
Em cada exemplo o amor 
  Senhor Jesus muito obrigado 
Por tantas bênçãos que Tu nos dás 
 "
351,"Jesus, Muito Obrigado","Graça e Salvação | Paz, Cuidado e Confiança | Segunda Vinda e Esperança",1 Tessalonicenses 4:16-17; Apocalipse 1:7; João 14:1-3 | Efésios 2:8-9; João 3:16; 1 João 1:9 | Salmos 23:1-4; João 14:27; Salmos 46:1,https://www.youtube.com/watch?v=Qo1T9ZuepmY,Hebreus 13:15,A Doutrina da Vida Cristã,Conduta Cristã,Wanderson F. Paiva,Wanderson F. Paiva,"Jesus, muito obrigado por ser o meu amigo! 
Jesus, muito obrigado por ter o Seu cuidado! 
  Jesus, muito obrigado por ser meu Rei amado! 
Jesus, muito obrigado por dar a Sua vida 
  Por ter me perdoado por dar a esperança! 
Jesus, muito obrigado por Seu amor por mim! 
  Jesus, muito obrigado por ser o meu amigo! 
Jesus, muito obrigado por ter o Seu cuidado! 
  Jesus, muito obrigado por ser meu Rei amado! 
Jesus, muito obrigado por dar a Sua vida 
  Por ter me perdoado por dar a esperança! 
Jesus, muito obrigado por Seu amor por mim! 
 "
352,"Luz Bendita, Luz Gloriosa","Adoração e Louvor | Graça e Salvação | Paz, Cuidado e Confiança | Segunda Vinda e Esperança",1 Tessalonicenses 4:16-17; Apocalipse 1:7; João 14:1-3 | Efésios 2:8-9; João 3:16; 1 João 1:9 | Salmos 150:1-6; Apocalipse 4:8; Salmos 95:1-2 | Salmos 23:1-4; João 14:27; Salmos 46:1,https://www.youtube.com/watch?v=EeFroE51w8Y,João 8:12,A Doutrina da Vida Cristã,Conduta Cristã,Eliza E. Hewitt,John R. Sweney,"Que bendita, que gloriosa luz 
Brilha agora em meu ser! 
Mais intensa e bela que a do Sol: 
Veio em mim Jesus viver! 
  Luz bendita, luz gloriosa 
Concedida lá dos altos Céus! 
Que alegria andarmos nessa luz 
Essa luz que vem de Deus! 
  Sempre canta alegre seu louvor 
Quem possui a luz dos Céus 
Tem o amor e a paz celestial 
Dom gracioso só de Deus 
  Luz bendita, luz gloriosa 
Concedida lá dos altos Céus! 
Que alegria andarmos nessa luz 
Essa luz que vem de Deus! 
  Vida nova, vida em retidão 
Têm os crentes em Jesus 
Quem de perto segue o Salvador 
Dele tem poder e luz 
  Luz bendita, luz gloriosa 
Concedida lá dos altos Céus! 
Que alegria andarmos nessa luz  
Essa luz que vem de Deus! 
  Esperança, vida e salvação 
Tu recebes do Senhor 
Aceitando Cristo, nossa luz 
Este dom do Deus de amor! 
  Luz bendita, luz gloriosa 
Concedida lá dos altos Céus! 
Que alegria andarmos nessa luz 
Essa luz que vem de Deus! 
 "
353,É Prazer Servir a Cristo,Adoração e Louvor | Missão e Serviço | Oração e Comunhão,1 Tessalonicenses 5:17; Mateus 7:7; Filipenses 4:6 | Mateus 28:19-20; Isaías 6:8; Marcos 16:15 | Salmos 150:1-6; Apocalipse 4:8; Salmos 95:1-2,https://www.youtube.com/watch?v=QTuACjQAEqQ,Mateus 13:44,A Doutrina da Vida Cristã,Conduta Cristã,Oswald J. Smith,Bentley D. Ackley,"É prazer servir a Cristo 
Mesmo em lutas sem igual 
Enche a vida de louvores 
E alegria divinal 
  Há prazer na vida por Jesus 
E afasta o coração do mal 
Cada instante é prazer 
Sob a mão do Seu poder 
No viver com Cristo 
Há prazer real 
  É prazer servir a Cristo 
Vai além de toda dor 
Pois maiores sofrimentos 
Suportou o Salvador 
  Há prazer na vida por Jesus 
E afasta o coração do mal 
Cada instante é prazer 
Sob a mão do Seu poder 
No viver com Cristo 
Há prazer real 
  É prazer servir a Cristo 
Alegria sem igual 
Pois expulsa as trevas d'alma 
Com a luz celestial 
  Há prazer na vida por Jesus 
E afasta o coração do mal 
Cada instante é prazer 
Sob a mão do Seu poder 
No viver com Cristo 
Há prazer real 
 "
354,Paz,"Adoração e Louvor | Graça e Salvação | Lar e Família | Paz, Cuidado e Confiança",Efésios 2:8-9; João 3:16; 1 João 1:9 | Josué 24:15; Efésios 6:1-4 | Salmos 150:1-6; Apocalipse 4:8; Salmos 95:1-2 | Salmos 23:1-4; João 14:27; Salmos 46:1,https://www.youtube.com/watch?v=pb4tGtxy9yE,João 16:33,A Doutrina da Vida Cristã,Conduta Cristã,Warren D. Cornell,William G. Cooper,"Que suave calma descansa em meu ser 
Melodias vibram no ar 
É bonança, plácida rica em poder 
Que só Cristo pode outorgar 
  Paz, paz, quão doce paz 
Que descende lá do Senhor! 
De Cristo sempre o conforto me traz 
A doce calma do amor 
  Segurança sinto nas bênçãos da paz 
E esta graça sempre hei de ter 
Os perigos, males temores desfaz 
E ilumina todo o viver 
  Paz, paz, quão doce paz 
Que descende lá do Senhor! 
De Cristo sempre o conforto me traz 
A doce calma do amor 
  Lá na glória quando eu puder habitar 
Sob as asas doces de um lar 
Para sempre ver o Autor desta paz 
Só em pensá-lo bênçãos me traz 
  Paz, paz, quão doce paz 
Que descende lá do Senhor! 
De Cristo sempre o conforto me traz 
A doce calma do amor 
 "
355,Sempre Alegre,"Adoração e Louvor | Graça e Salvação | Lar e Família | Missão e Serviço | Oração e Comunhão | Paz, Cuidado e Confiança",1 Tessalonicenses 5:17; Mateus 7:7; Filipenses 4:6 | Efésios 2:8-9; João 3:16; 1 João 1:9 | Josué 24:15; Efésios 6:1-4 | Mateus 28:19-20; Isaías 6:8; Marcos 16:15 | Salmos 150:1-6; Apocalipse 4:8; Salmos 95:1-2 | Salmos 23:1-4; João 14:27; Salmos 46:1,https://www.youtube.com/watch?v=rL9g1Vr1jWs,Filipenses 4:4,A Doutrina da Vida Cristã,Conduta Cristã,Fanny J. Crosby,Robert Lowry,"Seja o coração alegre 
Sempre a transbordar louvor 
Pois o nosso Pai celeste 
Mostra-nos o Seu amor 
  Sempre alegre sempre alegre 
É o viver do bom cristão 
Oh, que regozijo pleno 
Brota-lhe da salvação! 
  Temos proteção nas lutas 
Deus nos toma pela mão 
Sua tão preciosa graça 
Dá-nos forças na aflição 
  Sempre alegre sempre alegre 
É o viver do bom cristão 
Oh, que regozijo pleno 
Brota-lhe da salvação! 
  Sempre guiará os justos 
Com amor, em Sua luz 
Juntos serviremos todos 
Ao amado e bom Jesus 
  Sempre alegre sempre alegre 
É o viver do bom cristão 
Oh, que regozijo pleno 
Brota-lhe da salvação! 
 "
356,Tenho um Hino em Meu Coração,"Adoração e Louvor | Graça e Salvação | Oração e Comunhão | Paz, Cuidado e Confiança",1 Tessalonicenses 5:17; Mateus 7:7; Filipenses 4:6 | Efésios 2:8-9; João 3:16; 1 João 1:9 | Salmos 150:1-6; Apocalipse 4:8; Salmos 95:1-2 | Salmos 23:1-4; João 14:27; Salmos 46:1,https://www.youtube.com/watch?v=veBLWvLwvQ8,Salmo 40:1-3,A Doutrina da Vida Cristã,Conduta Cristã,Luther B. Bridgers,Luther B. Bridgers,"Tenho um hino em meu coração 
Que Jesus modula assim: 
""Ouve, Eu contigo estou na dor 
Ou no riso até o fim"" 
  A Jesus eu louvo 
Pois feliz estou 
Sigo então cantando 
Quando após Seus passos vou 
  Arruinada a minha vida foi 
Dissipada em tristes ais 
Mas Jesus as cordas consertou 
Produziu sons divinais 
  A Jesus eu louvo 
Pois feliz estou 
Sigo então cantando 
Quando após Seus passos vou 
  Sou feliz, oh graça sem igual! 
Tão contente sempre estou 
Pois Jesus me deu paz perenal 
Eis por que louvores dou 
  A Jesus eu louvo 
Pois feliz estou 
Sigo então cantando 
Quando após Seus passos vou 
 "
357,Bendita Hora de Oração,"Adoração e Louvor | Graça e Salvação | Igreja e Comunhão | Oração e Comunhão | Paz, Cuidado e Confiança",1 Tessalonicenses 5:17; Mateus 7:7; Filipenses 4:6 | Efésios 2:8-9; João 3:16; 1 João 1:9 | Salmos 133:1; Hebreus 10:25 | Salmos 150:1-6; Apocalipse 4:8; Salmos 95:1-2 | Salmos 23:1-4; João 14:27; Salmos 46:1,https://www.youtube.com/watch?v=Z6as5nyLYa8,Mateus 6:6,A Doutrina da Vida Cristã,Conduta Cristã,William W. Walford,William B. Bradbury,"Bendita hora de oração 
Pois traz-nos paz ao coração 
E vence o mal e toda a dor 
Trazendo auxílio do Senhor 
Em tempos maus, na provação 
Na dor maior, na tentação 
Irei buscar ao meu Senhor 
Com zelo, fé e mais fervor 
  Bendita hora de oração 
De doce calma e devoção! 
Elevo ao Céu o meu clamor 
Um cheiro suave a meu Senhor 
E finda a hora de aflição 
Os dias maus, a tentação 
Então darei melhor louvor 
A meu Jesus, o meu Senhor 
  Bendita hora de oração 
Pois liga-nos em comunhão 
E traz-nos paz e mais fervor 
Enchendo o mundo com amor 
Desejo a vida aqui findar 
Com fé, amor, constante orar 
E lá no Céu, junto ao Senhor 
Será eterno meu louvor 
 "
358,"Só, Com Teu Deus","Crianças e Jovens | Graça e Salvação | Igreja e Comunhão | Paz, Cuidado e Confiança | Sacrifício e Redenção",Efésios 2:8-9; João 3:16; 1 João 1:9 | Isaías 53:4-5; Romanos 5:8; Hebreus 9:22 | Mateus 19:14; Provérbios 22:6 | Salmos 133:1; Hebreus 10:25 | Salmos 23:1-4; João 14:27; Salmos 46:1,https://www.youtube.com/watch?v=PJlt94VhU_M,Gênesis 32:24-28,A Doutrina da Vida Cristã,Conduta Cristã,Freda H. Allen,Desconhecido,"Só, com Teu Deus sublime paz e bênção 
Sim, sempre a sós com Deus por onde for 
Só, com Teu Deus Seu rosto contemplando 
Só, sempre ouvindo Sua voz de amor 
  Só, com Teu Deus nas horas mais difíceis 
Paz Ele tem a dar aos filhos Seus 
Só, com Teu Deus serás o exemplo vivo 
Luz da verdade e do amor de Deus 
  Só, com Teu Deus supremo bem infindo 
Tal comunhão dará prazer sem par 
Só, com Teu Deus fiel até a morte 
Vais para sempre com Teu Deus andar 
 "
359,Lugar De Paz,"Graça e Salvação | Oração e Comunhão | Paz, Cuidado e Confiança",1 Tessalonicenses 5:17; Mateus 7:7; Filipenses 4:6 | Efésios 2:8-9; João 3:16; 1 João 1:9 | Salmos 23:1-4; João 14:27; Salmos 46:1,https://www.youtube.com/watch?v=-p9a4BxDUdE,Marcos 6:31,A Doutrina da Vida Cristã,Conduta Cristã,Ralph R. Carmichael,Ralph R. Carmichael,"Sei de um lugar de paz 
Longe de toda dor 
Aonde vou a luz buscar 
Entre a vegetação 
Prostrado em oração 
A Deus entrego meu pesar 
  Bem cedo, de manhã 
Ou ao cair do sol 
Eu deixo lá o meu temor 
E deste bom lugar 
Eu saio pra enfrentar a vida 
Com muito mais amor 
 "
360,"Deus Ouve, Deus Responde","Graça e Salvação | Oração e Comunhão | Paz, Cuidado e Confiança",1 Tessalonicenses 5:17; Mateus 7:7; Filipenses 4:6 | Efésios 2:8-9; João 3:16; 1 João 1:9 | Salmos 23:1-4; João 14:27; Salmos 46:1,https://www.youtube.com/watch?v=lUaHAM1HZdQ,Salmo 46:7,A Doutrina da Vida Cristã,Conduta Cristã,Valdecir Simões Lima,Silmar Correia,"Deus ouve, Deus responde 
É tão doce Sua voz 
Deus cuida, Deus atende 
Suas mãos tocam em nós 
Ele guia nossos passos 
Nos envolve em Seus braços 
Deus ouve, Deus responde 
Deus cuida de nós 
  Deus para pra ouvir a nossa oração 
As preces com fé 
Enternecem Seu coração 
Ele ouve os clamores 
E não nega Seus favores 
Deus nos ama e nos dá o que é melhor 
  Deus ouve, Deus responde 
É tão doce Sua voz 
Deus cuida, Deus atende 
Suas mãos tocam em nós 
Ele guia nossos passos 
Nos envolve em Seus braços 
Deus ouve, Deus responde 
Deus cuida de nós 
 "
361,Deus Nos Ouvirá,Adoração e Louvor | Graça e Salvação | Igreja e Comunhão | Lar e Família | Oração e Comunhão | Segunda Vinda e Esperança,1 Tessalonicenses 4:16-17; Apocalipse 1:7; João 14:1-3 | 1 Tessalonicenses 5:17; Mateus 7:7; Filipenses 4:6 | Efésios 2:8-9; João 3:16; 1 João 1:9 | Josué 24:15; Efésios 6:1-4 | Salmos 133:1; Hebreus 10:25 | Salmos 150:1-6; Apocalipse 4:8; Salmos 95:1-2,https://www.youtube.com/watch?v=DCRsK6diXAE,Tiago 5:16,A Doutrina da Vida Cristã,Conduta Cristã,Gérson Felipe Salcedo,Gérson Felipe Salcedo,"Na oração, erguemos nossa voz ao Céu 
E Deus Se inclina para nos ouvir 
São tantos os anseios que 
Queremos entregar 
Pois cremos em Seu grande amor 
  Problemas se resolvem pelo Seu poder 
Enfermos são curados pela fé 
Os lares destruídos são 
Erguidos outra vez 
A vida nova então se faz 
  Deus nos ouvirá nossa voz atenderá 
Se com fé nos achegarmos aos Seus pés 
Santo é o nosso Deus grande é o Seu poder 
Nosso coração humilde em contrição 
Derramamos em Suas mãos 
Cumpra-se em nós então o Seu querer 
  Aquilo que pedimos em favor de alguém 
Deus sempre sabe como atender 
Perante Sua face então 
Unidos como irmãos 
Clamamos com maior fervor 
  Deus nos ouvirá nossa voz atenderá 
Se com fé nos achegarmos aos Seus pés 
Santo é o nosso Deus grande é o Seu poder 
Nosso coração humilde em contrição 
Derramamos em Suas mãos 
Cumpra-se em nós então o Seu querer 
 "
362,O Melhor Lugar do Mundo,"Graça e Salvação | Oração e Comunhão | Paz, Cuidado e Confiança | Segunda Vinda e Esperança",1 Tessalonicenses 4:16-17; Apocalipse 1:7; João 14:1-3 | 1 Tessalonicenses 5:17; Mateus 7:7; Filipenses 4:6 | Efésios 2:8-9; João 3:16; 1 João 1:9 | Salmos 23:1-4; João 14:27; Salmos 46:1,https://www.youtube.com/watch?v=7M1qS8d9a8E,"Lucas 7:37, 38",A Doutrina da Vida Cristã,Conduta Cristã,Valdecir Simões Lima,Lineu Formighieri Soares,"No mundo ainda existem belezas 
Que alegram a vida e nos fazem sonhar 
Recantos felizes da natureza 
Onde qualquer ser humano 
Gostaria de estar 
Mas de todos os lugares 
O mais bonito e inspirador 
É onde fico em oração 
Junto aos pés do Salvador 
  O melhor lugar do mundo 
É aos pés do Salvador 
É ali onde a esperança 
Traz alívio ao sofredor 
É ali onde eu me encontro 
Com a fonte do amor 
O melhor lugar do mundo 
É aos pés do Salvador 
  Sonhamos com casas que tenham conforto 
Talvez numa encosta com vista pro mar 
Mas as maravilhas não fazem sentido 
Se Cristo não está 
No primeiro lugar 
Ao sentir a paz de Deus 
Seu poder e amor profundo 
Eu posso estar onde for 
Estou feliz por me encontrar 
No melhor lugar do mundo 
  O melhor lugar do mundo 
É aos pés do Salvador 
É ali onde a esperança 
Traz alívio ao sofredor 
É ali onde eu me encontro 
Com a fonte do amor 
O melhor lugar do mundo 
É aos pés do Salvador 
  O melhor lugar do mundo 
É aos pés do Salvador 
  É ali onde eu me encontro 
Com a fonte do amor 
O melhor lugar do mundo 
É aos pés do Salvador 
 "
363,O Jardim de Oração,"Adoração e Louvor | Graça e Salvação | Lar e Família | Oração e Comunhão | Paz, Cuidado e Confiança | Sábado e Criação",1 Tessalonicenses 5:17; Mateus 7:7; Filipenses 4:6 | Efésios 2:8-9; João 3:16; 1 João 1:9 | Josué 24:15; Efésios 6:1-4 | Salmos 150:1-6; Apocalipse 4:8; Salmos 95:1-2 | Salmos 23:1-4; João 14:27; Salmos 46:1 | Êxodo 20:8-11; Gênesis 2:2-3,https://www.youtube.com/watch?v=xp-d4CRRylI,Mateus 26:36,A Doutrina da Vida Cristã,Conduta Cristã,Eleanor A. Schroll,James H. Fillmore,"Meu Jesus num jardim 'stá esperando 
Num lugar de eternal perfeição 
Ele é luz e Sua glória cintila 
Neste lindo jardim de oração 
  Oh! que lindo jardim o jardim de oração 
Oh! que lindo jardim de oração 
Meu Jesus perto está e o portão abrirá 
Deste lindo jardim de oração 
  Meu Jesus num jardim 'stá esperando 
Onde eu vou suplicar-Lhe perdão 
Quero ouvi-lo falar de conforto 
Neste lindo jardim de oração 
  Oh! que lindo jardim o jardim de oração 
Oh! que lindo jardim de oração 
Meu Jesus perto está e o portão abrirá 
Deste lindo jardim de oração 
  Meu Jesus num jardim 'stá esperando 
E convida o que sofre aflição 
Para entrar e fruir Seu descanso 
Neste lindo jardim de oração 
  Oh! que lindo jardim o jardim de oração 
Oh! que lindo jardim de oração 
Meu Jesus perto está e o portão abrirá 
Deste lindo jardim de oração 
 "
364,Que Tempo Já faz?,"Graça e Salvação | Missão e Serviço | Oração e Comunhão | Paz, Cuidado e Confiança",1 Tessalonicenses 5:17; Mateus 7:7; Filipenses 4:6 | Efésios 2:8-9; João 3:16; 1 João 1:9 | Mateus 28:19-20; Isaías 6:8; Marcos 16:15 | Salmos 23:1-4; João 14:27; Salmos 46:1,https://www.youtube.com/watch?v=D7NLGP2-GLc,Mateus 26:40,A Doutrina da Vida Cristã,Conduta Cristã,Thomas M. Lister,Thomas M. Lister,"Que tempo já faz que falaste com Deus 
Contando os segredos da alma? 
Que tempo já faz que oraste ao Senhor 
E de joelhos ouviste-Lhe a voz? 
Que tempo já faz que não andas com Deus 
Deixando-O guiar tua vida? 
Teu Amigo quer ser 
Quer dar-te poder 
Tu precisas sentir Seu amor 
  Que tempo já faz que ajoelhaste a sós 
E oraste ao Teu Deus lá do Céu? 
Que tempo já faz que o Teu coração 
Se apega aos pecados teus? 
Que tempo já faz que não falas de Deus 
Pregando a mensagem do Mestre? 
Teu Amigo quer ser 
Quer dar-te poder 
Implantar Seu amor em Teu ser 
 "
365,Santa Hora de Oração,"Adoração e Louvor | Graça e Salvação | Lar e Família | Oração e Comunhão | Paz, Cuidado e Confiança | Segunda Vinda e Esperança",1 Tessalonicenses 4:16-17; Apocalipse 1:7; João 14:1-3 | 1 Tessalonicenses 5:17; Mateus 7:7; Filipenses 4:6 | Efésios 2:8-9; João 3:16; 1 João 1:9 | Josué 24:15; Efésios 6:1-4 | Salmos 150:1-6; Apocalipse 4:8; Salmos 95:1-2 | Salmos 23:1-4; João 14:27; Salmos 46:1,https://www.youtube.com/watch?v=p9DHQ5v2LgE,Mateus 14:23,A Doutrina da Vida Cristã,Conduta Cristã,Fanny J. Crosby,William H. Doane,"Santa hora de oração! 
Reina paz divinal 
Nos volvemos a Cristo o Amigo leal 
Hora santa em que a Jesus 
Nós podemos falar 
Que poder para a alma! 
Oh! quão doce é orar 
  Doce é orar, com fervor, orar 
Que poder para a alma! 
Oh! quão doce é orar 
  Santa hora de oração 
Quando a alma conduz 
Os pesares da vida aos pés de Jesus 
E prorrompe em Seu louvor 
como as ondas do mar 
Que poder para a alma! 
Oh! quão doce é orar 
  Doce é orar, com fervor, orar 
Que poder para a alma! 
Oh! quão doce é orar 
  Santa hora de oração 
Quando o vil tentador 
É vencido com forças que vem do Senhor 
E do Céu Deus faz descer 
Sua graça sem par 
Que poder para a alma! 
Oh! quão doce é orar 
  Doce é orar, com fervor, orar 
Que poder para a alma! 
Oh! quão doce é orar 
 "
366,No Jardim,Sacrifício e Redenção,Isaías 53:4-5; Romanos 5:8; Hebreus 9:22,https://www.youtube.com/watch?v=SnSVCN7Vuzk,"João 20:1, 11-18",A Doutrina da Vida Cristã,Conduta Cristã,Charles A. Miles,Charles A. Miles,"Eu fui ao jardim bem a sós 
Aos primeiros raios celestes 
Pude então ouvir doce e meiga voz 
A voz gentil do Mestre 
  Que alegria sempre essa voz ouvir 
""Eu te amo, ó pecador 
Mesmo a morte lá sobre a cruz sofri 
Para sempre te redimi."" 
  Ouvi Sua voz divinal 
Em acentos muito suaves 
Que falava a mim com ternura igual 
À voz gentil das aves 
  Que alegria sempre essa voz ouvir 
""Eu te amo, ó pecador 
Mesmo a morte lá sobre a cruz sofri 
Para sempre te redimi."" 
  Eu fico a escutar Sua voz 
Na intensa luta terrestre 
E, ao me vir tentar o inimigo atroz 
Quão bom ouvir o Mestre! 
  Que alegria sempre essa voz ouvir 
""Eu te amo, ó pecador 
Mesmo a morte lá sobre a cruz sofri 
Para sempre te redimi."" 
 "
367,Falar com Deus,"Adoração e Louvor | Graça e Salvação | Lar e Família | Oração e Comunhão | Paz, Cuidado e Confiança",1 Tessalonicenses 5:17; Mateus 7:7; Filipenses 4:6 | Efésios 2:8-9; João 3:16; 1 João 1:9 | Josué 24:15; Efésios 6:1-4 | Salmos 150:1-6; Apocalipse 4:8; Salmos 95:1-2 | Salmos 23:1-4; João 14:27; Salmos 46:1,https://www.youtube.com/watch?v=FkaoRqCR1Qc,"Filipenses 4:6, 7",A Doutrina da Vida Cristã,Conduta Cristã,Valdecir Simões Lima,Lineu Formighieri Soares,"Na oração, encontro calma 
Na oração, encontro paz 
Orar a Deus faz bem à alma 
Falar com Deus me satisfaz 
  Falar com Deus que privilégio 
Abrir a alma ao Criador 
Sentir que os Céus estão abertos 
E ouvir a voz do Salvador! 
  Grande é o nosso Deus 
E as obras que Ele faz 
O Seu amor não tem limites 
Em Seu perdão encontro paz 
  Falar com Deus é o que preciso 
Pois Ele é fonte de poder 
Só Nele a vida faz sentido 
Pois me dá forças pra viver 
  Grande é o nosso Deus 
E as obras que Ele faz 
O Seu amor não tem limites 
Em Seu perdão encontro paz 
  Grande é o nosso Deus 
E as obras que Ele faz 
O Seu amor não tem limites 
Em Seu perdão encontro paz 
 "
368,Ao Teu Lado Quero Andar,Graça e Salvação | Lar e Família,Efésios 2:8-9; João 3:16; 1 João 1:9 | Josué 24:15; Efésios 6:1-4,https://www.youtube.com/watch?v=fk-hDs89Z8I,Salmo 40:17,A Doutrina da Vida Cristã,Conduta Cristã,Desconhecido,Negro Spiritual,"Eu sou fraco, sem vigor 
Vivo sempre a vacilar 
Sê, Jesus meu protetor 
Só contigo, Senhor quero andar 
  Ao teu lado quero andar 
Livre de qualquer temor 
Quero em Ti sempre confiar 
E viver para Ti, ó Senhor 
  Neste mundo aterrador 
Quem se importa se eu cair? 
Quem está em meu favor? 
Só Jesus poderá me remir 
  Ao teu lado quero andar 
Livre de qualquer temor 
Quero em Ti sempre confiar 
E viver para Ti, ó Senhor 
  Junto a Ti, meu Salvador 
Para sempre eu quero estar 
Ó conduz-me com amor 
Às moradas do teu doce lar 
  Ao teu lado quero andar 
Livre de qualquer temor 
Quero em Ti sempre confiar 
E viver para Ti, ó Senhor 
 "
369,Seguindo a Jesus,"Lar e Família | Paz, Cuidado e Confiança",Josué 24:15; Efésios 6:1-4 | Salmos 23:1-4; João 14:27; Salmos 46:1,https://www.youtube.com/watch?v=9eU0EyNyVNk,Mateus 9:9,A Doutrina da Vida Cristã,Conduta Cristã,Desconhecido,Melodia Tradicional Indiana,"Estou seguindo a Jesus Cristo 
Deste caminho eu não desisto 
Estou seguindo a Jesus Cristo 
Atrás não volto, nunca mais 
  Se me deixarem os pais e amigos 
Se me cercarem muitos perigos 
Se me deixarem os pais e amigos 
Atrás não volto, nunca mais 
  Atrás o mundo Jesus à frente 
Jesus, o Guia onipotente 
Atrás o mundo Jesus à frente 
Atrás não volto, nunca mais 
  Depois da luta, vem a coroa 
A recompensa é certa e boa 
Depois da luta, vem a coroa 
Atrás não volto, nunca mais 
 "
370,Bem Junto a Cristo,"Graça e Salvação | Lar e Família | Oração e Comunhão | Paz, Cuidado e Confiança | Sacrifício e Redenção",1 Tessalonicenses 5:17; Mateus 7:7; Filipenses 4:6 | Efésios 2:8-9; João 3:16; 1 João 1:9 | Isaías 53:4-5; Romanos 5:8; Hebreus 9:22 | Josué 24:15; Efésios 6:1-4 | Salmos 23:1-4; João 14:27; Salmos 46:1,https://www.youtube.com/watch?v=WW-CwdrG7Zo,João 15:9,A Doutrina da Vida Cristã,Conduta Cristã,Lelia N. Morris,Lelia N. Morris,"Bem junto a Cristo eu quero estar 
Bem junto à cruz doce paz desfrutar 
Sim, ao teu peito eu busco a paz 
Pois teu amor divinal satisfaz 
Pois teu amor divinal satisfaz 
  Não trago nada mais ao Senhor 
Só este meu coração pecador 
Mas te suplico em contrição 
Oh Salvador dá-me paz e perdão 
Oh Salvador dá-me paz e perdão 
  Sim, quero a Cristo bem junto estar 
Té lá no além conseguir aportar 
Oh, lar eterno lar de esplendor 
Lá estarei junto ao meu Salvador 
Lá cantarei todo o Seu grande amor 
 "
371,Cada Vez Mais Puro,Adoração e Louvor | Graça e Salvação | Lar e Família | Oração e Comunhão,1 Tessalonicenses 5:17; Mateus 7:7; Filipenses 4:6 | Efésios 2:8-9; João 3:16; 1 João 1:9 | Josué 24:15; Efésios 6:1-4 | Salmos 150:1-6; Apocalipse 4:8; Salmos 95:1-2,https://www.youtube.com/watch?v=9eUp7OZe4NA,Salmo 51:10,A Doutrina da Vida Cristã,Conduta Cristã,Johann W. von Goethe,Desconhecido,"Cada vez mais puro 
Faz-me o coração 
Mais e mais buscando 
Tua direção 
Sendo confiante 
Sempre em Ti, Senhor 
Firme em Tua força 
Salvo em Teu amor 
  Cada vez mais calmo 
Ao cercar-me a dor 
Cheio de paciência 
Onde quer que for 
Dá-me mais bondade 
Mais resignação 
Aos divinos planos 
Sob a Tua mão 
  Cada vez mais santo 
Sempre mais leal 
Faz-me firme e forte 
Sempre contra o mal 
Quero herdar a vida 
De bondade e luz 
Em Teu lar eterno 
Ó meu bom Jesus 
 "
372,"Abre, Senhor, Os Olhos Meus","Adoração e Louvor | Graça e Salvação | Lar e Família | Missão e Serviço | Oração e Comunhão | Paz, Cuidado e Confiança",1 Tessalonicenses 5:17; Mateus 7:7; Filipenses 4:6 | Efésios 2:8-9; João 3:16; 1 João 1:9 | Josué 24:15; Efésios 6:1-4 | Mateus 28:19-20; Isaías 6:8; Marcos 16:15 | Salmos 150:1-6; Apocalipse 4:8; Salmos 95:1-2 | Salmos 23:1-4; João 14:27; Salmos 46:1,https://www.youtube.com/watch?v=20rnfeAocEo,Mateus 20:29-34,A Doutrina da Vida Cristã,Conduta Cristã,Clara H. Scott,Clara H. Scott,"Abre, Senhor, os olhos meus 
Ao resplendor da Tua luz 
Dá-me o poder de me libertar 
E de servir e amar Jesus 
Em contrição espero em Ti 
Mostra-me, pois, o Teu querer 
Abre, Senhor, os olhos meus 
Eu quero ver! 
  Abre, Senhor, o ouvido meu 
Para escutar a Tua voz 
Quero entender o Teu santo amor 
Quero ficar contigo a sós 
Em contrição espero em Ti 
Quero ser Teu e a paz fruir 
Abre, Senhor, o ouvido meu 
Eu quero ouvir! 
  Abre-me, ó Pai, o coração 
Quero sentir o Teu calor 
Abre-me então a boca também 
Para eu falar do Teu amor 
Em contrição espero em Ti 
Enche-me o ser com Teu amor 
Toma-me, enfim nos braços Teus 
Ó meu Senhor! 
 "
373,Deixa-me Contigo Andar,Graça e Salvação | Lar e Família | Oração e Comunhão | Sacrifício e Redenção,1 Tessalonicenses 5:17; Mateus 7:7; Filipenses 4:6 | Efésios 2:8-9; João 3:16; 1 João 1:9 | Isaías 53:4-5; Romanos 5:8; Hebreus 9:22 | Josué 24:15; Efésios 6:1-4,https://www.youtube.com/watch?v=2Os83OCiqo4,Gênesis 5:24,A Doutrina da Vida Cristã,Conduta Cristã,José Geraldo de Lima,José Geraldo de Lima,"Deixa-me, Senhor contigo andar 
No caminho ao lar de amor 
Só contigo quero caminhar 
Pois confio em Ti, Senhor 
  Meu Deus, meu Deus 
Eis-me ao Teu lado! 
Só contigo quero caminhar 
Pois confio em Ti, Senhor! 
  Tão sozinho andou meu coração 
Longe dos caminhos Teus! 
Hoje eu canto em minha oração: 
Quero andar contigo, ó Deus 
  Meu Deus, meu Deus 
Eis-me ao Teu lado! 
Só contigo quero caminhar 
Pois confio em Ti, Senhor! 
  Ah! se o mundo inteiro meditar 
No valor real da cruz! 
Logo arrependido vai estar 
Caminhando com Jesus 
  Meu Deus, meu Deus 
Eis-me ao Teu lado! 
Só contigo quero caminhar 
Pois confio em Ti, Senhor! 
 "
374,"Contigo, Ó Deus, Almejo Andar",Graça e Salvação | Lar e Família,Efésios 2:8-9; João 3:16; 1 João 1:9 | Josué 24:15; Efésios 6:1-4,https://www.youtube.com/watch?v=dtSsQXZeSqQ,Gênesis 5:24,A Doutrina da Vida Cristã,Conduta Cristã,Lillian D. Avery-Stuttle,Edwin Barnes,"Contigo, ó Deus almejo andar 
Tal como Enoque sempre andou 
Ó toma, pois a minha mão 
Pois sabes que tão fraco sou 
E, se o caminho escuro for 
Contigo quero andar, Senhor 
  Não posso andar sozinho, ó Deus 
A tempestade é rude e hostil 
Mil laços se armam aos meus pés 
À espreita estão perigos mil 
Para arrastar-me à perdição 
Só tenho em Ti a salvação 
  Podendo andar contigo, ó Deus 
O mundo aqui é sem valor 
Eu sigo, pois, a Tua luz 
E avanço firme sem temor 
E ainda lá no eterno lar 
Contigo, ó Deus almejo andar 
 "
375,Canção Da Vida,"Graça e Salvação | Lar e Família | Oração e Comunhão | Paz, Cuidado e Confiança",1 Tessalonicenses 5:17; Mateus 7:7; Filipenses 4:6 | Efésios 2:8-9; João 3:16; 1 João 1:9 | Josué 24:15; Efésios 6:1-4 | Salmos 23:1-4; João 14:27; Salmos 46:1,https://www.youtube.com/watch?v=EyOkqnp-boI,Salmo 89:1,A Doutrina da Vida Cristã,Conduta Cristã,"Edson Romero Marques, Urias Pires Chagas, Lineu Formighieri Soares",Lineu Formighieri Soares,"Pai querido, obrigado pelos planos 
Grandes sonhos especiais pra mim 
Tu me guias nos caminhos desta vida 
Ao Teu lado nada faltará 
  Eu Te amo mais que tudo 
Quando forte quando fraco 
Ao meu lado estás 
Agradeço Pai querido 
Por ligar a nossa vida 
Num só coração 
  Pai querido, obrigado pelos planos 
Grandes sonhos especiais pra mim 
Tu me guias nos caminhos desta vida 
Ao Teu lado nada faltará 
  Eu Te amo mais que tudo 
Quando fraco, Tua força 
Nunca falhará 
Por Tua graça, Pai, imploro 
Transformar a minha vida 
Em uma canção 
 "
376,"Cristo, Dá-nos Tua Paz","Adoração e Louvor | Graça e Salvação | Oração e Comunhão | Paz, Cuidado e Confiança",1 Tessalonicenses 5:17; Mateus 7:7; Filipenses 4:6 | Efésios 2:8-9; João 3:16; 1 João 1:9 | Salmos 150:1-6; Apocalipse 4:8; Salmos 95:1-2 | Salmos 23:1-4; Salmos 46:1,https://www.youtube.com/watch?v=iHocK6sFQG4,João 14:27,A Doutrina da Vida Cristã,Conduta Cristã,John R. Wimber,John R. Wimber,"Ó, deixa Cristo o grande Mestre 
Envolver-te com amor 
Abre o coração e escuta a Sua voz 
Muitos problemas que te trazem 
A tristeza e a dor 
Não terão lugar se Cristo em ti morar 
  Cristo, ó Cristo 
Dá-nos Tua paz! 
Cristo, ó Cristo 
Dá-nos Tua paz! 
  Ó, canta agora a melodia 
Que enternece o coração 
Com louvor suave e doce ao Senhor 
Sim, toda lágrima e tristeza 
Hão de desaparecer 
Hás de ter mais vida em Cristo, o Salvador 
  Cristo, ó Cristo 
Dá-nos Tua paz! 
Cristo, ó Cristo 
Dá-nos Tua paz! 
 "
377,Mais de Cristo,"Adoração e Louvor | Graça e Salvação | Lar e Família | Palavra de Deus e Lei | Paz, Cuidado e Confiança",Efésios 2:8-9; João 3:16; 1 João 1:9 | Josué 24:15; Efésios 6:1-4 | Salmos 119:105; 2 Timóteo 3:16; Salmos 19:7 | Salmos 150:1-6; Apocalipse 4:8; Salmos 95:1-2 | Salmos 23:1-4; João 14:27; Salmos 46:1,https://www.youtube.com/watch?v=-pYZX4k5weo,João 15:7-9,A Doutrina da Vida Cristã,Conduta Cristã,Eliza E. Hewitt,John R. Sweney,"Mais de Cristo quero ser 
Mais do Seu amor obter 
Mais de sua compaixão 
Mais de sua mansidão 
  Mais, mais de Cristo! 
Mais, mais de Cristo! 
Mais do Seu puro e santo amor 
Mais de meu Mestre meu Senhor 
  Mais de Cristo perto estar 
E com Ele sempre andar 
Quero Sua voz ouvir 
Sempre Sua lei cumprir 
  Mais, mais de Cristo! 
Mais, mais de Cristo! 
Mais do Seu puro e santo amor 
Mais de meu Mestre meu Senhor 
  Mais a Cristo quero olhar 
Vê-Lo em glória enfim reinar 
Reine sempre em mim também 
Desde agora até no além 
  Mais, mais de Cristo! 
Mais, mais de Cristo! 
Mais do Seu puro e santo amor 
Mais de meu Mestre meu Senhor 
  Mais de Cristo quero Ter 
Mais igual a Ele ser 
Dando ao triste sofredor 
Mais conforto e mais amor 
  Mais, mais de Cristo! 
Mais, mais de Cristo! 
Mais do Seu puro e santo amor 
Mais de meu Mestre meu Senhor 
 "
378,Mais Perto Quero Estar,"Graça e Salvação | Oração e Comunhão | Paz, Cuidado e Confiança | Sábado e Criação",1 Tessalonicenses 5:17; Mateus 7:7; Filipenses 4:6 | Efésios 2:8-9; João 3:16; 1 João 1:9 | Salmos 23:1-4; João 14:27; Salmos 46:1 | Êxodo 20:8-11; Gênesis 2:2-3,https://www.youtube.com/watch?v=8S4HBQ8vSKY,Salmo 145:18,A Doutrina da Vida Cristã,Conduta Cristã,Sarah F. Adams,Lowell Mason,"Mais perto quero estar 
Meu Deus, de Ti 
Inda que seja a dor 
Que me una a Ti 
  Eis meu constante orar: 
Mais perto quero estar 
Mais perto quero estar 
Meu Deus, de Ti 
  Andando triste aqui 
Na solidão 
Paz e descanso a mim 
Teus braços dão 
  Eis meu constante orar: 
Mais perto quero estar 
Mais perto quero estar 
Meu Deus, de Ti 
  Minh'alma cantará 
A Ti, Senhor 
Cheia de gratidão 
Por Teu amor 
  Eis meu constante orar: 
Mais perto quero estar 
Mais perto quero estar 
Meu Deus, de Ti 
 "
379,Fala à Minh'Alma,Adoração e Louvor | Crianças e Jovens | Graça e Salvação | Sacrifício e Redenção,Efésios 2:8-9; João 3:16; 1 João 1:9 | Isaías 53:4-5; Romanos 5:8; Hebreus 9:22 | Mateus 19:14; Provérbios 22:6 | Salmos 150:1-6; Apocalipse 4:8; Salmos 95:1-2,https://www.youtube.com/watch?v=_g7rOev2ybA,"1 Samuel 3:9, 10",A Doutrina da Vida Cristã,Conduta Cristã,Leander L. Pickett,Leander L. Pickett,"Fala à minha alma ó Cristo 
Fala-lhe com amor! 
Dize-lhe com ternura: 
""Eu sou teu Salvador!"" 
Faze-me bem-disposto 
Para Te obedecer 
Sempre louvar Teu nome 
E Te entregar meu ser 
  Faze-me ouvir bem manso 
Em suave murmurar 
Eu já verti Meu sangue 
Para te libertar 
Fala-me cada dia 
Fala com todo amor 
Dize-me com ternura: 
""Tu tens um Salvador!"" 
  Fala aos Teus filhos sempre 
Dá-lhes a direção 
Enche-os de alegria 
Mesmo na provação 
Faze-os bem consagrados 
Prontos a trabalhar 
Para do reino eterno 
A vinda abreviar 
  Faze-me ouvir bem manso 
Em suave murmurar 
Eu já verti Meu sangue 
Para te libertar 
Fala-me cada dia 
Fala com todo amor 
Dize-me com ternura: 
""Tu tens um Salvador!"" 
  Como na antiguidade 
Mostravas Teu querer 
Dize-me hoje e sempre 
Qual seja meu dever 
A Ti somente eu quero 
Louvores entoar 
Teu nome eternamente 
Engrandecer e honrar 
  Faze-me ouvir bem manso 
Em suave murmurar 
Eu já verti Meu sangue 
Para te libertar 
Fala-me cada dia 
Fala com todo amor 
Dize-me com ternura: 
""Tu tens um Salvador!"" 
 "
380,"Sonda-me, ó Deus",Adoração e Louvor | Graça e Salvação | Lar e Família | Missão e Serviço | Oração e Comunhão,1 Tessalonicenses 5:17; Mateus 7:7; Filipenses 4:6 | Efésios 2:8-9; João 3:16; 1 João 1:9 | Josué 24:15; Efésios 6:1-4 | Mateus 28:19-20; Isaías 6:8; Marcos 16:15 | Salmos 150:1-6; Apocalipse 4:8; Salmos 95:1-2,https://www.youtube.com/watch?v=hfvTjhIT-DQ,"Salmo 139:23, 24",A Doutrina da Vida Cristã,Conduta Cristã,James E. Orr,Melodia Tradicional Maori,"Sonda-me, ó Deus pois vês meu coração 
Prova-me, ó Pai Te peço em oração 
De todo o mal liberta-me, Senhor 
Da transgressão também que oculta for 
  Limpa-me o ser dos vis pecados meus 
Conforme prometeste meu bom Deus 
Faz-me inflamar e consumir de amor 
Pois quero Te glorificar, Senhor 
  Todo o meu ser que já não chamo meu 
Quero gastá-lo no serviço Teu 
Minhas paixões Tu podes dominar 
Ó santo Deus, vem sempre em mim estar 
 "
381,Teu Divinal Amor,Graça e Salvação | Lar e Família | Oração e Comunhão | Sacrifício e Redenção,1 Tessalonicenses 5:17; Mateus 7:7; Filipenses 4:6 | Efésios 2:8-9; João 3:16; 1 João 1:9 | Isaías 53:4-5; Romanos 5:8; Hebreus 9:22 | Josué 24:15; Efésios 6:1-4,https://www.youtube.com/watch?v=yEIIRYcw480,João 3:17,A Doutrina da Vida Cristã,Conduta Cristã,Sylvanus D. Phelps,Robert Lowry,"Teu divinal amor 
Quis me buscar 
Em gratidão, meu ser 
Vou Te ofertar 
Pai, ouve lá do Céu 
Pois quero andar na luz 
Meu fervoroso amor 
É de Jesus 
  Oh, dá-me mais amor 
Mais devoção 
Tão mau e fraco é 
Meu coração 
Pai, quero Te louvar 
Por Cristo lá na cruz 
E sempre irei viver 
Só por Jesus 
  Pai, o que tenho e sou 
Eu Te darei 
Pois deste mundo mau 
Não mais serei 
E quando ao Céu subir 
E a meu Senhor eu vir 
Lá viverei em luz 
Junto a Jesus 
 "
382,Minha Oração,"Adoração e Louvor | Crianças e Jovens | Graça e Salvação | Missão e Serviço | Oração e Comunhão | Paz, Cuidado e Confiança | Sacrifício e Redenção | Segunda Vinda e Esperança",1 Tessalonicenses 4:16-17; Apocalipse 1:7; João 14:1-3 | 1 Tessalonicenses 5:17; Mateus 7:7; Filipenses 4:6 | Efésios 2:8-9; João 3:16; 1 João 1:9 | Isaías 53:4-5; Romanos 5:8; Hebreus 9:22 | Mateus 19:14; Provérbios 22:6 | Mateus 28:19-20; Isaías 6:8; Marcos 16:15 | Salmos 150:1-6; Apocalipse 4:8; Salmos 95:1-2 | Salmos 23:1-4; João 14:27; Salmos 46:1,https://www.youtube.com/watch?v=zdqCReoBjNA,Filipenses 4:13,A Doutrina da Vida Cristã,Conduta Cristã,Philip P. Bliss,Philip P. Bliss,"Mais força me inspira 
Bem longe do mal 
Mais calma nas lutas 
Mais alto ideal 
Mais fé no meu mestre 
Mais dedicação 
Mais paz em servi-lo 
Mais consagração 
  Mais justo me faze 
Mais sábio, Senhor 
Mais firme na causa 
Com zelo e fervor 
Mais reto na vida 
Mais triste ao pecar 
Um filho submisso 
Mais pronto em amar 
  Mais puro me faze 
Mais santo em Jesus 
Mais de sua graça 
Mais perto da cruz 
Mais rica esperança 
Mais fé e poder 
Pra sempre servir-Te 
E Te obedecer 
 "
383,Em Mim Vem Habitar,"Graça e Salvação | Lar e Família | Missão e Serviço | Oração e Comunhão | Paz, Cuidado e Confiança | Sacrifício e Redenção",1 Tessalonicenses 5:17; Mateus 7:7; Filipenses 4:6 | Efésios 2:8-9; João 3:16; 1 João 1:9 | Isaías 53:4-5; Romanos 5:8; Hebreus 9:22 | Josué 24:15; Efésios 6:1-4 | Mateus 28:19-20; Isaías 6:8; Marcos 16:15 | Salmos 23:1-4; João 14:27; Salmos 46:1,https://www.youtube.com/watch?v=_Y7x4rwunTM,João 14:23,A Doutrina da Vida Cristã,Conduta Cristã,João Corrêa da Costa,William H. Doane,"Em mim vem habitar 
Ó vem Jesus 
E em mim fazer brilhar 
A tua luz 
Eis minha petição: 
Ter e sentir, Senhor 
Mais gratidão 
E mais amor 
  Os passos Teus seguir 
Eu quero sim 
Pra te servir e amar 
Até o fim 
Sempre vou desejar 
Com todo meu fervor 
Contigo andar 
Ó Salvador 
  Em meu interior 
Vem Tu brilhar 
Faz-me com mais ardor 
Da cruz falar? 
Reveste o coração 
De Teu excelso amor 
De retidão 
E de fervor 
  Oh! Que consolação 
A Cristo amar 
Pois que com tanto amor 
Me quis salvar 
Nada me alegra mais 
Não há prazer maior 
Que Tua paz 
Ó Salvador 
 "
384,O Teu Querer,"Paz, Cuidado e Confiança",Salmos 23:1-4; João 14:27; Salmos 46:1,https://www.youtube.com/watch?v=kcyghSL8dwc,João 2:5,A Doutrina da Vida Cristã,Conduta Cristã,W. H. Pike,W. H. Pike,"Imploro a Ti o Teu poder 
Senhor Jesus meu Salvador! 
Que eu cumpra aqui em meu viver 
O Teu querer e com fervor 
  Que eu cumpra só o Teu querer 
Disposto, assim a obedecer 
Que eu siga aonde me guiar 
O Teu querer o Teu mandar 
  Ao sobrevir tribulação 
Se aflito estou opresso em dor 
Refúgio vou buscar, então 
No Teu querer ó Salvador 
  Que eu cumpra só o Teu querer 
Disposto, assim a obedecer 
Que eu siga aonde me guiar 
O Teu querer o Teu mandar 
  E lá no Céu quando eu chegar 
E meu Jesus então eu vir 
Exclamarei sem hesitar 
""O Teu querer eu vou cumprir"" 
  Que eu cumpra só o Teu querer 
Disposto, assim a obedecer 
Que eu siga aonde me guiar 
O Teu querer o Teu mandar 
 "
385,Música Celeste,"Graça e Salvação | Oração e Comunhão | Paz, Cuidado e Confiança",1 Tessalonicenses 5:17; Mateus 7:7; Filipenses 4:6 | Efésios 2:8-9; João 3:16; 1 João 1:9 | Salmos 23:1-4; João 14:27; Salmos 46:1,https://www.youtube.com/watch?v=wScrNQt-IhU,"Lucas 2:13, 14",A Doutrina da Vida Cristã,Conduta Cristã,Hymns for God’s Peculiar People,Hymns and Tunes,"Que música celeste vem das ondas do mar! 
Comove minh'alma qual santa canção 
São as vozes de anjos soando no ar 
A mim estão cantando celeste saudação 
  Às margens do Jordão me detenho a orar 
E, com fervente prece estendo a mão 
Ó envia os Teus anjos amável Jesus! 
E deixa-me cantar sim, a santa canção 
  Em forte tormenta que infunde pavor 
Não tenho temor se Jesus me guiar 
Pois a santa melodia envolveu-me de amor 
Junto ao coro dos anjos desejo cantar 
 "
386,Abre Meus Olhos,"Oração e Comunhão | Paz, Cuidado e Confiança",1 Tessalonicenses 5:17; Mateus 7:7; Filipenses 4:6 | Salmos 23:1-4; João 14:27; Salmos 46:1,https://www.youtube.com/watch?v=Z4MGD-mnSHo,Marcos 10:51,A Doutrina da Vida Cristã,Conduta Cristã,Robert Cull,Robert Cull,"Abre meus olhos 
Eu quero ver Cristo 
Eu quero tocá-Lo 
Dizer que O amo 
Abre os ouvidos 
Eu quero ouvi-Lo 
Abre meus olhos 
Eu quero ver Cristo 
  Toma, ó Cristo 
O meu coração 
E guia meus passos 
Sim, por Teu caminho 
Eis minha vida 
Eu quero estar pronto 
Eu quero um dia 
Poder ver a Cristo 
 "
387,"Jesus, Não Eu",Espírito Santo | Lar e Família | Oração e Comunhão,1 Tessalonicenses 5:17; Mateus 7:7; Filipenses 4:6 | Josué 24:15; Efésios 6:1-4 | João 14:16-17; Atos 2:1-4,https://www.youtube.com/watch?v=MSXFfVqU2Rk,"Gálatas 2:19, 20",A Doutrina da Vida Cristã,Conduta Cristã,Desconhecido,Fannie E. Bolton,"Jesus, não eu em tudo seja honrado! 
Jesus, não eu desejo revelar 
Jesus, não eu em tudo quanto faça 
Jesus, não eu em todo o meu pensar 
  Tão só Jesus me dá alívio às cargas 
Tão só Jesus o pranto a me enxugar 
Tão só Jesus meu coração acalma 
Tão só Jesus o medo a dissipar 
  Jesus, não eu livrando-me das faltas 
Jesus, não eu a dar vigor sem fim 
Tão só Jesus, ao corpo espírito e alma 
Tão só Jesus por todo o sempre, enfim 
 "
388,Sê Minha Vida,Crianças e Jovens | Lar e Família | Oração e Comunhão,1 Tessalonicenses 5:17; Mateus 7:7; Filipenses 4:6 | Josué 24:15; Efésios 6:1-4 | Mateus 19:14; Provérbios 22:6,https://www.youtube.com/watch?v=-cigdfK-ktk,João 14:6,A Doutrina da Vida Cristã,Conduta Cristã,Desconhecido,Henry Francis Lyte,"Sê minha vida ó Deus de poder 
Que eu nunca perca a visão do Teu ser! 
Se é noite ou dia Tu és minha luz 
Tua presença meus passos conduz 
  Sê minha fonte de todo saber 
Pois a verdade eu desejo aprender 
Eu sou Teu filho ó Pai sem igual 
Em mim habita Senhor divinal 
  Ó Soberano do reino eternal 
Hei de chegar à vitória final 
Sê o primeiro no meu coração 
Sê minha vida sê minha visão 
 "
389,Minha Cruz,"Graça e Salvação | Lar e Família | Paz, Cuidado e Confiança | Sacrifício e Redenção",Efésios 2:8-9; João 3:16; 1 João 1:9 | Isaías 53:4-5; Romanos 5:8; Hebreus 9:22 | Josué 24:15; Efésios 6:1-4 | Salmos 23:1-4; João 14:27; Salmos 46:1,https://www.youtube.com/watch?v=3JfsZZoCK-I,Mateus 16:24,A Doutrina da Vida Cristã,Conduta Cristã,Ballington Booth,Ballington Booth,"A cruz que me deu Cristo o Mestre 
Pesa menos que o amor 
As dores que sempre me assolam 
Não me afastam do Senhor 
  A cruz que me deu para eu levar 
As dores que a mim vêm assolar 
Não escondem meu Jesus 
Pois eu ando em Sua luz 
Vou vencendo para os Céus 
  O mundo a meu Mestre despreza 
E persegue os de Jesus 
Porém, pelo amor pela graça 
Levarei a minha cruz 
  A cruz que me deu para eu levar 
As dores que a mim vêm assolar 
Não escondem meu Jesus 
Pois eu ando em Sua luz 
Vou vencendo para os Céus 
  Fazer a vontade de Cristo 
Sempre estou disposto, sim 
Contando eu a tão bela história 
Tenho graça e paz sem fim 
  A cruz que me deu para eu levar 
As dores que a mim vêm assolar 
Não escondem meu Jesus 
Pois eu ando em Sua luz 
Vou vencendo para os Céus 
 "
390,Pegadas,Vida Cristã e Devoção,Salmos 1:1-2; Provérbios 3:5-6,https://www.youtube.com/watch?v=6r_JxU0owC8,Salmo 17:5,A Doutrina da Vida Cristã,Conduta Cristã,Ênio Monteiro,Ênio Monteiro,"Sigo a perigosa estrada deste meu viver 
Onde cada passo em falso pode ser meu fim 
Mas eu sigo em frente pondo sempre os meus pés 
Sobre as pegadas que Jesus deixou pra mim 
Eu vou para onde este trilho me levar 
Quero no final dele encontrar o meu Jesus 
E, se alguém vier atrás de mim por onde vou 
Vai ver que Cristo e eu deixamos uma pegada só 
 "
391,Queremos Dar Louvor,"Adoração e Louvor | Espírito Santo | Lar e Família | Oração e Comunhão | Paz, Cuidado e Confiança | Sacrifício e Redenção",1 Tessalonicenses 5:17; Mateus 7:7; Filipenses 4:6 | Isaías 53:4-5; Romanos 5:8; Hebreus 9:22 | Josué 24:15; Efésios 6:1-4 | João 14:16-17; Atos 2:1-4 | Salmos 150:1-6; Apocalipse 4:8; Salmos 95:1-2 | Salmos 23:1-4; João 14:27; Salmos 46:1,https://www.youtube.com/watch?v=4CfXjMoe2fA,"Salmo 115:17, 18",A Doutrina da Vida Cristã,Conduta Cristã,Ariney Balthazar de Oliveira,Ariney Balthazar de Oliveira,"Vem nos inspirar 
Vem nos ensinar, Senhor 
Na luz do Teu Espírito 
Vem nos animar 
Vem nos transformar, Senhor 
Com Teu poder e glória 
  Senhor, queremos dar louvor 
Em gratidão a Ti 
Aceita nosso coração 
Vem transformar nosso ser 
  Vem nos ajudar 
Vem nos consolar, Senhor 
Que a tua paz esteja em nós 
Dá-nos Teu poder 
Pra te obedecer e crer 
Em Teu sacrifício 
  Senhor, queremos dar louvor 
Em gratidão a Ti 
Aceita nosso coração 
Vem transformar nosso ser 
 "
392,Ser Igual a Cristo,Graça e Salvação | Lar e Família | Missão e Serviço | Oração e Comunhão,1 Tessalonicenses 5:17; Mateus 7:7; Filipenses 4:6 | Efésios 2:8-9; João 3:16; 1 João 1:9 | Josué 24:15; Efésios 6:1-4 | Mateus 28:19-20; Isaías 6:8; Marcos 16:15,https://www.youtube.com/watch?v=WZ0HCgbQ01Y,Filipenses 2:5-9,A Doutrina da Vida Cristã,Conduta Cristã,"A. D. Ellington, Harold A. Miller",Harold A. Miller,"Pai, ensina-me a viver 
Diz-me como devo andar 
Como receber poder 
Para ser qual Cristo 
  Ser igual a Cristo! 
Ser igual a Cristo! 
Diz-me como devo andar 
Para ser qual Cristo 
  Diz qual seja meu dever 
Ao servir-te aqui, Senhor 
Como devo proceder 
Para ser qual Cristo 
  Ser igual a Cristo! 
Ser igual a Cristo! 
Diz-me como devo andar 
Para ser qual Cristo 
  Como devo eu falar 
Como demonstrar amor 
Como orar e trabalhar 
Para ser qual Cristo 
  Ser igual a Cristo! 
Ser igual a Cristo! 
Diz-me como devo andar 
Para ser qual Cristo 
 "
393,Vem Comigo Habitar,"Espírito Santo | Lar e Família | Paz, Cuidado e Confiança | Segunda Vinda e Esperança",1 Tessalonicenses 4:16-17; Apocalipse 1:7; João 14:1-3 | Josué 24:15; Efésios 6:1-4 | João 14:16-17; Atos 2:1-4 | Salmos 23:1-4; João 14:27; Salmos 46:1,https://www.youtube.com/watch?v=rzb8Y3fZ7Uw,"Lucas 24:28, 29",A Doutrina da Vida Cristã,Conduta Cristã,Henry F. Lyte,William H. Monk,"Comigo habita, ó Deus, a noite vem! 
As trevas descem eis, Senhor, convém 
Que me socorra a Tua proteção! 
Oh, vem fazer comigo habitação! 
  Vem revelar-Te a mim, Jesus, Senhor 
Divino Mestre Rei, Consolador! 
Meu Guia forte amparo em tentação! 
Oh, vem fazer comigo habitação! 
  Breve, Senhor terei meu fim mortal 
É tão fugaz a vida terreal! 
Tem tudo aqui mudança e corrupção! 
Oh, vem fazer comigo habitação! 
 "
394,De Hoje em Diante,"Oração e Comunhão | Paz, Cuidado e Confiança | Sacrifício e Redenção | Segunda Vinda e Esperança",1 Tessalonicenses 4:16-17; Apocalipse 1:7; João 14:1-3 | 1 Tessalonicenses 5:17; Mateus 7:7; Filipenses 4:6 | Isaías 53:4-5; Romanos 5:8; Hebreus 9:22 | Salmos 23:1-4; João 14:27; Salmos 46:1,https://www.youtube.com/watch?v=k6Am9NI-3q0,Mateus 16:24,A Doutrina da Vida Cristã,Conduta Cristã,Evaldo Vicente,Evaldo Vicente,"De hoje em diante escolho 
Viver com Jesus 
Como um barco que alcança o porto 
Eu encontrei Sua luz 
De hoje em diante escolho amar 
Pois eu tenho paz que só Jesus pode dar 
  De hoje em diante 
Senhor do universo 
És minha esperança 
Santifica os propósitos do meu coração 
Contigo ao meu lado 
Não tenho mais o que temer 
Pois Tu És a razão do meu viver 
  Acima de tudo escolho 
Viver por Jesus 
Em resposta ao grande preço 
Que já foi pago na cruz 
Eu sigo Teus passos pra não me perder 
Descobri que És minha razão de viver 
  De hoje em diante 
Senhor do universo 
És minha esperança 
Santifica os propósitos do meu coração 
Contigo ao meu lado 
Não tenho mais o que temer 
Pois Tu És a razão do meu viver 
Tu És a razão do meu viver 
 "
395,Vem Brilhar,"Graça e Salvação | Lar e Família | Paz, Cuidado e Confiança",Efésios 2:8-9; João 3:16; 1 João 1:9 | Josué 24:15; Efésios 6:1-4 | Salmos 23:1-4; João 14:27; Salmos 46:1,https://www.youtube.com/watch?v=8N1zAktFoA0,João 8:12,A Doutrina da Vida Cristã,Conduta Cristã,"Michael W. Smith, Deborah D. Smith","Michael W. Smith, Deborah D. Smith","Pai, vem fazer 
Com que a Tua luz 
Venha em mim brilhar 
Pai, vem fazer 
Com que a Tua luz 
Venha em mim brilhar 
  Só assim eu terei 
Salvação em Ti 
E a Tua luz 
Brilhando em mim 
Vai dizer que sou feliz 
  Pai, vem trazer 
Tua graça e paz 
Para o meu viver 
Pai, vem trazer 
Tua graça e paz 
Para o meu viver 
  Só assim eu terei 
Salvação em Ti 
E a Tua luz 
Brilhando em mim 
Vai dizer que sou feliz 
  Pai vem encher 
Do Teu grande amor 
Esse pobre ser 
Pai vem encher 
Do Teu grande amor 
Esse pobre ser 
  Só assim eu terei 
Salvação em Ti 
E a Tua luz 
Brilhando em mim 
Vai dizer que sou feliz 
Vai dizer que sou feliz 
 "
396,Vem Brilhar em Mim,Adoração e Louvor | Graça e Salvação | Oração e Comunhão,1 Tessalonicenses 5:17; Mateus 7:7; Filipenses 4:6 | Efésios 2:8-9; João 3:16; 1 João 1:9 | Salmos 150:1-6; Apocalipse 4:8; Salmos 95:1-2,https://www.youtube.com/watch?v=DNfjGf8qDWo,Mateus 5:14-16,A Doutrina da Vida Cristã,Conduta Cristã,"Valdecir Simões Lima, Silmar Correia",Silmar Correia,"Como o brilho do sol não se apaga 
Tua glória e amor nunca têm fim 
Como a lua está iluminada 
Eu Te peço, Senhor: 
Vem brilhar em mim! 
  Vem brilhar no meu coração 
Vem brilhar em mim com Teu esplendor 
És o Sol que trás calor 
Nasce em mim com Teu amor 
Vem, Jesus, brilhar em mim! 
  Como a linda manhã que se renova 
Tua presença em mim eu quero ter 
Com o meu coração peço-Te agora: 
Dá-me vida e luz pra alegrar meu viver 
  Vem brilhar no meu coração 
Vem brilhar em mim com Teu esplendor 
És o Sol que trás calor 
Nasce em mim com Teu amor 
Vem, Jesus, brilhar em mim! 
  Como o sol nunca se apaga 
O Teu perdão não tem fim 
O Teu poder é infinito 
Vem, Jesus, brilhar em mim! 
  Vem brilhar no meu coração 
Vem brilhar em mim com Teu esplendor 
És o Sol que trás calor 
Nasce em mim com Teu amor 
Vem, Jesus, brilhar em mim! 
Vem, Jesus, brilhar em mim! 
 "
397,Eu Só Quero Estar Onde Estás,Adoração e Louvor | Oração e Comunhão,1 Tessalonicenses 5:17; Mateus 7:7; Filipenses 4:6 | Salmos 150:1-6; Apocalipse 4:8; Salmos 95:1-2,https://www.youtube.com/watch?v=AFnJNK48Iv0,Êxodo 33:12-16,A Doutrina da Vida Cristã,Conduta Cristã,Don Moen,Don Moen,"Eu só quero estar onde estás 
E viver em Tua presença 
Ver a Tua face e Te adorar 
Junto a Ti eu quero estar 
  Eu só quero estar onde estás 
Onde tudo é para sempre 
Leva-me pra este lugar 
Pois eu quero ali morar 
  Eu quero estar contigo 
Vendo a Tua face 
E sentar à mesa envolvido por Tua glória 
Na presença do meu Senhor eu quero estar 
Sim, eu quero estar quero estar contigo, ó Deus 
  Eu só quero estar onde estás 
E viver em Tua presença 
Ver a Tua face e Te adorar 
Junto a Ti eu quero estar 
  Oh meu Deus, Tu és a força e canção 
E quando estou contigo se sou fraco Tu és forte 
  Eu só quero estar onde estás 
Onde tudo é para sempre 
Leva-me pra este lugar 
Sim, eu quero estar quero estar contigo, ó Deus 
 "
398,"Pai, Vive Em Mim","Adoração e Louvor | Graça e Salvação | Lar e Família | Oração e Comunhão | Paz, Cuidado e Confiança",1 Tessalonicenses 5:17; Mateus 7:7; Filipenses 4:6 | Efésios 2:8-9; João 3:16; 1 João 1:9 | Josué 24:15; Efésios 6:1-4 | Salmos 150:1-6; Apocalipse 4:8; Salmos 95:1-2 | Salmos 23:1-4; João 14:27; Salmos 46:1,https://www.youtube.com/watch?v=VHhO_p0Gzyo,Gálatas 2:20,A Doutrina da Vida Cristã,Conduta Cristã,Silmar Correia,Silmar Correia,"Pai, quero agora Te pedir 
Pra limpar meu coração com Tua graça 
Pai, faze dele um bom lugar 
Pra que possas habitar com Tua glória 
  Vem usar-me cada dia 
Para o Teu louvor 
Que Tua paz viva em mim 
Tens o trono do meu ser 
Minha vida, meu prazer 
Pai, vive em mim 
  Pai, vem encher meu coração 
Com a luz do teu amor infinito 
Sei que meus olhos vão mostrar 
A alegria de nós sermos amigos 
  Vem usar-me cada dia 
Para o Teu louvor 
Que Tua paz viva em mim 
Tens o trono do meu ser 
Minha vida, meu prazer 
Pai, vive em mim 
  Teu nome quero sempre adorar 
És meu Rei e eterno Senhor 
Feliz vou Te exaltar e ao mundo revelar 
Que Tu vives em mim 
  Vem usar-me cada dia 
Para o Teu louvor 
Que Tua paz viva em mim 
Tens o trono do meu ser 
Minha vida, meu prazer 
Pai, vive em mim 
  Pai, vive em mim 
 "
399,O Céu é Jesus,"Lar e Família | Oração e Comunhão | Paz, Cuidado e Confiança | Segunda Vinda e Esperança",1 Tessalonicenses 4:16-17; Apocalipse 1:7; João 14:1-3 | 1 Tessalonicenses 5:17; Mateus 7:7; Filipenses 4:6 | Josué 24:15; Efésios 6:1-4 | Salmos 23:1-4; João 14:27; Salmos 46:1,https://www.youtube.com/watch?v=9tzUlynVPgA,Efésios 1:3,A Doutrina da Vida Cristã,Conduta Cristã,Jader D. Santos,Jader D. Santos,"Eu já ouvi falar 
De uma terra sem igual 
E onde tudo é paz 
E não há lugar pro mal 
Almejo esse lar 
Tão puro e sem igual 
Mas eu não sei 
O dia em que virá pra mim 
  Enquanto estou aqui começo a pensar 
Que desse bom lugar já posso desfrutar 
E quando vejo mãos se unindo 
Multidões cantando um hino 
Vejo anjos celebrando 
É o Céu que está chegando 
  Eu posso aqui provar 
As delicias deste lar 
Se eu procurar viver 
Como o meu Jesus viveu 
Em meio à luta e dor 
Eu posso estar em paz 
Pois meu viver 
Já coloquei nas mãos do pai 
  Enquanto estou aqui começo a pensar 
Que desse bom lugar já posso desfrutar 
E quando vejo mãos se unindo 
Multidões cantando um hino 
Vejo anjos celebrando 
É o Céu que está chegando 
  O Céu é aqui se eu tomo tempo pra louvar 
O Céu é aqui se eu me ajoelho para orar 
O Céu é aqui se eu aprendi a perdoar 
O Céu é Jesus e onde Ele estiver 
O Céu será ali 
  Pois não existe Céu sem Jesus 
E não existe paz sem Jesus 
Sem ele a riqueza do universo é sem valor 
Pra que mar de cristal sem Jesus? 
E flores que não murcham sem Jesus? 
Pra que viver pra sempre 
Sem ter a companhia de Jesus? 
Eu volto a afirmar: 
O Céu é aqui se aqui Jesus está 
  O Céu é aqui se eu tomo tempo pra louvar 
O Céu é aqui se eu me ajoelho para orar 
O Céu é aqui se eu aprendi a perdoar 
O Céu é Jesus e onde Ele estiver 
O Céu será ali 
  O Céu é Jesus e onde Ele estiver 
O Céu será ali 
 "
400,Mais Semelhante A Jesus,Missão e Serviço | Oração e Comunhão,1 Tessalonicenses 5:17; Mateus 7:7; Filipenses 4:6 | Mateus 28:19-20; Isaías 6:8; Marcos 16:15,https://www.youtube.com/watch?v=Pl6dhdohExc,1 Coríntios 11:1,A Doutrina da Vida Cristã,Conduta Cristã,Williams Costa Jr.,Williams Costa Jr.,"Mais semelhante a Jesus 
É o que mais eu desejo na vida 
Mais semelhante a Jesus 
É a vontade sincera nascida em meu ser 
Mais semelhante a Jesus 
É o ponto de minha partida 
Para ter nessa vida alegria e poder 
Quero ser mais semelhante a Jesus 
  Mais semelhante a Jesus 
É a mensagem cantada e vivida 
Mais semelhante a Jesus 
É a vontade incontida de sempre louvar 
Mais semelhante a Jesus 
É o alvo de minha corrida 
Para ter nessa vida alegria e poder 
Quero ser mais semelhante a Jesus 
  Mais semelhante a Jesus 
É a minha comida e bebida 
Mais semelhante a Jesus 
É a vontade acolhida no meu coração 
Mais semelhante a Jesus 
É a certeza da luta vencida 
Para ter nessa vida alegria e poder 
Quero ser mais semelhante a Jesus 
 "
401,Quero Ter Jesus,"Graça e Salvação | Lar e Família | Paz, Cuidado e Confiança",Efésios 2:8-9; João 3:16; 1 João 1:9 | Josué 24:15; Efésios 6:1-4 | Salmos 23:1-4; João 14:27; Salmos 46:1,https://www.youtube.com/watch?v=Dg2XiFULn3Q,João 6:68,A Doutrina da Vida Cristã,Conduta Cristã,Valdecir Simões Lima,Lineu Formighieri Soares,"Quero ter Jesus na minha vida 
Para que meus atos sejam puros 
Quero ter o amor que vem de Cristo 
A guiar meus passos inseguros 
  Só Jesus mostrou com Sua vida 
Que Ele tem poder e amor pra dar 
Nosso ser depende da Sua graça 
Com Jesus vivemos para amar 
Nosso ser depende da Sua graça 
Com Jesus vivemos para amar 
  Quero ter Jesus na minha vida 
Como um Pai guiando os meus passos 
Quero a paz que vem da liberdade 
Que encontro apenas em Seus braços 
  Só Jesus mostrou com Sua vida 
Que Ele tem poder e amor pra dar 
Nosso ser depende da Sua graça 
Com Jesus vivemos para amar 
Nosso ser depende da Sua graça 
Com Jesus vivemos para amar 
 "
402,Perto de Jesus,Graça e Salvação,Efésios 2:8-9; João 3:16; 1 João 1:9,https://www.youtube.com/watch?v=dwzZKr4SKHY,Efésios 2:13,A Doutrina da Vida Cristã,Conduta Cristã,Kelly Carpenter,Kelly Carpenter,"Perto de Jesus 
Sempre quero estar 
Tudo o que eu preciso aqui 
Sempre encontro junto a Ti 
Quero aqui ficar 
Nunca me afastar 
E abrigado em Ti, Senhor 
Sinto o Teu amor por mim 
Tu és o meu Deus 
Quero só a Ti 
  Quero entregar 
O meu viver Senhor 
Sim quero estar 
Bem junto a Ti Jesus 
  Perto de Jesus 
Sempre quero estar 
Tudo o que eu preciso aqui 
Sempre encontro junto a Ti 
Quero aqui ficar 
Nunca me afastar 
E abrigado em Ti, Senhor 
Sinto o Teu amor por mim 
Tu és o meu Deus 
Quero só a Ti 
  Quero entregar 
O meu viver Senhor 
Sim quero estar 
Bem junto a Ti Jesus 
  Bem junto a Ti Jesus 
 "
403,Renova-me,Oração e Comunhão,1 Tessalonicenses 5:17; Mateus 7:7; Filipenses 4:6,https://www.youtube.com/watch?v=4ol-obmlzBU,Salmo 51:10,A Doutrina da Vida Cristã,Conduta Cristã,Marcos Witt,Marcos Witt,"Renova-me, Senhor Jesus! 
Já não quero ser igual 
Renova-me, Senhor Jesus! 
Põe em mim Teu coração 
Porque tudo o que há dentro de mim 
Necessita ser mudado Senhor 
Porque tudo o que há dentro do meu coração 
Necessita mais de Ti 
Necessita mais de Ti 
Necessita mais de Ti 
 "
404,Sempre de Jesus,Vida Cristã e Devoção,Salmos 1:1-2; Provérbios 3:5-6,https://www.youtube.com/watch?v=Av4LvfAjdXg,Mateus 18:20,A Doutrina da Vida Cristã,Conduta Cristã,Wanderson F. Paiva,Wanderson F. Paiva,"Eu quero ser sempre de Jesus 
Eu levarei ao mundo Sua luz 
Em todo o tempo e em qualquer lugar 
Com meu Jesus eu quero sempre estar 
  Eu quero ser fiel ao meu Jesus 
Eu mostrarei ao mundo minha luz 
Em todo o tempo e em qualquer lugar 
Com meu Jesus eu quero sempre estar 
  Sempre de Jesus 
Sempre com meu Jesus 
Em todo o tempo e em qualquer lugar 
Com meu Jesus eu quero sempre estar 
  Sempre de Jesus 
Sempre com meu Jesus 
Em todo o tempo e em qualquer lugar 
Com meu Jesus eu quero sempre estar 
 "
405,"Vem, Ó Senhor","Lar e Família | Oração e Comunhão | Paz, Cuidado e Confiança",1 Tessalonicenses 5:17; Mateus 7:7; Filipenses 4:6 | Josué 24:15; Efésios 6:1-4 | Salmos 23:1-4; João 14:27; Salmos 46:1,https://www.youtube.com/watch?v=SmRxjG7xW58,"Isaías 6:6, 7",A Doutrina da Vida Cristã,Conduta Cristã,Guilherme Schlichting,Guilherme Schlichting,"Vem, ó Senhor minha vida guiar 
Tua vontade em mim faz brotar 
Vem, ó Senhor, os meus lábios tocar 
Minhas fraquezas vem hoje curar 
  Tudo o que é puro tudo o que é bom 
Vem colocar, Pai em meu coração 
Tudo o que sou quero a Ti entregar 
E em Tua paz quero então descansar 
  Tudo o que é puro tudo o que é bom 
Vem colocar, Pai em meu coração 
Tudo o que sou quero a Ti entregar 
E em Tua paz quero então descansar 
 "
406,"Pés Na Terra, Olhos No Céu",Graça e Salvação | Lar e Família | Oração e Comunhão | Segunda Vinda e Esperança,1 Tessalonicenses 4:16-17; Apocalipse 1:7; João 14:1-3 | 1 Tessalonicenses 5:17; Mateus 7:7; Filipenses 4:6 | Efésios 2:8-9; João 3:16; 1 João 1:9 | Josué 24:15; Efésios 6:1-4,https://www.youtube.com/watch?v=fLiSJdTA5Vk,"Hebreus 12:1, 2",A Doutrina da Vida Cristã,Conduta Cristã,Jader D. Santos,Jader D. Santos,"Nós almejamos outro lar 
Um novo Éden pra morar 
Pois ficaremos por aqui 
Somente um pouco mais 
Esta promessa quero alcançar 
Custe o que custar 
E enquanto espero sigo confiando 
No poder que vai me salvar 
  Com os pés na Terra e os olhos no céu 
Eu vou, eu vou 
Com os pés na Terra e os olhos no céu 
Eu vou seguindo 
Até encontrar meu Jesus 
  Um novo dia surgirá 
Quando Jesus aqui voltar 
Todo o pranto findará 
Só alegria haverá 
Não mais tristeza não mais a dor 
Lá reinará o amor 
Finalmente verei e adorarei 
O meu Rei e meu Salvador 
  Com os pés na Terra e os olhos no céu 
Eu vou, eu vou 
Com os pés na Terra e os olhos no céu 
Eu vou seguindo 
Até encontrar meu Jesus 
 "
407,O Poder do Amor,Graça e Salvação | Sacrifício e Redenção,Efésios 2:8-9; João 3:16; 1 João 1:9 | Isaías 53:4-5; Romanos 5:8; Hebreus 9:22,https://www.youtube.com/watch?v=mekkPPhTwUc,"Romanos 8:38, 39",A Doutrina da Vida Cristã,Conduta Cristã,Geoff Bullock,Geoff Bullock,"Venho a Ti Jesus 
Quero renovar meu ser 
Sei que a graça vem 
Só de Ti, Senhor 
Eu descobri, oh Deus 
Que tudo que é mau em mim 
Vai se transformar 
Com o poder do amor 
  Meu Jesus 
Teu amor me envolve 
Quero estar 
Firme em Tuas mãos 
Eu vou buscar 
Com fé a Tua graça 
Vivendo em Ti, Jesus 
Aceito em Tua cruz 
Com o poder do amor 
  Abre os olhos meus 
Quero ver o Teu olhar 
Mostra o Teu amor 
Vem viver em mim 
Renova o meu pensar 
Ensina-me o Teu querer 
Cada dia mais 
Com o poder do amor 
  Meu Jesus 
Teu amor me envolve 
Quero estar 
Firme em Tuas mãos 
Eu vou buscar 
Com fé a Tua graça 
Vivendo em Ti, Jesus 
Aceito em Tua cruz 
Com o poder do amor 
  Vivendo em Ti, Jesus 
Aceito em Tua cruz 
Com o poder do amor 
 "
408,Abençoa Este Lar,"Crianças e Jovens | Graça e Salvação | Lar e Família | Oração e Comunhão | Paz, Cuidado e Confiança",1 Tessalonicenses 5:17; Mateus 7:7; Filipenses 4:6 | Efésios 2:8-9; João 3:16; 1 João 1:9 | Josué 24:15; Efésios 6:1-4 | Mateus 19:14; Provérbios 22:6 | Salmos 23:1-4; João 14:27; Salmos 46:1,https://www.youtube.com/watch?v=UiDXm0Y1CfI,Salmo 127,A Doutrina da Vida Cristã,O Casamento e a Família,Helen Taylor,May H. Brahe,"Abençoa, bom Senhor 
De Teus filhos este lar 
Vem eterna proteção 
E Tua santa paz nos dar 
Mesmo quando em prova e dor 
Reine aqui somente amor 
Haja sempre neste lar 
Harmonia e bem-estar 
  E na senda do viver 
Guia-nos com Tua mão 
Une nosso coração 
Pelos laços da afeição 
Livra-nos de todo o mal 
Deste mundo tão banal 
E prepara-nos, ó Deus 
Para o eterno lar dos Céus 
  Nossos filhos, ó Senhor 
Tenham Tua proteção 
Dá-lhes forças e poder 
Pra vencer a tentação 
E que juntos, em amor 
Recebamos Teu favor 
E que neste nosso lar 
Possas Tu também morar 
 "
409,Amor no Lar,"Graça e Salvação | Lar e Família | Palavra de Deus e Lei | Paz, Cuidado e Confiança",Efésios 2:8-9; João 3:16; 1 João 1:9 | Josué 24:15; Efésios 6:1-4 | Salmos 119:105; 2 Timóteo 3:16; Salmos 19:7 | Salmos 23:1-4; João 14:27; Salmos 46:1,https://www.youtube.com/watch?v=qUFlef2oVRM,Efésios 5:25,A Doutrina da Vida Cristã,O Casamento e a Família,James H. McNaughton,James H. McNaughton,"Tudo é belo ao meu redor 
Com amor no lar 
Há beleza em cada flor 
Com amor no lar 
Esse amor promove paz 
Toda mágoa e dor desfaz 
Luz, saúde e vida traz 
Sempre o amor no lar 
  Com amor com amor 
Não há dor não há pesar 
Com amor no lar 
  Nossa vida tem prazer 
Com amor no lar 
Ódio e mal não pode haver 
Com amor no lar 
Cada rosa em seu matiz 
Vozes de aves tão gentis 
Tudo fica mais feliz 
Com amor no lar 
  Com amor com amor 
Não há dor não há pesar 
Com amor no lar 
  Meu Jesus, que eu seja Teu 
Dá-me amor no lar 
Quero renunciar ao eu 
Quero mais amar 
Vida mais feliz terei 
Hei de estar aos pés do Rei 
Sempre andando em Sua lei 
Com amor no lar 
  Com amor com amor 
Não há dor não há pesar 
Com amor no lar 
 "
410,Vem Entre Nós Morar,Graça e Salvação | Lar e Família | Oração e Comunhão,1 Tessalonicenses 5:17; Mateus 7:7; Filipenses 4:6 | Efésios 2:8-9; João 3:16; 1 João 1:9 | Josué 24:15; Efésios 6:1-4,https://www.youtube.com/watch?v=rR3jNanhKwk,Apocalipse 3:20,A Doutrina da Vida Cristã,O Casamento e a Família,Dario Pires de Araújo,Katholisches Gesangbuch,"Vem, ó Jesus, entre nós morar 
Seja também Teu o nosso lar 
Sê com mamãe e com papai 
Vem-nos, Senhor, abençoar 
  Com afeição e perfeito amor 
Longe do mal de qualquer temor 
Nosso viver, em tudo aqui 
Honre tão só o Salvador 
  Quando a manhã eternal raiar 
E a redenção se concretizar 
Nós Te rogamos, ó Senhor 
Salva também o nosso lar 
 "
411,Bem de Manhã,Adoração e Louvor | Graça e Salvação | Lar e Família | Oração e Comunhão | Sábado e Criação,1 Tessalonicenses 5:17; Mateus 7:7; Filipenses 4:6 | Efésios 2:8-9; João 3:16; 1 João 1:9 | Josué 24:15; Efésios 6:1-4 | Salmos 150:1-6; Apocalipse 4:8; Salmos 95:1-2 | Êxodo 20:8-11; Gênesis 2:2-3,https://www.youtube.com/watch?v=rioiyg_5IMs,Salmo 59:16,A Doutrina da Vida Cristã,O Casamento e a Família,Harriet E. B. Stowe,Felix Mendelssohn-Bartholdy,"Bem de manhã sereno surge o dia 
Já aves mil entoam seu louvor 
Luz vem encher o mundo de alegria 
Bem de manhã contigo estou, Senhor 
  Bem de manhã alegre, a natureza 
Dá seu louvor ao Deus da criação 
Só, com fervor eu busco mais pureza 
Eu venho a Ti ó Deus, em oração 
  Pai, quando enfim a luz fugir do mundo 
E quando o céu já bem escuro for 
Vem conceder em Teu amor profundo 
Luz, proteção descanso em Ti, Senhor 
 "
412,Bem Cedinho Sempre Busco,"Paz, Cuidado e Confiança | Sacrifício e Redenção",Isaías 53:4-5; Romanos 5:8; Hebreus 9:22 | Salmos 23:1-4; João 14:27; Salmos 46:1,https://www.youtube.com/watch?v=GU587FZB_gk,Salmo 5:3,A Doutrina da Vida Cristã,O Casamento e a Família,Lucinda M. B. Bateman,Frederick A. Fillmore,"Bem cedinho sempre busco 
De Jesus a direção 
Pra seguir sempre Seus passos 
No conforto ou na aflição 
  Ele me ama, Ele me ama 
Cristo me ama, bem o sei 
Tenho a prova no Calvário 
Para sempre O amarei 
  Eu, embora pequenino 
Obedeço ao Seu mandar 
Sigo a estrada que Ele mostra 
Sem temer nem hesitar 
  Ele me ama, Ele me ama 
Cristo me ama, bem o sei 
Tenho a prova no Calvário 
Para sempre O amarei 
  Ele é forte, me protege 
E me guarda de pecar 
Se tentado, corro a Ele 
Que me livra sem tardar 
  Ele me ama, Ele me ama 
Cristo me ama, bem o sei 
Tenho a prova no Calvário 
Para sempre O amarei 
 "
413,Vigiar e Orar,"Graça e Salvação | Igreja e Comunhão | Lar e Família | Oração e Comunhão | Paz, Cuidado e Confiança",1 Tessalonicenses 5:17; Mateus 7:7; Filipenses 4:6 | Efésios 2:8-9; João 3:16; 1 João 1:9 | Josué 24:15; Efésios 6:1-4 | Salmos 133:1; Hebreus 10:25 | Salmos 23:1-4; João 14:27; Salmos 46:1,https://www.youtube.com/watch?v=7ApmhZKVsXM,"Salmo 55:16, 17",A Doutrina da Vida Cristã,O Casamento e a Família,Psaumes et Cantiques,Sophia Zuberbuhler,"Bem de manhã embora o céu sereno 
Pareça um dia calmo anunciar 
Vigia e ora o coração pequeno 
Um temporal pode abrigar 
  Bem de manhã e sem cessar 
Vigiar sim, e orar 
  Ao meio-dia quando os sons da Terra 
Abafam mais de Deus a voz de amor 
Recorre à oração evita a guerra 
E busca paz com o Senhor 
  Bem de manhã e sem cessar 
Vigiar sim, e orar 
  Ao fim do dia após os teus lidares 
Relembra as bênçãos do Teu Pai de amor 
E cada instante deixa teus pesares 
Nas ternas mãos do Salvador 
  Bem de manhã e sem cessar 
Vigiar sim, e orar 
  E sem cessar vigia a cada instante 
Que o inimigo quer te derrotar 
Só com Jesus, em comunhão constante 
Vitória, enfim vais alcançar 
  Bem de manhã e sem cessar 
Vigiar sim, e orar 
 "
414,Desponta o Sol,Adoração e Louvor | Graça e Salvação | Lar e Família | Segunda Vinda e Esperança,1 Tessalonicenses 4:16-17; Apocalipse 1:7; João 14:1-3 | Efésios 2:8-9; João 3:16; 1 João 1:9 | Josué 24:15; Efésios 6:1-4 | Salmos 150:1-6; Apocalipse 4:8; Salmos 95:1-2,https://www.youtube.com/watch?v=L-F7Sp7UcOk,Salmo 5:1-3,A Doutrina da Vida Cristã,O Casamento e a Família,Isaac Watts,Aaron Williams,"Desponta o sol e eu venho a Ti 
Senhor dos altos Céus 
Tu me ouvirás a voz aqui 
A voz dos rogos meus 
  Bem cedo, desde o sol surgir 
Protege-me onde for 
E vem, ó Pai, me conduzir 
Até o sol se pôr 
  E quando enfim voltar Jesus 
Com glória e resplendor 
Que eu possa, então brilhando em luz 
Subir ao lar de amor 
 "
415,Luzes da Aurora,Crianças e Jovens | Lar e Família | Oração e Comunhão,1 Tessalonicenses 5:17; Mateus 7:7; Filipenses 4:6 | Josué 24:15; Efésios 6:1-4 | Mateus 19:14; Provérbios 22:6,https://www.youtube.com/watch?v=HkgZhA4sbic,Provérbios 4:18,A Doutrina da Vida Cristã,O Casamento e a Família,Émile Bonnard,Ira D. Sankey,"Luzes da aurora faze brilhar 
Ó Pai, agora ao despertar 
Sim, bem cedinho faze luzir 
Hoje, o caminho meu a seguir 
  Cresça Teu brilho luz divinal 
Sobre meu trilho longe do mal 
Eu me humilho ante Teus pés 
Pois sou Teu filho meu Deus Tu és 
  Dia após dia dá-me, Senhor 
Mais alegria e mais fervor 
Felicidade na retidão 
E santidade de coração 
 "
416,Surge a Alvorada,Adoração e Louvor | Graça e Salvação,Efésios 2:8-9; João 3:16; 1 João 1:9 | Salmos 150:1-6; Apocalipse 4:8; Salmos 95:1-2,https://www.youtube.com/watch?v=BRdz-QVlbKI,Salmo 57:8-11,A Doutrina da Vida Cristã,O Casamento e a Família,Eleanor Farjeon,Melodia Tradicional Escocesa,"Calma e serena surge a alvorada 
Pássaros cantam seu louvor 
Frutos e flores em sua beleza 
Tudo exalta o Deus Criador 
  O Sol nascente em raios brilhantes 
Gotas de orvalho sobre o jardim 
Tudo revela em cada instante 
Que o Deus bondoso cuida de mim 
  A luz da aurora o ar matutino 
Como no Éden, falam pra mim 
Que Deus nos ama e sempre revela 
O seu amor que nunca tem fim 
 "
417,Perto do Lar,Graça e Salvação | Lar e Família | Missão e Serviço,Efésios 2:8-9; João 3:16; 1 João 1:9 | Josué 24:15; Efésios 6:1-4 | Mateus 28:19-20; Isaías 6:8; Marcos 16:15,https://www.youtube.com/watch?v=RGeooJu7TUw,Romanos 13:11,A Doutrina da Vida Cristã,O Casamento e a Família,Desconhecido,James McGranahan,"Desce o Sol atrás dos montes 
E a tarde já chegou 
Calma e quieta vem a noite 
Mais um dia terminou 
Já se foi com sua luta 
Logo a escura noite vem 
Mas é doce a lembrança: 
Perto está o lar de além 
  Perto do lar perto do lar 
Perto, sim, do lar dos Céus! 
Desse tão lindo lar Com fontes de cristal 
Do país do eterno Deus 
  Tão cansado o peregrino 
Quer do dia ao fim chegar 
Do trabalho tão penoso 
Outra vez vai descansar 
Segue assim a nossa vida 
Neste longo caminhar 
Mas as sombras nos relembram: 
Perto está o eterno lar 
  Perto do lar perto do lar 
Perto, sim, do lar dos Céus! 
Desse tão lindo lar Com fontes de cristal 
Do país do eterno Deus 
  Mais um dia na viagem 
Para a casa paternal 
Já mais perto está o rio 
Do país celestial 
A cidade já refulge 
Vislumbramos seu fulgor 
Cada vez mais perto estamos 
Do glorioso lar de amor 
  Perto do lar perto do lar 
Perto, sim, do lar dos Céus! 
Desse tão lindo lar Com fontes de cristal 
Do país do eterno Deus 
 "
418,Finda o Dia,"Adoração e Louvor | Graça e Salvação | Oração e Comunhão | Paz, Cuidado e Confiança",1 Tessalonicenses 5:17; Mateus 7:7; Filipenses 4:6 | Efésios 2:8-9; João 3:16; 1 João 1:9 | Salmos 150:1-6; Apocalipse 4:8; Salmos 95:1-2 | Salmos 23:1-4; João 14:27; Salmos 46:1,https://www.youtube.com/watch?v=iB5SSn4k-WM,"Lucas 24:28, 29",A Doutrina da Vida Cristã,O Casamento e a Família,Mary A. Lathbury,William F. Sherwin,"Finda o dia, põe-se o sol 
Desce à terra na amplidão 
Suave calma, doce paz 
Vem, medita em oração 
Em oração 
  Santo, santo, santo És, nosso Deus! 
Toda a Terra e altos Céus 
Rendem graças e louvor 
A Ti, Senhor 
  Quando as sombras sobrevêm 
Cobre-nos com Tua mão 
Tu, que lá no Céu estás 
Vem ao nosso coração 
Ao coração 
  Santo, santo, santo És, nosso Deus! 
Toda a Terra e altos Céus 
Rendem graças e louvor 
A Ti, Senhor 
  Quando a noite a nós vier 
E chegar a escuridão 
Que em Tua graça, ó Deus 
Haja, enfim ressurreição 
Ressurreição 
  Santo, santo, santo És, nosso Deus! 
Toda a Terra e altos Céus 
Rendem graças e louvor 
A Ti, Senhor 
 "
419,Prece Vespertina,Graça e Salvação | Lar e Família | Oração e Comunhão | Palavra de Deus e Lei,1 Tessalonicenses 5:17; Mateus 7:7; Filipenses 4:6 | Efésios 2:8-9; João 3:16; 1 João 1:9 | Josué 24:15; Efésios 6:1-4 | Salmos 119:105; 2 Timóteo 3:16; Salmos 19:7,https://www.youtube.com/watch?v=dHXwemIP94U,"Salmo 139:23, 24",A Doutrina da Vida Cristã,O Casamento e a Família,C. Maude Battersby,C. Maude Battersby,"Se acaso eu hoje fui espinho a alguém 
Ou se deixei de praticar o bem 
Se ao mau caminho eu atentei também 
Perdão, Senhor! 
  Se o meu falar foi pretensioso e vão 
Ou se ao faminto recusei o pão 
Temendo que ele me faltasse, então 
Perdão, Senhor! 
  Perdoa as faltas contra a Tua lei 
As que conheço e as de que não sei 
Por Tua graça eu fiel serei 
Senhor. Amém! 
 "
420,Hora Feliz do Pôr-do-Sol,"Adoração e Louvor | Graça e Salvação | Igreja e Comunhão | Oração e Comunhão | Paz, Cuidado e Confiança",1 Tessalonicenses 5:17; Mateus 7:7; Filipenses 4:6 | Efésios 2:8-9; João 3:16; 1 João 1:9 | Salmos 133:1; Hebreus 10:25 | Salmos 150:1-6; Apocalipse 4:8; Salmos 95:1-2 | Salmos 23:1-4; João 14:27; Salmos 46:1,https://www.youtube.com/watch?v=Ty7iOct_PI8,Salmo 4:8,A Doutrina da Vida Cristã,O Casamento e a Família,James Edmeston,Timothy R. Matthews,"Hora feliz do pôr-do-sol 
Hora de paz e comunhão 
Hora de luz celestial 
Hora de fé e de oração 
  Bênçãos de paz de amor e luz 
Para os fiéis vem dar Senhor 
Vimos a Ti com gratidão 
Para cantar em Teu louvor 
  Oh! Como é bom aqui sentir 
Teu divinal e eterno amor 
Dá-nos, ó Deus o Teu perdão 
Graça e poder ó bom Senhor 
 "
421,Oração Para Uma Criança,"Crianças e Jovens | Graça e Salvação | Lar e Família | Oração e Comunhão | Paz, Cuidado e Confiança",1 Tessalonicenses 5:17; Mateus 7:7; Filipenses 4:6 | Efésios 2:8-9; João 3:16; 1 João 1:9 | Josué 24:15; Efésios 6:1-4 | Mateus 19:14; Provérbios 22:6 | Salmos 23:1-4; João 14:27; Salmos 46:1,https://www.youtube.com/watch?v=5EQpR-6uEcU,Lucas 2:22,A Doutrina da Vida Cristã,O Casamento e a Família,Valdecir Simões Lima,Flavio Almeida Santos,"Vê, Senhor, este menino 
Meigo e frágil como a flor 
Necessita de carinho 
Necessita de amor 
Seus olhinhos são tão puros 
Seu sorriso é como a luz 
Eles mostram a beleza 
Que emana de Jesus 
  Vem guiar os seus passinhos 
E ensiná-lo a caminhar 
No seguro e bom caminho 
E em Tua força confiar 
Vem livrá-lo das maldades 
Que este mundo pode impor 
Pai querido, cuida dele 
Dá a ele o Teu amor 
 "
422,Presente de Valor,Adoração e Louvor | Crianças e Jovens | Graça e Salvação | Lar e Família,Efésios 2:8-9; João 3:16; 1 João 1:9 | Josué 24:15; Efésios 6:1-4 | Mateus 19:14; Provérbios 22:6 | Salmos 150:1-6; Apocalipse 4:8; Salmos 95:1-2,https://www.youtube.com/watch?v=W54JbWI39UQ,Salmo 127:3,A Doutrina da Vida Cristã,O Casamento e a Família,Valdecir Simões Lima,"Valdecir Simões Lima, Lineu Formighieri Soares","Dá pra ver a mão de Deus 
Na beleza de uma flor 
Na poesia do nascer 
Nos mistérios do amor 
Deus é grande e poderoso 
Trouxe ao mundo um ser precioso 
Tão pequeno e tão gracioso 
Um presente de valor 
  Senhor, dá força aos pais deste menino 
Pra conduzi-lo em Teus caminhos 
Pra que ele viva em Teu louvor 
Senhor, segura a mão desta criança 
Pois ela é Tua herança 
É a obra-prima do amor 
  Senhor, dá força aos pais deste menino 
Pra conduzi-lo em Teus caminhos 
Pra que ele viva em Teu louvor 
Senhor, segura a mão desta criança 
Pois ela é Tua herança 
É a obra-prima do amor 
 "
423,Não os Impeçais,Crianças e Jovens | Graça e Salvação | Lar e Família | Palavra de Deus e Lei,Efésios 2:8-9; João 3:16; 1 João 1:9 | Josué 24:15; Efésios 6:1-4 | Mateus 19:14; Provérbios 22:6 | Salmos 119:105; 2 Timóteo 3:16; Salmos 19:7,https://www.youtube.com/watch?v=kyG5DTHJRn4,Lucas 18:16,A Doutrina da Vida Cristã,O Casamento e a Família,Jader D. Santos,Jader D. Santos,"Uma criança é como a flor 
Que precisa de calor 
E precisa receber amor 
Atenção especial 
Pois é gente em potencial 
Singeleza igual ninguém mais tem 
Por isso, Cristo ensinou 
E Seu exemplo deixou 
Recebendo os pequenos co'amor 
  Não os impeçais de vir 
Nem os estorveis aqui 
Pois deles é o reino que já preparei 
Pois deles é o reino que já preparei 
Não os impeçais de vir 
Nem os estorveis aqui 
Pois deles é o reino que já preparei 
Pois deles é o reino de Meu Pai 
  Quem quiser estar no Céu 
Onde manam leite e mel 
Como criança deve então viver 
Ser tão simples no falar 
E tão pronto em perdoar 
Nas pessoas sempre acreditar 
Por isso, Cristo ensinou 
E Seu exemplo deixou 
Recebendo os pequenos co'amor 
  Não os impeçais de vir 
Nem os estorveis aqui 
Pois deles é o reino que já preparei 
Pois deles é o reino que já preparei 
Não os impeçais de vir 
Nem os estorveis aqui 
Pois deles é o reino que já preparei 
Pois deles é o reino de Meu Pai 
 "
424,Canção Para Meu Bebê,Crianças e Jovens | Graça e Salvação | Missão e Serviço | Oração e Comunhão | Palavra de Deus e Lei,1 Tessalonicenses 5:17; Mateus 7:7; Filipenses 4:6 | Efésios 2:8-9; João 3:16; 1 João 1:9 | Mateus 19:14; Provérbios 22:6 | Mateus 28:19-20; Isaías 6:8; Marcos 16:15 | Salmos 119:105; 2 Timóteo 3:16; Salmos 19:7,https://www.youtube.com/watch?v=a0liyVeKGDg,"1 Samuel 1:27, 28",A Doutrina da Vida Cristã,O Casamento e a Família,Samuel Lóia,Samuel Lóia,"Um momento especial 
De emoção no coração 
Um sorriso vem trazer 
Alegria em meu viver 
Um milagre 
Vejo em seus olhinhos a brilhar 
Tão perfeito é o amor de Deus 
  Não há palavras pra Te agradecer, Senhor 
Pois meu bebê nasceu e vou dedicá-lo a Ti 
Vou ensiná-lo a Te servir 
E assim irei retribuir 
O presente que deste a mim 
  Quando o tempo se passar 
E um adulto se tornar 
Com carinho irá lembrar 
Dos cuidados de Jesus 
Eu prometo 
Que ao seu lado sempre estarei 
Pra guiá-lo bem juntinho de Deus 
  Não há palavras pra Te agradecer, Senhor 
Pois meu bebê nasceu e vou dedicá-lo a Ti 
Vou ensiná-lo a Te servir 
E assim irei retribuir 
O presente que deste a mim 
  O presente que deste a mim 
 "
425,Ouço o Clamor do Bom Pastor,"Graça e Salvação | Oração e Comunhão | Paz, Cuidado e Confiança",1 Tessalonicenses 5:17; Mateus 7:7; Filipenses 4:6 | Efésios 2:8-9; João 3:16; 1 João 1:9 | Salmos 23:1-4; João 14:27; Salmos 46:1,https://www.youtube.com/watch?v=9xNmt3L6D5U,João 10:14,A Doutrina da Vida Cristã,O Casamento e a Família,Alexcenah Thomas,William A. Ogden,"Ouço o clamor do bom Pastor 
Pelo deserto assolador 
Seus cordeirinhos a chamar 
Tão desejoso de os salvar 
  ""Vai buscar, vai buscar 
Esses Meus cordeirinhos, já! 
Vai buscar, vai buscar 
Para que os possa abençoar"" 
  Todos precisam ajudar 
E os cordeirinhos ir salvar 
E encaminhá-los a Jesus 
Fonte de vida, amor e luz 
  ""Vai buscar, vai buscar 
Esses Meus cordeirinhos, já! 
Vai buscar, vai buscar 
Para que os possa abençoar"" 
  Pelo deserto a padecer 
Pelas estradas a sofrer 
Seus cordeirinhos vai buscar 
Para que os possa abençoar 
  ""Vai buscar, vai buscar 
Esses Meus cordeirinhos, já! 
Vai buscar, vai buscar 
Para que os possa abençoar"" 
 "
426,Cristo Ama as Criancinhas,Crianças e Jovens | Graça e Salvação | Lar e Família | Oração e Comunhão,1 Tessalonicenses 5:17; Mateus 7:7; Filipenses 4:6 | Efésios 2:8-9; João 3:16; 1 João 1:9 | Josué 24:15; Efésios 6:1-4 | Mateus 19:14; Provérbios 22:6,https://www.youtube.com/watch?v=70R4mbhB-y4,Marcos 10:13-16,A Doutrina da Vida Cristã,O Casamento e a Família,Clare H. Woolston,George F. Root,"Cristo às crianças tem amor 
Bênçãos Ele aqui lhes deu 
Sempre a todas atraiu o Salvador 
Com doçura as acolheu 
Esquecê-las, oh, jamais! 
Todas elas para Ele são iguais 
  Cristo ama as criancinhas 
Que no mundo inteiro há 
Diz a todas o Senhor 
Que ele as quer com muito amor 
Bênçãos mil a todas elas Cristo dá 
  Há crianças ao redor 
E em países lá de além 
Que não sabem da história de Jesus 
Vamos ajudar também 
A levar-lhes salvação 
Para terem a Jesus no coração 
  Cristo ama as criancinhas 
Que no mundo inteiro há 
Diz a todas o Senhor 
Que ele as quer com muito amor 
Bênçãos mil a todas elas Cristo dá 
  Vamos essa nova dar 
Dela a Terra toda encher 
O evangelho a todo o povo anunciar 
Com fervor e com prazer 
Falaremos de Jesus 
Pra que em toda Terra brilhe Sua luz 
  Cristo ama as criancinhas 
Que no mundo inteiro há 
Diz a todas o Senhor 
Que ele as quer com muito amor 
Bênçãos mil a todas elas Cristo dá 
 "
427,"Venham, Crianças",Crianças e Jovens | Graça e Salvação | Sacrifício e Redenção,Efésios 2:8-9; João 3:16; 1 João 1:9 | Isaías 53:4-5; Romanos 5:8; Hebreus 9:22 | Mateus 19:14; Provérbios 22:6,https://www.youtube.com/watch?v=LCkv535v4Ok,Mateus 19:13-15,A Doutrina da Vida Cristã,O Casamento e a Família,George F. Root,George F. Root,"Venham, crianças ao bom Jesus 
Que por amor morreu lá na cruz 
Os cordeirinhos Ele conduz 
Venham ao Salvador! 
  Que alegria, sem pecado ou mal 
Reunir-nos todos, afinal 
Na linda pátria celestial 
Junto do Salvador! 
  Já, sem demora vamos também 
Para a querida Jerusalém 
Cristo nos chama quer vosso bem 
Venham ao Salvador! 
  Que alegria, sem pecado ou mal 
Reunir-nos todos, afinal 
Na linda pátria celestial 
Junto do Salvador! 
  ""Amo as crianças"" Cristo nos diz 
""Quero encontrá-las em meu país 
E quero dar-lhes vida feliz 
Venham ao Salvador! 
  Que alegria, sem pecado ou mal 
Reunir-nos todos, afinal 
Na linda pátria celestial 
Junto do Salvador! 
 "
428,Joias Preciosas,Adoração e Louvor | Crianças e Jovens,Mateus 19:14; Provérbios 22:6 | Salmos 150:1-6; Apocalipse 4:8; Salmos 95:1-2,https://www.youtube.com/watch?v=pJtick2YMPs,Daniel 12:3,A Doutrina da Vida Cristã,O Casamento e a Família,William O. Cushing,George F. Root,"Eis que Cristo vem à terra 
Em busca das joias 
Suas joias tão preciosas 
De muito valor 
  Como estrelas na aurora 
Brilhando em glória 
Na coroa de Cristo 
Pra sempre estarão 
  Vem buscá-las vai levá-las 
Ao reino celeste 
Suas joias resplendentes 
De muito valor 
  Como estrelas na aurora 
Brilhando em glória 
Na coroa de Cristo 
Pra sempre estarão 
  Os meninos e as meninas 
Que servem a Cristo 
São pra Ele ricas joias 
De muito valor 
  Como estrelas na aurora 
Brilhando em glória 
Na coroa de Cristo 
Pra sempre estarão 
 "
429,Quando o Livro Aberto For,Adoração e Louvor | Lar e Família | Oração e Comunhão | Sacrifício e Redenção | Santuário e Juízo,1 Tessalonicenses 5:17; Mateus 7:7; Filipenses 4:6 | Hebreus 4:14-16; Hebreus 8:1-2; Daniel 8:14 | Isaías 53:4-5; Romanos 5:8; Hebreus 9:22 | Josué 24:15; Efésios 6:1-4 | Salmos 150:1-6; Apocalipse 4:8; Salmos 95:1-2,https://www.youtube.com/watch?v=xXaDj2PGEDs,"Apocalipse 5:9, 10",A Doutrina dos Últimos Eventos,O Ministério de Cristo no Santuário Celestial,Lizzie DeArmond,Kem G. Bottorf,"Quando no juízo o livro aberto for 
Cristo vai nos proteger 
Se Jesus é nosso grande Defensor 
Não há nada que temer 
  Com fervor eu hei de então cantar 
Um hino de louvor 
Pois tenho, sim o nome escrito já 
No livro do meu Salvador 
  Quando o meu registro apresentado for 
Jesus Cristo irá dizer: 
""Pai, o sangue Meu por ele derramei 
Deixa o pecador viver."" 
  Com fervor eu hei de então cantar 
Um hino de louvor 
Pois tenho, sim o nome escrito já 
No livro do meu Salvador 
  Quando ressoar o toque do clarim 
E do Céu vier Jesus 
Subirei então com os remidos Seus 
Pra morar em Sua luz 
  Com fervor eu hei de então cantar 
Um hino de louvor 
Pois tenho, sim o nome escrito já 
No livro do meu Salvador 
 "
430,O Juízo,Graça e Salvação | Sacrifício e Redenção | Santuário e Juízo,Efésios 2:8-9; João 3:16; 1 João 1:9 | Hebreus 4:14-16; Hebreus 8:1-2; Daniel 8:14 | Isaías 53:4-5; Romanos 5:8; Hebreus 9:22,https://www.youtube.com/watch?v=37DO5uB7IOQ,"Daniel 7:9, 10",A Doutrina dos Últimos Eventos,O Ministério de Cristo no Santuário Celestial,Franklin E. Belden,Franklin E. Belden,"O Juiz Se assentou abriram-se os livros 
Quem dentre nós subsistirá? 
Pois as ações e os pensamentos 
Nosso Juiz à luz trará 
  Quem haverá de subsistir? 
Qual há de ser a decisão? 
Só pelo sangue do Cordeiro 
Receberemos salvação 
  O juízo iniciou-se pelos que dormem 
E logo aos vivos passará 
Sim, pela fé Jesus o Advogado 
A todos nós defenderá 
  Quem haverá de subsistir? 
Qual há de ser a decisão? 
Só pelo sangue do Cordeiro 
Receberemos salvação 
  Oh, como será perante o juízo? 
Nossas ações à luz virão! 
Quando soar a voz dos livros 
Qual há de ser a decisão? 
  Quem haverá de subsistir? 
Qual há de ser a decisão? 
Só pelo sangue do Cordeiro 
Receberemos salvação 
 "
431,Vem o Grande Dia,Adoração e Louvor | Segunda Vinda e Esperança,1 Tessalonicenses 4:16-17; Apocalipse 1:7; João 14:1-3 | Salmos 150:1-6; Apocalipse 4:8; Salmos 95:1-2,https://www.youtube.com/watch?v=DmKmlupo91M,Sofonias 1:14,A Doutrina dos Últimos Eventos,O Ministério de Cristo no Santuário Celestial,Will L. Thompson,Will L. Thompson,"Vem o grande dia o grande dia 
Vem o grande dia sem tardar 
Quando os ímpios e santos separados hão de ser 
'Stais vós prontos para o dia final? 
  'Stais vós prontos? 'Stais vós prontos? 
'Stais vós prontos para o dia final? 
'Stais vós prontos? 'Stais vós prontos? 
Para o dia final? 
  Vem o alegre dia o alegre dia 
Este alegre dia perto está 
Mas alegre será somente ao que ama o Salvador 
'Stais vós prontos para o dia final? 
  'Stais vós prontos? 'Stais vós prontos? 
'Stais vós prontos para o dia final? 
'Stais vós prontos? 'Stais vós prontos? 
Para o dia final? 
  Um glorioso dia glorioso dia 
Um glorioso dia há de ser 
Mas a glória virá somente ao que ama o Salvador 
'Stais vós prontos para o dia final? 
  'Stais vós prontos? 'Stais vós prontos? 
'Stais vós prontos para o dia final? 
'Stais vós prontos? 'Stais vós prontos? 
Para o dia final? 
 "
432,Sangue Precioso De Cristo,"Adoração e Louvor | Graça e Salvação | Lar e Família | Paz, Cuidado e Confiança | Sacrifício e Redenção | Segunda Vinda e Esperança",1 Tessalonicenses 4:16-17; Apocalipse 1:7; João 14:1-3 | Efésios 2:8-9; João 3:16; 1 João 1:9 | Isaías 53:4-5; Romanos 5:8; Hebreus 9:22 | Josué 24:15; Efésios 6:1-4 | Salmos 150:1-6; Apocalipse 4:8; Salmos 95:1-2 | Salmos 23:1-4; João 14:27; Salmos 46:1,https://www.youtube.com/watch?v=SFDn0TVl730,Mateus 27:51,A Doutrina dos Últimos Eventos,O Ministério de Cristo no Santuário Celestial,Gérson Felipe Salcedo,Gérson Felipe Salcedo,"Será que existe esperança 
Pra um vil pecador como eu? 
Pode alguém condenado 
Libertação receber? 
Em mim não há nada digno 
De salvação merecer 
Mas pelo sangue de Cristo 
Posso enfim renascer 
  Sangue precioso de Cristo 
Sangue vertido por mim 
Não mais me sinto perdido 
Vida eu tenho enfim 
Foi lá na cruz que o preço 
Do meu pecado pagou 
Tal honra eu não mereço 
Mas mesmo assim me salvou 
  O véu do templo rasgou-se 
Separação não há mais 
O Pai nos deu o Cordeiro 
Agora temos a paz 
Só pelo sangue vertido 
Somos aceitos por Deus 
Libertação do pecado 
Cristo então concedeu 
  Sangue precioso de Cristo 
Sangue vertido por mim 
Ponte que cruza o abismo 
Leva-me à glória enfim 
Foi lá na cruz que o preço 
Do meu pecado pagou 
Tal honra eu não mereço 
Mas mesmo assim me salvou 
 "
433,Sumo Sacerdote,Adoração e Louvor | Graça e Salvação | Lar e Família | Sacrifício e Redenção | Santuário e Juízo,Efésios 2:8-9; João 3:16; 1 João 1:9 | Hebreus 4:14-16; Hebreus 8:1-2; Daniel 8:14 | Isaías 53:4-5; Romanos 5:8; Hebreus 9:22 | Josué 24:15; Efésios 6:1-4 | Salmos 150:1-6; Apocalipse 4:8; Salmos 95:1-2,https://www.youtube.com/watch?v=yuVlG81PVDo,Hebreus 9:24,A Doutrina dos Últimos Eventos,O Ministério de Cristo no Santuário Celestial,Gérson Felipe Salcedo,Gérson Felipe Salcedo,"Há um templo feito não por homens 
Onde está o trono do Senhor Altíssimo 
Toda honra, glória e majestade 
Estão diante Dele para todo o sempre 
  Deus eterno, poderoso o supremo Juiz! 
Diante da Sua face quem nos justificará? 
Cristo! 
  Nosso grande Intercessor 
Ele é Consumador e Autor de nossa fé 
Por Seu sangue no santuário entrou 
E nos apresentou cobertos por Sua graça 
Cristo, Sumo Sacerdote 
Deus que vence a morte 
E nos dá acesso a Deus, o Pai 
Diante de Sua face subam nossas vozes 
Cobre a multidão de nossas transgressões 
  Nossa vida passa diante Dele 
Nada está oculto Deus onisciente! 
Tão solene é este momento 
Cristo intercedendo por Seu povo aqui contrito 
  Deus eterno, poderoso o supremo Juiz! 
Diante da Sua face quem nos justificará? 
Cristo! 
  Nosso grande Intercessor 
Ele é Consumador e Autor de nossa fé 
Por Seu sangue no santuário entrou 
E nos apresentou cobertos por Sua graça 
Cristo, Sumo Sacerdote 
Deus que vence a morte 
E nos dá acesso a Deus, o Pai 
Diante de Sua face subam nossas vozes 
Cobre a multidão de nossas transgressões 
 "
434,Santuário,"Graça e Salvação | Lar e Família | Missão e Serviço | Palavra de Deus e Lei | Paz, Cuidado e Confiança | Sacrifício e Redenção | Santuário e Juízo | Segunda Vinda e Esperança",1 Tessalonicenses 4:16-17; Apocalipse 1:7; João 14:1-3 | Efésios 2:8-9; João 3:16; 1 João 1:9 | Hebreus 4:14-16; Hebreus 8:1-2; Daniel 8:14 | Isaías 53:4-5; Romanos 5:8; Hebreus 9:22 | Josué 24:15; Efésios 6:1-4 | Mateus 28:19-20; Isaías 6:8; Marcos 16:15 | Salmos 119:105; 2 Timóteo 3:16; Salmos 19:7 | Salmos 23:1-4; João 14:27; Salmos 46:1,https://www.youtube.com/watch?v=M7kip2r_8Tk,"Hebreus 8:1, 2",A Doutrina dos Últimos Eventos,O Ministério de Cristo no Santuário Celestial,Wanderson F. Paiva,Wanderson F. Paiva,"A Bíblia mostra que existe 
Um santuário no Céu 
Perfeito em cada detalhe 
Moldado nas mãos de Deus 
O Sumo Sacerdote 
É Cristo, o Salvador 
Por todos Ele intercede 
Mostrando Seu grande amor 
  Eu creio que Jesus está no santuário 
Seu sangue nos limpou do mal e do pecado 
Em breve Ele cessará o Seu trabalho 
E o lar eterno entregará para os salvos 
  Pra todos que acreditam 
Que Cristo é o Senhor 
Pra todos que obedecem 
Às leis eternas de amor 
Existe uma esperança 
Um novo tempo de paz 
Pois Cristo, no santuário 
Justiça a todos traz 
  Eu creio que Jesus está no santuário 
Seu sangue nos limpou do mal e do pecado 
Em breve Ele cessará o Seu trabalho 
E o lar eterno entregará para os salvos 
 "
435,Acima do Céu,"Adoração e Louvor | Graça e Salvação | Oração e Comunhão | Paz, Cuidado e Confiança | Sacrifício e Redenção | Santuário e Juízo | Segunda Vinda e Esperança",1 Tessalonicenses 4:16-17; Apocalipse 1:7; João 14:1-3 | 1 Tessalonicenses 5:17; Mateus 7:7; Filipenses 4:6 | Efésios 2:8-9; João 3:16; 1 João 1:9 | Hebreus 4:14-16; Hebreus 8:1-2; Daniel 8:14 | Isaías 53:4-5; Romanos 5:8; Hebreus 9:22 | Salmos 150:1-6; Apocalipse 4:8; Salmos 95:1-2 | Salmos 23:1-4; João 14:27; Salmos 46:1,https://www.youtube.com/watch?v=wJQ3LvUaMds,"Hebreus 8:1, 2",A Doutrina dos Últimos Eventos,O Ministério de Cristo no Santuário Celestial,Silmar Correia,Silmar Correia,"Acima do céu habitas em glória 
Acima do céu emanas poder 
Acima do céu no Teu santuário 
Revelas Tua misericórdia 
Acima do céu existe favor 
Em Ti, ó Jesus meu Intercessor 
Acima do céu justiça e graça 
Exaltam a Tua bondade 
  Acima do céu a graça e o louvor 
Espelham nas nuvens o Teu esplendor 
Além do infinito no templo divino 
Teus braços recebem o pecador 
  Acima do céu a minha oração 
Encontra em Ti alívio e perdão 
Acima do céu pedidos e graças 
Perfumam a Tua morada 
  Acima do céu a graça e o louvor 
Espelham nas nuvens o Teu esplendor 
Além do infinito no templo divino 
Teus braços recebem o pecador 
  Acima do céu justiça e amor 
Proclamam Tua glória fiel Salvador 
Além do infinito teus braços erguidos 
Revelam as marcas do Teu amor 
  Acima do céu habitas em Glória 
Acima do céu emanas poder 
Cordeiro de Deus oferta na Cruz 
Teu sangue me trouxe a paz 
Amado no Céu sublime Jesus 
No meu coração estás 
 "
436,E Me Fareis Um Santuário,Graça e Salvação | Oração e Comunhão | Sacrifício e Redenção | Santuário e Juízo,1 Tessalonicenses 5:17; Mateus 7:7; Filipenses 4:6 | Efésios 2:8-9; João 3:16; 1 João 1:9 | Hebreus 4:14-16; Hebreus 8:1-2; Daniel 8:14 | Isaías 53:4-5; Romanos 5:8; Hebreus 9:22,https://www.youtube.com/watch?v=DHokCgyDV-0,Salmo 27:4,A Doutrina dos Últimos Eventos,O Ministério de Cristo no Santuário Celestial,Valdecir Simões Lima,Lineu Formighieri Soares,"Uma coisa peço, Senhor 
E a busco com certeza: 
Que eu viva sempre em Sua casa 
Contemplando Sua beleza 
Quero adorar Seu nome 
Em Seu amor infinito 
Todos os dias da vida 
Nesse lugar tão bonito 
  Há um templo onde Deus 
Também quer fazer morada: 
No contínuo sacrifício 
De uma vida consagrada 
Jesus Cristo é o grande Rei 
Deus querido e Redentor 
Nosso Sumo Sacerdote 
Nosso eterno Intercessor 
  Deus é todo-poderoso 
Seu amor jamais tem fim 
Vou morar em Sua casa 
E Ele vai morar em mim 
E Me fareis um santuário 
E habitarei no meio de vós 
Deus quer morar com Seu povo 
Deus tem saudade de nós 
 "
437,Chegou a hora,Crianças e Jovens | Graça e Salvação | Oração e Comunhão | Sacrifício e Redenção | Segunda Vinda e Esperança,1 Tessalonicenses 4:16-17; Apocalipse 1:7; João 14:1-3 | 1 Tessalonicenses 5:17; Mateus 7:7; Filipenses 4:6 | Efésios 2:8-9; João 3:16; 1 João 1:9 | Isaías 53:4-5; Romanos 5:8; Hebreus 9:22 | Mateus 19:14; Provérbios 22:6,https://www.youtube.com/watch?v=cmb52hp8Ud4,Mateus 24:36,A Doutrina dos Últimos Eventos,O Ministério de Cristo no Santuário Celestial,Jader D. Santos,Jader D. Santos,"Já ouvimos tantas vezes 
Sobre a volta de Jesus 
Nosso coração anseia 
Ver o brilho de Sua luz 
Mas os dias vão passando 
Meses, anos vem e vão 
E Jesus não aparece 
Temos esperando em vão? 
  Os sinais vão se cumprindo 
Com incrível precisão 
Nossa fé está segura 
Na divina inspiração 
Já está chegando o dia 
Quando Deus se erguerá 
Do Seu trono de justiça 
E a Jesus então dirá: 
  Filho vai chegou a hora 
Filho vai sem mais demora 
Vai buscar os meus amados 
E traz de volta aqueles por quem você morreu 
Filho vai agora basta 
Está provado o mal não presta 
Chega de esperar 
A saudade dói demais 
Já preparei a casa 
Já preparei a mesa 
Filho me traz de volta 
Quem criei 
Quem perdi 
E na cruz resgatei 
  Se você já foi tentado 
A descrer ou desistir 
Isso é obra do engano 
Pra fazer você cair 
Já está chegando o dia 
Quando Deus se erguerá 
Do seu trono de justiça 
E a Jesus então dirá: 
  Filho vai chegou a hora 
Filho vai sem mais demora 
Vai buscar os meus amados 
E traz de volta aqueles por quem você morreu 
Filho vai agora basta 
Está provado o mal não presta 
Chega de esperar 
A saudade dói demais 
Já preparei a casa 
Já preparei a mesa 
Filho me traz de volta 
Quem criei 
Quem perdi 
E na cruz resgatei 
 "
438,Quando For Chamado,Adoração e Louvor | Graça e Salvação | Lar e Família | Segunda Vinda e Esperança,1 Tessalonicenses 4:16-17; Apocalipse 1:7; João 14:1-3 | Efésios 2:8-9; João 3:16; 1 João 1:9 | Josué 24:15; Efésios 6:1-4 | Salmos 150:1-6; Apocalipse 4:8; Salmos 95:1-2,https://www.youtube.com/watch?v=AQMm1y35sXM,Mateus 25:31-34,A Doutrina dos Últimos Eventos,O Ministério de Cristo no Santuário Celestial,James M. Black,James M. Black,"Quando Cristo Sua trombeta lá do Céu mandar tocar 
Quando o dia tão glorioso em luz romper 
E aos remidos triunfantes meu Jesus Se apresentar 
E chamado então eu for, sim, lá estarei 
  Quando for então chamado 
Quando for então chamado 
Quando for então chamado 
Aprovado hei de estar perante o Rei 
  Nesse tão glorioso dia quando o crente ressurgir 
E da gloria de Jesus participar 
Quando os salvos ressurgidos 
Alcançarem o porvir 
E chamado então eu for, sim, lá estarei 
  Quando for então chamado 
Quando for então chamado 
Quando for então chamado 
Aprovado hei de estar perante o Rei 
  Lutarei por meu Jesus até o dia terminar 
Falarei de Seu amor por nós aqui 
Quando tudo aqui cessar em meu constante labutar 
E chamado então eu for, sim, lá estarei 
  Quando for então chamado 
Quando for então chamado 
Quando for então chamado 
Aprovado hei de estar perante o Rei 
 "
439,Quando Deus Fizer Chamada,Adoração e Louvor | Lar e Família | Segunda Vinda e Esperança,1 Tessalonicenses 4:16-17; Apocalipse 1:7; João 14:1-3 | Josué 24:15; Efésios 6:1-4 | Salmos 150:1-6; Apocalipse 4:8; Salmos 95:1-2,https://www.youtube.com/watch?v=aMEZCGynCn0,"Mateus 24:30, 31",A Doutrina dos Últimos Eventos,O Ministério de Cristo no Santuário Celestial,John H. Kurzenknabe,John H. Kurzenknabe,"Quando Deus fizer chamada para os santos Seus reunir 
Estaremos lá perante o lindo mar 
Quando Cristo aqui descer e para a glória os conduzir 
Que feliz reunião será no eterno lar! 
  Que prazer, que glória 
Quando Cristo, enfim os salvos Seus buscar! 
Que louvor! Vitória! 
Que feliz reunião será no eterno lar! 
  Quando o anjo do Senhor disser que tempo não há mais 
E a feliz eternidade começar 
E passados para sempre desta vida os tristes ais 
Que feliz reunião será no eterno lar! 
  Que prazer, que glória 
Quando Cristo, enfim os salvos Seus buscar! 
Que louvor! Vitória! 
Que feliz reunião será no eterno lar! 
  Quando as harpas ressoarem melodias de louvor 
Anunciando então o ano jubilar 
Quando o hino da vitória nós cantarmos com fervor 
Que feliz reunião será no eterno lar! 
  Que prazer, que glória 
Quando Cristo, enfim os salvos Seus buscar! 
Que louvor! Vitória! 
Que feliz reunião será no eterno lar! 
 "
440,Breve Jesus Voltará,Missão e Serviço | Segunda Vinda e Esperança,1 Tessalonicenses 4:16-17; Apocalipse 1:7; João 14:1-3 | Mateus 28:19-20; Isaías 6:8; Marcos 16:15,https://www.youtube.com/watch?v=VuxpSoj5eGA,Apocalipse 22:20,A Doutrina dos Últimos Eventos,A Segunda Vinda de Cristo,Jessie E. Strout,George E. Lee,"Servos de Deus a trombeta tocai: 
Breve Jesus voltará! 
A todo o mundo a mensagem levai: 
Breve Jesus voltará! 
  Breve virá! Breve virá! 
Breve Jesus voltará! 
  Ide as nações e depressa anunciai: 
Breve Jesus voltará! 
Gratos, alegres as novas cantai: 
Breve Jesus voltará! 
  Breve virá! Breve virá! 
Breve Jesus voltará! 
  Montes e vales o som ecoai: 
Breve Jesus voltará! 
Ondas do mar a canção entoai: 
Breve Jesus voltará! 
  Breve virá! Breve virá! 
Breve Jesus voltará! 
  Guerras e fome nos dão a entender: 
Breve Jesus voltará! 
Graves sinais já nos fazem saber: 
Breve Jesus voltará! 
  Breve virá! Breve virá! 
Breve Jesus voltará! 
 "
441,Vencendo Vem Jesus,Adoração e Louvor | Lar e Família | Palavra de Deus e Lei | Segunda Vinda e Esperança,1 Tessalonicenses 4:16-17; Apocalipse 1:7; João 14:1-3 | Josué 24:15; Efésios 6:1-4 | Salmos 119:105; 2 Timóteo 3:16; Salmos 19:7 | Salmos 150:1-6; Apocalipse 4:8; Salmos 95:1-2,https://www.youtube.com/watch?v=U4ym16En8xc,Apocalipse 11:15,A Doutrina dos Últimos Eventos,A Segunda Vinda de Cristo,Julia W. Howe,Melodia Tradicional Americana,"Já refulge a glória eterna de Jesus o Rei dos Reis 
Breve os reinos deste mundo ouvirão as Suas leis 
Os sinais da Sua vinda mais se mostram cada vez 
Vencendo vem Jesus 
  Glória, glória, aleluia Glória, glória, aleluia 
Glória, glória, aleluia Vencendo vem Jesus 
  O clarim que chama os crentes à batalha já soou 
Cristo à frente do Seu povo multidões já conquistou 
O inimigo em retirada seu furor manifestou 
Vencendo vem Jesus! 
  Glória, glória, aleluia Glória, glória, aleluia 
Glória, glória, aleluia Vencendo vem Jesus 
  E por fim entronizado as nações há de julgar 
Todos grandes e pequenos o Juiz hão de encarar 
E os remidos triunfantes em fulgor hão de cantar 
Vencido tem Jesus 
  Glória, glória, aleluia Glória, glória, aleluia 
Glória, glória, aleluia Vencido tem Jesus 
 "
442,Jesus Voltará,"Graça e Salvação | Lar e Família | Oração e Comunhão | Paz, Cuidado e Confiança | Sacrifício e Redenção | Segunda Vinda e Esperança",1 Tessalonicenses 4:16-17; Apocalipse 1:7| 1 Tessalonicenses 5:17; Mateus 7:7; Filipenses 4:6 | Efésios 2:8-9; João 3:16; 1 João 1:9 | Isaías 53:4-5; Romanos 5:8; Hebreus 9:22 | Josué 24:15; Efésios 6:1-4 | Salmos 23:1-4; João 14:27; Salmos 46:1,https://www.youtube.com/watch?v=CuF-oo0p7Es,João 14:1-3,A Doutrina dos Últimos Eventos,A Segunda Vinda de Cristo,Uriah Smith,Isaac Woodbury,"Jesus voltará com poder voltará 
Os Seus levará para o Céu 
Iremos com Ele pra sempre morar 
Num lar só de paz e de amor 
Estás pronto a ir e morar com Jesus 
O teu Salvador sem igual? 
Estás pronto a ir e morar com Jesus 
A ir para o lar celestial? 
  Nós vamos ao Céu pra morar com Jesus 
Num lar onde há paz divinal 
Num lar onde a dor e a morte cruel 
Jamais poderão adentrar! 
Oh, sim, vem morar nesse lar com Jesus 
Fruir galardão celestial 
Feliz viverás com Jesus, teu Senhor 
O teu Salvador sem igual 
 "
443,Cristo Virá Outra Vez,"Graça e Salvação | Missão e Serviço | Paz, Cuidado e Confiança | Segunda Vinda e Esperança",1 Tessalonicenses 4:16-17; Apocalipse 1:7; João 14:1-3 | Efésios 2:8-9; João 3:16; 1 João 1:9 | Mateus 28:19-20; Isaías 6:8; Marcos 16:15 | Salmos 23:1-4; João 14:27; Salmos 46:1,https://www.youtube.com/watch?v=qg-7IQvW8Lg,Apocalipse 3:11,A Doutrina dos Últimos Eventos,A Segunda Vinda de Cristo,John W. Peterson,John W. Peterson,"Novas alegres darei 
Cantos de graça entoarei 
Ao proclamar com ardor 
Cristo virá outra vez 
  Breve virá! Breve virá! 
Pela noite pode ser 
Ou no lindo alvorecer 
Breve virá! Breve virá! 
Oh! quão glorioso esse dia será 
Cristo virá outra vez! 
  Quero a mensagem levar 
Com todo amor proclamar 
E todos hão de saber: 
Cristo virá outra vez! 
  Breve virá! Breve virá! 
Pela noite pode ser 
Ou no lindo alvorecer 
Breve virá! Breve virá! 
Oh! quão glorioso esse dia será 
Cristo virá outra vez! 
  Sua presença trará 
Paz e alegria sem-par 
Sempre ao Seu lado andarei 
Cristo virá outra vez 
  Breve virá! Breve virá! 
Pela noite pode ser 
Ou no lindo alvorecer 
Breve virá! Breve virá! 
Oh! quão glorioso esse dia será 
Cristo virá outra vez! 
 "
444,Oh! Que Esperança!,Segunda Vinda e Esperança,1 Tessalonicenses 4:16-17; Apocalipse 1:7; João 14:1-3,https://www.youtube.com/watch?v=VjksTL6-lQs,Tito 2:13,A Doutrina dos Últimos Eventos,A Segunda Vinda de Cristo,Wayne Hooper,Wayne Hooper,"Oh! Que esperança vibra em nosso ser 
Pois aguardamos o Senhor! 
Fé possuímos que Jesus nos dá 
Fé na promessa que nos fez 
Eis que o tempo logo vem 
E as nações daqui e além 
Bem alerta vão cantar: 
Aleluia! Cristo é Rei! 
Oh! Que esperança vibra em nosso ser 
Pois Aguardamos o Senhor 
 "
445,O Rei Já Perto Está,Lar e Família | Sacrifício e Redenção | Segunda Vinda e Esperança,1 Tessalonicenses 4:16-17; Apocalipse 1:7; João 14:1-3 | Isaías 53:4-5; Romanos 5:8; Hebreus 9:22 | Josué 24:15; Efésios 6:1-4,https://www.youtube.com/watch?v=OMtRXZcDzbo,"Apocalipse 14:14, 15",A Doutrina dos Últimos Eventos,A Segunda Vinda de Cristo,Franklin E. Belden,Franklin E. Belden,"O grande Rei já perto está 
O mesmo que na cruz morreu 
Aos justos Ele levará 
Consigo para o Céu 
  Perto está, perto está 
Sim, às portas Ele já está 
Vem depressa vem depressa 
Sim, o Rei já perto está 
  Da Sua vinda vemos já 
Sinais por toda parte aqui 
E logo o dia eternal 
Virá pra mim e ti 
  Perto está, perto está 
Sim, às portas Ele já está 
Vem depressa vem depressa 
Sim, o Rei já perto está 
  O nosso lar então será 
A Terra nova, sem igual 
A morte lá não entrará 
Pois tudo é imortal 
  Perto está, perto está 
Sim, às portas Ele já está 
Vem depressa vem depressa 
Sim, o Rei já perto está 
 "
446,Cristo Vem,"Adoração e Louvor | Lar e Família | Paz, Cuidado e Confiança | Segunda Vinda e Esperança",1 Tessalonicenses 4:16-17; Apocalipse 1:7; João 14:1-3 | Josué 24:15; Efésios 6:1-4 | Salmos 150:1-6; Apocalipse 4:8; Salmos 95:1-2 | Salmos 23:1-4; João 14:27; Salmos 46:1,https://www.youtube.com/watch?v=lEvc-Vmcyyc,Apocalipse 11:15,A Doutrina dos Últimos Eventos,A Segunda Vinda de Cristo,John R. MacDuff,John Hughes,"Cristo vem com grande majestade 
Sua obra terminar 
Oh, louvai o Rei da eternidade 
Que virá aqui reinar! 
  Rei da paz, sim vem reinar 
E vem levar-nos para o lar 
Vem, Senhor Jesus, reinar 
  Ouviremos a soar nos ares 
A trombeta angelical 
Que anuncia em todos os lugares 
O chamado divinal 
  Rei da paz, sim vem reinar 
E vem levar-nos para o lar 
Vem, Senhor Jesus, reinar 
 "
447,"Vigiai, Cristãos","Adoração e Louvor | Graça e Salvação | Paz, Cuidado e Confiança",Efésios 2:8-9; João 3:16; 1 João 1:9 | Salmos 150:1-6; Apocalipse 4:8; Salmos 95:1-2 | Salmos 23:1-4; João 14:27; Salmos 46:1,https://www.youtube.com/watch?v=3_kr1ba7voQ,Mateus 25:13,A Doutrina dos Últimos Eventos,A Segunda Vinda de Cristo,Phoebe Palmer,William J. Kirkpatrick,"Vigiai, cristãos sinceros 
Pois o fim está bem perto 
Tende as lâmpadas acesas 
Sempre prontos e despertos 
  Eis que vem, sim Cristo vem 
Vem reinar em grande glória 
Com os santos em vitória 
Eis que vem, sim Cristo vem 
  Eis que só Jesus promete 
Dar-nos paz, perdão e graça 
Aceitai o Seu convite 
Avisai a toda raça 
  Eis que vem, sim Cristo vem 
Vem reinar em grande glória 
Com os santos em vitória 
Eis que vem, sim Cristo vem 
  Reinos e nações se abalam 
Proclamai a todo o mundo 
Que Jesus a vir Se apressa 
E que tem amor profundo 
  Eis que vem, sim Cristo vem 
Vem reinar em grande glória 
Com os santos em vitória 
Eis que vem, sim Cristo vem 
  Pecadores, vinde todos 
Cristo ainda intercede 
Vinde enquanto graça existe 
Vinde enquanto Deus vos pede 
  Eis que vem, sim Cristo vem 
Vem reinar em grande glória 
Com os santos em vitória 
Eis que vem, sim Cristo vem 
 "
448,Nós O Veremos,Adoração e Louvor | Lar e Família,Josué 24:15; Efésios 6:1-4 | Salmos 150:1-6; Apocalipse 4:8; Salmos 95:1-2,https://www.youtube.com/watch?v=wHq55SJU4ZE,Isaías 25:9,A Doutrina dos Últimos Eventos,A Segunda Vinda de Cristo,"James Bingham, Mariane Scriven, Wintley Phipps",Wintley Phipps,"Nós O veremos retornando em glória 
Contemplaremos o Rei Salvador 
Com muitos anjos nós O louvaremos 
Cantando em coro: ""Hosana! Amém!"" 
  Nós O veremos na manhã gloriosa 
Contemplaremos o Seu resplendor 
Entoaremos hinos de vitória 
Cantando em coro: ""Hosana! Amém!"" 
  Nós O veremos em radiante brilho 
Nosso louvor ergueremos ao Céu 
Com santos anjos O exaltaremos 
Cantando em coro: ""Hosana! Amém!"" 
 "
449,Quando o Rei Vier,Crianças e Jovens | Lar e Família | Sacrifício e Redenção | Segunda Vinda e Esperança,1 Tessalonicenses 4:16-17; João 14:1-3 | Isaías 53:4-5; Romanos 5:8; Hebreus 9:22 | Josué 24:15; Efésios 6:1-4 | Mateus 19:14; Provérbios 22:6,https://www.youtube.com/watch?v=9g089j2I4Fs,Apocalipse 1:7,A Doutrina dos Últimos Eventos,A Segunda Vinda de Cristo,J. E. Landor,Edmund S. Lorenz,"Logo este mundo terá seu fim 
Breve haverá o toque do clarim 
Oh, que será, pois de ti e mim 
Quando o Rei vier? 
  Quando o Rei vier, irmão 
Quando o Rei vier! 
Oh! que será de ti e mim 
Quando o Rei vier? 
  Cristo morreu sobre a dura cruz 
Para levar este mundo à luz 
Os Seus fiéis para o Céu conduz 
Quando, enfim, vier 
  Quando o Rei vier, irmão 
Quando o Rei vier! 
Oh! que será de ti e mim 
Quando o Rei vier? 
  Os filhos Seus Ele acolherá 
Com trajes brancos os vestirá 
Hora solene pra nós será 
Quando o Rei vier 
  Quando o Rei vier, irmão 
Quando o Rei vier! 
Oh! que será de ti e mim 
Quando o Rei vier? 
 "
450,"Guarda, Vê se Muito Falta",Adoração e Louvor | Lar e Família | Segunda Vinda e Esperança,1 Tessalonicenses 4:16-17; Apocalipse 1:7; João 14:1-3 | Josué 24:15; Efésios 6:1-4 | Salmos 150:1-6; Apocalipse 4:8; Salmos 95:1-2,https://www.youtube.com/watch?v=mMZfaASuBbI,"Isaías 21:11, 12",A Doutrina dos Últimos Eventos,A Segunda Vinda de Cristo,Sidney S. Brewer,William B. Bradbury,"Guarda, vê se muito falta 
Para o dia alvorecer 
Vai a noite ainda alta 
Ou já vem o amanhecer? 
Peregrino, sim, desperta 
Ao romper do arrebol! 
Fica em pé e põe-te alerta 
Porque surge agora o sol! 
  Guarda, vê a luz nascente 
Anunciando o jubileu 
Ergue a voz alegremente 
Faz vibrar o próprio Céu 
Logo os justos falecidos 
Imortais, ressurgirão 
Ao soar aos seus ouvidos 
O clarim da redenção 
  Guarda, vê a terra linda 
Frutos, flores sem igual! 
Vê o Rei em glória infinda 
Vê o mar como um cristal! 
Ouve as harpas que harmonia! 
Ouve as hostes a cantar! 
Peregrino, que alegria! 
Vais em breve para o lar! 
 "
451,Grande Alegria,Graça e Salvação | Oração e Comunhão | Segunda Vinda e Esperança,1 Tessalonicenses 4:16-17; Apocalipse 1:7; João 14:1-3 | 1 Tessalonicenses 5:17; Mateus 7:7; Filipenses 4:6 | Efésios 2:8-9; João 3:16; 1 João 1:9,https://www.youtube.com/watch?v=SRcgXW3fg7I,Isaías 35:10,A Doutrina dos Últimos Eventos,A Segunda Vinda de Cristo,Williams Costa Jr.,Williams Costa Jr.,"Grande alegria inundou meu coração 
Ao descobrir que Cristo logo vai voltar 
Grande alegria explodiu a emoção 
Pelo que Cristo fez e faz pra me salvar 
  Olhando ao redor eu vejo a dor 
Pessoas sofrendo sem amor 
Comendo miséria para não morrer 
Tentando na vida não sofrer! 
Olhando ao redor eu vejo fé 
Num mundo que quer mudar até 
Mas esta mudança nunca vai chegar 
Se não quando Cristo retornar 
  Grande alegria inundou meu coração 
Ao descobrir que Cristo logo vai voltar 
Grande alegria explodiu a emoção 
Pelo que Cristo fez e faz pra me salvar 
  Olhando ao redor eu vejo o fim 
De tudo que tem valor pra mim 
Os sonhos da vida todos pelo chão 
O mundo é só desolação! 
Olhando ao redor eu vejo o céu 
Fechado e coberto por um véu 
O brilho do mundo então se apagou 
E a vinda de Cristo então brilhou 
  Grande alegria inundou meu coração 
Ao descobrir que Cristo logo vai voltar 
Grande alegria explodiu a emoção 
Pelo que Cristo fez e faz pra me salvar 
 "
452,Cristo Não Tarda a Voltar,"Adoração e Louvor | Paz, Cuidado e Confiança | Segunda Vinda e Esperança",1 Tessalonicenses 4:16-17; Apocalipse 1:7; João 14:1-3 | Salmos 150:1-6; Apocalipse 4:8; Salmos 95:1-2 | Salmos 23:1-4; João 14:27; Salmos 46:1,https://www.youtube.com/watch?v=e4FoHTZzNrQ,"Mateus 24:32, 33",A Doutrina dos Últimos Eventos,A Segunda Vinda de Cristo,Daniel W. Whittle,James McGranahan,"Sem mais demora Cristo virá 
Ele afirmou-nos e não tardará 
Oh, que alegria que glória será 
Quando Jesus regressar! 
  Cristo não tarda não tarda a voltar 
Cristo não tarda a voltar! 
Oh! que alegria que glória será 
Quando Jesus regressar! 
  Breve da terra ressurgirão 
Nossos queridos que mortos estão 
Para subir à celeste mansão 
Quando Jesus regressar 
  Cristo não tarda não tarda a voltar 
Cristo não tarda a voltar! 
Oh! que alegria que glória será 
Quando Jesus regressar! 
  Logo virá um tempo de paz 
E derrotado será Satanás 
Tudo que é mau deixaremos pra trás 
Quando Jesus regressar 
  Cristo não tarda não tarda a voltar 
Cristo não tarda a voltar! 
Oh! que alegria que glória será 
Quando Jesus regressar! 
 "
453,Anunciai Pelas Montanhas,"Oração e Comunhão | Paz, Cuidado e Confiança | Segunda Vinda e Esperança",1 Tessalonicenses 4:16-17; Apocalipse 1:7; João 14:1-3 | 1 Tessalonicenses 5:17; Mateus 7:7; Filipenses 4:6 | Salmos 23:1-4; João 14:27; Salmos 46:1,https://www.youtube.com/watch?v=EOn959r8A4k,"Isaías 40:9, 10",A Doutrina dos Últimos Eventos,A Segunda Vinda de Cristo,Desconhecido,Negro Spiritual,"Anunciai pelas montanhas 
E proclamai por terra e mar 
Anunciai pelas montanhas 
Que Cristo vai voltar 
  Minh'alma, com Cristo 
Jamais desanimou 
Porque Ele ajuda e guia 
E o trilho me mostrou 
  Anunciai pelas montanhas 
E proclamai por terra e mar 
Anunciai pelas montanhas 
Que Cristo vai voltar 
  Meu Mestre divino 
Conduz-me pela mão 
De pão sacia a alma 
E escuta a oração 
  Anunciai pelas montanhas 
E proclamai por terra e mar 
Anunciai pelas montanhas 
Que Cristo vai voltar 
  E nós que O amamos 
Devemos proclamar 
Que Cristo veio ao mundo 
E a todos quer salvar 
  Anunciai pelas montanhas 
E proclamai por terra e mar 
Anunciai pelas montanhas 
Que Cristo vai voltar 
 "
454,A Manhã Gloriosa,Adoração e Louvor | Lar e Família | Segunda Vinda e Esperança,1 Tessalonicenses 4:16-17; Apocalipse 1:7; João 14:1-3 | Josué 24:15; Efésios 6:1-4 | Salmos 150:1-6; Apocalipse 4:8; Salmos 95:1-2,https://www.youtube.com/watch?v=16KaC4dDaeE,Mateus 24:32-34,A Doutrina dos Últimos Eventos,A Segunda Vinda de Cristo,S. J. Graham,S. J. Graham,"A manhã gloriosa está raiando 
Logo o Rei virá 
E Seu povo, então para o lar eterno 
Ele levará 
  A manhã gloriosa está raiando 
Breve surgirá a luz! 
A manhã gloriosa está raiando 
Eis que vem Jesus! 
  Inda se ouve o som do evangelho eterno 
Não vos demoreis 
Pois bem cedo vem e com majestade 
Cristo, o Rei dos reis! 
  A manhã gloriosa está raiando 
Breve surgirá a luz! 
A manhã gloriosa está raiando 
Eis que vem Jesus! 
  Voltarão à vida os queridos mortos 
Em exultação! 
Que alegria infinda nos encontrarmos 
Na eternal mansão! 
  A manhã gloriosa está raiando 
Breve surgirá a luz! 
A manhã gloriosa está raiando 
Eis que vem Jesus! 
 "
455,Verei Jesus,Adoração e Louvor | Lar e Família | Segunda Vinda e Esperança,1 Tessalonicenses 4:16-17; Apocalipse 1:7; João 14:1-3 | Josué 24:15; Efésios 6:1-4 | Salmos 150:1-6; Apocalipse 4:8; Salmos 95:1-2,https://www.youtube.com/watch?v=F6QAsBXj284,"Apocalipse 22:3, 4",A Doutrina dos Últimos Eventos,A Segunda Vinda de Cristo,Ricardo Ost Damm Martins,Ricardo Ost Damm Martins,"Almejo o dia em que verei 
Uma pequena luz no céu 
E essa luz aumentará 
Milhares de anjos surgirão 
  Eu creio, sim que Ele virá 
E muito em breve eu subirei 
Pra um novo lar um novo Céu 
Lá sempre eu estarei Feliz eu viverei 
Verei Jesus 
  A voz de Deus irá soar 
Nas nuvens Sua glória surgirá 
Mil gerações se encontrarão 
E para sempre louvarão 
  Eu creio, sim que Ele virá 
E muito em breve eu subirei 
Pra um novo lar um novo Céu 
Lá sempre eu estarei Feliz eu viverei 
Verei Jesus 
  Eu creio, sim que Ele virá 
E muito em breve eu subirei 
Pra um novo lar um novo Céu 
Lá sempre eu estarei Feliz eu viverei 
Verei Jesus 
 "
456,Bela Manhã,Adoração e Louvor | Graça e Salvação,Efésios 2:8-9; João 3:16; 1 João 1:9 | Salmos 150:1-6; Apocalipse 4:8; Salmos 95:1-2,https://www.youtube.com/watch?v=PE-O2EmOUkk,"Isaías 25:8, 9",A Doutrina dos Últimos Eventos,A Segunda Vinda de Cristo,Ruth Oberg Guimarães,Jean J. C. Sibelius,"Bela manhã manhã de alegria 
Vem desfazer da noite a escuridão 
É o fim do mal da dor e agonia 
Irrompe o dia da salvação 
Rejubilai, cantai em aleluias 
Cantai, cantai, aleluias! 
  Não mais temor não mais tribulações 
Louvores enchem hoje os corações! 
Oh, festejai do dia a nova luz 
Saudai o Rei saudai o Rei Jesus 
Rejubilai, rompei em aleluias 
Cantai, cantai, aleluias! 
 "
457,Jesus Vem Logo,Crianças e Jovens | Lar e Família | Oração e Comunhão | Sacrifício e Redenção,1 Tessalonicenses 5:17; Mateus 7:7; Filipenses 4:6 | Isaías 53:4-5; Romanos 5:8; Hebreus 9:22 | Josué 24:15; Efésios 6:1-4 | Mateus 19:14; Provérbios 22:6,https://www.youtube.com/watch?v=mODTk_0iNWE,João 14:1-3,A Doutrina dos Últimos Eventos,A Segunda Vinda de Cristo,Wayne Hooper,Wayne Hooper,"O coração não se turbe! 
Crede sempre em Deus crede em Mim 
Há mansões na casa de Meu Pai 
E vou preparar-vos um lugar 
  Jesus vem logo estais vós prontos? 
Jesus vem logo estais vós prontos? 
Se hoje à noite vier como O encontrareis? 
Jesus vem logo estais vós prontos? 
  Por que ainda esperas? 
São fiéis promessas de Deus 
Sim, Jesus comprou-te no Calvário 
Buscar logo vem os filhos Seus 
  Jesus vem logo estais vós prontos? 
Jesus vem logo estais vós prontos? 
Se hoje à noite vier como O encontrareis? 
Jesus vem logo estais vós prontos? 
 "
458,Não Tardará,Lar e Família | Segunda Vinda e Esperança,1 Tessalonicenses 4:16-17; Apocalipse 1:7; João 14:1-3 | Josué 24:15; Efésios 6:1-4,https://www.youtube.com/watch?v=wH6SLP6wEMY,Apocalipse 22:12,A Doutrina dos Últimos Eventos,A Segunda Vinda de Cristo,Andraé Crouch,Andraé Crouch,"Não tardará 
Cristo irá voltar 
Não tardará 
Vamos para o lar 
Não tardará 
Cristo irá voltar 
Não tardará 
Vamos para o lar 
  Eu quero me preparar 
Pois vamos logo subir 
E quero junto a você 
Lá no Céu 
Conversar com Jesus! 
  Não tardará 
Cristo irá voltar 
Não tardará 
Vamos para o lar 
  Eu quero me preparar 
Pois vamos logo subir 
E quero junto a você 
Lá no Céu 
Conversar com Jesus! 
  Não tardará 
Cristo irá voltar 
Não tardará 
Vamos para o lar 
 "
459,Cada Dia Mais Perto,Adoração e Louvor | Graça e Salvação | Lar e Família | Segunda Vinda e Esperança,1 Tessalonicenses 4:16-17; Apocalipse 1:7; João 14:1-3 | Efésios 2:8-9; João 3:16; 1 João 1:9 | Josué 24:15; Efésios 6:1-4 | Salmos 150:1-6; Apocalipse 4:8; Salmos 95:1-2,https://www.youtube.com/watch?v=00FyQOvinS4,Tito 2:13,A Doutrina dos Últimos Eventos,A Segunda Vinda de Cristo,Valdecir Simões Lima,Lineu Formighieri Soares,"Quando o mundo chega ao fim de sua história 
Já sem brilho, sem beleza e sem luz 
Nossa vida já aguarda a nova glória 
A esperança está na volta de Jesus 
  A tristeza se transforma em alegria 
Ao sentir que vem do Céu a eterna luz 
Cada dia bem mais perto desse dia 
Cada dia bem mais perto de Jesus 
  Quanto almejo ver Jesus naquele dia 
Pai querido, Rei eterno, Salvador! 
Toda luz que Sua face irradia 
Mostra ao mundo o poder de seu amor 
  A tristeza se transforma em alegria 
Ao sentir que vem do Céu a eterna luz 
Cada dia bem mais perto desse dia 
Cada dia bem mais perto de Jesus 
  A esperança está na volta de Jesus 
 "
460,Decidi Olhar Pra O Amanhã,Adoração e Louvor | Crianças e Jovens | Lar e Família | Segunda Vinda e Esperança,1 Tessalonicenses 4:16-17; Apocalipse 1:7; João 14:1-3 | Josué 24:15; Efésios 6:1-4 | Mateus 19:14; Provérbios 22:6 | Salmos 150:1-6; Apocalipse 4:8; Salmos 95:1-2,https://www.youtube.com/watch?v=v4FahDb_EuM,Apocalipse 22:20,A Doutrina dos Últimos Eventos,A Segunda Vinda de Cristo,David Huntsinger,David Huntsinger,"Decidi olhar pra o amanhã 
Olhar pra o amanhã 
E assim vou permanecer em pé 
Pondo em Deus a minha fé 
Jamais hei de desistir 
Até que chegue o fim 
Decidi olhar pra o amanhã 
Olhar pra o amanhã 
  Decidi no trilho estreito andar 
No trilho estreito andar 
Pois eu sei que o tempo bem perto está 
Sei que logo vai chegar 
E assim estarei em pé 
Até que chegue o fim 
Decidi no trilho estreito andar 
No trilho estreito andar 
  Ora, vem, Jesus Cristo 
Me leva para o lar! 
Eu já vislumbro a glória 
Quero muito lá chegar 
  Quando o Filho do Homem aparecer 
Trombetas vão soar 
Jesus em glória descerá 
Para os santos Seus buscar 
E, junto aos remidos, nós 
Iremos para o Céu 
O Filho do Homem voltará 
Em breve voltará 
  Ora, vem, Jesus Cristo 
Me leva para o lar! 
Eu já vislumbro a glória 
Quero muito lá chegar 
 "
461,Jesus Precisa Voltar,"Espírito Santo | Graça e Salvação | Oração e Comunhão | Palavra de Deus e Lei | Paz, Cuidado e Confiança | Segunda Vinda e Esperança | Sábado e Criação",1 Tessalonicenses 4:16-17; Apocalipse 1:7; João 14:1-3 | 1 Tessalonicenses 5:17; Mateus 7:7; Filipenses 4:6 | Efésios 2:8-9; João 3:16; 1 João 1:9 | João 14:16-17; Atos 2:1-4 | Salmos 119:105; 2 Timóteo 3:16; Salmos 19:7 | Salmos 23:1-4; João 14:27; Salmos 46:1 | Êxodo 20:8-11; Gênesis 2:2-3,https://www.youtube.com/watch?v=BkwPPB2tjOI,Mateus 24:12-14,A Doutrina dos Últimos Eventos,A Segunda Vinda de Cristo,Jader D. Santos,Jader D. Santos,"No coração do homem existe Deus 
Pois cada célula que existe surgiu de Deus 
Embora não pareça 
Embora a gente se esqueça 
Das santas mãos de Deus viemos 
E para lá nós voltaremos 
O mundo é sorrateiro cruel e mau 
Se opõe ao Reino que é eterno e instala o caos 
Quebranta os mandamentos 
Desfaz a lei que é santa e pura 
Pois troca o certo pelo errado 
Coloca tudo do avesso 
  Jesus precisa voltar! 
Jesus precisa voltar! 
A natureza está clamando 
A criação está gritando 
Jesus precisa voltar! 
Jesus precisa voltar! 
Queremos ver os anjos 
Trombetas ressoando 
Queremos ver Jesus nas nuvens do céu 
  Eu olho pra mim mesmo e tento achar 
Explicação pras minhas quedas e meu pecar 
O bem que quero não faço 
O mal que abomino tanto 
Está ali ao meu alcance 
Constantemente me chamando 
O medo me persegue por onde vou 
A falta de amor é grande, nos dá pavor 
O Espírito do Eterno 
Aos poucos vai Se afastando 
Os ventos fortes da maldade 
Com toda fúria estão soprando 
  Jesus precisa voltar! 
Jesus precisa voltar! 
A natureza está clamando 
A criação está gritando 
Jesus precisa voltar! 
Jesus precisa voltar! 
Queremos ver os anjos 
Trombetas ressoando 
Queremos ver Jesus nas nuvens do céu 
  As profecias já apontam: Chegou o fim! 
A triste história do passado chegou ao seu final 
O amor e a verdade triunfarão 
A paz e a justiça pra sempre reinarão 
  Jesus precisa voltar! 
Jesus precisa voltar! 
A natureza está clamando 
A criação está gritando 
Jesus precisa voltar! 
Jesus precisa voltar! 
Queremos ver os anjos 
Trombetas ressoando 
Queremos ver Jesus nas nuvens do céu 
  Queremos ver Jesus quando Ele voltar 
 "
462,Será de Manhã?,Adoração e Louvor | Graça e Salvação | Lar e Família | Sacrifício e Redenção | Segunda Vinda e Esperança,1 Tessalonicenses 4:16-17; Apocalipse 1:7; João 14:1-3 | Efésios 2:8-9; João 3:16; 1 João 1:9 | Isaías 53:4-5; Romanos 5:8; Hebreus 9:22 | Josué 24:15; Efésios 6:1-4 | Salmos 150:1-6; Apocalipse 4:8; Salmos 95:1-2,https://www.youtube.com/watch?v=7GMgx-h-vCw,"Marcos 13:35, 36",A Doutrina dos Últimos Eventos,A Segunda Vinda de Cristo,H. L. Turner,James McGranahan,"Será de manhã no começo do dia? 
Será quando a luz seu fulgor irradia 
Que Cristo há de vir com os anjos da glória 
Receber deste mundo os Seus? 
  Oh, Jesus Salvador, Senhor! 
Quando vamos cantar: 
Cristo volta, aleluia aleluia, amém! 
Aleluia, amém! 
  Será de manhã ou será pela tarde? 
Também pode ser que as trevas da noite 
Se tornem na luz desse brilho de glória 
Quando Cristo os Seus receber 
  Oh, Jesus Salvador, Senhor! 
Quando vamos cantar: 
Cristo volta, aleluia aleluia, amém! 
Aleluia, amém! 
  Oh! graça sem fim quando a morte vencida 
E Cristo Jesus revestir-nos de vida 
E formos então habitar lá na glória 
Nesse lar que Jesus preparou 
  Oh, Jesus Salvador, Senhor! 
Quando vamos cantar: 
Cristo volta, aleluia aleluia, amém! 
Aleluia, amém! 
 "
463,Espero a Manhã Gloriosa,Graça e Salvação | Lar e Família | Segunda Vinda e Esperança,1 Tessalonicenses 4:16-17; Apocalipse 1:7; João 14:1-3 | Efésios 2:8-9; João 3:16; 1 João 1:9 | Josué 24:15; Efésios 6:1-4,https://www.youtube.com/watch?v=2Ms2z4tj1EU,1 Tessalonicenses 4:16-18,A Doutrina dos Últimos Eventos,A Segunda Vinda de Cristo,W. G. Irvin,James H. Fillmore,"Espero a manhã gloriosa 
O bendito alvorecer 
Quando as mágoas e tristezas 
Desta vida eu esquecer 
  Eu aguardo esperançoso 
Meu Jesus aqui voltar 
Eu espero as boas-vindas 
De Jesus, na praia de outro mar 
  Eu estou já bem cansado 
Dos embates do viver 
Mas, quando isso for passado 
Galardão hei de receber 
  Eu aguardo esperançoso 
Meu Jesus aqui voltar 
Eu espero as boas-vindas 
De Jesus, na praia de outro mar 
  Eu aguardo fervoroso 
O retorno do Senhor 
E prossigo esperançoso 
Para o lar de eterno amor 
  Eu aguardo esperançoso 
Meu Jesus aqui voltar 
Eu espero as boas-vindas 
De Jesus, na praia de outro mar 
  Espero encontrar queridos 
Na mansão celestial 
Receber do Mestre amado 
Um abraço fraternal 
  Eu aguardo esperançoso 
Meu Jesus aqui voltar 
Eu espero as boas-vindas 
De Jesus, na praia de outro mar 
 "
464,Não Desistir,Segunda Vinda e Esperança,1 Tessalonicenses 4:16-17; Apocalipse 1:7; João 14:1-3,https://www.youtube.com/watch?v=c9JfsHZ5Ark,Mateus 24:10-13,A Doutrina dos Últimos Eventos,A Segunda Vinda de Cristo,Chuck Fulmore,Chuck Fulmore,"Dias há, bem sei 
Em que triste te sentes 
Sem ter esperança e prazer 
Mas existe Alguém 
Que promete ajudar-te 
E forças à alma trazer 
  Não desistir! Cristo vem logo! 
Breve a aurora há de raiar! 
Não desistir! Cristo vem logo! 
Não desistir! Ele virá! 
  Este mundo, eu sei 
Já não vai muito longe 
E o mal vai em breve findar 
Minha fé em Deus 
Sim, está bem firmada: 
Jesus logo vai regressar 
  Não desistir! Cristo vem logo! 
Breve a aurora há de raiar! 
Não desistir! Cristo vem logo! 
Não desistir! Ele virá! 
 "
465,O Dia Não Sei,Adoração e Louvor | Oração e Comunhão | Palavra de Deus e Lei | Segunda Vinda e Esperança | Sábado e Criação,1 Tessalonicenses 4:16-17; Apocalipse 1:7; João 14:1-3 | 1 Tessalonicenses 5:17; Mateus 7:7; Filipenses 4:6 | Salmos 119:105; 2 Timóteo 3:16; Salmos 19:7 | Salmos 150:1-6; Apocalipse 4:8; Salmos 95:1-2 | Êxodo 20:8-11; Gênesis 2:2-3,https://www.youtube.com/watch?v=uZ2pD2W0DXM,Mateus 24:36,A Doutrina dos Últimos Eventos,A Segunda Vinda de Cristo,Franklin E. Belden,Franklin E. Belden,"O dia não sei do regresso do Esposo 
Mas, pelos sinais sigo esperançoso 
Pois logo virá esse evento glorioso 
Mas o dia não sei 
  Cristo vem! 
Vigiemos, oremos! Ele vem 
Aleluia! Aleluia! Sobre nuvens virá 
Com os anjos da glória 
Mas o dia não sei 
  Os crentes verão pela Santa Escritura 
Que não tardará nossa eterna ventura 
Olhemos, então para a glória futura 
Mas o dia não sei 
  Cristo vem! 
Vigiemos, oremos! Ele vem 
Aleluia! Aleluia! Sobre nuvens virá 
Com os anjos da glória 
Mas o dia não sei 
  Orar, vigiar, eis a necessidade 
Bem firmes os pés na bendita verdade 
Descanso haverá na celeste cidade 
Mas o dia não sei 
  Cristo vem! 
Vigiemos, oremos! Ele vem 
Aleluia! Aleluia! Sobre nuvens virá 
Com os anjos da glória 
Mas o dia não sei 
 "
466,Um Pouco Mais,"Graça e Salvação | Lar e Família | Oração e Comunhão | Paz, Cuidado e Confiança",1 Tessalonicenses 5:17; Mateus 7:7; Filipenses 4:6 | Efésios 2:8-9; João 3:16; 1 João 1:9 | Josué 24:15; Efésios 6:1-4 | Salmos 23:1-4; João 14:27; Salmos 46:1,https://www.youtube.com/watch?v=2wem-qNP3yg,Apocalipse 22:20,A Doutrina dos Últimos Eventos,A Segunda Vinda de Cristo,Fernando Iglesias,Ricardo Ost Damm Martins,"Mais uma vez escureceu 
E o sol se pôs no coração 
Eu já não pude suportar 
Senti saudades do meu lar 
Orei a Deus em aflição 
A Ele abri meu coração 
Foi quando alguém tocou em mim 
E ouvi Jesus dizer assim 
  É só um pouco mais um pouquinho mais 
Logo irei aí te buscar 
Há amor real há um rio de paz 
Há um céu que Deus chamou de lar 
  Mais uma vez amanheceu 
O sol da fé em mim nasceu 
E quando eu penso em desistir 
Jesus me chama e diz assim: 
  É só um pouco mais um pouquinho mais 
Logo irei aí te buscar 
Há amor real há um rio de paz 
Há um céu que Deus chamou de lar 
 "
467,Até Quando?,Graça e Salvação | Igreja e Comunhão | Lar e Família | Oração e Comunhão | Segunda Vinda e Esperança,1 Tessalonicenses 4:16-17; Apocalipse 1:7; João 14:1-3 | 1 Tessalonicenses 5:17; Mateus 7:7; Filipenses 4:6 | Efésios 2:8-9; João 3:16; 1 João 1:9 | Josué 24:15; Efésios 6:1-4 | Salmos 133:1; Hebreus 10:25,https://www.youtube.com/watch?v=PHRLFJoaIXQ,Apocalipse 6:10,A Doutrina dos Últimos Eventos,A Segunda Vinda de Cristo,Jader D. Santos,Jader D. Santos,"Outro dia desses me perguntei 
Da volta do meu Senhor 
E, do fundo da alma, eu supliquei 
Que seja hoje mesmo, por favor! 
  Até quando, Senhor? 
Até quando nós teremos que esperar? 
Até quando, Senhor? 
Até quando nós teremos que chorar? 
Apressa esse dia, apressa 
O mais que puderes, ó Pai 
Pois nós já estamos cansados 
Cansados da luta e da dor 
  Segura-nos sempre em Teus braços 
E afaga-nos com Tua mão 
E, enquanto esse dia não chega 
Nos dá o amor dos irmãos 
Vem logo, Senhor, vem logo! 
Vem logo, Senhor! 
Amém! 
 "
468,Quase no Lar,Adoração e Louvor | Graça e Salvação | Lar e Família | Missão e Serviço | Oração e Comunhão | Segunda Vinda e Esperança,1 Tessalonicenses 4:16-17; Apocalipse 1:7; João 14:1-3 | 1 Tessalonicenses 5:17; Mateus 7:7; Filipenses 4:6 | Efésios 2:8-9; João 3:16; 1 João 1:9 | Josué 24:15; Efésios 6:1-4 | Mateus 28:19-20; Isaías 6:8; Marcos 16:15 | Salmos 150:1-6; Apocalipse 4:8; Salmos 95:1-2,https://www.youtube.com/watch?v=pmHkUUEsbPM,Romanos 13:11,A Doutrina dos Últimos Eventos,A Segunda Vinda de Cristo,Jader D. Santos,Jader D. Santos,"No arraial dos santos 
Ouvem-se muitas vozes 
Estão felizes cantando 
Em celebração 
Alguns estão pregando 
Outros vão ensinando 
Mas o amor é o tom da canção 
  Estamos quase no lar 
Quase no lar 
Falta pouco tempo 
Pra esse dia chegar 
Estamos quase no lar 
Quase no lar 
Com Jesus viveremos 
Nas mansões celestiais 
  Jesus está voltando 
Vamos falar a todos 
Enfim está chegando 
A libertação 
Devemos Ter coragem 
De viver a mensagem 
Que foi plantada lá no coração 
  Estamos quase no lar 
Quase no lar 
Falta pouco tempo 
Pra esse dia chegar 
Estamos quase no lar 
Quase no lar 
Com Jesus viveremos 
Nas mansões celestiais 
  Vamos dar as mãos 
E juntos vamos prosseguir 
No poder de Deus 
Vitória vamos conseguir 
  Estamos quase no lar 
Quase no lar 
Falta pouco tempo 
Pra esse dia chegar 
Estamos quase no lar 
Quase no lar 
Com Jesus viveremos 
Com Jesus viveremos 
Com Jesus viveremos 
Nas mansões celestiais 
 "
469,Enquanto Ele Não Vem,Lar e Família | Oração e Comunhão | Palavra de Deus e Lei | Sacrifício e Redenção | Segunda Vinda e Esperança,1 Tessalonicenses 4:16-17; Apocalipse 1:7; João 14:1-3 | 1 Tessalonicenses 5:17; Mateus 7:7; Filipenses 4:6 | Isaías 53:4-5; Romanos 5:8; Hebreus 9:22 | Josué 24:15; Efésios 6:1-4 | Salmos 119:105; 2 Timóteo 3:16; Salmos 19:7,https://www.youtube.com/watch?v=3AFtQj-ZbXU,Hebreus 10:23-25,A Doutrina dos Últimos Eventos,A Segunda Vinda de Cristo,Jader D. Santos,Jader D. Santos,"As palavras de Jesus ainda ecoam 
No Universo e dentro do meu coração 
Foram ditas pelo Mestre há tanto tempo 
Mas são tão incrivelmente atuais 
Quando vejo as notícias, vejo o mundo 
Quase a ponto de se desintegrar 
Eu me lembro da promessa tão preciosa 
De que Cristo, muito em breve, vai voltar 
  Mas, enquanto Ele não vem, sigo esperando 
Enquanto Ele não vem, sigo com fé 
Levanto os meus olhos para o alto 
O meu coração me diz: Ele está vindo 
E vivo os meus dias pensando: Pode ser hoje 
Talvez um dia ou dois depois de amanhã 
O que importa saber é que Ele volta 
E vem pra recolher os que já são Seus 
  Meu maior desejo um dia é abraçá-Lo 
E lançar-me a Seus pés em gratidão 
Contemplá-Lo face a face como os anjos 
E tocar as mãos feridas lá na cruz 
Quando penso que esse dia está chegando 
Quando o mal já não mais existirá 
Eu me animo e renovo as minhas forças 
Na certeza de que o Céu será meu lar 
  Mas, enquanto Ele não vem, sigo esperando 
Enquanto Ele não vem, sigo com fé 
Levanto os meus olhos para o alto 
O meu coração me diz: Ele está vindo 
E vivo os meus dias pensando: Pode ser hoje 
Talvez um dia ou dois depois de amanhã 
O que importa saber é que Ele volta 
E vem pra recolher os que já são Seus 
  E vem pra recolher os que já são Seus 
 "
470,Rocha Eterna,"Adoração e Louvor | Graça e Salvação | Lar e Família | Paz, Cuidado e Confiança | Sacrifício e Redenção",Efésios 2:8-9; João 3:16; 1 João 1:9 | Isaías 53:4-5; Romanos 5:8; Hebreus 9:22 | Josué 24:15; Efésios 6:1-4 | Salmos 150:1-6; Apocalipse 4:8; Salmos 95:1-2 | Salmos 23:1-4; João 14:27; Salmos 46:1,https://www.youtube.com/watch?v=GAEJzMMk2WQ,Isaías 26:4,A Doutrina dos Últimos Eventos,Morte e Ressurreição,Augustus M. Toplady,Thomas Hastings,"Rocha eterna, meu Jesus 
Tu morreste lá na cruz! 
Vem de Ti poder real 
Para me livrar do mal! 
Traz as bênçãos do perdão: 
Paz, conforto e salvação 
  Nem as obras nem penar 
Poderão alguém salvar 
Mas só Tu meu bom Jesus 
Podes dar-me vida e luz 
Peço a Ti perdão, Senhor 
Pois confio em Teu amor 
  Eis que vem a morte atrás 
Desta vida tão fugaz 
Quando ao lar do Céu subir 
E Teu rosto em glória vir 
Rocha eterna, que prazer 
Eu terei de em Ti viver! 
 "
471,Porque Ele Vive,Crianças e Jovens | Graça e Salvação | Sacrifício e Redenção,Efésios 2:8-9; João 3:16; 1 João 1:9 | Isaías 53:4-5; Romanos 5:8; Hebreus 9:22 | Mateus 19:14; Provérbios 22:6,https://www.youtube.com/watch?v=0doKHQReQH4,João 14:19,A Doutrina dos Últimos Eventos,Morte e Ressurreição,"Gloria Gaither, William J. Gaither",William J. Gaither,"Deus enviou Seu Filho amado 
Para sofrer em meu lugar 
Na cruz morreu mas vivo agora está 
Pois ressurgiu e para sempre viverá 
  Porque Ele vive posso crer no amanhã 
Porque Ele vive temor não há 
Eu sei que minha vida não será mais vã 
Pois meu futuro em Suas mãos agora está 
  Quão grato é viver com Cristo 
E desfrutar Seu doce amor 
E certo estar de Sua proteção 
Nos dias calmos ou nas horas de aflição 
  Porque Ele vive posso crer no amanhã 
Porque Ele vive temor não há 
Eu sei que minha vida não será mais vã 
Pois meu futuro em Suas mãos agora está 
  E quando, enfim chegar a hora 
De aqui cessar o meu viver 
Não temerei pois Cristo vivo está 
E eu viverei, pois vida nova me dará 
  Porque Ele vive posso crer no amanhã 
Porque Ele vive temor não há 
Eu sei que minha vida não será mais vã 
Pois meu futuro em Suas mãos agora está 
 "
472,"Ó Alegrai-vos, Filhos De Sião",Adoração e Louvor | Crianças e Jovens | Lar e Família | Sacrifício e Redenção,Isaías 53:4-5; Romanos 5:8; Hebreus 9:22 | Josué 24:15; Efésios 6:1-4 | Mateus 19:14; Provérbios 22:6 | Salmos 150:1-6; Apocalipse 4:8; Salmos 95:1-2,https://www.youtube.com/watch?v=TmkQmQ04aQk,1 Coríntios 15:54-57,A Doutrina dos Últimos Eventos,Morte e Ressurreição,Edmond L. Budry,Georg F. Händel,"Ó alegrai-vos, filhos de Sião! 
Eis que vem raiando vossa redenção 
Honras e louvores dai ao Rei do Céu 
Pois a própria morte Ele já venceu! 
  Ó alegrai-vos filhos de Sião! 
Eis que vem raiando vossa redenção! 
  Glória ao nome santo de Jesus 
Que, ressuscitando triunfou em luz 
Anjos poderosos cheios de esplendor 
Deram glória a Cristo o Conquistador! 
  Ó alegrai-vos filhos de Sião! 
Eis que vem raiando vossa redenção! 
  Ó Rei eterno nosso grande Deus 
Já venceste a morte já estás nos Céus! 
Mais que vencedores faze-nos também 
E Te louvaremos lá no lar de além! 
  Ó alegrai-vos filhos de Sião! 
Eis que vem raiando vossa redenção! 
 "
473,Morte e Ressurreição,Adoração e Louvor | Oração e Comunhão | Palavra de Deus e Lei | Sacrifício e Redenção,1 Tessalonicenses 5:17; Mateus 7:7; Filipenses 4:6 | Isaías 53:4-5; Romanos 5:8; Hebreus 9:22 | Salmos 119:105; 2 Timóteo 3:16; Salmos 19:7 | Salmos 150:1-6; Apocalipse 4:8; Salmos 95:1-2,https://www.youtube.com/watch?v=3eJVVZc_Dss,João 11:25,A Doutrina dos Últimos Eventos,Morte e Ressurreição,Mário Jorge Lima,Clayton A. Nunes,"Deus pôs a eternidade 
No coração do homem 
Por isso, jamais a morte 
Veremos com destemor 
""Eu vim pra que tenham vida 
E a tenham em abundância"" 
Palavras maravilhosas do Salvador 
  E, quando o pecado veio 
Seu preço foi muito alto: 
A alma que aqui pecasse 
Teria que, então, morrer 
Mas Cristo pagou o preço 
Na cruz pelos nossos erros 
Sua morte nos deu a chance 
De assim viver 
  ""Eu sou a ressurreição 
Em Mim tenho a própria vida 
Aquele que crer em Mim 
Ainda que morra, viverá 
É certo que estive morto 
Mas vivo pra todo o sempre 
A chave da sepultura Comigo está."" 
  A vida é como um sopro 
E a morte é como um sono 
Acabam os pensamentos 
Não há mais recordação 
Das obras nós descansamos 
Das dores e sofrimentos 
Não há mais louvor nem sonhos no coração 
  A morte nos entristece 
E traz lágrimas e saudades 
É o último inimigo 
Que Cristo irá vencer 
Se Cristo voltou da morte 
Aqueles que Nele dormem 
Com Ele, ressurgirão 
Pra não mais morrer 
  ""Eu sou a ressurreição 
Em Mim tenho a própria vida 
Aquele que crer em Mim 
Ainda que morra, viverá 
É certo que estive morto 
Mas vivo pra todo o sempre 
A chave da sepultura Comigo está."" 
 "
474,Eu Espero,Sacrifício e Redenção | Segunda Vinda e Esperança | Sábado e Criação,1 Tessalonicenses 4:16-17; Apocalipse 1:7; João 14:1-3 | Isaías 53:4-5; Romanos 5:8; Hebreus 9:22 | Êxodo 20:8-11; Gênesis 2:2-3,https://www.youtube.com/watch?v=JgMloBodNr0,"1 Coríntios 15:51, 52",A Doutrina dos Últimos Eventos,Morte e Ressurreição,Guilherme Schlichting,Guilherme Schlichting,"A vida é tão passageira 
A cada instante tantos vêm e vão 
Entre a chegada e a partida 
Nós seguimos nesta vida 
As pegadas que o Mestre nos deixou 
  Vivemos na doce esperança 
De em breve encontrarmos nosso Salvador 
Mas, se a morte me levar 
Sei que será tal como um sono 
E em breve eu verei enfim, meu Deus 
  Eu espero logo ouvir 
O meu nome Ele chamar 
Ver milhares de todos os tempos 
Dos sepulcros levantar 
O que parecia o fim 
É apenas o começo 
Do que preparou pra mim 
Desde a criação do mundo 
É o Éden restaurado 
Pra vivermos para sempre com Deus 
 "
475,Se Não Houver Amanhã,Graça e Salvação | Lar e Família | Segunda Vinda e Esperança,1 Tessalonicenses 4:16-17; Apocalipse 1:7; João 14:1-3 | Efésios 2:8-9; João 3:16; 1 João 1:9 | Josué 24:15; Efésios 6:1-4,https://www.youtube.com/watch?v=7Kszrnmsozg,Eclesiastes 9:5,A Doutrina dos Últimos Eventos,Morte e Ressurreição,Jair Alberto da Silva,Jair Alberto da Silva,"Se não houver o amanhã 
Se o sol não nascer 
E o vento parar de soprar sobre nós 
Se não ouvir mais o mar 
O cantar dos pardais 
Nem puder ver as nuvens no céu a passar 
  Dormindo ali estarei esperando meu Rei 
A chamar-me com amor 
Me avisando que o dia mais lindo já chegou 
Agora posso ouvir posso ver e sorrir 
E pra sempre viver 
Sem mais nada a temer 
E assim bem feliz eu serei 
Quando chegar o amanhã 
  Se eu não vir mais o sol 
Não mais vale o falar 
Perguntar ou querer e homenagens fazer 
Ali eu nada terei 
Só lembranças serei 
Na memória de quem eu um dia servi 
  Dormindo ali estarei esperando meu Rei 
A chamar-me com amor 
Me avisando que o dia mais lindo já chegou 
Agora posso ouvir posso ver e sorrir 
E pra sempre viver 
Sem mais nada a temer 
E assim bem feliz eu serei 
Quando chegar o amanhã 
 "
476,Hei de Ver,"Adoração e Louvor | Graça e Salvação | Lar e Família | Oração e Comunhão | Paz, Cuidado e Confiança | Sacrifício e Redenção | Segunda Vinda e Esperança",1 Tessalonicenses 4:16-17; Apocalipse 1:7; João 14:1-3 | 1 Tessalonicenses 5:17; Mateus 7:7; Filipenses 4:6 | Efésios 2:8-9; João 3:16; 1 João 1:9 | Isaías 53:4-5; Romanos 5:8; Hebreus 9:22 | Josué 24:15; Efésios 6:1-4 | Salmos 150:1-6; Apocalipse 4:8; Salmos 95:1-2 | Salmos 23:1-4; João 14:27; Salmos 46:1,https://www.youtube.com/watch?v=varJ50douf4,1 Tessalonicenses 4:16-18,A Doutrina dos Últimos Eventos,Morte e Ressurreição,Eddie Schultz Henrique,Eddie Schultz Henrique,"É difícil tentar explicar 
A saudade de alguém que se foi 
As lembranças felizes que ora vêm e vão 
Não conseguem preencher o vazio e a dor 
Mas conforto me vem ao pensar 
Na certeza da ressurreição 
Os que dormem em Cristo 
Logo irão despertar 
Que esperança há em meu coração! 
  Hei de ver meus queridos 
Quando Cristo voltar 
Que sublime alegria será 
Quando Cristo Jesus a trombeta tocar! 
Nunca mais morte ou dor haverá 
  O pecado um preço deixou 
Que na cruz meu Jesus já pagou 
Tenho paz na jornada pois seguro estou 
Redimido já fui por Seu grande amor 
Os que um dia dormiram na fé 
Hão de ouvir o chamado afinal 
Vão subir, entre as nuvens 
Com o Rei dos reis 
Para o encontro tão feliz e eternal 
  Hei de ver meus queridos 
Quando Cristo voltar 
Que sublime alegria será 
Quando Cristo Jesus a trombeta tocar! 
Nunca mais morte ou dor haverá 
  Ao subir com os anjos para o lar celestial 
Com remidos na Glória estarei 
  Hei de ver meus queridos 
Quando Cristo voltar 
Que sublime alegria será 
Quando Cristo Jesus a trombeta tocar! 
Nunca mais morte ou dor haverá 
 "
477,Face a Face,Adoração e Louvor | Graça e Salvação | Lar e Família | Segunda Vinda e Esperança,1 Tessalonicenses 4:16-17; Apocalipse 1:7; João 14:1-3 | Efésios 2:8-9; João 3:16; 1 João 1:9 | Josué 24:15; Efésios 6:1-4 | Salmos 150:1-6; Apocalipse 4:8; Salmos 95:1-2,https://www.youtube.com/watch?v=4zeJehRh790,1 Coríntios 13:12,A Doutrina dos Últimos Eventos,O Milênio e o Fim do Pecado,Carrie E. Breck,Grant C. Tullar,"Quanto almejo ver a Cristo 
Ver-Lhe o rosto, que prazer 
Quando enfim, no lar eterno 
Poderei pra sempre O ver 
  Face a face eu hei de vê-Lo 
Quando vier em glória e luz 
Face a face lá na glória 
Hei de ver meu bom Jesus 
  Quase posso contemplá-Lo 
Vejo como por um véu 
Mas desejo em breve vê-Lo 
Face a face lá no Céu! 
  Face a face eu hei de vê-Lo 
Quando vier em glória e luz 
Face a face lá na glória 
Hei de ver meu bom Jesus 
  Oh, que encanto estar com Cristo 
Onde já não há mais dor 
Livre de qualquer perigo 
Desfrutando Seu amor! 
  Face a face eu hei de vê-Lo 
Quando vier em glória e luz 
Face a face lá na glória 
Hei de ver meu bom Jesus 
  Face a face, que alegria 
Há de ser viver assim 
Vendo o rosto tão querido 
De quem morto foi por mim! 
  Face a face eu hei de vê-Lo 
Quando vier em glória e luz 
Face a face lá na glória 
Hei de ver meu bom Jesus 
 "
478,"Sim, Glória Haverá No Final",Adoração e Louvor | Graça e Salvação | Segunda Vinda e Esperança,1 Tessalonicenses 4:16-17; Apocalipse 1:7; João 14:1-3 | Efésios 2:8-9; João 3:16; 1 João 1:9 | Salmos 150:1-6; Apocalipse 4:8; Salmos 95:1-2,https://www.youtube.com/watch?v=49eMmsTDmgQ,Isaías 65:17-19,A Doutrina dos Últimos Eventos,O Milênio e o Fim do Pecado,Franklin E. Belden,Franklin E. Belden,"Findo o labor, que prazer sem-par 
Pra quem por Cristo aqui lutar 
Levar os molhos que ganhar 
Para ti, Jerusalém! 
  Sim, glória haverá no final 
Sim, glória sublime eternal 
Oh, quanto prazer quanto amor 
Lá no Céu junto ao Senhor! 
  Doces canções entoaremos lá 
Grato louvor a Jeová 
Eternamente se ouvirá 
Lá em ti, Jerusalém! 
  Sim, glória haverá no final 
Sim, glória sublime eternal 
Oh, quanto prazer quanto amor 
Lá no Céu junto ao Senhor! 
  Puro e bendito o prazer será 
Lindas mansões sim, haverá 
Cristo conosco Se achará 
Lá em ti, Jerusalém! 
  Sim, glória haverá no final 
Sim, glória sublime eternal 
Oh, quanto prazer quanto amor 
Lá no Céu junto ao Senhor! 
 "
479,Herdeiro Do Reino,Adoração e Louvor | Crianças e Jovens | Lar e Família,Josué 24:15; Efésios 6:1-4 | Mateus 19:14; Provérbios 22:6 | Salmos 150:1-6; Apocalipse 4:8; Salmos 95:1-2,https://www.youtube.com/watch?v=1p34cF7xJo0,Romanos 13:11,A Doutrina dos Últimos Eventos,O Milênio e o Fim do Pecado,Desconhecido,Lowell Mason,"Ó tu, herdeiro do reino celeste 
Por que tu dormes tão perto do lar? 
Logo desperta e veste a armadura 
Vais a vitória por Cristo ganhar 
  Grandes potências ordenam suas forças 
Para o combate final decidir 
Ouve à distância o ruído dos carros 
Filho do reino não queiras dormir! 
  Não te detenham prazeres terrenos 
Pois bem depressa terão de passar! 
Rompe as cadeias que ao mundo te prendem 
Vem logo a Cristo que te há de salvar! 
  Nele confia, esperando Sua glória 
Ergue tua fronte está vindo o Senhor 
Lá no horizonte já rompe a alvorada 
Filho do reino transborda em louvor 
 "
480,O Eterno Lar,"Graça e Salvação | Igreja e Comunhão | Lar e Família | Paz, Cuidado e Confiança | Segunda Vinda e Esperança | Sábado e Criação",1 Tessalonicenses 4:16-17; Apocalipse 1:7; João 14:1-3 | Efésios 2:8-9; João 3:16; 1 João 1:9 | Josué 24:15; Efésios 6:1-4 | Salmos 133:1; Hebreus 10:25 | Salmos 23:1-4; João 14:27; Salmos 46:1 | Êxodo 20:8-11; Gênesis 2:2-3,https://www.youtube.com/watch?v=COAEdwOHpn0,Hebreus 10:35-37,A Doutrina dos Últimos Eventos,O Milênio e o Fim do Pecado,Eliza E. Hewitt,Eliza E. Hewitt,"Ó irmãos, cantai nesta peregrinação 
Dentro em pouco iremos para o lar 
Vai então raiar nossa eterna redenção 
Dentro em pouco iremos para o lar 
  Dentro em breve, sim 
Dentro em breve, sim 
Estaremos lá no lar 
Sim, depois de o mar 
Deste mundo atravessar 
Nós iremos para o eterno lar 
  Vamos, pois, fazer o que está à nossa mão 
Dentro em pouco iremos para o lar 
Cada dia Deus nos será a salvação 
Dentro em pouco iremos para o lar 
  Dentro em breve, sim 
Dentro em breve, sim 
Estaremos lá no lar 
Sim, depois de o mar 
Deste mundo atravessar 
Nós iremos para o eterno lar 
  Há descanso, paz e alívio afinal 
Dentro em pouco iremos para o lar! 
Não há pranto ou dor na cidade celestial 
Dentro em pouco iremos para o lar! 
  Dentro em breve, sim 
Dentro em breve, sim 
Estaremos lá no lar 
Sim, depois de o mar 
Deste mundo atravessar 
Nós iremos para o eterno lar 
 "
481,No Celeste Lar Glorioso,"Adoração e Louvor | Lar e Família | Paz, Cuidado e Confiança",Josué 24:15; Efésios 6:1-4 | Salmos 150:1-6; Apocalipse 4:8; Salmos 95:1-2 | Salmos 23:1-4; João 14:27; Salmos 46:1,https://www.youtube.com/watch?v=x7wEQ7q-_xM,Apocalipse 21:9-27,A Doutrina dos Últimos Eventos,O Milênio e o Fim do Pecado,Philip P. Bliss,Philip P. Bliss,"No celeste lar glorioso 
Da Jerusalém de Deus 
Eu espero mui ansioso 
Encontrar queridos meus 
Lá hei de rever amigos 
Que me amavam como irmão 
E que aguardam no jazigo 
A feliz ressurreição 
  Oh, vem tu também comigo 
Vamos a Jerusalém! 
Pois a ti, ó meu amigo 
Quero ali rever também 
  Lá anseio ver amados 
Que inda aqui em erro estão 
Pois Jesus, o Advogado 
Inda faz intercessão 
Lá desejo ouvir louvores 
De teus lábios meu irmão 
Quando, após terrestres dores 
Nós cantarmos em Sião 
  Oh, vem tu também comigo 
Vamos a Jerusalém! 
Pois a ti, ó meu amigo 
Quero ali rever também 
  Quando lá no lar divino 
Ao teu lado eu caminhar 
Que alegria, meu amigo 
Que prazer tão singular! 
Vamos ver o Mestre amado 
Sua glória e Sua luz 
Lá seremos abraçados 
Pelo santo e bom Jesus 
  Oh, vem tu também comigo 
Vamos a Jerusalém! 
Pois a ti, ó meu amigo 
Quero ali rever também 
 "
482,Junto ao Rio Jordão,Graça e Salvação | Lar e Família | Sacrifício e Redenção,Efésios 2:8-9; João 3:16; 1 João 1:9 | Isaías 53:4-5; Romanos 5:8; Hebreus 9:22 | Josué 24:15; Efésios 6:1-4,https://www.youtube.com/watch?v=kn0zFi5orMU,Isaías 65:17-19,A Doutrina dos Últimos Eventos,O Milênio e o Fim do Pecado,Samuel Stennett,Tulius C. O’Kane,"Bem junto estou ao rio Jordão 
E lanço além o olhar 
Saudoso estou e anseio herdar 
Meu doce, doce lar 
  Eu irei descansar no eterno lar 
Quando enfim transpuser o rio Jordão 
Com os salvos sempre poderei me alegrar 
Cantando a minha redenção 
  Já farto estou de tanta dor 
Dos males e dos ais 
A morte ali no lar de amor 
Não entra nunca mais 
  Eu irei descansar no eterno lar 
Quando enfim transpuser o rio Jordão 
Com os salvos sempre poderei me alegrar 
Cantando a minha redenção 
  Apressa, ó Deus o reino Teu 
Não tardes mais, Senhor! 
Eu quero já subir ao Céu 
Meu doce lar de amor 
  Eu irei descansar no eterno lar 
Quando enfim transpuser o rio Jordão 
Com os salvos sempre poderei me alegrar 
Cantando a minha redenção 
 "
483,Vamos Ver Jesus Ali,"Lar e Família | Oração e Comunhão | Paz, Cuidado e Confiança | Segunda Vinda e Esperança",1 Tessalonicenses 4:16-17; Apocalipse 1:7; João 14:1-3 | 1 Tessalonicenses 5:17; Mateus 7:7; Filipenses 4:6 | Josué 24:15; Efésios 6:1-4 | Salmos 23:1-4; João 14:27; Salmos 46:1,https://www.youtube.com/watch?v=US64k5we5s0,"Mateus 25:31, 34",A Doutrina dos Últimos Eventos,O Milênio e o Fim do Pecado,Lewis E. Jones,Lewis E. Jones,"Se infeliz é a vida neste mundo mau 
Vamos, sim, deixá-la um dia 
Para ir morar no lar celestial 
Onde tudo é mui feliz 
  Vamos ver Jesus ali 
Sua santa paz fruir 
E com Ele estar, Seu rosto contemplar 
E alegria desfrutar 
  A vitória eterna que Jesus nos dá 
Vamos recebê-la um dia 
Ao findar a luta calma nos virá 
Onde tudo é mui feliz 
  Vamos ver Jesus ali 
Sua santa paz fruir 
E com Ele estar, Seu rosto contemplar 
E alegria desfrutar 
  Todos os remidos se conhecerão 
Sim, ali no Céu, um dia 
Na harmonia santa sempre viverão 
Onde tudo é mui feliz 
  Vamos ver Jesus ali 
Sua santa paz fruir 
E com Ele estar, Seu rosto contemplar 
E alegria desfrutar 
 "
484,Além do Céu Azul,Lar e Família | Oração e Comunhão,1 Tessalonicenses 5:17; Mateus 7:7; Filipenses 4:6 | Josué 24:15; Efésios 6:1-4,https://www.youtube.com/watch?v=e6n44rxIuME,João 14:1-3,A Doutrina dos Últimos Eventos,O Milênio e o Fim do Pecado,Alfred B. Smith,Alfred B. Smith,"Além do céu azul 
Foi Jesus preparar 
Um lar pra dar a quem 
A vitória alcançar 
Desejo conseguir 
A vida no porvir 
Com fé no meu Senhor Jesus 
  Bem sei que eu, de mim 
Nada tenho pra dar 
Mas sei que meu Jesus 
Já me veio salvar 
Agora quero eu 
Ter fé no coração 
Até Seu rosto ver além 
 "
485,Estrelas Terei,"Adoração e Louvor | Lar e Família | Oração e Comunhão | Paz, Cuidado e Confiança",1 Tessalonicenses 5:17; Mateus 7:7; Filipenses 4:6 | Josué 24:15; Efésios 6:1-4 | Salmos 150:1-6; Apocalipse 4:8; Salmos 95:1-2 | Salmos 23:1-4; João 14:27; Salmos 46:1,https://www.youtube.com/watch?v=_o3lA-GuZdI,Daniel 12:3,A Doutrina dos Últimos Eventos,O Milênio e o Fim do Pecado,Eliza E. Hewitt,John R. Sweney,"Que prazer é pensar no meu lar celestial 
Onde irei habitar, afinal! 
Quando, enfim, por Jesus conseguir lá chegar 
Na coroa eu estrelas terei! 
  Na coroa de luz eu estrelas terei 
Quando o sol não aqui mais raiar! 
Quando Deus me levar para o reino dos Céus 
Na coroa eu estrelas terei! 
  No poder de Jesus vou orar e lutar 
Para o Céu muita gente guiar 
Quero, pois, receber nesse dia final 
A coroa de glória a brilhar 
  Na coroa de luz eu estrelas terei 
Quando o sol não aqui mais raiar! 
Quando Deus me levar para o reino dos Céus 
Na coroa eu estrelas terei! 
  Que alegria será a Jesus contemplar 
E a Seus pés com louvor adorar! 
Na cidade eternal minha glória será 
Receber a coroa a brilhar 
  Na coroa de luz eu estrelas terei 
Quando o sol não aqui mais raiar! 
Quando Deus me levar para o reino dos Céus 
Na coroa eu estrelas terei! 
 "
486,Até Então,Lar e Família | Oração e Comunhão | Sacrifício e Redenção | Segunda Vinda e Esperança,1 Tessalonicenses 4:16-17; Apocalipse 1:7; João 14:1-3 | 1 Tessalonicenses 5:17; Mateus 7:7; Filipenses 4:6 | Isaías 53:4-5; Romanos 5:8; Hebreus 9:22 | Josué 24:15; Efésios 6:1-4,https://www.youtube.com/watch?v=EmNa2mC1REU,Apocalipse 21:1-4,A Doutrina dos Últimos Eventos,O Milênio e o Fim do Pecado,Carl S. Hamblen,Carl S. Hamblen,"Meu coração alegre hoje canta 
Ao relembrar que as dores cessarão 
Virá o fim a este mundo escuro 
Meu lar será nas terras de Sião 
  Mas, té então, eu seguirei cantando 
Té então, contente eu hei de estar 
Até o dia em que a cidade eu veja 
E ouça Deus chamar-me ao lar 
  A morte e a dor não mais pavor nos trazem 
Pois eu bem sei que em breve findarão 
De todo o mal que aqui nos faz trementes 
Ao recordar os salvos sorrirão 
  Mas, té então, eu seguirei cantando 
Té então, contente eu hei de estar 
Até o dia em que a cidade eu veja 
E ouça Deus chamar-me ao lar 
 "
487,Primeiro Quero Ver Meu Salvador,Adoração e Louvor | Graça e Salvação | Lar e Família,Efésios 2:8-9; João 3:16; 1 João 1:9 | Josué 24:15; Efésios 6:1-4 | Salmos 150:1-6; Apocalipse 4:8; Salmos 95:1-2,https://www.youtube.com/watch?v=szamXjWAEso,Isaías 25:9,A Doutrina dos Últimos Eventos,O Milênio e o Fim do Pecado,John W. Peterson,John W. Peterson,"No céu existe muita coisa que eu anseio ver 
Suas mil belezas glórias e esplendor 
Mas antes de fruir de tais delícias o prazer 
Primeiro quero ver meu Salvador 
  Primeiro quero ver meu Salvador 
Sim, antes dos queridos ao redor 
E então por longos dias 
Que doces alegrias! 
Mas quero ver primeiro o Salvador 
  As ruas de ouro eu quero ver, e o brilho dos portais 
Eu quero ver as cortes celestiais 
A árvore da vida e o lindo rio do Senhor 
Mas quero ver primeiro o Salvador 
  Primeiro quero ver meu Salvador 
Sim, antes dos queridos ao redor 
E então por longos dias 
Que doces alegrias! 
Mas quero ver primeiro o Salvador 
  Eu quero ver mamãe e estar com ela no jardim 
Lembrar o que vivemos com amor 
Queridos quero ver os quais partiram antes, sim 
Mas quero ver primeiro o Salvador 
  Primeiro quero ver meu Salvador 
Sim, antes dos queridos ao redor 
E então por longos dias 
Que doces alegrias! 
Mas quero ver primeiro o Salvador 
 "
488,Eu vou para o Céu,Adoração e Louvor | Lar e Família | Segunda Vinda e Esperança,1 Tessalonicenses 4:16-17; Apocalipse 1:7; João 14:1-3 | Josué 24:15; Efésios 6:1-4 | Salmos 150:1-6; Apocalipse 4:8; Salmos 95:1-2,https://www.youtube.com/watch?v=_xNrYww0OBY,"Mateus 24:7, 14",A Doutrina dos Últimos Eventos,O Milênio e o Fim do Pecado,Evaldo Vicente,Evaldo Vicente,"Podemos ver sinais do fim 
Na terra e no mar 
Doenças, fome, guerra e dor 
Angústia entre as nações 
Mas em meio a tanta aflição 
Começo a me alegrar 
Pois eu sei que se aproxima 
Nossa redenção 
  Eu vou para o céu e já não demora 
Minha espera logo vai terminar 
Decidi que sou de Jesus pra sempre 
E nada poderá me abalar 
Nada! 
Logo Cristo virá 
E eu vou para o céu 
  É reino contra reino 
Nação contra nação 
Aumento de maldade 
De ódio e traição 
Hoje, agora é o tempo de guardar 
Bem firme a nossa fé 
Na bendita esperança 
Da promessa de Jesus 
  Eu vou para o céu e já não demora 
Minha espera logo vai terminar 
Decidi que sou de Jesus pra sempre 
E nada poderá me abalar 
Nada! 
Logo Cristo virá 
E eu vou para o céu 
  Logo veremos numa nuvem 
Cristo retornar 
Cheio de glória honra e poder 
Virá buscar quem for fiel 
  Eu vou para o céu e já não demora 
Minha espera logo vai terminar 
Decidi que sou de Jesus pra sempre 
E nada poderá me abalar 
Nada! 
Logo Cristo virá 
E eu vou para o céu Pois Cristo virá 
Minha espera vai terminar! 
Logo Cristo virá 
E eu vou para o céu 
 "
489,Cristo Foi Preparar Um Lugar,"Adoração e Louvor | Graça e Salvação | Lar e Família | Paz, Cuidado e Confiança | Segunda Vinda e Esperança | Sábado e Criação",1 Tessalonicenses 4:16-17; Apocalipse 1:7| Efésios 2:8-9; João 3:16; 1 João 1:9 | Josué 24:15; Efésios 6:1-4 | Salmos 150:1-6; Apocalipse 4:8; Salmos 95:1-2 | Salmos 23:1-4; João 14:27; Salmos 46:1 | Êxodo 20:8-11; Gênesis 2:2-3,https://www.youtube.com/watch?v=jAxb3hDo4x8,João 14:1-3,A Doutrina dos Últimos Eventos,O Milênio e o Fim do Pecado,Dewitt C. Huntington,Tulius C. O’Kane,"Cristo foi preparar um lugar 
No celeste país do Senhor 
Onde, em breve teremos um lar 
Onde só reinarão paz e amor 
Lá no Céu, lá no Céu 
Cristo foi preparar um lugar 
Lá no Céu, lá no Céu 
No celeste país do Senhor 
  Estaremos ali com Jesus 
Desfrutando sem fim Seu amor 
Na perene morada de luz 
Inefável jardim do Senhor 
Lá no Céu, lá no Céu 
Estaremos ali com Jesus 
Lá no Céu, lá no Céu 
Desfrutando sem fim Seu amor 
  Nesse lar tão feliz e eternal 
O pecado jamais há de entrar 
Só há glória e pureza real 
Lá os salvos com Cristo hão de estar 
Lá no Céu, lá no Céu 
Nesse lar tão feliz e eternal 
Lá no Céu, lá no Céu 
Acharemos descanso afinal 
 "
490,Tão Grato Me é Lembrar,"Graça e Salvação | Lar e Família | Oração e Comunhão | Paz, Cuidado e Confiança | Segunda Vinda e Esperança | Sábado e Criação",1 Tessalonicenses 4:16-17; Apocalipse 1:7; João 14:1-3 | 1 Tessalonicenses 5:17; Mateus 7:7; Filipenses 4:6 | Efésios 2:8-9; João 3:16; 1 João 1:9 | Josué 24:15; Efésios 6:1-4 | Salmos 23:1-4; João 14:27; Salmos 46:1 | Êxodo 20:8-11; Gênesis 2:2-3,https://www.youtube.com/watch?v=8A0dsuOgLyg,Hebreus 10:35-37,A Doutrina dos Últimos Eventos,O Milênio e o Fim do Pecado,Phoebe Cary,Phillip Phillips,"Tão grato me é lembrar 
Que cada dia estou 
Mais perto do celeste lar 
Em que morar eu vou! 
  Cada vez mais 
Perto do lar 
Perto do meu eterno lar 
Em que morar eu vou 
  Em breve vou partir 
Para onde não há dor 
Eterna vida vou fruir 
Naquele lar de amor 
  Cada vez mais 
Perto do lar 
Perto do meu eterno lar 
Em que morar eu vou 
  Oh, quando ali chegar 
Que dia tão feliz! 
Descanso e paz irei achar 
Naquele bom país 
  Cada vez mais 
Perto do lar 
Perto do meu eterno lar 
Em que morar eu vou 
 "
491,Há um Rio Cristalino,Adoração e Louvor | Crianças e Jovens | Graça e Salvação | Segunda Vinda e Esperança,1 Tessalonicenses 4:16-17; Apocalipse 1:7; João 14:1-3 | Efésios 2:8-9; João 3:16; 1 João 1:9 | Mateus 19:14; Provérbios 22:6 | Salmos 150:1-6; Apocalipse 4:8; Salmos 95:1-2,https://www.youtube.com/watch?v=Co7KPOxg-5k,Apocalipse 22:1,A Doutrina dos Últimos Eventos,A Nova Terra,Robert Lowry,Robert Lowry,"Há um rio cristalino 
Em que os santos beberão 
Corre do divino trono 
Manancial da salvação 
  Sim, às margens desse rio 
Na mansão de glória e luz 
Com os santos cantaremos 
Em louvor ao Rei Jesus! 
  Antes que daquele rio 
Formos todos desfrutar 
A justiça e santidade 
Vai Jesus nos outorgar 
  Sim, às margens desse rio 
Na mansão de glória e luz 
Com os santos cantaremos 
Em louvor ao Rei Jesus! 
  Breve nosso Rei divino 
Põe um fim à nossa dor 
Vamos todos junto ao rio 
Desfrutar o Seu amor 
  Sim, às margens desse rio 
Na mansão de glória e luz 
Com os santos cantaremos 
Em louvor ao Rei Jesus! 
 "
492,Lar Feliz,Lar e Família | Oração e Comunhão,1 Tessalonicenses 5:17; Mateus 7:7; Filipenses 4:6 | Josué 24:15; Efésios 6:1-4,https://www.youtube.com/watch?v=V4Ve-KPG6mQ,João 14:1-3,A Doutrina dos Últimos Eventos,A Nova Terra,Sanford F. Bennett,Joseph P. Webster,"Eu avisto uma terra feliz 
Onde irei para sempre morar 
Há mansões nesse lindo país 
Que Jesus foi no Céu preparar 
  Vou morar, vou morar 
Nesse lar perenal e feliz 
Vou morar, vou morar 
Nesse lar perenal e feliz 
  Cantarei nesse lindo país 
Belos hinos ao meu Salvador 
Pois ali viverei bem feliz 
Sem temor, sem tristeza nem dor 
  Vou cantar, vou cantar 
Nesse lar perenal e feliz 
Vou cantar, vou cantar 
Nesse lar perenal e feliz 
  Deixarei este mundo afinal 
Para ir a Jesus adorar 
Nesse lar mui feliz eternal 
Com Jesus para sempre hei de estar 
  Hei de estar, hei de estar 
Nesse lar perenal e feliz 
Hei de estar, hei de estar 
Nesse lar perenal e feliz 
 "
493,Almejo o Lar,"Crianças e Jovens | Lar e Família | Paz, Cuidado e Confiança | Segunda Vinda e Esperança",1 Tessalonicenses 4:16-17; Apocalipse 1:7; João 14:1-3 | Josué 24:15; Efésios 6:1-4 | Mateus 19:14; Provérbios 22:6 | Salmos 23:1-4; João 14:27; Salmos 46:1,https://www.youtube.com/watch?v=ddjCguUcCU4,Apocalipse 21:1-4,A Doutrina dos Últimos Eventos,A Nova Terra,Friedrich K. von Gerok,Josephine Lang,"Almejo o lar paterno lar amado 
De meu Jesus ao peito estar 
Bem longe andar do mundo e do pecado 
No perenal e doce lar 
Com sonhos mil eu comecei na lida 
Um só, de todos resta, em minha vida 
Meu peito arde em forte desejar: 
Almejo o lar, almejo o lar 
  Almejo o lar, almejo o lar 
Almejo o lar, o lindo e eterno lar 
Saudoso estou e canto em triste exílio: 
Almejo o lar, o doce lar! 
  Almejo o lar eu vi, em doce sonho 
País melhor, a pátria além 
Mansões, jardins e tudo tão risonho 
Refulge à luz, à paz e ao bem! 
No mundo aqui, as flores se murcharam 
As aves já seu ninho abandonaram 
E a alma geme em triste suspirar: 
Almejo o lar, almejo o lar 
  Almejo o lar, almejo o lar 
Almejo o lar, o lindo e eterno lar 
Saudoso estou e canto em triste exílio: 
Almejo o lar, o doce lar! 
  Almejo o lar o barco busca o porto 
As águas do regato o mar 
O filho volta à mãe pra achar conforto 
Eu quero ir também ao lar 
Em meu viver, em riso ou desventura 
Também cantei e o eco só perdura 
Qual triste voz em dor a soluçar: 
Almejo o lar, almejo o lar 
  Almejo o lar, almejo o lar 
Almejo o lar, o lindo e eterno lar 
Saudoso estou e canto em triste exílio: 
Almejo o lar, o doce lar! 
 "
494,Doce Lar,"Adoração e Louvor | Graça e Salvação | Lar e Família | Paz, Cuidado e Confiança | Sacrifício e Redenção | Segunda Vinda e Esperança",1 Tessalonicenses 4:16-17; Apocalipse 1:7; João 14:1-3 | Efésios 2:8-9; João 3:16; 1 João 1:9 | Isaías 53:4-5; Romanos 5:8; Hebreus 9:22 | Josué 24:15; Efésios 6:1-4 | Salmos 150:1-6; Apocalipse 4:8; Salmos 95:1-2 | Salmos 23:1-4; João 14:27; Salmos 46:1,https://www.youtube.com/watch?v=ILf6xg2sqhQ,Mateus 25:34,A Doutrina dos Últimos Eventos,A Nova Terra,William Hunter,Salvation Army Music– I,"À terra nós vamos dos fiéis e dos santos 
País de glória infinda de bênçãos e luz 
Já estamos cansados de andar pelas trevas 
Ao lar em breve iremos com Cristo Jesus 
  Doce lar! Doce lar! 
Doce lar! Doce lar! 
No lar habitaremos com o nosso Jesus 
  Não entram desgostos neste lar, nem tristeza 
Só paz e alegria ali reinarão 
Em nosso caminho vamos muito animados 
Pois Cristo, nosso Mestre nos deu salvação 
  Doce lar! Doce lar! 
Doce lar! Doce lar! 
No lar habitaremos com o nosso Jesus 
  Sigamos avante para o lar bem contentes 
E sempre exaltando a história da cruz 
Já vemos a terra com os seus lindos campos 
Ali nós viveremos com nosso Jesus 
  Doce lar! Doce lar! 
Doce lar! Doce lar! 
No lar habitaremos com o nosso Jesus 
 "
495,Glória Perene,"Adoração e Louvor | Graça e Salvação | Paz, Cuidado e Confiança",Efésios 2:8-9; João 3:16; 1 João 1:9 | Salmos 150:1-6; Apocalipse 4:8; Salmos 95:1-2 | Salmos 23:1-4; João 14:27; Salmos 46:1,https://www.youtube.com/watch?v=yqvOpAcE_EE,Mateus 25:34,A Doutrina dos Últimos Eventos,A Nova Terra,Charles H. Gabriel,Charles H. Gabriel,"Quando meu tempo de lutas passar 
Quando meu Mestre vier me buscar 
Grato, perante Ele então me prostrar 
Glória perene será para mim 
  Sim, há de ser glória pra mim 
Glória pra mim! Glória pra mim! 
Quando puder o Seu rosto mirar 
Oh! há de ser grande glória pra mim 
  Quando, na graça do Seu grande amor 
Eu alcançar o infinito favor 
De ir para perto do meu Salvador 
Glória perene será para mim! 
  Sim, há de ser glória pra mim 
Glória pra mim! Glória pra mim! 
Quando puder o Seu rosto mirar 
Oh! há de ser grande glória pra mim 
  Muitos amigos ali hei de achar 
Paz, alegria prazer bem-estar 
Mas, quando meu Salvador me saudar 
Glória perene será para mim! 
  Sim, há de ser glória pra mim 
Glória pra mim! Glória pra mim! 
Quando puder o Seu rosto mirar 
Oh! há de ser grande glória pra mim 
 "
496,Além do Rio,"Adoração e Louvor | Igreja e Comunhão | Oração e Comunhão | Paz, Cuidado e Confiança",1 Tessalonicenses 5:17; Mateus 7:7; Filipenses 4:6 | Salmos 133:1; Hebreus 10:25 | Salmos 150:1-6; Apocalipse 4:8; Salmos 95:1-2 | Salmos 23:1-4; João 14:27; Salmos 46:1,https://www.youtube.com/watch?v=iAAbWePVmEo,"Salmo 46:4, 5",A Doutrina dos Últimos Eventos,A Nova Terra,Jader D. Santos,Jader D. Santos,"Tenho ouvido de uma Terra linda, encantada 
De um lugar onde a felicidade é total 
Os meus olhos já divisam não tão distante 
Meus ouvidos já escutam sons divinais 
Tão cansado estou da vida aqui deste lado 
Que meus braços quase já não podem remar 
Calejados e feridos por tantos dias 
Querem bálsamo naquele porto encontrar 
  Além do rio existe um lugar pra mim 
Além do rio existe paz 
Além do rio a vida não terá mais fim 
E com Jesus irei morar 
  Tenho já sonhado com aquelas moradas 
Que olho algum aqui não viu e nunca verá 
Têm beleza incapaz de ser comparada 
Pois a glória do Senhor presente está 
Muito mais bonito que o sol no poente 
Ou a gota d'água em prisma, como cristal 
É o encontro de irmãos de fé, redimidos 
Compensou viver lutar, vencer afinal 
  Além do rio existe um lugar pra mim 
Além do rio existe paz 
Além do rio a vida não terá mais fim 
E com Jesus irei morar 
 "
497,Inda é Longe Canaã?,"Graça e Salvação | Lar e Família | Paz, Cuidado e Confiança",Efésios 2:8-9; João 3:16; 1 João 1:9 | Josué 24:15; Efésios 6:1-4 | Salmos 23:1-4; João 14:27; Salmos 46:1,https://www.youtube.com/watch?v=0d0q6B-BuUA,Deuteronômio 31:6-8,A Doutrina dos Últimos Eventos,A Nova Terra,George F. Root,George F. Root,"O caminho é longo e mau e nossos pés feridos são 
Inda é longe Canaã? Inda é longe Canaã? 
No deserto anelamos mais de Deus a proteção 
Estará inda longe Canaã? 
  'Stamos fracos tão cansados! 
Já viajamos por desertos sob um Sol abrasador! 
'Stamos fracos tão cansados! 
Estará inda longe Canaã? 
  Nós seguimos por desertos o caminho do cristão 
Inda é longe Canaã? Inda é longe Canaã? 
Quantas vezes é escassa nossa água e nosso pão! 
Estará inda longe Canaã? 
  'Stamos fracos tão cansados! 
Já viajamos por desertos sob um Sol abrasador! 
'Stamos fracos tão cansados! 
Estará inda longe Canaã? 
  Quantas vezes ansiamos por um lar de paz e amor! 
Inda é longe Canaã? Inda é longe Canaã? 
Onde não há mais tristezas não mais lutas não mais dor 
Estará inda longe Canaã? 
  'Stamos fracos tão cansados! 
Já viajamos por desertos sob um Sol abrasador! 
'Stamos fracos tão cansados! 
Estará inda longe Canaã? 
 "
498,Lindo País,"Lar e Família | Paz, Cuidado e Confiança | Sacrifício e Redenção",Isaías 53:4-5; Romanos 5:8; Hebreus 9:22 | Josué 24:15; Efésios 6:1-4 | Salmos 23:1-4; João 14:27; Salmos 46:1,https://www.youtube.com/watch?v=OV4K75Rb-OI,Isaías 65:17-19,A Doutrina dos Últimos Eventos,A Nova Terra,João José de Oliveira,Melodia Tradicional Irlandesa,"Há um país nas terras de além rio 
Cheio de flores de prazer e luz 
É destinado ao povo resgatado 
Lá não teremos lutas nem mais cruz 
Pois é ali que a morte não mais entra 
Nem mais pecado o brilho tirará 
Jesus, o Rei dessas mansões tão lindas 
Os salvos todos com prazer abraçará 
  Lindo país! Eu vejo a brisa mansa 
Acariciar campinas e jardins 
E embalar as palmas prateadas 
Dos perfumados vales com jasmins 
E quando o Sol se põe no horizonte 
Eu julgo ver em sonhos este lar 
Vejo os amigos já ressuscitados 
E todos nós o nosso bom Jesus louvar 
 "
499,Mansão Sobre o Monte,Crianças e Jovens | Lar e Família | Segunda Vinda e Esperança,1 Tessalonicenses 4:16-17; Apocalipse 1:7; João 14:1-3 | Josué 24:15; Efésios 6:1-4 | Mateus 19:14; Provérbios 22:6,https://www.youtube.com/watch?v=FZPXeVnQqYs,Isaías 11:6-9,A Doutrina dos Últimos Eventos,A Nova Terra,Ira F. Stanphill,Ira F. Stanphill,"Aguardo o dia de emoção sem-par 
No qual terei um belíssimo lar 
Entre colinas e vales formosos 
Donde se avista a cidade eternal 
  Terei uma casa no alto do monte 
Com flores lindas por todo o jardim 
Aves cantando nas copas frondosas 
Rejubilando na vida sem fim 
  Manhãs bem claras sem nuvens escuras 
O Sol radiante está sempre a brilhar 
Animaizinhos sem susto ou temores 
Entre crianças a correr e a brincar 
  Terei uma casa no alto do monte 
Com flores lindas por todo o jardim 
Aves cantando nas copas frondosas 
Rejubilando na vida sem fim 
 "
500,"Oh, Nunca Separar!",Lar e Família,Josué 24:15; Efésios 6:1-4,https://www.youtube.com/watch?v=Ua3zsO9-2X8,"Apocalipse 21:3, 4",A Doutrina dos Últimos Eventos,A Nova Terra,Isaac Watts,Timbrel of Zion,"Há um país de eterna luz 
É sempre dia lá 
E nessa pátria que reluz 
A noite findará 
  Marchamos para a terra além 
E vamos a Jerusalém 
Iremos com Jesus reinar 
E nunca mais nos separar 
Oh, nunca separar! 
Não, nunca separar! 
Oh, nunca separar! 
Não, nunca separar! 
Iremos com Jesus reinar 
E nunca mais nos separar! 
  Há sempre primavera lá 
Flores não murcharão 
Tão perto já de nós está 
A eternal mansão 
  Marchamos para a terra além 
E vamos a Jerusalém 
Iremos com Jesus reinar 
E nunca mais nos separar 
Oh, nunca separar! 
Não, nunca separar! 
Oh, nunca separar! 
Não, nunca separar! 
Iremos com Jesus reinar 
E nunca mais nos separar! 
  Já nós estamos qual Moisés 
Vendo o futuro lar 
E divisamos, pela fé 
A morada sem-par 
  Marchamos para a terra além 
E vamos a Jerusalém 
Iremos com Jesus reinar 
E nunca mais nos separar 
Oh, nunca separar! 
Não, nunca separar! 
Oh, nunca separar! 
Não, nunca separar! 
Iremos com Jesus reinar 
E nunca mais nos separar! 
 "
501,Para Além das Montanhas,"Adoração e Louvor | Graça e Salvação | Lar e Família | Paz, Cuidado e Confiança | Sacrifício e Redenção",Efésios 2:8-9; João 3:16; 1 João 1:9 | Isaías 53:4-5; Romanos 5:8; Hebreus 9:22 | Josué 24:15; Efésios 6:1-4 | Salmos 150:1-6; Apocalipse 4:8; Salmos 95:1-2 | Salmos 23:1-4; João 14:27; Salmos 46:1,https://www.youtube.com/watch?v=FlHMYuWZK0g,Isaías 65:17-19,A Doutrina dos Últimos Eventos,A Nova Terra,Charles P. Whitford,John R. Sweney,"Para além das montanhas no celeste lar 
A cidade santa nos espera já 
‘Stamos tão cansados de subir, galgar 
Mas, avante, sempre não desanimar! 
  Perto, sim, do lar! 
Perto, sim, do lar! 
Eis as luzes deste deslumbrante lar! 
E esplendores junto aos seus portais sem-par! 
Perto está o dia de rever Jesus 
E subir com Ele para a Sua luz! 
Perto, sim, do lar! 
  Os profetas antigos nos falaram já 
Da cidade bela de ouro e de cristal 
Já nos vêm vislumbres divisamos lá 
As mansões brilhantes como há nada igual 
  Perto, sim, do lar! 
Perto, sim, do lar! 
Eis as luzes deste deslumbrante lar! 
E esplendores junto aos seus portais sem-par! 
Perto está o dia de rever Jesus 
E subir com Ele para a Sua luz! 
Perto, sim, do lar! 
  Neste lar tão somente poderão entrar 
Os remidos pela graça de Jesus 
Nossas vozes juntas hão de ali vibrar 
Em louvor Àquele que morreu na cruz 
  Perto, sim, do lar! 
Perto, sim, do lar! 
Eis as luzes deste deslumbrante lar! 
E esplendores junto aos seus portais sem-par! 
Perto está o dia de rever Jesus 
E subir com Ele para a Sua luz! 
Perto, sim, do lar! 
  Para entrar neste lar de paz, amor e luz 
Uma terra linda, sem tristeza ou dor 
Aceitemos, pois a graça de Jesus 
E em Seu reino nos receberá co’amor 
  Perto, sim, do lar! 
Perto, sim, do lar! 
Eis as luzes deste deslumbrante lar! 
E esplendores junto aos seus portais sem-par! 
Perto está o dia de rever Jesus 
E subir com Ele para a Sua luz! 
Perto, sim, do lar! 
 "
502,Saudade,Crianças e Jovens | Lar e Família | Oração e Comunhão | Sacrifício e Redenção,1 Tessalonicenses 5:17; Mateus 7:7; Filipenses 4:6 | Isaías 53:4-5; Romanos 5:8; Hebreus 9:22 | Josué 24:15; Efésios 6:1-4 | Mateus 19:14; Provérbios 22:6,https://www.youtube.com/watch?v=RduBykShWsE,"Isaías 65:17, 18",A Doutrina dos Últimos Eventos,A Nova Terra,Fanny J. Crosby,Stephen C. Foster,"Da linda pátria estou bem longe 
Triste eu estou 
Eu tenho de Jesus saudade 
Quando será que vou? 
Passarinhos, belas flores 
Fazem-me almejar 
As maravilhas e esplendores 
Do meu celeste lar 
  Cristo me deu fiel promessa: 
Vem me buscar 
Meu coração está com pressa 
Eu quero já voar 
Meus pecados eram muitos 
E culpado sou 
Mas o seu sangue põe-me limpo 
E para a pátria vou 
  Qual filho, do seu lar, saudoso 
Eu quero ir 
Qual passarinho para o ninho 
Eu quero ao céu subir 
É fiel, a vinda é certa 
Quando, eu não sei 
Mas ele me achará alerta 
Com ele ao céu irei 
 "
503,Vale Do Éden Formoso,Graça e Salvação | Lar e Família,Efésios 2:8-9; João 3:16; 1 João 1:9 | Josué 24:15; Efésios 6:1-4,https://www.youtube.com/watch?v=uGY2V-go_x4,Isaías 51:3,A Doutrina dos Últimos Eventos,A Nova Terra,William O. Cushing,William F. Sherwin,"Vale do Éden formoso 
Pátria de amor e luz 
Deixas meu ser ansioso 
Para encontrar Jesus 
  Vale do Éden formoso 
Pátria que não tem par 
Oh, como eu me sinto saudoso 
De ti, meu eterno lar! 
  Cedo os nossos anseios 
Hão de se realizar 
Não mais teremos receios 
Nem aflições, pesar 
  Vale do Éden formoso 
Pátria que não tem par 
Oh, como eu me sinto saudoso 
De ti, meu eterno lar! 
  Junto ao trono divino 
Os salvos cantarão 
Doces acordes de um hino 
Que fala de perdão 
  Vale do Éden formoso 
Pátria que não tem par 
Oh, como eu me sinto saudoso 
De ti, meu eterno lar! 
 "
504,Mais Perto Desse Lar,Lar e Família | Palavra de Deus e Lei | Segunda Vinda e Esperança,1 Tessalonicenses 4:16-17; Apocalipse 1:7| Josué 24:15; Efésios 6:1-4 | Salmos 119:105; 2 Timóteo 3:16; Salmos 19:7,https://www.youtube.com/watch?v=JKzMvlzTQIs,João 14:1-3,A Doutrina dos Últimos Eventos,A Nova Terra,Níbia P. de Mayer,Níbia P. de Mayer,"A Bíblia assegura que Jesus 
Em breve com as nuvens voltará 
A Cristo iremos logo contemplar 
Pois perto estamos desse lar 
  Mais perto desse lar mais perto desse lar 
Mais perto estamos hoje de entrar no lar 
Mais perto desse lar mais perto desse lar 
Mais perto estamos hoje de entrar no novo lar 
  A obra nós devemos terminar 
Pois muitos precisamos alcançar 
Das boas-novas temos que falar 
Mais perto estamos desse lar 
  Mais perto desse lar mais perto desse lar 
Mais perto estamos hoje de entrar no lar 
Mais perto desse lar mais perto desse lar 
Mais perto estamos hoje de entrar no novo lar 
 "
505,Muito Além do Sol,Adoração e Louvor | Graça e Salvação | Lar e Família,Efésios 2:8-9; João 3:16; 1 João 1:9 | Josué 24:15; Efésios 6:1-4 | Salmos 150:1-6; Apocalipse 4:8; Salmos 95:1-2,https://www.youtube.com/watch?v=D_tT_5jcnU0,1 Coríntios 2:9,A Doutrina dos Últimos Eventos,A Nova Terra,Emiliano Ponce,Emiliano Ponce,"Mesmo que no mundo viva sem riqueza 
Sei que lá na glória eu terei mansão 
Em meu desespero cheio de tristeza 
O bondoso Cristo me estendeu a mão 
  Muito além do Sol muito além do Sol 
Está o meu lar, um belo lugar 
Muito além do Sol 
Muito além do Sol muito além do Sol 
Está o meu lar, um belo lugar 
Muito além do Sol 
  Sempre pelo mundo eu vou caminhando 
Enfrentando lutas prova e tentação 
Mas Jesus, meu Mestre que me fortalece 
Vai levar-me a salvo à real mansão 
  Muito além do Sol muito além do Sol 
Está o meu lar, um belo lugar 
Muito além do Sol 
Muito além do Sol muito além do Sol 
Está o meu lar, um belo lugar 
Muito além do Sol 
  Se está cansado deste mundo escuro 
Cristo lhe concede luz e salvação 
E também morada feita não por homens 
Na cidade santa, a real Sião 
  Muito além do Sol muito além do Sol 
Está o meu lar, um belo lugar 
Muito além do Sol 
Muito além do Sol muito além do Sol 
Está o meu lar, um belo lugar 
Muito além do Sol 
 "
506,Eu Não Preciso Mais Sonhar,"Adoração e Louvor | Graça e Salvação | Igreja e Comunhão | Lar e Família | Paz, Cuidado e Confiança",Efésios 2:8-9; João 3:16; 1 João 1:9 | Josué 24:15; Efésios 6:1-4 | Salmos 133:1; Hebreus 10:25 | Salmos 150:1-6; Apocalipse 4:8; Salmos 95:1-2 | Salmos 23:1-4; João 14:27; Salmos 46:1,https://www.youtube.com/watch?v=6X1wkIN-Cis,"Apocalipse 21:3, 4",A Doutrina dos Últimos Eventos,A Nova Terra,"Wanderson F. Paiva, Wendel Mattos",Wendel Mattos,"Sempre ouvi que existe um Céu 
Que meu Jesus preparou pra mim 
Mas nunca pude imaginar 
O que estava a me esperar 
Neste meu novo e lindo lar 
  Belos jardins lago de cristal 
Lindas mansões, vida eternal 
Flores que nunca murcharão 
Não há mais sombra do mal 
Um novo céu, um novo lar 
  Eu não preciso mais sonhar 
Posso abraçar o meu Jesus 
Posso tocar em Suas mãos: 
Ver as feridas do amor 
Eterno amor que me salvou 
  Quanta emoção quando encontrei 
Amigos e irmãos por quem sempre orei! 
E os que dormiram no Senhor 
Agora cantam, em louvor 
Glórias ao Rei, meu Salvador 
  Eu não preciso mais sonhar 
Posso abraçar o meu Jesus 
Posso tocar em Suas mãos: 
Ver as feridas do amor 
Eterno amor que me salvou 
 "
507,Jamais se Diz Adeus Ali,"Graça e Salvação | Lar e Família | Paz, Cuidado e Confiança | Segunda Vinda e Esperança",1 Tessalonicenses 4:16-17; Apocalipse 1:7; João 14:1-3 | Efésios 2:8-9; João 3:16; 1 João 1:9 | Josué 24:15; Efésios 6:1-4 | Salmos 23:1-4; João 14:27; Salmos 46:1,https://www.youtube.com/watch?v=kaM0Z4YIuTo,Isaías 65:17-19,A Doutrina dos Últimos Eventos,A Nova Terra,Azentia I. P. Chapman,John H. Tenney,"Quão bom, amigos meus é termos encontro aqui feliz 
Mas sempre vem a hora triste em que adeus se diz 
  Jamais se diz adeus ali 
Jamais se diz adeus 
No eterno lar de amor e paz 
Jamais se diz adeus 
  Quão doce é lembrarmos que quando Cristo aqui voltar 
Nós juntos viveremos pra nunca mais nos separar 
  Jamais se diz adeus ali 
Jamais se diz adeus 
No eterno lar de amor e paz 
Jamais se diz adeus 
  Não mais teremos dor e nem despedida lá no lar 
Mas grata união e paz nós iremos desfrutar 
  Jamais se diz adeus ali 
Jamais se diz adeus 
No eterno lar de amor e paz 
Jamais se diz adeus 
 "
508,Cristo Fez Tudo Muito Bom,Espírito Santo | Lar e Família | Palavra de Deus e Lei,Josué 24:15; Efésios 6:1-4 | João 14:16-17; Atos 2:1-4 | Salmos 119:105; 2 Timóteo 3:16; Salmos 19:7,https://www.youtube.com/watch?v=19pEqRVMq-I,Gênesis 1,Hinos Infantis,Infantis,Chuck Fulmore,Chuck Fulmore,"Cristo fez a chuva Cristo fez o Sol 
Cristo fez o dia cheio de prazer 
Na escura noite a Lua pôs 
E mil estrelas a brilhar 
  Cristo fez as aves com lindas canções 
Os lindos patinhos e os gatinhos fez 
Fez os coelhinhos a brincar 
E a vaquinha leite dar 
  Cristo fez as flores árvores também 
A suave brisa, o orvalho tão gentil 
Cristo fez a relva tão verdinha 
E fez o ar tão puro e bom 
  Cristo fez mamãe, papai e eu 
E o nosso lar que é tão feliz 
 "
509,A Criação,Sábado e Criação,Êxodo 20:8-11; Gênesis 2:2-3,https://www.youtube.com/watch?v=MVST2oE5nBE,Gênesis 1:1,Hinos Infantis,Infantis,Jonas Monteiro de Souza,Jonas Monteiro de Souza,"Deus fez a luz Deus fez a luz 
Deus fez a luz no primeiro dia 
Deus fez o ar Deus fez o ar 
Deus fez o ar no segundo dia 
  Deus fez a terra Deus fez o mar 
Deus fez as plantas no terceiro dia 
Deus fez o Sol Deus fez a Lua 
Fez as estrelas no quarto dia 
  Deus fez os peixes e os passarinhos 
E as borboletas no quinto dia 
Deus fez o homem e a mulher 
E os animais no sexto dia 
  Deus descansou Deus descansou 
Deus descansou no sétimo dia 
 "
510,Aquarela Do Senhor,Graça e Salvação,Efésios 2:8-9; João 3:16; 1 João 1:9,https://www.youtube.com/watch?v=X8hHMFhz2Pc,Gênesis 9:13,Hinos Infantis,Infantis,Jane Leitzke,Jane Leitzke,"Cor e amor se unem pra dizer 
Que há um Deus que tem muito poder 
Ao criar o mundo belo assim 
Fez por mim 
Também fez por você 
  Arco-íris multicor é aquarela do Senhor 
Há um poema de amor 
Em cada cor 
Arco-íris multicor é aquarela do Senhor 
Há um poema de amor 
Em cada cor 
  O verde das florestas o azul do imenso mar 
E a rosa amarela me inspiram a cantar 
A prata do luar o ouro do astro-rei 
Me falam que é sem fim 
O amor de Deus por mim 
  Arco-íris multicor é aquarela do Senhor 
Há um poema de amor 
Em cada cor 
Arco-íris multicor é aquarela do Senhor 
Há um poema de amor 
Em cada cor 
Há um poema de amor 
Em cada cor 
 "
511,Eu Sou Uma Obra de Arte,Graça e Salvação | Missão e Serviço | Sábado e Criação,Efésios 2:8-9; João 3:16; 1 João 1:9 | Mateus 28:19-20; Isaías 6:8; Marcos 16:15 | Êxodo 20:8-11; Gênesis 2:2-3,https://www.youtube.com/watch?v=-3419VrV8Vk,Salmo 8:4-6,Hinos Infantis,Infantis,Williams Costa Jr.,Williams Costa Jr.,"Eu sou uma obra de arte 
Criada por Jesus meu Senhor 
Eu fui modelado por Deus 
Num gesto de beleza e amor 
  Deus foi quem primeiro criou 
Música, forma e cor 
Deus foi o primeiro pintor 
Fez o mundo onde estou 
Deus foi o primeiro escultor 
Deus criou o mundo animal 
Deus criou os sons e os astros 
Fez o espaço sideral 
  Eu sou uma obra de arte 
Criada por Jesus meu Senhor 
Eu fui modelado por Deus 
Num gesto de beleza e amor 
  Dentre as criações de Jesus 
Ele me fez especial 
Deu-me inteligência pra ter 
Dons, talentos, potencial 
Quero enquanto eu existir 
Ter de Deus a inspiração 
Para ter a vida mostrando 
Seu amor na criação 
  Eu sou uma obra de arte 
Criada por Jesus meu Senhor 
Eu fui modelado por Deus 
Num gesto de beleza e amor 
  Num gesto de beleza e amor 
 "
512,Cada Dia,"Espírito Santo | Graça e Salvação | Paz, Cuidado e Confiança",Efésios 2:8-9; João 3:16; 1 João 1:9 | João 14:16-17; Atos 2:1-4 | Salmos 23:1-4; João 14:27; Salmos 46:1,https://www.youtube.com/watch?v=geb2ugQWBis,Salmo 19:1-4,Hinos Infantis,Infantis,Valdecir Simões Lima,Flavio Almeida Santos,"Cada dia que houver pra mim 
Cada ave a voar 
É motivo pra eu sorrir 
É razão pra cantar 
  Cada dia que houver pra mim 
Cada ave a voar 
É motivo pra eu sorrir 
É razão pra cantar 
  Eu não canso de olhar 
O horizonte sem fim 
A grandeza do mar 
Ou a paz de um jardim 
Sinto a chuva cair 
Sinto a brisa do ar 
Vejo a terra sorrir 
Vejo a vida chegar 
  Cada dia que houver pra mim 
Cada ave a voar 
É motivo pra eu sorrir 
É razão pra cantar 
  Cada dia ao nascer 
Traz no sol o seu calor 
Cada raio a brilhar 
É um poema de amor 
Eu não canso de ouvir 
Tantos sons pelo ar 
As canções dos pardais 
Ou a fonte a jorrar 
  Cada dia que houver pra mim 
Cada ave a voar 
É motivo pra eu sorrir 
É razão pra cantar 
 "
513,Ver Jesus Em Você,Crianças e Jovens | Sacrifício e Redenção,Isaías 53:4-5; Romanos 5:8; Hebreus 9:22 | Mateus 19:14; Provérbios 22:6,https://www.youtube.com/watch?v=elh4QZ-Fij4,1 Coríntios 11:1,Hinos Infantis,Infantis,"Rogério Sathler, Eddie Schultz Henrique",Eddie Schultz Henrique,"Posso ver Jesus no meu jardim 
Posso vê-Lo em uma flor 
Posso ver Jesus no amanhecer 
E ainda quando o sol se põe 
Posso ver Jesus em um olhar 
No sorriso de um bebê 
Posso ver Jesus em tudo aqui 
Mas quero vê-Lo em você 
  Somos espelho do mundo 
Pra refletir a Jesus 
E, através do nosso exemplo 
Mostrar o caminho da cruz 
Posso ver Jesus ao meu redor 
Basta apenas perceber 
Mas para mim o melhor há de ser 
Vê-lo sempre em você 
  Posso ver Jesus no céu azul 
Na imensidão do mar 
Posso ver Jesus nos passarinhos 
Tão felizes a cantar 
Posso ver Jesus ao observar 
As estrelas lá do céu 
Posso ver Jesus em tudo aqui 
Mas quero vê-Lo em você 
  Somos espelho do mundo 
Pra refletir a Jesus 
E, através do nosso exemplo 
Mostrar o caminho da cruz 
Posso ver Jesus ao meu redor 
Basta apenas perceber 
Mas para mim o melhor há de ser 
Vê-lo sempre em você 
  Vê-lo sempre em você 
 "
514,Fruto da Criação,Crianças e Jovens | Graça e Salvação | Lar e Família | Missão e Serviço | Oração e Comunhão | Sábado e Criação,1 Tessalonicenses 5:17; Mateus 7:7; Filipenses 4:6 | Efésios 2:8-9; João 3:16; 1 João 1:9 | Josué 24:15; Efésios 6:1-4 | Mateus 19:14; Provérbios 22:6 | Mateus 28:19-20; Isaías 6:8; Marcos 16:15 | Êxodo 20:8-11; Gênesis 2:2-3,https://www.youtube.com/watch?v=2w8AGdqCM0s,Salmo 95:6,Hinos Infantis,Infantis,Jane Leitzke,Jane Leitzke,"É tão bom sair correndo, respirando o puro ar, 
Saltitando no gramado ou no parque a pular 
Na verdade, tudo é lindo entre o céu e o mar 
Sim, Jesus fez este mundo por muito me amar 
  Fico olhando uma plantinha e começo a pensar: 
Como pode a sementinha germinar e brotar? 
Não duvide um segundo da existência de Deus 
Olhe bem a natureza, ela quer lhe provar 
  Sou tão feliz, por isso vivo a cantar 
Pois também eu sou um fruto da criação 
Ao me criar, Deus me fez com suas mãos 
E colocou amor no meu coração 
Amor no meu coração 
  Quando vejo um pardalzinho tão pequeno a voar 
Eu me lembro da promessa e Cristo não vai falhar 
Se das aves ele cuida de você vai cuidar 
Os seus filhos com carinho, ele vai amparar 
  Sou tão feliz por isso vivo a cantar 
Pois também eu sou um fruto da criação 
Ao me criar, Deus me fez com suas mãos 
E colocou amor no meu coração 
Amor no meu coração 
 "
515,Sabe Quantas Estrelinhas?,Graça e Salvação,Efésios 2:8-9; João 3:16; 1 João 1:9,https://www.youtube.com/watch?v=wXIENxBI5mA,Isaías 40:26,Hinos Infantis,Infantis,Wilhelm Hey,Melodia Tradicional Alemã,"Sabe quantas estrelinhas 
Lá no céu brilhando estão? 
Sabe quantas nuvenzinhas 
Pelo vasto mundo vão? 
Deus a todas tem contado 
E nenhuma tem faltado 
Pois a todas Ele vê 
Sim, a todas Ele vê 
  Sabe quantos passarinhos 
Voam livres pelo ar? 
Quantos peixes que não cansam 
Divertindo-se no mar? 
Ele cuida dos peixinhos 
E também dos passarinhos 
Com carinho e com amor 
Com carinho e com amor 
  Muitas são as criancinhas 
Que no mundo inteiro há 
Brincam sempre correm todas 
Para lá e para cá 
Pois Deus vê a cada uma 
Não Se esquece de nenhuma 
Ele ama a todos nós 
Ele ama a todos nós 
 "
516,Grande Artista,Adoração e Louvor | Graça e Salvação,Efésios 2:8-9; João 3:16; 1 João 1:9 | Salmos 150:1-6; Apocalipse 4:8; Salmos 95:1-2,https://www.youtube.com/watch?v=HjTn64jPYYQ,Salmo 134:3,Hinos Infantis,Infantis,Valdecir Simões Lima,Flavio Almeida Santos,"A natureza nos transmite 
Várias formas de expressão 
Cheiros, cores, movimentos 
Muitas formas, muitos sons 
Vejo arte em toda parte 
Vejo cor em cada som 
Tudo é tema de poesia 
Tudo é tema de canção 
  Impossível haver arte 
Sem haver um criador 
O Artista do Universo 
Nos criou com todo o amor 
Quando sinto o horizonte 
Se perder em meu olhar 
Sinto a mão do grande Artista 
Criador da terra e mar 
  A natureza nos transmite 
Várias formas de expressão 
Cheiros, cores, movimentos 
Muitas formas, muitos sons 
Vejo arte em toda parte 
Vejo cor em cada som 
Tudo é tema de poesia 
Tudo é tema de canção 
  Impossível haver arte 
Sem haver um criador 
O Artista do Universo 
Nos criou com todo o amor 
Quando sinto o horizonte 
Se perder em meu olhar 
Sinto a mão do grande Artista 
Criador da terra e mar 
 "
517,Meu Deus É Tão Grande,Vida Cristã e Devoção,Salmos 1:1-2; Provérbios 3:5-6,https://www.youtube.com/watch?v=mg2bP7sg-QM,"Salmo 24:1, 2",Hinos Infantis,Infantis,Desconhecido,Desconhecido,"Meu Deus é tão grande 
Tão forte e poderoso 
Pois tudo Ele pode fazer 
Meu Deus é tão grande 
Tão forte e poderoso 
Pois tudo Ele pode fazer 
  As montanhas são Dele 
E os vales também 
E as estrelas que brilham no céu 
As montanhas são Dele 
E os vales também 
E as estrelas e as flores também 
  Meu Deus é tão grande 
Tão forte e poderoso 
Pois tudo Ele pode fazer 
Meu Deus é tão grande 
Tão forte e poderoso 
Pois tudo Ele pode fazer 
  As montanhas são Dele 
E os vales também 
E as estrelas que brilham no céu 
As montanhas são Dele 
E os vales também 
E as estrelas e as flores também 
 "
518,O Dia Em Que Deus Criou o Mundo,Vida Cristã e Devoção,Salmos 1:1-2; Provérbios 3:5-6,https://www.youtube.com/watch?v=444SonCfdPE,Gênesis 1,Hinos Infantis,Infantis,Ariney Balthazar de Oliveira,Ariney Balthazar de Oliveira,"Eu sei que Deus criou 
O mundo em seis dias 
Por Sua voz tudo se formou 
Jesus falou, e então tudo apareceu 
Foi assim que Ele o mundo criou 
  Eu sei que Deus criou 
O mundo em seis dias 
Por Sua voz tudo se formou 
Jesus falou, e então tudo apareceu 
Foi assim que Ele o mundo criou 
  O dia e a noite 
Os rios, o sol e o mar 
Estrelas e planetas 
O céu azul e o ar 
  Eu sei que Deus criou 
O mundo em seis dias 
Por Sua voz tudo se formou 
Jesus falou, e então tudo apareceu 
Foi assim que Ele o mundo criou 
  Fez flores e florestas 
Fez peixes e animais 
Girafas muito enormes 
Tico-ticos e pardais 
  E quando terminou 
Olhou muito bem 
E viu que tudo era muito bom 
Jesus ficou feliz por tudo o que fez 
E os anjos cantaram: Amém! 
E os anjos cantaram: Amém! 
E os anjos cantaram: Amém! 
 "
519,O Amigo do Coração,"Oração e Comunhão | Paz, Cuidado e Confiança",1 Tessalonicenses 5:17; Mateus 7:7; Filipenses 4:6 | Salmos 23:1-4; João 14:27; Salmos 46:1,https://www.youtube.com/watch?v=ojukNBX0xRs,Provérbios 18:24,Hinos Infantis,Infantis,Sullivan Dutra,Sullivan Dutra,"Não é segredo 
Não há mistério 
Não conheço a tristeza 
Meu sorriso é sincero 
Vou contar o motivo 
Dessa minha euforia: 
Conheci um amigo 
Que é minha alegria 
  Vou te contar do meu Amigo 
Que está sempre comigo 
Meus segredos e aventuras 
Conto a Ele em oração 
Não há no mundo quem me faça 
Separar do meu Amigo 
Esse amigo é Jesus 
Amigo do coração 
  Não é segredo 
Não há mistério 
Não conheço a tristeza 
Meu sorriso é sincero 
Vou contar o motivo 
Dessa minha euforia: 
Conheci um amigo 
Que é minha alegria 
  Vou te contar do meu Amigo 
Que está sempre comigo 
Meus segredos e aventuras 
Conto a Ele em oração 
Não há no mundo quem me faça 
Separar do meu Amigo 
Esse amigo é Jesus 
Amigo do coração 
 "
520,Cristo é o Número Um,Oração e Comunhão,1 Tessalonicenses 5:17; Mateus 7:7; Filipenses 4:6,https://www.youtube.com/watch?v=GqqgbpjsANo,Mateus 6:33,Hinos Infantis,Infantis,Jane Leitzke,Jane Leitzke,"Um, dois, três, abra o seu coração 
Pois Cristo quer entrar 
Quatro, cinco, seis é Jesus outra vez 
Batendo à porta Ele está 
Sete, oito, nove, dez 
Quanto eu posso contar? 
Sei que posso ir contando até mil 
Mas Cristo é o número 
  Um, dois, três, abra o seu coração 
Pois Cristo quer entrar 
Quatro, cinco, seis é Jesus outra vez 
Batendo à porta Ele está 
Sete, oito, nove, dez 
Quanto eu posso contar? 
Sei que posso ir contando até mil 
Mas Cristo é o número um 
 "
521,O Espírito Santo,"Adoração e Louvor | Espírito Santo | Paz, Cuidado e Confiança",João 14:16-17; Atos 2:1-4 | Salmos 150:1-6; Apocalipse 4:8; Salmos 95:1-2 | Salmos 23:1-4; João 14:27; Salmos 46:1,https://www.youtube.com/watch?v=97vtuS9WXZc,João 16:13,Hinos Infantis,Infantis,Wanderson F. Paiva,Wanderson F. Paiva,"Nos caminhos da vida Por onde eu andar 
O Espírito Santo Me conduzirá 
Sua voz é meu guia Me traz o poder 
Ele é minha força Pra tudo vencer 
Amém, amém! 
 "
522,Eu Quero Esse Poder,Adoração e Louvor | Crianças e Jovens | Espírito Santo | Segunda Vinda e Esperança,1 Tessalonicenses 4:16-17; Apocalipse 1:7; João 14:1-3 | João 14:16-17; Atos 2:1-4 | Mateus 19:14; Provérbios 22:6 | Salmos 150:1-6; Apocalipse 4:8; Salmos 95:1-2,https://www.youtube.com/watch?v=cjw0Xd-BcIg,Joel 2:28,Hinos Infantis,Infantis,Jane Leitzke,Jane Leitzke,"Nas cenas finais deste mundo 
Muita gente vai se espantar 
Com o modo tão simples mas tão eficaz 
Que o Santo Espírito vai Se manifestar 
  Num futuro que está tão próximo 
Crianças serão revestidas 
Com o Santo Espírito 
Então proclamarão 
Que Jesus Cristo em breve virá 
  Crianças assim 
Pequenas como nós 
E jovens cristãos se encherão de poder 
Despertarão grande admiração 
Falando co'ardor que Jesus vai voltar! 
  Eu quero esse poder! 
Eu quero esse poder! 
Eu quero esse poder! 
Eu quero esse poder! 
  Crianças assim 
Pequenas como nós 
E jovens cristãos se encherão de poder 
Despertarão grande admiração 
Falando co'ardor que Jesus vai voltar! 
  Eu quero esse poder! 
Eu quero esse poder! 
Eu quero esse poder! 
Eu quero esse poder! 
 "
523,"Sim, Cristo me Ama",Graça e Salvação | Lar e Família | Palavra de Deus e Lei | Sacrifício e Redenção,Efésios 2:8-9; João 3:16; 1 João 1:9 | Isaías 53:4-5; Romanos 5:8; Hebreus 9:22 | Josué 24:15; Efésios 6:1-4 | Salmos 119:105; 2 Timóteo 3:16; Salmos 19:7,https://www.youtube.com/watch?v=7lR9ngghlhs,João 15:9,Hinos Infantis,Infantis,Anna B. Warner,William B. Bradbury,"Cristo me ama isso eu sei 
Pois a Bíblia assim me diz 
Por amor de mim morreu 
Vivo está por mim no Céu 
  Sim, Cristo me ama 
Sim, Cristo me ama 
Sim, Cristo me ama 
A Bíblia assim me diz 
  Meu Jesus me tem amor 
Ele é meu Salvador 
E desejo aqui mostrar 
Seu amor tão singular 
  Sim, Cristo me ama 
Sim, Cristo me ama 
Sim, Cristo me ama 
A Bíblia assim me diz 
  Meu Jesus comigo está 
E afinal me levará 
Para o lindo Céu de luz 
Pois me resgatou na cruz 
  Sim, Cristo me ama 
Sim, Cristo me ama 
Sim, Cristo me ama 
A Bíblia assim me diz 
 "
524,Jesus Me Quer Bem,Graça e Salvação | Lar e Família | Oração e Comunhão | Palavra de Deus e Lei,1 Tessalonicenses 5:17; Mateus 7:7; Filipenses 4:6 | Efésios 2:8-9; João 3:16; 1 João 1:9 | Josué 24:15; Efésios 6:1-4 | Salmos 119:105; 2 Timóteo 3:16; Salmos 19:7,https://www.youtube.com/watch?v=qQz-1FXuAmk,João 15:9,Hinos Infantis,Infantis,Philip P. Bliss,Philip P. Bliss,"Oh, que prazer que o bom Pai lá do Céu 
Fala na Bíblia do amor que me tem! 
Há nesse livro mil coisas pra mim! 
E ele me diz que Jesus me quer bem 
  Oh, que prazer Jesus me quer bem 
Sim, me quer bem sim, me quer bem 
Oh, que prazer Jesus me quer bem 
Sim, Ele me quer bem 
  Mesmo que eu suje o meu coração 
Cristo me ama e me dá Seu perdão 
Ele me envolve em Seus braços também 
Oh, que alegria Jesus me quer bem! 
  Oh, que prazer Jesus me quer bem 
Sim, me quer bem sim, me quer bem 
Oh, que prazer Jesus me quer bem 
Sim, Ele me quer bem 
  Se um só hino no Céu eu cantar 
Quando Jesus eu puder abraçar 
Eu vou louvar com os anjos também 
Que maravilha Jesus me quer bem! 
  Oh, que prazer Jesus me quer bem 
Sim, me quer bem sim, me quer bem 
Oh, que prazer Jesus me quer bem 
Sim, Ele me quer bem 
 "
525,Deus Sempre me Ama,Crianças e Jovens | Graça e Salvação,Efésios 2:8-9; 1 João 1:9 | Mateus 19:14; Provérbios 22:6,https://www.youtube.com/watch?v=fm8Jh_12bGs,João 3:16,Hinos Infantis,Infantis,August D. Rische,Melodia Tradicional Turingiana,"Deus sempre me ama 
Co'amor me chama 
E assim me inflama 
Do mesmo amor 
  Por isso canto, o amor divino 
Será meu hino, o amor de Deus 
  Perdido estive 
Mas graça obtive 
Do amor que vive 
E faz viver 
  Por isso canto, o amor divino 
Será meu hino, o amor de Deus 
  Enviou Seu Filho 
Prestou-me auxílio 
Mostrou-me o trilho 
Que ao Céu conduz 
  Por isso canto, o amor divino 
Será meu hino, o amor de Deus 
  Jesus buscou-me 
Jesus salvou-me 
Ele aceitou-me 
Com terno amor 
  Por isso canto, o amor divino 
Será meu hino, o amor de Deus 
 "
526,Quem Orou Três Vezes?,Vida Cristã e Devoção,Salmos 1:1-2; Provérbios 3:5-6,https://www.youtube.com/watch?v=yFMFvbRS0Mw,Daniel 6:10,Hinos Infantis,Infantis,Desconhecido,Negro Spiritual,"Quem orou três vezes? Daniel 
Quem orou três vezes? Daniel 
Quem orou três vezes? Daniel 
Pois ele amava muito ao Senhor 
  Quem mandou um anjo? O Senhor 
Quem mandou um anjo? O Senhor 
Quem mandou um anjo? O Senhor 
Pois Ele amava muito Daniel 
 "
527,Aonde Quer Que Eu Vá,"Oração e Comunhão | Paz, Cuidado e Confiança",1 Tessalonicenses 5:17; Mateus 7:7; Filipenses 4:6 | Salmos 23:1-4; João 14:27; Salmos 46:1,https://www.youtube.com/watch?v=h2_xAmV7XqA,Salmo 34:7,Hinos Infantis,Infantis,Jader D. Santos,Jader D. Santos,"Há perigos que me cercam 
Em todo o lugar 
Mesmo quando estou brincando 
Ou bem longe a viajar 
  Posso até estar dormindo 
Ou sair a passear 
Sei que nunca estou sozinho 
E preciso lhe contar 
  Aonde quer que eu vá 
Comigo um anjo sempre está 
Aonde quer que eu vá 
Comigo ele está 
  Seu nome eu não sei 
Mas não importa, não 
É meu amigo bem aqui do coração 
  É incrível ser amigo 
De alguém que eu nunca vi 
Nem sequer posso tocá-lo 
Mas eu acredito, sim 
  Vai comigo ao meu lado 
Nunca falta em seu labor 
É meu anjo que me guarda 
E preciso lhe contar 
  Aonde quer que eu vá 
Comigo um anjo sempre está 
Aonde quer que eu vá 
Comigo ele está 
  Seu nome eu não sei 
Mas não importa, não 
É meu amigo bem aqui do coração 
É meu amigo bem aqui do coração 
 "
528,Quando Estou Com Medo,Adoração e Louvor,Salmos 150:1-6; Apocalipse 4:8; Salmos 95:1-2,https://www.youtube.com/watch?v=vh79qX7CK0c,Salmo 84:12,Hinos Infantis,Infantis,Frank Hernandez,Frank Hernandez,"Quando estou com medo 
Eu confio em Deus 
Eu confio em Deus 
Eu confio em Deus 
  Quando estou com medo 
Eu confio em Deus 
E canto meu louvor 
  Quando estou com medo 
Eu confio em Deus 
Eu confio em Deus 
Eu confio em Deus 
  Quando estou com medo 
Eu confio em Deus 
E canto meu louvor 
  Eu vou confiar 
Se com medo estiver 
Eu vou confiar 
Em Deus, meu salvador 
  Quando estou com medo 
Eu confio em Deus 
Eu confio em Deus 
Eu confio em Deus 
  Quando estou com medo 
Eu confio em Deus 
E canto meu louvor 
 "
529,Se Deus É Por Nós,Vida Cristã e Devoção,Salmos 1:1-2; Provérbios 3:5-6,https://www.youtube.com/watch?v=Kzc35-5a-W0,Romanos 8:31,Hinos Infantis,Infantis,Sarah de Matos Bazan,Sarah de Matos Bazan,"Se Deus é por nós 
Quem será contra nós? 
Quem será contra nós 
Se Deus é por nós? 
  Se Deus é por nós 
Quem será contra nós? 
Quem será contra nós 
Se Deus é por nós? 
  Se Deus é por nós 
Quem será contra nós? 
Quem será contra nós 
Se Deus é por nós? 
  Se Deus é por nós 
Quem será contra nós? 
Quem será contra nós 
Se Deus é por nós? 
 "
530,Lâmpada Para os Meus Pés,Palavra de Deus e Lei,Salmos 119:105; 2 Timóteo 3:16; Salmos 19:7,https://www.youtube.com/watch?v=z_ULuJComU8,Salmo 119:105,Hinos Infantis,Infantis,Rute de Matos Bazan,Rute de Matos Bazan,"Lâmpada para os meus pés 
Lâmpada para os meus pés 
É a Tua Palavra 
E luz para o meu caminho 
  Lâmpada para os meus pés 
Lâmpada para os meus pés 
É a Tua Palavra 
E luz para o meu caminho 
  Lâmpada para os meus pés 
Lâmpada para os meus pés 
É a Tua Palavra 
E luz para o meu caminho 
  Lâmpada para os meus pés 
Lâmpada para os meus pés 
É a Tua Palavra 
E luz para o meu caminho 
  Salmo cento e dezenove cento e cinco 
 "
531,A Bíblia,Palavra de Deus e Lei,Salmos 119:105; 2 Timóteo 3:16; Salmos 19:7,https://www.youtube.com/watch?v=Rb5zqe-xg7s,Salmo 119:105,Hinos Infantis,Infantis,José Newton da Silva Júnior,José Newton da Silva Júnior,"Existem muitos livros bons 
Que ensinam como devo andar 
Mas dentre todos esses livros 
A Bíblia é o melhor que há 
  É lâmpada para os meus pés 
E em meu caminho é a luz 
Eu quero lê-la todo dia 
Pois é a Palavra de Jesus 
 "
532,Louvem a Jesus,Crianças e Jovens,Mateus 19:14; Provérbios 22:6,https://www.youtube.com/watch?v=hWX79JHd_Sk,Mateus 21:16,Hinos Infantis,Infantis,Ronaldo da Silva,Ronaldo da Silva,"Todas as crianças louvem a Jesus 
Louvem a Jesus louvem a Jesus 
Todas as crianças louvem a Jesus 
Louvem ao bom Jesus 
  Todas as crianças amem a Jesus 
Amem a Jesus amem a Jesus 
Todas as crianças amem a Jesus 
Amem ao bom Jesus 
  Todas as crianças sirvam a Jesus 
Sirvam a Jesus sirvam a Jesus 
Todas as crianças sirvam a Jesus 
Sirvam ao bom Jesus 
 "
533,Louvai-O,Crianças e Jovens | Graça e Salvação,Efésios 2:8-9; João 3:16; 1 João 1:9 | Mateus 19:14; Provérbios 22:6,https://www.youtube.com/watch?v=g9Y0GTrC8Yk,Salmo 135:1-3,Hinos Infantis,Infantis,Desconhecido,Carey Bonner,"Louvai-O! Louvai-O! Todas as crianças 
Deus é amor! Deus é amor! 
Louvai-O! Louvai-O! Todas as crianças 
Deus é amor! Deus é amor! 
  Servi-O! Servi-O! Todas as crianças 
Deus é amor! Deus é amor! 
Servi-O! Servi-O! Todas as crianças 
Deus é amor! Deus é amor! 
  Amai-O! Amai-O! Todas as crianças 
Deus é amor! Deus é amor! 
Amai-O! Amai-O! Todas as crianças 
Deus é amor! Deus é amor! 
  Louvai e Adorai-O! Todas as crianças 
Deus é amor! Deus é amor! 
Louvai e Adorai-O! Todas as crianças 
Deus é amor! Deus é amor! 
 "
534,Eu Digo Não,Oração e Comunhão,1 Tessalonicenses 5:17; Mateus 7:7; Filipenses 4:6,https://www.youtube.com/watch?v=be6uoFLAuCE,Tiago 4:7,Hinos Infantis,Infantis,Chuck Fulmore,Chuck Fulmore,"Quando a tentação bate ao meu coração 
Querendo ali entrar 
Eu digo não, porque Jesus me ama 
E limpou meu coração 
Ela foge pra bem longe então 
Espero que não volte não! 
  Quando a tentação bate ao meu coração 
Só digo: Não, não, não! 
Não, não! 
Não, não! 
 "
535,Santa Lei De Deus,Adoração e Louvor | Graça e Salvação | Lar e Família | Oração e Comunhão | Palavra de Deus e Lei,1 Tessalonicenses 5:17; Mateus 7:7; Filipenses 4:6 | Efésios 2:8-9; João 3:16; 1 João 1:9 | Josué 24:15; Efésios 6:1-4 | Salmos 119:105; 2 Timóteo 3:16; Salmos 19:7 | Salmos 150:1-6; Apocalipse 4:8; Salmos 95:1-2,https://www.youtube.com/watch?v=wSoey4BKe1Y,Salmo 119:73,Hinos Infantis,Infantis,Lucinda M. B. Bateman,James H. Rosecrans,"São dez os mandamentos Da santa lei de Deus 
Que podem ser contados Nos dez dedinhos meus 
Os meus dois olhinhos Servem para os ler 
E estes meus dedinhos Para os escrever 
  Dos dez preceitos, quatro Nos dizem quanto amor 
Devemos a Jesus Que é nosso Criador 
Os meus dois ouvidos Servem para ouvir 
A boquinha minha Para os proferir 
  Amai aos semelhantes Exortam os finais 
Amai como a vós mesmos E a Deus sereis leais 
Os meus dois pezinhos Servem para andar 
Pelo bom caminho Sempre rumo ao lar 
 "
536,São Dez Os Mandamentos,"Palavra de Deus e Lei | Paz, Cuidado e Confiança",Salmos 119:105; 2 Timóteo 3:16; Salmos 19:7 | Salmos 23:1-4; João 14:27; Salmos 46:1,https://www.youtube.com/watch?v=YHfVrIMkgYg,Êxodo 20:1-17,Hinos Infantis,Infantis,Rute de Matos Bazan,Rute de Matos Bazan,"São dez os mandamentos 
Que a lei de Deus nos dá 
Se a eles obedeço 
Aprendo a amar 
  Com os quatro primeiros eu amo a Deus 
Com os últimos seis a meu irmão 
E assim eu vivo bem feliz em paz e união 
  Quando eu busco fazer 
O que a lei me diz 
Deus fica tão contente 
E eu fico mais feliz 
  Com os quatro primeiros eu amo a Deus 
Com os últimos seis a meu irmão 
E assim eu vivo bem feliz em paz e união 
 "
537,"Sábado, O Dia Mais Feliz",Igreja e Comunhão | Sábado e Criação,Salmos 133:1; Hebreus 10:25 | Êxodo 20:8-11; Gênesis 2:2-3,https://www.youtube.com/watch?v=QSFP2EvOtk8,Marcos 2:27,Hinos Infantis,Infantis,José Newton da Silva Júnior,José Newton da Silva Júnior,"De todos os dias da semana 
O sábado é o dia mais feliz 
De todos os dias da semana 
O sábado é o dia mais feliz 
  Eu gosto de cedo ir à igreja 
No sábado, o dia mais feliz 
Eu gosto de cedo ir à igreja 
No sábado, o dia mais feliz 
  Eu vou visitar a natureza 
No sábado, o dia mais feliz 
Eu vou visitar a natureza 
No sábado, o dia mais feliz 
 "
538,Dia Especial,Sábado e Criação,Êxodo 20:8-11; Gênesis 2:2-3,https://www.youtube.com/watch?v=kRjHUS_Ix4s,"Isaías 58:13, 14",Hinos Infantis,Infantis,Ronaldo da Silva,Ronaldo da Silva,"Sábado é o dia mais feliz 
É um presente dado para mim 
Na semana toda não há dia igual 
O sábado é um dia especial 
  Sábado é o dia mais feliz 
É um presente dado para mim 
Na semana toda não há dia igual 
O sábado é um dia especial 
 "
539,Deus Mandou O Sol Brilhar,Lar e Família | Sábado e Criação,Josué 24:15; Efésios 6:1-4 | Êxodo 20:8-11; Gênesis 2:2-3,https://www.youtube.com/watch?v=r3pH5zs7aeY,And God SaidGênesis 2:1-3,Hinos Infantis,Infantis,Johnnie B. Wood,Johnnie B. Wood,"Deus mandou o Sol brilhar 
Em seu fulgor no lindo céu 
Para a todos alegrar 
E o Sol obedeceu 
  Deus mandou a flor mostrar 
As lindas cores que lhe deu 
Seu perfume exalar 
E a flor obedeceu 
  Deus mandou assim cantar 
O passarinho pelo céu 
Entre os ramos saltitar 
E ele obedeceu 
  Deus também mandou guardar 
O sábado, o dia Seu 
Para o homem descansar 
E ele obedeceu 
 "
540,Quero Bem Alegre Obedecer,Lar e Família,Josué 24:15; -4,https://www.youtube.com/watch?v=EfwQIFIdlWQ,Efésios 6:1,Hinos Infantis,Infantis,José Newton da Silva Júnior,José Newton da Silva Júnior,"Se a mãe chama a ovelhinha 
Ela corre rapidinho 
Pois está sempre disposta a obedecer 
Quando minha mãe chamar 
Vou correndo atender 
Também quero bem alegre obedecer 
  Se a mãe chama o passarinho 
Ele voa rapidinho 
Pois está sempre disposto a obedecer 
Quando minha mãe chamar 
Vou correndo atender 
Também quero bem alegre obedecer 
  Se o pai chama o gatinho 
Ele corre rapidinho 
Pois está sempre disposto a obedecer 
Quando meu papai chamar 
Vou correndo atender 
Também quero bem alegre obedecer 
  Se a mãe chama o cachorrinho 
Ele corre rapidinho 
Pois está sempre disposto a obedecer 
Quando minha mãe chamar 
Vou correndo atender 
Também quero bem alegre obedecer 
  Se o pai chama o peixinho 
Ele nada rapidinho 
Pois está sempre disposto a obedecer 
Quando meu papai chamar 
Vou correndo atender 
Também quero bem alegre obedecer 
 "
541,"Cria Em Mim, Ó Deus",Espírito Santo | Oração e Comunhão,1 Tessalonicenses 5:17; Mateus 7:7; Filipenses 4:6 | João 14:16-17; Atos 2:1-4,https://www.youtube.com/watch?v=OTYzVyXbdKw,"Salmo 51:10, 11",Hinos Infantis,Infantis,Rute de Matos Bazan,Rute de Matos Bazan,"Cria em mim, ó Deus 
Um coração puro 
E renova dentro de mim 
Um espírito reto 
Não me deixes, ó Senhor 
Nem retires Teu Espírito de mim 
Cria em mim, ó Deus 
Um coração puro 
Salmo cinquenta e um, verso dez 
 "
542,"Vem, Ó Jesus",Oração e Comunhão,1 Tessalonicenses 5:17; Mateus 7:7; Filipenses 4:6,https://www.youtube.com/watch?v=_6a8tqjCZ3w,"Salmo 61:1, 2",Hinos Infantis,Infantis,Harry D. Clarke,Harry D. Clarke,"Vem, ó Jesus! Vem, ó Jesus! 
Ao meu coração Jesus, vem! 
Vem hoje, vem 
Vem pra ficar 
Em meu coração ó Cristo! 
 "
543,É Bom Ter Jesus No Coração,Oração e Comunhão,1 Tessalonicenses 5:17; Mateus 7:7; Filipenses 4:6,https://www.youtube.com/watch?v=_9TmgYS-BsU,Deuteronômio 13:4,Hinos Infantis,Infantis,Desconhecido,Desconhecido,"É bom, é muito bom 
É muito bom ter Jesus no coração 
É bom, é muito bom 
É muito bom ter Jesus no coração 
  Andar com Ele juntinho Dele 
É muito bom, é muito bom é bom demais 
Andar com Ele juntinho Dele 
É muito bom, é muito bom é bom demais 
  É bom, é muito bom 
É muito bom ter Jesus no coração 
É bom, é muito bom 
É muito bom ter Jesus no coração 
  Andar com Ele juntinho Dele 
É muito bom, é muito bom é bom demais 
Andar com Ele juntinho Dele 
É muito bom, é muito bom é bom demais 
 "
544,Entrega Teu Caminho Ao Senhor,Vida Cristã e Devoção,Salmos 1:1-2; Provérbios 3:5-6,https://www.youtube.com/watch?v=NLwqMcTD8lU,Salmo 37:5,Hinos Infantis,Infantis,Williams Costa Jr.,Williams Costa Jr.,"Entrega teu caminho ao Senhor 
Entrega teu caminho ao Senhor 
Confia Nele, e o mais Ele fará 
Entrega teu caminho ao Senhor 
Entrega teu caminho ao Senhor 
Confia Nele, e o mais Ele fará 
  Entrega teu caminho ao Senhor 
Entrega teu caminho ao Senhor 
Confia Nele, e o mais Ele fará 
Entrega teu caminho ao Senhor 
Entrega teu caminho ao Senhor 
Confia Nele, e o mais Ele fará 
 "
545,Sou Feliz,"Graça e Salvação | Oração e Comunhão | Paz, Cuidado e Confiança",1 Tessalonicenses 5:17; Mateus 7:7; Filipenses 4:6 | Efésios 2:8-9; João 3:16; 1 João 1:9 | Salmos 23:1-4; João 14:27; Salmos 46:1,https://www.youtube.com/watch?v=I1D2ayYAKL0,Salmo 84:12,Hinos Infantis,Infantis,Lineu Formighieri Soares,Lineu Formighieri Soares,"Ao nosso Mestre vamos dar 
A mais sincera gratidão 
Por tudo que Ele nos ensina 
Por tudo aquilo que é melhor 
Pra Cristo vamos entregar 
A nossa mente e o coração 
Deixando que o Senhor da vida 
Nos guie pelo Seu amor 
  Sou feliz, pois Cristo sempre está comigo 
Sou feliz vivendo sob a Sua luz 
Sou feliz, pois Cristo é o meu melhor Amigo 
Sou feliz seguindo os passos de Jesus 
  Ao nosso Mestre vamos dar 
A mais sincera devoção 
Por tudo que Ele nos revela 
Naquilo que Ele aqui deixou 
Com Cristo vamos partilhar 
Aquilo que nos faz feliz 
E, nos momentos de tristeza 
O Mestre nos fará sorrir 
  Sou feliz, pois Cristo sempre está comigo 
Sou feliz vivendo sob a Sua luz 
Sou feliz, pois Cristo é o meu melhor Amigo 
Sou feliz seguindo os passos de Jesus 
 "
546,Quero Servir a Jesus,Adoração e Louvor | Lar e Família | Missão e Serviço | Oração e Comunhão,1 Tessalonicenses 5:17; Mateus 7:7; Filipenses 4:6 | Josué 24:15; Efésios 6:1-4 | Mateus 28:19-20; Isaías 6:8; Marcos 16:15 | Salmos 150:1-6; Apocalipse 4:8; Salmos 95:1-2,https://www.youtube.com/watch?v=u9tMVmwsn2w,João 12:26,Hinos Infantis,Infantis,Juliana Pinheiro Sanches,Juliana Pinheiro Sanches,"Quero servir a Jesus 
Com as minhas mãos, ajudar 
Com a minha voz vou louvar 
Aleluia, aleluia, Aleluia! 
Vou louvar ao Senhor 
  Enquanto eu existir neste mundo 
Quero ser instrumento do meu Criador 
Com minhas mãos minha voz e meus pés 
E também com o meu coração 
Sempre posso servir ao meu Jesus 
  Quero servir a Jesus 
E com os meus pés vou andar 
No caminho que leva ao lar 
Cada dia co'alegria 
Mais e mais quero entregar meu viver 
  Enquanto eu existir neste mundo 
Quero ser instrumento do meu Criador 
Com minhas mãos minha voz e meus pés 
E também com o meu coração 
Sempre posso servir ao meu Jesus 
 "
547,Eu Sei Por Que Nasci,"Graça e Salvação | Missão e Serviço | Paz, Cuidado e Confiança | Segunda Vinda e Esperança",1 Tessalonicenses 4:16-17; Apocalipse 1:7; João 14:1-3 | Efésios 2:8-9; João 3:16; 1 João 1:9 | Mateus 28:19-20; Isaías 6:8; Marcos 16:15 | Salmos 23:1-4; João 14:27; Salmos 46:1,https://www.youtube.com/watch?v=iTfgnKEIbXM,Mateus 23:11,Hinos Infantis,Infantis,Márcia Secundino,Márcia Secundino,"Eu sei por que nasci foi fácil aprender 
E saber por que Jesus me trouxe aqui 
Agora eu vou dizer eu sei por que nasci 
Eu vim a este mundo pra servir 
  Sempre ajudar 
O amigo que ao meu lado, sim, está 
Amor e esperança vou lhe dar 
Assim, a minha estrela vai brilhar 
Assim, a minha estrela vai brilhar 
 "
548,O Milagre Da Vida,Graça e Salvação | Oração e Comunhão | Sábado e Criação,1 Tessalonicenses 5:17; Mateus 7:7; Filipenses 4:6 | Efésios 2:8-9; João 3:16; 1 João 1:9 | Êxodo 20:8-11; Gênesis 2:2-3,https://www.youtube.com/watch?v=A6KuXacY6MU,"Salmo 139:13, 14",Hinos Infantis,Infantis,Jane Leitzke,Jane Leitzke,"Antes mesmo de ter um nome 
E abrir os meus olhinhos 
Ou alguém ver o meu rostinho 
Eu estava num lugar especial 
Que Deus fez para mim 
Cercado de amor, de calor 
  Minhas mãos eram tão pequeninas 
Meus pezinhos inseguros ainda 
Mas no peito meu coraçãozinho 
Já mostrava que o milagre do nascer 
Do viver, do existir 
Outra vez aconteceu 
  Eu sou o milagre da vida 
Milagre da criação 
Com Deus, sim eu quero crescer 
Pois Ele quem me fez nascer 
Eu sou o milagre da vida 
Milagre da criação 
Com Deus, sim, eu quero crescer 
Pois Ele quem me fez nascer 
Pois Ele quem me fez nascer 
 "
549,Eu Sou Importante,Vida Cristã e Devoção,Salmos 1:1-2; Provérbios 3:5-6,https://www.youtube.com/watch?v=rQQEt6UslBI,Mateus 6:26,Hinos Infantis,Infantis,José Newton da Silva Júnior,José Newton da Silva Júnior,"Eu sou importante pois Cristo me criou 
Pois Cristo me criou pois Cristo me criou 
Eu sou importante pois Cristo me criou 
Eu sou importante para Deus 
  Eu sou importante pois Cristo me criou 
Pois Cristo me criou pois Cristo me criou 
Eu sou importante pois Cristo me criou 
Eu sou importante para Deus 
 "
550,Deus Tem Um Plano Pra Mim,"Graça e Salvação | Paz, Cuidado e Confiança",Efésios 2:8-9; João 3:16; 1 João 1:9 | Salmos 23:1-4; João 14:27; Salmos 46:1,https://www.youtube.com/watch?v=Qt4e8OzK9k0,Jeremias 29:11,Hinos Infantis,Infantis,José Newton da Silva Júnior,José Newton da Silva Júnior,"Deus tem um plano pra mim 
Deus tem um plano pra mim 
Ele é fiel e nada vai me faltar 
Deus tem um plano pra mim 
Deus tem um plano pra mim 
Eu sempre vou em Seu amor confiar 
  Eu sei que devo esperar 
Eu sei que devo confiar 
Pois Seu cuidado e Seu amor não têm fim 
Do meu futuro eu não sei 
Se paz ou dor eu terei 
Mas sei que Deus tem um bom plano pra mim 
 "
551,Minha Pequenina Luz,Vida Cristã e Devoção,Salmos 1:1-2; Provérbios 3:5-6,https://www.youtube.com/watch?v=Wn5nj616hNI,Mateus 5:16,Hinos Infantis,Infantis,Desconhecido,Negro Spiritual,"Minha pequenina luz 
Vou deixar brilhar 
Minha pequenina luz 
Vou deixar brilhar 
Brilhar, brilhar, brilhar 
  Brilhará em toda a cidade 
Vou deixar brilhar 
Brilhará em toda a cidade 
Vou deixar brilhar 
Brilhar, brilhar, brilhar 
  Satanás não apagará 
Vou deixar brilhar 
Satanás não apagará 
Vou deixar brilhar 
Brilhar, brilhar, brilhar 
 "
552,Meus Talentos Vou Usar,"Missão e Serviço | Paz, Cuidado e Confiança",Mateus 28:19-20; Isaías 6:8; Marcos 16:15 | Salmos 23:1-4; João 14:27; Salmos 46:1,https://www.youtube.com/watch?v=uMw9alCBJGg,Mateus 25:16,Hinos Infantis,Infantis,José Newton da Silva Júnior,José Newton da Silva Júnior,"Meus talentos vou usar para servir 
Demonstrando ser amigo de Jesus 
Meus talentos vou usar para servir 
E fazer meu irmãozinho mais feliz 
  Meus talentos vou usar para servir 
Demonstrando ser amigo de Jesus 
Meus talentos vou usar para servir 
E fazer meu amiguinho mais feliz 
  Meus talentos vou usar para servir 
Demonstrando ser amigo de Jesus 
Meus talentos vou usar para servir 
E fazer o meu vizinho mais feliz 
  Meus talentos vou usar para servir 
Demonstrando ser amigo de Jesus 
Meus talentos vou usar para servir 
E fazer a professora mais feliz 
 "
553,Minha Vida É Uma Viagem,Lar e Família | Palavra de Deus e Lei,Josué 24:15; Efésios 6:1-4 | Salmos 119:105; 2 Timóteo 3:16; Salmos 19:7,https://www.youtube.com/watch?v=SjB4E02wpRM,"1 Tessalonicenses 4:16, 17",Hinos Infantis,Infantis,Daniel Lüdtke,Daniel Lüdtke,"Vou fazer as minhas malas 
Estou indo viajar 
Ponho nelas o meu mapa 
Aventura e diversão 
  Eu coloco a minha Bíblia 
E também muita alegria 
Tenho pressa de chegar 
Tenho pressa de chegar 
Estou indo para o lar 
  Minha vida é uma viagem 
Minha vida é uma viagem 
Estou indo para lá 
Estou indo para o lar 
Estou indo ver Jesus 
  Minha vida é uma viagem 
Minha vida é uma viagem 
Estou indo para lá 
Estou indo para o lar 
Estou indo ver Jesus 
  Vou fazer as minhas malas 
Estou indo viajar 
Ponho nelas o meu mapa 
Aventura e diversão 
  Eu coloco a minha Bíblia 
E também muita alegria 
Tenho pressa de chegar 
Tenho pressa de chegar 
Estou indo para o lar 
  Minha vida é uma viagem 
Minha vida é uma viagem 
Estou indo para lá 
Estou indo para o lar 
Estou indo ver Jesus 
  Minha vida é uma viagem 
Minha vida é uma viagem 
Estou indo para lá 
Estou indo para o lar 
Estou indo ver Jesus 
 "
554,Sou Aventureiro,"Crianças e Jovens | Graça e Salvação | Lar e Família | Paz, Cuidado e Confiança",Efésios 2:8-9; João 3:16; 1 João 1:9 | Josué 24:15; Efésios 6:1-4 | Mateus 19:14; Provérbios 22:6 | Salmos 23:1-4; João 14:27; Salmos 46:1,https://www.youtube.com/watch?v=Xlva_BqXBgk,Lucas 18:16,Hinos Infantis,Infantis,Jader D. Santos,Jader D. Santos,"Sou aventureiro, sou feliz 
Tenho bons motivos pra sorrir 
Sou obediente ao meu Pastor 
Sou um cordeirinho do Senhor 
Vou cantar pra quem quiser me ouvir 
Gosto de brincar e de sorrir 
E vou dizer e esclarecer 
O motivo de ser assim 
  Eu escolhi Jesus para ser meu Guia 
Eu vou seguir Seus passos a cada dia 
Eu não quero outra alegria 
Quero sempre estar 
Em Sua doce companhia 
  Quero estar por perto pra ajudar 
A quem por acaso precisar 
Mesmo no deserto vou plantar 
Flores coloridas pra enfeitar 
Vou tornar o mundo bem melhor 
Cheio de amor, bondade e paz 
Cheio de verde, cheio de azul 
Cheio de beleza incomum 
  Eu escolhi Jesus para ser meu Guia 
Eu vou seguir Seus passos a cada dia 
Eu não quero outra alegria 
Quero sempre estar 
Em Sua doce companhia 
 "
555,Um Lugar Feliz É O Céu,Vida Cristã e Devoção,Salmos 1:1-2; Provérbios 3:5-6,https://www.youtube.com/watch?v=OesQovAZ38Y,Isaías 11:6,Hinos Infantis,Infantis,Ruby E. Dubois,Ruby E. Dubois,"Um lugar feliz é o Céu 
Um lugar feliz é o Céu 
Um lugar feliz é o Céu 
Quero lá estar! 
  Lá não há mais pranto ou dor 
Lá não há mais pranto ou dor 
Lá não há mais pranto ou dor 
Quero lá estar! 
  Lá não há pecado ou mal 
Lá não há pecado ou mal 
Lá não há pecado ou mal 
Quero lá estar! 
  Lá se brinca com leões 
Lá se brinca com leões 
Lá se brinca com leões 
Quero lá estar! 
 "
556,Lá No Céu,Oração e Comunhão,1 Tessalonicenses 5:17; Mateus 7:7; Filipenses 4:6,https://www.youtube.com/watch?v=TqM_jI_P2pI,João 14:1-3,Hinos Infantis,Infantis,Paulo Souza Ferreira,Paulo Souza Ferreira,"Lá no Céu existe Alguém 
Que me ama e me quer bem 
Lá no Céu existe Alguém: 
É Jesus, eu sei 
  Ele veio me salvar 
E com Ele vou morar 
Lá no Céu existe Alguém 
É Jesus, eu sei 
 "
557,O Céu,"Graça e Salvação | Igreja e Comunhão | Lar e Família | Oração e Comunhão | Paz, Cuidado e Confiança | Sacrifício e Redenção | Segunda Vinda e Esperança",1 Tessalonicenses 4:16-17; Apocalipse 1:7; João 14:1-3 | 1 Tessalonicenses 5:17; Mateus 7:7; Filipenses 4:6 | Efésios 2:8-9; João 3:16; 1 João 1:9 | Isaías 53:4-5; Romanos 5:8; Hebreus 9:22 | Josué 24:15; Efésios 6:1-4 | Salmos 133:1; Hebreus 10:25 | Salmos 23:1-4; João 14:27; Salmos 46:1,https://www.youtube.com/watch?v=G2fo6bPBLxU,Apocalipse 22:3-5,Hinos Infantis,Infantis,Wanderson F. Paiva,Wanderson F. Paiva,"Um dia, quando Cristo voltar 
Com Ele para o Céu quero ir 
E ver o mundo lindo e perfeito 
Que Ele preparou para mim 
Um mundo sem tristeza e dor 
Que vive a beleza do amor 
Um mundo onde tudo é bonito 
Pois tem o toque do meu Senhor 
  E nesse lar eu vou morar 
E quero ter você ao meu lado 
Cantando para a Cristo louvar 
Vou abraçar o meu Jesus 
Por ser o meu Amigo querido 
Por dar a Sua vida na cruz 
  No Céu, as flores não murcharão 
Pois vida para sempre terão 
E aqueles animais tão ferozes 
Em paz pra sempre ali viverão 
No Céu, eu quero ver meus irmãos 
E todos os amigos daqui 
Que bom viver pra sempre unidos 
Felizes por estarmos ali! 
  E nesse lar eu vou morar 
E quero ter você ao meu lado 
Cantando para a Cristo louvar 
Vou abraçar o meu Jesus 
Por ser o meu Amigo querido 
Por dar a Sua vida na cruz 
 "
558,O Senhor Está Em Seu Templo,Adoração e Louvor,Salmos 150:1-6; Apocalipse 4:8; Salmos 95:1-2,https://www.youtube.com/watch?v=9w4e6ncQG6U,Hebreus 12:28,Hinos Litúrgicos,Introito,George F. Root,George F. Root,"O Senhor está em Seu santo templo 
O Senhor está em Seu santo templo 
O Céu, o mar e a Terra 
E vós guardai silêncio perante Deus 
Silêncio, silêncio perante Deus 
Amém 
 "
559,Sinto A Presença Do Senhor,Graça e Salvação,Efésios 2:8-9; João 3:16; 1 João 1:9,https://www.youtube.com/watch?v=pzA0pwlEP_s,"Gênesis 28:16, 17",Hinos Litúrgicos,Introito,Lanny Wolfe,Lanny Wolfe,"Sinto a presença do Senhor neste lugar 
Seu poder e Sua graça, Seu amor 
Posso ver em cada face Sua beleza irradiar 
Sinto a presença do Senhor neste lugar 
 "
560,A Glória da Tua Presença,Adoração e Louvor | Lar e Família,Josué 24:15; Efésios 6:1-4 | Salmos 150:1-6; Apocalipse 4:8; Salmos 95:1-2,https://www.youtube.com/watch?v=tDUVFIYYClg,Salmo 63:2,Hinos Litúrgicos,Introito,Steven L. Fry,Steven L. Fry,"Pai, a glória da Tua presença 
Neste templo em reverência 
Já repousa entre nós 
E inspira louvor 
De Tua glória vem nos encher 
De Tua glória vem nos encher 
  Já repousa entre nós 
E inspira louvor 
De Tua glória vem nos encher 
De Tua glória vem nos encher 
 "
561,Santo Somente É O Senhor,"Adoração e Louvor | Graça e Salvação | Oração e Comunhão | Paz, Cuidado e Confiança",1 Tessalonicenses 5:17; Mateus 7:7; Filipenses 4:6 | Efésios 2:8-9; João 3:16; 1 João 1:9 | Salmos 150:1-6; Apocalipse 4:8; Salmos 95:1-2 | Salmos 23:1-4; João 14:27; Salmos 46:1,https://www.youtube.com/watch?v=7PCyZUfniNI,"Apocalipse 5:11, 12",Hinos Litúrgicos,Introito,Clayton A. Nunes,Clayton A. Nunes,"Santo somente é o Senhor 
Digno de todo louvor! 
Deus de bondade justiça e amor 
Santo Somente é o Senhor 
  Santo Somente é o Senhor 
Digno de adoração! 
Deus que é fiel, Deus de paz e perdão 
Santo somente é o Senhor 
  Santo, santo 
Santo somente é o Senhor 
Santo, santo 
Santo somente é o Senhor 
Santo somente é o Senhor 
 "
562,"Santo És, Senhor",Adoração e Louvor | Graça e Salvação | Oração e Comunhão,1 Tessalonicenses 5:17; Mateus 7:7; Filipenses 4:6 | Efésios 2:8-9; João 3:16; 1 João 1:9 | Salmos 150:1-6; Apocalipse 4:8; Salmos 95:1-2,https://www.youtube.com/watch?v=RIcHuu1eM00,Isaías 6:3,Hinos Litúrgicos,Introito,Wanderson F. Paiva,Wanderson F. Paiva,"Santo és, Senhor nosso Deus Criador 
Tu és digno de todo louvor 
Grande és, Senhor Teu amor sem igual 
Nos livrou do pecado e do mal 
Em uma voz vamos todos cantar 
Teu poder sempre nos unirá 
Aleluia! Santo és, Senhor 
  Tua presença imploramos, Senhor 
Nossa vida está em Tuas mãos 
Vem e aceita, ó Deus nossa adoração 
Tua presença imploramos, Senhor 
Nossa vida está em Tuas mãos 
Vem e aceita, ó Deus nossa adoração 
Amém, amém! 
 "
563,Sua Glória,"Adoração e Louvor | Graça e Salvação | Lar e Família | Paz, Cuidado e Confiança | Segunda Vinda e Esperança",1 Tessalonicenses 4:16-17; Apocalipse 1:7; João 14:1-3 | Efésios 2:8-9; João 3:16; 1 João 1:9 | Josué 24:15; Efésios 6:1-4 | Salmos 150:1-6; Apocalipse 4:8; Salmos 95:1-2 | Salmos 23:1-4; João 14:27; Salmos 46:1,https://www.youtube.com/watch?v=KstVYG1eZLo,Salmo 57:11,Hinos Litúrgicos,Introito,Jairo Prado,Jairo Prado,"Quando ouvimos do amor que Deus nos tem 
E as promessas tão preciosas que nos fez 
As histórias incontáveis 
De um amor incomparável 
Nós sentimos que esse amor 
Vai mais além 
  Nosso Deus é fonte sempre a jorrar 
De bondade, esperança e de paz 
Seu olhar de compaixão 
Alivia e traz perdão 
Nós pedimos que nos venha confortar 
  Sua Glória encherá este lugar 
Sua luz inundará os corações 
Seu poder é inabalável 
Seu amor é incomparável 
Sua luz preencherá nosso viver 
  Hoje é dia de louvar o Criador 
De lembrar das maravilhas que Ele fez 
De rogar por sua Glória 
Pela luz e por Vitória 
Nós louvamos este Deus 
Que é nosso Rei 
  Sua Glória encherá este lugar 
Sua luz inundará os corações 
Seu poder é inabalável 
Seu amor é incomparável 
Sua luz preencherá nosso viver 
 "
564,Vamos Adorar,Adoração e Louvor | Graça e Salvação | Oração e Comunhão | Sábado e Criação,1 Tessalonicenses 5:17; Mateus 7:7; Filipenses 4:6 | Efésios 2:8-9; João 3:16; 1 João 1:9 | Salmos 150:1-6; Apocalipse 4:8; Salmos 95:1-2 | Êxodo 20:8-11; Gênesis 2:2-3,https://www.youtube.com/watch?v=WcbKoNxbg6E,Salmo 29:2,Hinos Litúrgicos,Introito,Lineu Formighieri Soares,Lineu Formighieri Soares,"Vamos adorar ao Senhor 
Vamos demonstrar gratidão 
Vamos entoar hinos de louvor 
Ao eterno Deus da criação 
  Que possamos ter nosso ser 
Pronto para ouvir Sua voz! 
Que Jesus nos dê muito mais poder 
E outros vejam que Ele vive em nós! 
  Ao Senhor vamos adorar 
Seu amor vamos exaltar 
Ao nosso grande Deus 
O Rei do Universo 
Vamos adorar 
 "
565,Adoração,Adoração e Louvor | Crianças e Jovens | Espírito Santo | Lar e Família | Oração e Comunhão,1 Tessalonicenses 5:17; Mateus 7:7; Filipenses 4:6 | Josué 24:15; Efésios 6:1-4 | João 14:16-17; Atos 2:1-4 | Mateus 19:14; Provérbios 22:6 | Salmos 150:1-6; Apocalipse 4:8; Salmos 95:1-2,https://www.youtube.com/watch?v=5fH_OdoULJ8,"Salmo 113:1, 2",Hinos Litúrgicos,Introito,Thomas Ken,Louis Bourgeois,"A Deus supremo Criador 
Vós, anjos e homens dai louvor 
A Deus, o Filho a Deus, o Pai 
A Deus, Espírito, glória dai 
 "
566,"Oh, Adorai",Vida Cristã e Devoção,Salmos 1:1-2; Provérbios 3:5-6,https://www.youtube.com/watch?v=gHgPE5cBZsk,"Salmo 29:1, 2",Hinos Litúrgicos,Introito,Flavio Almeida Santos,Flavio Almeida Santos,"Oh! Adorai ao Deus triuno 
Pois Ele é Deus onipotente! 
Oh! Adorai ao Rei divino 
Pois Ele reina, eternamente! 
Amém 
 "
567,Introito,"Adoração e Louvor | Espírito Santo | Graça e Salvação | Lar e Família | Oração e Comunhão | Paz, Cuidado e Confiança | Sacrifício e Redenção",1 Tessalonicenses 5:17; Mateus 7:7; Filipenses 4:6 | Efésios 2:8-9; João 3:16; 1 João 1:9 | Isaías 53:4-5; Romanos 5:8; Hebreus 9:22 | Josué 24:15; Efésios 6:1-4 | João 14:16-17; Atos 2:1-4 | Salmos 150:1-6; Apocalipse 4:8; Salmos 95:1-2 | Salmos 23:1-4; João 14:27; Salmos 46:1,https://www.youtube.com/watch?v=-O3V4eXegCA,Hebreus 11:16,Hinos Litúrgicos,Introito,Valdecir Simões Lima,Lineu Formighieri Soares,"Ó Deus eterno e santo 
Vem conosco habitar 
Derrama Teu Espírito 
Sobre nós neste lugar 
  A Ti rendemos glórias 
Pela paz que vem da cruz 
Por ter nos concedido 
Vida eterna em Jesus 
  Recebe, Pai querido 
Nossa humilde adoração 
Por Tua eterna graça 
Que nos trouxe salvação 
  Em Ti nós descansamos 
Rei eterno e Criador 
Pois pela fé buscamos 
Uma pátria superior 
 "
568,Invocação,Adoração e Louvor | Espírito Santo | Lar e Família | Oração e Comunhão | Sacrifício e Redenção | Sábado e Criação,1 Tessalonicenses 5:17; Mateus 7:7; Filipenses 4:6 | Isaías 53:4-5; Romanos 5:8; Hebreus 9:22 | Josué 24:15; Efésios 6:1-4 | João 14:16-17; Atos 2:1-4 | Salmos 150:1-6; Apocalipse 4:8; Salmos 95:1-2 | Êxodo 20:8-11; Gênesis 2:2-3,https://www.youtube.com/watch?v=c5rmDJAwbmo,Isaías 43:15,Hinos Litúrgicos,Introito,Clênio Abreu,Clênio Abreu,"Santo é o Deus da criação 
O Deus que tudo fez 
Honra e glória ao grande Eu Sou 
O Deus de Israel 
Tu somente és digno 
De louvor e adoração 
Nosso imperfeito ser 
Se inclina em gratidão 
  Santo é o Cordeiro 
Que da morte nos livrou 
Glória ao Consolador 
Que o Pai nos enviou 
Tu que habitas entre os louvores, ó Senhor 
Vem estar presente entre nós 
Amém 
 "
569,Nosso Maravilhoso Deus,Adoração e Louvor | Graça e Salvação,Efésios 2:8-9; João 3:16; 1 João 1:9 | Salmos 150:1-6; Apocalipse 4:8; Salmos 95:1-2,https://www.youtube.com/watch?v=h3Pn338Jbkc,Salmo 145:5,Hinos Litúrgicos,Introito,Ênio Monteiro,Ênio Monteiro,"Nosso maravilhoso Deus 
Nossas vozes cantam em Teu louvor 
Nossos olhos contemplam o Teu fulgor 
Nossos lábios bendizem Teu amor 
  Nosso maravilhoso Deus 
Rei poderoso 
Mestre da Terra e Céu 
Nosso supremo Criador 
Eterno Benfeitor 
Maravilhoso Deus 
 "
570,Maravilhoso Deus,Adoração e Louvor | Graça e Salvação | Oração e Comunhão,1 Tessalonicenses 5:17; Mateus 7:7; Filipenses 4:6 | Efésios 2:8-9; João 3:16; 1 João 1:9 | Salmos 150:1-6; Apocalipse 4:8; Salmos 95:1-2,https://www.youtube.com/watch?v=DU-gqqyFXhQ,Isaías 6:1-3,Hinos Litúrgicos,Introito,"Kleber Augusto, Luciana Valente","Kleber Augusto, Luciana Valente","Santo, justo maravilhoso Deus 
Digno, puro, fonte de todo amor 
Governas o Universo 
És o grande Eu Sou 
Me rendo em reverência para Te adorar 
Revela a Tua glória enche este lugar 
  Exaltado Rei da Terra e Céu 
Adorado, Tu és justo e fiel 
Honra e glória! 
Teu é todo louvor Santo, santo! 
  Exaltado Rei da Terra e Céu 
Adorado Tu és justo e fiel 
Honra e glória! 
Teu é todo louvor Santo, santo! 
Santo, justo maravilhoso Deus 
 "
571,Tu És Digno,Adoração e Louvor | Oração e Comunhão,1 Tessalonicenses 5:17; Mateus 7:7; Filipenses 4:6 | Salmos 150:1-6; Apocalipse 4:8; Salmos 95:1-2,https://www.youtube.com/watch?v=9MI2kh8VZFM,Salmo 96:9,Hinos Litúrgicos,Introito,Pablo Sanches,Pablo Sanches,"Em Tua presença estamos, Senhor 
Nossas vozes erguemos em Teu louvor 
Tua luz ilumina o nosso ser 
Tua glória vem nos envolver 
  Só Tu és digno de adoração 
O universo proclama Tua perfeição 
Faz-nos ouvir a Tua voz 
E vem habitar em nós 
  Só Tu és digno de adoração 
O universo proclama Tua perfeição 
Faz-nos ouvir a Tua voz 
E vem habitar em nós 
 "
572,Ofertório,Lar e Família | Oração e Comunhão,1 Tessalonicenses 5:17; Mateus 7:7; Filipenses 4:6 | Josué 24:15; Efésios 6:1-4,https://www.youtube.com/watch?v=6XKBBbizSwU,Malaquias 3:10,Hinos Litúrgicos,Ofertório,William Cowper,Church Music,"São Teus, ó Pai, os dízimos 
Daquilo que nos dás 
E ofertas que Te damos 
De coração, Aceitarás 
 "
573,Venho Te Adorar,Graça e Salvação | Oração e Comunhão,1 Tessalonicenses 5:17; Mateus 7:7; Filipenses 4:6 | Efésios 2:8-9; João 3:16; 1 João 1:9,https://www.youtube.com/watch?v=IBj_6ya7xas,Malaquias 3:11,Hinos Litúrgicos,Ofertório,Rafael Lindemute,Rafael Lindemute,"Venho Te adorar por Tua santidade 
Devolvendo aquilo que pertence a Ti 
Venho ofertar-Te com sinceridade 
Grato pelo Teu amor 
 "
574,Teu É Nosso Coração,Adoração e Louvor | Crianças e Jovens | Oração e Comunhão,1 Tessalonicenses 5:17; Mateus 7:7; Filipenses 4:6 | Mateus 19:14; Provérbios 22:6 | Salmos 150:1-6; Apocalipse 4:8; Salmos 95:1-2,https://www.youtube.com/watch?v=M4e58v4OYAk,Gênesis 28:22,Hinos Litúrgicos,Ofertório,Clênio Abreu,Clênio Abreu,"Teu é o poder e toda glória 
Teu é o domínio o Universo e a história 
Teu são os dízimos 
E nossa gratidão 
Somos Teus filhos 
Teu é nosso coração 
 "
575,Entrego A Ti,Adoração e Louvor | Lar e Família | Oração e Comunhão,1 Tessalonicenses 5:17; Mateus 7:7; Filipenses 4:6 | Josué 24:15; Efésios 6:1-4 | Salmos 150:1-6; Apocalipse 4:8; Salmos 95:1-2,https://www.youtube.com/watch?v=Pl5UNPjWuQc,1 Crônicas 29:14,Hinos Litúrgicos,Ofertório,"Kleber Augusto, Luciana Valente","Kleber Augusto, Luciana Valente","Quero entregar o meu coração 
Toma, Senhor, em adoração 
Quero entregar tudo que é Teu 
Todas as bênçãos provêm de Deus 
  Entrego a Ti 
Meus dons e meus bens, Pai 
Deus, seja o Senhor 
De tudo que tenho e sou 
 "
576,Humildade e Gratidão,Graça e Salvação,Efésios 2:8-9; João 3:16; 1 João 1:9,https://www.youtube.com/watch?v=Mo9jmUk1geA,1 Crônicas 29:14,Hinos Litúrgicos,Ofertório,Cleiton Schaefer,Cleiton Schaefer,"Entregamos, ó Senhor 
Nossa vida em Tuas mãos 
Devolvemos com amor 
Humildade e gratidão 
Amém! 
 "
577,Quero Me Entregar,Oração e Comunhão,1 Tessalonicenses 5:17; Mateus 7:7; Filipenses 4:6,https://www.youtube.com/watch?v=qNSke7mqfpU,2 Coríntios 8:5,Hinos Litúrgicos,Ofertório,Juliana Pinheiro Sanches,Juliana Pinheiro Sanches,"Quero me entregar a Ti, Senhor 
Quero devolver o que é Teu 
Aceita essa oferta que dou de coração 
E expressa a minha gratidão 
Te entrego por completo 
Meus bens, meus dons, meu ser 
Tuas bênçãos quero receber 
  Quero me entregar a Ti, Senhor 
Quero devolver o que é Teu 
Aceita essa oferta que dou de coração 
E expressa a minha gratidão 
Te entrego por completo 
Meus bens, meus dons, meu ser 
Tuas bênçãos quero receber 
Tuas bênçãos quero receber 
 "
578,Humilde Oração,Adoração e Louvor | Graça e Salvação | Oração e Comunhão,1 Tessalonicenses 5:17; Mateus 7:7; Filipenses 4:6 | Efésios 2:8-9; João 3:16; 1 João 1:9 | Salmos 150:1-6; Apocalipse 4:8; Salmos 95:1-2,https://www.youtube.com/watch?v=x7PXEUXWd_c,Salmo 51:10,Hinos Litúrgicos,Adoração Infantil,"Ademir Rodriguez, Amauri Barbosa","Ademir Rodriguez, Amauri Barbosa","Em humilde oração 
Quero dedicar, Senhor 
Meu indigno coração 
Para Teu louvor 
Faz-me puro, santo e bom 
Pra cumprir o Teu querer 
Dá-me amor, Teu grande dom 
Dá-me Teu poder 
 "
579,"Ao Orarmos, Senhor",Espírito Santo | Graça e Salvação | Igreja e Comunhão | Oração e Comunhão,1 Tessalonicenses 5:17; Mateus 7:7; Filipenses 4:6 | Efésios 2:8-9; João 3:16; 1 João 1:9 | João 14:16-17; Atos 2:1-4 | Salmos 133:1; Hebreus 10:25,https://www.youtube.com/watch?v=ruwejYHFrso,Salmo 55:1,Hinos Litúrgicos,Adoração Infantil,Ralph R. Carmichael,Ralph R. Carmichael,"Faze que ao orar 
Eu esqueça tudo ao redor 
Pra que nada me venha impedir 
Do Teu trono a graça fruir 
  Vem meu ser transformar pelo amor 
Que do alto provém ó Senhor 
Possam todos os que aqui estão 
Bem unidos estar em oração 
  Vem, Senhor elevar 
Os que diante de Ti hoje estão 
Em espírito de oração 
Procurando o mundo deixar 
  Vem meu ser transformar pelo amor 
Que do alto provém ó Senhor 
Possam todos os que aqui estão 
Bem unidos estar em oração 
 "
580,Oração de Súplica,"Graça e Salvação | Lar e Família | Oração e Comunhão | Paz, Cuidado e Confiança",1 Tessalonicenses 5:17; Mateus 7:7; Filipenses 4:6 | Efésios 2:8-9; João 3:16; 1 João 1:9 | Josué 24:15; Efésios 6:1-4 | Salmos 23:1-4; João 14:27; Salmos 46:1,https://www.youtube.com/watch?v=DM6XV-Xa-Q8,Salmo 38:9,Hinos Litúrgicos,Adoração Infantil,Gérson Felipe Salcedo,Gérson Felipe Salcedo,"Eis aqui, ó Senhor 
Os meus desejos todos 
Só Tu vês o que há 
Em meu interior 
Fraco estou e sem vigor 
Mas creio em Teu amor 
Com Tua paz vem, ó Pai 
Encher meu coração 
 "
581,"Ouve-nos, Senhor","Adoração e Louvor | Paz, Cuidado e Confiança",Salmos 150:1-6; Apocalipse 4:8; Salmos 95:1-2 | Salmos 23:1-4; João 14:27; Salmos 46:1,https://www.youtube.com/watch?v=XlKHkTRrxdY,Salmo 55:1,Hinos Litúrgicos,Adoração Infantil,George Whelpton,George Whelpton,"Ouve-nos, Senhor 
Santo Salvador 
Inclina-Te a ouvir 
E dá-nos Tua paz 
Amém! 
 "
582,"Pai, Venho A Ti",Graça e Salvação | Lar e Família | Oração e Comunhão,1 Tessalonicenses 5:17; Mateus 7:7; Filipenses 4:6 | Efésios 2:8-9; João 3:16; 1 João 1:9 | Josué 24:15; Efésios 6:1-4,https://www.youtube.com/watch?v=DdIqNGYts1M,Salmo 33:22,Hinos Litúrgicos,Adoração Infantil,Sebastião M. Barbosa Júnior,Sebastião M. Barbosa Júnior,"Pai, venho a Ti confiando em Teu amor 
Pai, venho a Ti confiando em Teu poder 
Anseios e temores 
Eu deixo em Tuas mãos 
O meu coração descansa em Ti 
O meu coração descansa em Ti 
 "
583,Entregamos Em Tuas Mãos,Oração e Comunhão,1 Tessalonicenses 5:17; Mateus 7:7; Filipenses 4:6,https://www.youtube.com/watch?v=mCDRltoQyRU,Provérbios 16:3,Hinos Litúrgicos,Adoração Infantil,Juliana Pinheiro Sanches,Juliana Pinheiro Sanches,"Nossos planos entregamos em Tuas mãos 
Nossos sonhos entregamos em Tuas mãos 
Queremos Teu poder 
Ó Senhor, vem transformar-nos 
Nossa vida entregamos em Tuas mãos 
Nossa vida entregamos em Tuas mãos 
  Nossa vida entregamos em Tuas mãos 
Nosso coração entregamos em Tuas mãos 
Queremos Teu poder 
Ó Senhor, vem transformar-nos 
Nossa vida entregamos em Tuas mãos 
Nossa vida entregamos em Tuas mãos 
 "
584,Prece de Gratidão,Oração e Comunhão,1 Tessalonicenses 5:17; Mateus 7:7; Filipenses 4:6,https://www.youtube.com/watch?v=x21h3AlUjTk,Salmo 107:31,Hinos Litúrgicos,Adoração Infantil,Williams Costa Jr.,Williams Costa Jr.,"Senhor Jesus não sei agradecer-Te 
As muitas bênçãos que Tu tens concedido 
Muito obrigado é só o que sei dizer-Te! 
Aceita, pois a minha oração 
Amém! 
 "
585,"Vem, Espírito Santo","Adoração e Louvor | Espírito Santo | Paz, Cuidado e Confiança",João 14:16-17; Atos 2:1-4 | Salmos 150:1-6; Apocalipse 4:8; Salmos 95:1-2 | Salmos 23:1-4; João 14:27; Salmos 46:1,https://www.youtube.com/watch?v=lBRMAtNr-F8,Romanos 5:5,Hinos Litúrgicos,Adoração Infantil,Ariney Balthazar de Oliveira,Ariney Balthazar de Oliveira,"Vem Espírito Santo 
Vem transforma meu ser 
Dá-me Tua paz 
A luz do Teu bem 
É o que eu te peço, Amém 
 "
586,Venham Todos,Graça e Salvação,Efésios 2:8-9; João 3:16; 1 João 1:9,https://www.youtube.com/watch?v=nw9MZZ4yXhg,Mateus 19:14,Hinos Litúrgicos,Oração Pastoral,Guilherme Schlichting,Guilherme Schlichting,"Venham todos já ouvir 
É a hora! 
Juntos vamos descobrir 
Lindas histórias 
Grandes e pequenos 
Venham aprender 
O amor de Cristo 
Venham conhecer 
Venham todos já ouvir 
É a hora! 
Juntos vamos descobrir 
Lindas histórias 
 "
587_A,Chegou a Hora de Adorar ao Senhor - A,Adoração e Louvor | Graça e Salvação | Oração e Comunhão,1 Tessalonicenses 5:17; Mateus 7:7; Filipenses 4:6 | Efésios 2:8-9; João 3:16; 1 João 1:9 | Salmos 150:1-6; Apocalipse 4:8; Salmos 95:1-2,https://www.youtube.com/watch?v=0Lps7KHmebA,,,,,,"Chegou a hora de adorar ao Senhor 
Chegou a hora de ouvir do Seu amor 
Lindas histórias que vêm me ensinar 
A sempre em Deus confiar 
  Chegou a hora de adorar ao Senhor 
Chegou a hora de ouvir do Seu amor 
Venha, amiguinho comigo sentar 
E vamos quietinhos ficar 
  Prestando atenção 
Em adoração 
 "
587_B,Chegou a Hora de Adorar ao Senhor - B,Graça e Salvação | Lar e Família | Oração e Comunhão,1 Tessalonicenses 5:17; Mateus 7:7; Filipenses 4:6 | Efésios 2:8-9; João 3:16; 1 João 1:9 | Josué 24:15; Efésios 6:1-4,https://www.youtube.com/watch?v=GP8qu83lWls,,,,,,"Agora vamos em família adorar 
Pensar em Deus e aprender de Seu amor 
Oh! Que alegria sentimos aqui 
De juntos poder escutar! 
  Agora vamos em família adorar 
Pensar em Deus e aprender de Seu amor 
Oh, que alegria sentimos aqui 
De juntos poder escutar 
A voz do Senhor 
A voz do Senhor 
 "
588,Deixai Vir a Mim os Pequeninos,Crianças e Jovens,Mateus 19:14; Provérbios 22:6,https://www.youtube.com/watch?v=YfhkVkDCUzA,Lucas 18:16,Hinos Litúrgicos,Oração Pastoral,Myrtes Amaral Ribeiro,Myrtes Amaral Ribeiro,"Deixai vir a Mim os pequeninos 
Vinde a Jesus! Vinde a Jesus! 
Deixai vir a Mim os pequeninos 
Dos pequenos é o reino dos Céus 
  Vinde a Jesus! Vinde a Jesus! 
Todas as crianças ele a todas ama 
Vinde a Jesus! Vinde a Jesus! 
Dos pequenos é o reino dos Céus 
Dos pequenos é o reino dos Céus 
 "
589,"Fala, Senhor",Graça e Salvação | Oração e Comunhão,1 Tessalonicenses 5:17; Mateus 7:7; Filipenses 4:6 | Efésios 2:8-9; João 3:16; 1 João 1:9,https://www.youtube.com/watch?v=KC11ybPhXuk,2 Timóteo 3:16,Hinos Litúrgicos,Introdução ao Sermão,Wanderson F. Paiva,Wanderson F. Paiva,"Fala, Senhor ao coração 
Teu Livro de amor 
Nós vamos abrir 
Que o Teu poder 
Nos dê compreensão! 
Vem, Deus de amor 
Nos instruir 
Que o Teu poder 
Nos dê compreensão! 
Vem, Deus de amor 
Nos instruir 
 "
590,"Queremos Te Pedir, Senhor",Espírito Santo | Oração e Comunhão,1 Tessalonicenses 5:17; Mateus 7:7; Filipenses 4:6 | João 14:16-17; Atos 2:1-4,https://www.youtube.com/watch?v=TwLx_8N9Rh8,Romanos 15:13,Hinos Litúrgicos,Introdução ao Sermão,Jader D. Santos,Jader D. Santos,"Queremos Te pedir, Senhor 
Que venhas nos abençoar 
Saciando nossa sede de ouvir 
A Tua doce voz 
Envia o Teu Espírito 
E que Ele possa confortar 
A cada coração que a este culto vem 
Querendo Te adorar 
 "
591,Estejas Conosco,Adoração e Louvor | Espírito Santo | Palavra de Deus e Lei,João 14:16-17; Atos 2:1-4 | Salmos 119:105; 2 Timóteo 3:16; Salmos 19:7 | Salmos 150:1-6; Apocalipse 4:8; Salmos 95:1-2,https://www.youtube.com/watch?v=aJ39JaQeOa4,João 16:13,Hinos Litúrgicos,Introdução ao Sermão,Silmar Correia,Silmar Correia,"Senhor, nós queremos 
A Tua Palavra aprender: 
A luz da verdade 
Nos venha ensinar a viver 
Que o Teu Santo Espírito esteja em nós 
Nos faça sentir e ouvir Tua voz! 
Estejas conosco 
Em nome de Cristo. Amém! 
 "
592,"Graça, Amor e Comunhão",Espírito Santo | Graça e Salvação | Igreja e Comunhão | Lar e Família,Efésios 2:8-9; João 3:16; 1 João 1:9 | Josué 24:15; Efésios 6:1-4 | João 14:16-17; Atos 2:1-4 | Salmos 133:1; Hebreus 10:25,https://www.youtube.com/watch?v=fiUau4pkV9Q,2 Coríntios 13:13,Hinos Litúrgicos,Despedida,Thomas E. Fettke,Thomas E. Fettke,"Que a graça de Jesus 
O amor de Deus o Pai 
E a comunhão do Espírito 
De Deus em nós 
Que a graça de Jesus 
O amor de Deus o Pai 
E a comunhão do Espírito 
Em nós 
Estejam pra sempre 
Eternamente, amém 
 "
593,"Amigo, Não Saia Sem Cristo","Graça e Salvação | Oração e Comunhão | Paz, Cuidado e Confiança | Sacrifício e Redenção",1 Tessalonicenses 5:17; Mateus 7:7; Filipenses 4:6 | Efésios 2:8-9; João 3:16; 1 João 1:9 | Isaías 53:4-5; Romanos 5:8; Hebreus 9:22 | Salmos 23:1-4; João 14:27; Salmos 46:1,https://www.youtube.com/watch?v=qz4_paWtw8g,João 1:16,Hinos Litúrgicos,Despedida,Lawrence F. Taylor,Lawrence F. Taylor,"Amigo, não saia sem Cristo 
Não saia daqui sem Jesus 
Pois quer hoje mesmo salvá-lo 
Por isso morreu numa cruz 
Receba essa oferta de graça 
E aceite de Cristo o perdão 
Amigo, não saia sem Cristo 
No seu coração 
 "
594,Bênção Final,"Graça e Salvação | Lar e Família | Oração e Comunhão | Paz, Cuidado e Confiança | Segunda Vinda e Esperança",1 Tessalonicenses 4:16-17; Apocalipse 1:7; João 14:1-3 | 1 Tessalonicenses 5:17; Mateus 7:7; Filipenses 4:6 | Efésios 2:8-9; João 3:16; 1 João 1:9 | Josué 24:15; Efésios 6:1-4 | Salmos 23:1-4; João 14:27; Salmos 46:1,https://www.youtube.com/watch?v=fluE6tBTu6M,Hebreus 10:23,Hinos Litúrgicos,Despedida,Clênio Abreu,Clênio Abreu,"Mesmo distantes deste bom lugar 
Concede, ó Pai podermos desfrutar 
Do Teu amor que é sem medida 
Da paz que só em Ti se pode achar 
E que a esperança que nos faz andar 
Esteja sempre a iluminar 
A senda que nos leva rumo ao lar 
Onde estaremos face a face a Te adorar 
Enfim 
 "
595,A Bênção,"Graça e Salvação | Paz, Cuidado e Confiança",Efésios 2:8-9; João 3:16; 1 João 1:9 | Salmos 23:1-4; João 14:27; Salmos 46:1,https://www.youtube.com/watch?v=sRZHnhpdE10,Números 6:24-26,Hinos Litúrgicos,Despedida,Williams Costa Jr.,Williams Costa Jr.,"Que o Senhor te abençoe 
E te guarde! 
Que o Senhor faça resplandecer 
Seu rosto sobre ti 
E tenha misericórdia de ti! 
Que o Senhor sobre ti levante 
O Seu rosto 
E te dê a paz 
E te dê a paz 
 "
596,"Vem, Senhor",Igreja e Comunhão | Oração e Comunhão,1 Tessalonicenses 5:17; Mateus 7:7; Filipenses 4:6 | Salmos 133:1; Hebreus 10:25,https://www.youtube.com/watch?v=e9GVzfcn-n8,Apocalipse 22:20,Hinos Litúrgicos,Despedida,Jader D. Santos,Jader D. Santos,"Vem, Senhor, sem demorar 
Tua igreja pronta está 
Já divisamos, ó Jesus 
Belos portais do Céu de luz 
  Vem, ó Senhor, é nosso orar 
Vem logo sem tardar 
Amém! Amém! 
 "
597,Santo Lugar,"Adoração e Louvor | Lar e Família | Paz, Cuidado e Confiança | Segunda Vinda e Esperança",1 Tessalonicenses 4:16-17; Apocalipse 1:7; João 14:1-3 | Josué 24:15; Efésios 6:1-4 | Salmos 150:1-6; Apocalipse 4:8; Salmos 95:1-2 | Salmos 23:1-4; João 14:27; Salmos 46:1,https://www.youtube.com/watch?v=HNp73M6vd5o,Salmo 26:8,Hinos Litúrgicos,Despedida,Guilherme Schlichting,Guilherme Schlichting,"Neste bom lugar 
Eu encontrei a paz que tanto procurei 
Neste bom lugar 
Os meus anseios e temores eu deixei 
Santo e bom lugar 
Onde a esperança e a fé são renovadas 
O melhor lugar, a casa do Eterno Deus 
  Que ao sair deste santo lugar 
Venha Tua mão abençoar 
Meus passos, minha vida 
Pra que eu seja para o mundo uma luz 
Pra revelar Jesus! 
 "
598,Que Deus Te Abençoe!,"Graça e Salvação | Paz, Cuidado e Confiança",Efésios 2:8-9; João 3:16; 1 João 1:9 | Salmos 23:1-4; João 14:27; Salmos 46:1,https://www.youtube.com/watch?v=jsAz9HOKXjU,2 Tessalonicenses 1:2,Hinos Litúrgicos,Despedida,Flavio Almeida Santos,Flavio Almeida Santos,"Que Deus te abençoe 
Que Deus te ilumine 
No amor te promova 
Na fé te conduza! 
Que Deus te abençoe 
Que Deus te proteja 
Na senda dirija 
E guarde em paz! Amém! 
 "
599,Que O Senhor Nos Abençoe!,"Paz, Cuidado e Confiança",Salmos 23:1-4; João 14:27; Salmos 46:1,https://www.youtube.com/watch?v=hbDJN08OQ6I,Judas 1:2,Hinos Litúrgicos,Despedida,Wendel Mattos,Wendel Mattos,"Que o Senhor nos abençoe 
E que também nos dê a paz 
Que o senhor nos acompanhe 
Agora e sempre! Amém! 
 "
600,Em Paz eu Vou,"Paz, Cuidado e Confiança",Salmos 23:1-4; João 14:27; Salmos 46:1,https://www.youtube.com/watch?v=hER6dGJKpqY,Romanos 15:33,Hinos Litúrgicos,Despedida,Marcelo Martins,Marcelo Martins,Em paz eu vou Ouvi a voz de Deus Em paz eu vou Estou feliz Achei abrigo Em Sua casa Em paz estou Com meu Jesus  Em paz eu vou Ouvi a voz de Deus Em paz eu vou Estou feliz Achei abrigo Em Sua casa Em paz estou Com meu Jesus Achei abrigo Em Sua casa Em paz estou Com meu Jesus 
