Número,Título,Temas Relacionados,Textos Relacionados,Link do Vídeo,Texto Base,Categoria,Subcategoria,Autor da Letra,Autor da Música
1,"Santo, Santo, Santo!",Adoração e Louvor | Graça e Salvação | Sábado e Criação,Efésios 2:8-9; João 3:16; 1 João 1:9 | Salmos 150:1-6; Apocalipse 4:8; Salmos 95:1-2 | Êxodo 20:8-11; Gênesis 2:2-3,https://www.youtube.com/watch?v=FDpludwY46U,Isaías 6:1-3,A Doutrina de Deus,A Trindade,Reginald Heber,John Bacchus Dykes
2,Ó Adorai o Senhor,Adoração e Louvor | Graça e Salvação | Oração e Comunhão,1 Tessalonicenses 5:17; Mateus 7:7; Filipenses 4:6 | Efésios 2:8-9; João 3:16; 1 João 1:9 | Salmos 150:1-6; Apocalipse 4:8; Salmos 95:1-2,https://www.youtube.com/watch?v=u4c66cbU9-c,Salmo 96:9,A Doutrina de Deus,A Trindade,John Samuel Bewley Monsell,Edwin Barnes
3,O Deus Eterno Reina,"Adoração e Louvor | Graça e Salvação | Oração e Comunhão | Paz, Cuidado e Confiança",1 Tessalonicenses 5:17; Mateus 7:7; Filipenses 4:6 | Efésios 2:8-9; João 3:16; 1 João 1:9 | Salmos 150:1-6; Apocalipse 4:8; Salmos 95:1-2 | Salmos 23:1-4; João 14:27; Salmos 46:1,https://www.youtube.com/watch?v=BpMD-UziYbc,Salmo 99:1-3,A Doutrina de Deus,A Trindade,Fanny J. Crosby,Hart Pease Danks
4,Louvor ao Trino Deus,Adoração e Louvor | Espírito Santo | Graça e Salvação | Sacrifício e Redenção,Efésios 2:8-9; João 3:16; 1 João 1:9 | Isaías 53:4-5; Romanos 5:8; Hebreus 9:22 | João 14:16-17; Atos 2:1-4 | Salmos 150:1-6; Apocalipse 4:8; Salmos 95:1-2,https://www.youtube.com/watch?v=hfH_dQpEMhk,Salmo 148,A Doutrina de Deus,A Trindade,Elizabeth Rundle Charles,Friedrich Ferdinand Flemming
5,Jubilosos Te Adoramos,"Adoração e Louvor | Espírito Santo | Graça e Salvação | Lar e Família | Oração e Comunhão | Paz, Cuidado e Confiança | Segunda Vinda e Esperança",1 Tessalonicenses 4:16-17; Apocalipse 1:7; João 14:1-3 | 1 Tessalonicenses 5:17; Mateus 7:7; Filipenses 4:6 | Efésios 2:8-9; João 3:16; 1 João 1:9 | Josué 24:15; Efésios 6:1-4 | João 14:16-17; Atos 2:1-4 | Salmos 150:1-6; Apocalipse 4:8; Salmos 95:1-2 | Salmos 23:1-4; João 14:27; Salmos 46:1,https://www.youtube.com/watch?v=e6r1kYZJ1hg,Salmo 105:1-3,A Doutrina de Deus,A Trindade,Henry Van Dyke,Ludwig Van Beethoven
6,Nós Te Adoramos,"Adoração e Louvor | Crianças e Jovens | Espírito Santo | Graça e Salvação | Oração e Comunhão | Paz, Cuidado e Confiança",1 Tessalonicenses 5:17; Mateus 7:7; Filipenses 4:6 | Efésios 2:8-9; João 3:16; 1 João 1:9 | João 14:16-17; Atos 2:1-4 | Mateus 19:14; Provérbios 22:6 | Salmos 150:1-6; Apocalipse 4:8; Salmos 95:1-2 | Salmos 23:1-4; João 14:27; Salmos 46:1,https://www.youtube.com/watch?v=gUX4rONKdeI,Salmo 95:6,A Doutrina de Deus,A Trindade,Edmond L. Budry,Franz Joseph Haydn
7,Sejas Louvado,"Adoração e Louvor | Graça e Salvação | Paz, Cuidado e Confiança",Efésios 2:8-9; João 3:16; 1 João 1:9 | Salmos 150:1-6; Apocalipse 4:8; Salmos 95:1-2 | Salmos 23:1-4; João 14:27; Salmos 46:1,https://www.youtube.com/watch?v=jRo9W3iHhLc,"Salmo 9:1, 2",A Doutrina de Deus,A Trindade,Joachim Neander,Stralsund Gesangbuch
8,Ó Deus de Amor,Adoração e Louvor | Graça e Salvação | Oração e Comunhão,1 Tessalonicenses 5:17; Mateus 7:7; Filipenses 4:6 | Efésios 2:8-9; João 3:16; 1 João 1:9 | Salmos 150:1-6; Apocalipse 4:8; Salmos 95:1-2,https://www.youtube.com/watch?v=W0Ha0nqpVtY,Gênesis 1:1,A Doutrina de Deus,A Trindade,Isaac Watts,John Hatton
9,"Santo, Santo, Pai Bondoso",Adoração e Louvor | Espírito Santo | Graça e Salvação | Lar e Família | Oração e Comunhão | Sacrifício e Redenção,1 Tessalonicenses 5:17; Mateus 7:7; Filipenses 4:6 | Efésios 2:8-9; João 3:16; 1 João 1:9 | Isaías 53:4-5; Romanos 5:8; Hebreus 9:22 | Josué 24:15; Efésios 6:1-4 | João 14:16-17; Atos 2:1-4 | Salmos 150:1-6; Apocalipse 4:8; Salmos 95:1-2,https://www.youtube.com/watch?v=d-Jm5BqIHms,Salmo 95:6,A Doutrina de Deus,A Trindade,Jimmy Owens,Jimmy Owens
10,O Senhor Está Aqui,Adoração e Louvor | Oração e Comunhão | Segunda Vinda e Esperança,1 Tessalonicenses 4:16-17; Apocalipse 1:7; João 14:1-3 | 1 Tessalonicenses 5:17; Mateus 7:7; Filipenses 4:6 | Salmos 150:1-6; Apocalipse 4:8; Salmos 95:1-2,https://www.youtube.com/watch?v=XafjwXQ7OF8,Habacuque 2:20,A Doutrina de Deus,A Trindade,Silmar Correia,Silmar Correia
11,Maior que Tudo,Graça e Salvação | Sacrifício e Redenção,Efésios 2:8-9; João 3:16; 1 João 1:9 | Isaías 53:4-5; Romanos 5:8; Hebreus 9:22,https://www.youtube.com/watch?v=7UlUMa8dlBg,Salmo 48:1,A Doutrina de Deus,A Trindade,"Paul Baloche, Lenny LeBlanc","Paul Baloche, Lenny LeBlanc"
12,"Vinde, Povo do Senhor","Adoração e Louvor | Espírito Santo | Graça e Salvação | Igreja e Comunhão | Lar e Família | Paz, Cuidado e Confiança | Segunda Vinda e Esperança",1 Tessalonicenses 4:16-17; Apocalipse 1:7; João 14:1-3 | Efésios 2:8-9; João 3:16; 1 João 1:9 | Josué 24:15; Efésios 6:1-4 | João 14:16-17; Atos 2:1-4 | Salmos 133:1; Hebreus 10:25 | Salmos 150:1-6; Apocalipse 4:8; Salmos 95:1-2 | Salmos 23:1-4; João 14:27; Salmos 46:1,https://www.youtube.com/watch?v=2WLfNPD0uhw,Salmo 95:1-6,A Doutrina de Deus,A Trindade,Henry Alford,George J. Elvey
13,"Louvamos-Te, ó Deus",Adoração e Louvor | Espírito Santo | Graça e Salvação | Sacrifício e Redenção | Segunda Vinda e Esperança,1 Tessalonicenses 4:16-17; Apocalipse 1:7; João 14:1-3 | Efésios 2:8-9; João 3:16; 1 João 1:9 | Isaías 53:4-5; Romanos 5:8; Hebreus 9:22 | João 14:16-17; Atos 2:1-4 | Salmos 150:1-6; Apocalipse 4:8; Salmos 95:1-2,https://www.youtube.com/watch?v=xAzZsKdefi0,"Salmo 113:1, 2",A Doutrina de Deus,A Trindade,William Paton Mackay,John Jenkins Husband
14,Louvemos o Rei,"Adoração e Louvor | Crianças e Jovens | Espírito Santo | Graça e Salvação | Lar e Família | Paz, Cuidado e Confiança",Efésios 2:8-9; João 3:16; 1 João 1:9 | Josué 24:15; Efésios 6:1-4 | João 14:16-17; Atos 2:1-4 | Mateus 19:14; Provérbios 22:6 | Salmos 150:1-6; Apocalipse 4:8; Salmos 95:1-2 | Salmos 23:1-4; João 14:27; Salmos 46:1,https://www.youtube.com/watch?v=KARmqJz3Ktg,"Salmo 146:1, 2",A Doutrina de Deus,A Trindade,Robert Grant,SACRED MELODIES – II
15,"Tu És Fiel, Senhor","Crianças e Jovens | Graça e Salvação | Lar e Família | Paz, Cuidado e Confiança | Segunda Vinda e Esperança",1 Tessalonicenses 4:16-17; Apocalipse 1:7; João 14:1-3 | Efésios 2:8-9; João 3:16; 1 João 1:9 | Josué 24:15; Efésios 6:1-4 | Mateus 19:14; Provérbios 22:6 | Salmos 23:1-4; João 14:27; Salmos 46:1,https://www.youtube.com/watch?v=lVBzxAcXTVk,"Lamentações 3:22, 23",A Doutrina de Deus,O Pai,Thomas Obadiah Chisholm,William Marion Runyan
16,Sublime Amor,"Adoração e Louvor | Crianças e Jovens | Graça e Salvação | Lar e Família | Paz, Cuidado e Confiança",Efésios 2:8-9; João 3:16; 1 João 1:9 | Josué 24:15; Efésios 6:1-4 | Mateus 19:14; Provérbios 22:6 | Salmos 150:1-6; Apocalipse 4:8; Salmos 95:1-2 | Salmos 23:1-4; João 14:27; Salmos 46:1,https://www.youtube.com/watch?v=724USSpz4ls,João 15:13,A Doutrina de Deus,O Pai,Frederick M. Lehman,Frederick M. Lehman
17,Deus é Nosso Pai Amado,Adoração e Louvor | Lar e Família | Oração e Comunhão | Sacrifício e Redenção | Segunda Vinda e Esperança,1 Tessalonicenses 4:16-17; Apocalipse 1:7; João 14:1-3 | 1 Tessalonicenses 5:17; Mateus 7:7; Filipenses 4:6 | Isaías 53:4-5; Romanos 5:8; Hebreus 9:22 | Josué 24:15; Efésios 6:1-4 | Salmos 150:1-6; Apocalipse 4:8; Salmos 95:1-2,https://www.youtube.com/watch?v=1fkhW76iKSs,Mateus 6:26-30,A Doutrina de Deus,O Pai,Helen Griggs,Helen Griggs
18,Deus é Nosso Pai Celeste,Adoração e Louvor | Crianças e Jovens | Lar e Família,Josué 24:15; Efésios 6:1-4 | Mateus 19:14; Provérbios 22:6 | Salmos 150:1-6; Apocalipse 4:8; Salmos 95:1-2,https://www.youtube.com/watch?v=5Zm_BUpeWHI,Salmo 103:13,A Doutrina de Deus,O Pai,Karolina Wilhelmina Sandell-Berg,Melodia Tradicional Sueca
19,A Deus demos Glória,Adoração e Louvor | Crianças e Jovens | Graça e Salvação | Sacrifício e Redenção,Efésios 2:8-9; João 3:16; 1 João 1:9 | Isaías 53:4-5; Romanos 5:8; Hebreus 9:22 | Mateus 19:14; Provérbios 22:6 | Salmos 150:1-6; Apocalipse 4:8; Salmos 95:1-2,https://www.youtube.com/watch?v=MnBH-e_BpZQ,"Salmo 107:21, 22",A Doutrina de Deus,O Pai,Fanny J. Crosby,William H. Doane
20,Grande é o Senhor,Adoração e Louvor | Graça e Salvação,Efésios 2:8-9; João 3:16; 1 João 1:9 | Salmos 150:1-6; Apocalipse 4:8; Salmos 95:1-2,https://www.youtube.com/watch?v=4C23Lx1lwso,Salmo 48:1,A Doutrina de Deus,O Pai,"Michael W. Smith, Deborah D. Smith","Michael W. Smith, Deborah D. Smith"
21,"Eu Te Amo, ó Deus",Adoração e Louvor | Graça e Salvação | Oração e Comunhão,1 Tessalonicenses 5:17; Mateus 7:7; Filipenses 4:6 | Efésios 2:8-9; João 3:16; 1 João 1:9 | Salmos 150:1-6; Apocalipse 4:8; Salmos 95:1-2,https://www.youtube.com/watch?v=BjHv6tOnhn0,"Salmo 116:1, 2",A Doutrina de Deus,O Pai,Laurie Klein,Laurie Klein
22,A Ti Toda Glória,Adoração e Louvor | Crianças e Jovens | Graça e Salvação | Igreja e Comunhão | Sacrifício e Redenção,Efésios 2:8-9; João 3:16; 1 João 1:9 | Isaías 53:4-5; Romanos 5:8; Hebreus 9:22 | Mateus 19:14; Provérbios 22:6 | Salmos 133:1; Hebreus 10:25 | Salmos 150:1-6; Apocalipse 4:8; Salmos 95:1-2,https://www.youtube.com/watch?v=BwISjJU028U,I Pedro 1:3-5,A Doutrina de Deus,O Pai,Desconhecido,Melodia Tradicional Holandesa
23,Louvai a Cristo,"Crianças e Jovens | Graça e Salvação | Missão e Serviço | Paz, Cuidado e Confiança | Sacrifício e Redenção | Segunda Vinda e Esperança",1 Tessalonicenses 4:16-17; Apocalipse 1:7; João 14:1-3 | Efésios 2:8-9; João 3:16; 1 João 1:9 | Isaías 53:4-5; Romanos 5:8; Hebreus 9:22 | Mateus 19:14; Provérbios 22:6 | Mateus 28:19-20; Isaías 6:8; Marcos 16:15 | Salmos 23:1-4; João 14:27; Salmos 46:1,https://www.youtube.com/watch?v=0LeRHv_eCgk,Apocalipse 5:11-14,A Doutrina de Deus,O Filho,Fanny J. Crosby,Chester G. Allen
24,Louvai a Cristo,Vida Cristã e Devoção,Salmos 1:1-2; Provérbios 3:5-6,https://www.youtube.com/watch?v=AlTWVhSsndI,Apocalipse 17:14,A Doutrina de Deus,O Filho,Jack Williams Hayford,Jack Williams Hayford
25,"Jesus, Sempre Te Amo",Adoração e Louvor | Graça e Salvação,Efésios 2:8-9; João 3:16; 1 João 1:9 | Salmos 150:1-6; Apocalipse 4:8; Salmos 95:1-2,https://www.youtube.com/watch?v=T5jU2aXD0cI,João 14:21,A Doutrina de Deus,O Filho,William Ralph Featherstone,Adoniram Judson Gordon
26,Saudai o Nome de Jesus,"Adoração e Louvor | Crianças e Jovens | Graça e Salvação | Lar e Família | Paz, Cuidado e Confiança",Efésios 2:8-9; João 3:16; 1 João 1:9 | Josué 24:15; Efésios 6:1-4 | Mateus 19:14; Provérbios 22:6 | Salmos 150:1-6; Apocalipse 4:8; Salmos 95:1-2 | Salmos 23:1-4; João 14:27; Salmos 46:1,https://www.youtube.com/watch?v=qQuZ30_VVbU,Apocalipse 5:11-13,A Doutrina de Deus,O Filho,Edward Perronet,James Ellor
27,Com Glória Coroai,"Adoração e Louvor | Crianças e Jovens | Graça e Salvação | Lar e Família | Paz, Cuidado e Confiança",Efésios 2:8-9; João 3:16; 1 João 1:9 | Josué 24:15; Efésios 6:1-4 | Mateus 19:14; Provérbios 22:6 | Salmos 150:1-6; Apocalipse 4:8; Salmos 95:1-2 | Salmos 23:1-4; João 14:27; Salmos 46:1,https://www.youtube.com/watch?v=xlkwuGo10Os,Apocalipse 5:11-13,A Doutrina de Deus,O Filho,Edward Perronet,James Ellor
28,"Lindo És, Meu Mestre",Adoração e Louvor,Salmos 150:1-6; Apocalipse 4:8; Salmos 95:1-2,https://www.youtube.com/watch?v=DRYgNLQNjmU,Salmo 45:2,A Doutrina de Deus,O Filho,Münster Gesangbuch,Melodia Tradicional Silesiana
29,O Amor de Jesus,"Graça e Salvação | Lar e Família | Oração e Comunhão | Paz, Cuidado e Confiança",1 Tessalonicenses 5:17; Mateus 7:7; Filipenses 4:6 | Efésios 2:8-9; João 3:16; 1 João 1:9 | Josué 24:15; Efésios 6:1-4 | Salmos 23:1-4; João 14:27; Salmos 46:1,https://www.youtube.com/watch?v=rDqhjaMUu8I,João 15:9,A Doutrina de Deus,O Filho,William Elmo Mercer,William Elmo Mercer
30,Sempre Vencendo,"Lar e Família | Paz, Cuidado e Confiança",Josué 24:15; Efésios 6:1-4 | Salmos 23:1-4; João 14:27; Salmos 46:1,https://www.youtube.com/watch?v=SvLmewB4-tc,Apocalipse 6:2,A Doutrina de Deus,O Filho,Fanny J. Crosby,John R. Sweney
31,"Jesus, Tu És a Minha Vida",Adoração e Louvor | Graça e Salvação | Oração e Comunhão | Segunda Vinda e Esperança,1 Tessalonicenses 4:16-17; Apocalipse 1:7; João 14:1-3 | 1 Tessalonicenses 5:17; Mateus 7:7; Filipenses 4:6 | Efésios 2:8-9; João 3:16; 1 João 1:9 | Salmos 150:1-6; Apocalipse 4:8; Salmos 95:1-2,https://www.youtube.com/watch?v=LL5Pak4zcuA,João 14:6,A Doutrina de Deus,O Filho,Williams Costa Jr.,Williams Costa Jr.
32,"Brilha, Jesus","Adoração e Louvor | Graça e Salvação | Lar e Família | Paz, Cuidado e Confiança",Efésios 2:8-9; João 3:16; 1 João 1:9 | Josué 24:15; Efésios 6:1-4 | Salmos 150:1-6; Apocalipse 4:8; Salmos 95:1-2 | Salmos 23:1-4; João 14:27; Salmos 46:1,https://www.youtube.com/watch?v=pnjg15RB6f8,João 8:12,A Doutrina de Deus,O Filho,Graham Kendrick,Graham Kendrick
33,A Esperança é Jesus,"Graça e Salvação | Paz, Cuidado e Confiança | Segunda Vinda e Esperança",1 Tessalonicenses 4:16-17; Apocalipse 1:7; João 14:1-3 | Efésios 2:8-9; João 3:16; 1 João 1:9 | Salmos 23:1-4; João 14:27; Salmos 46:1,https://www.youtube.com/watch?v=8hKR6ohrexE,1 Timóteo 1:1,A Doutrina de Deus,O Filho,Ariney Balthazar de Oliveira,Ariney Balthazar de Oliveira
34,Precioso Nome,"Adoração e Louvor | Graça e Salvação | Paz, Cuidado e Confiança",Efésios 2:8-9; João 3:16; 1 João 1:9 | Salmos 150:1-6; Apocalipse 4:8; Salmos 95:1-2 | Salmos 23:1-4; João 14:27; Salmos 46:1,https://www.youtube.com/watch?v=i_1znegpxLI,Filipenses 2:9-11,A Doutrina de Deus,O Filho,Evaldo Vicente,Evaldo Vicente
35,Ele é Exaltado,Adoração e Louvor,Salmos 150:1-6; Apocalipse 4:8; Salmos 95:1-2,https://www.youtube.com/watch?v=KAu7WO38klQ,Salmo 24:10,A Doutrina de Deus,O Filho,Twila Paris,Twila Paris
36,Por Seu Imenso Amor,Adoração e Louvor | Graça e Salvação | Oração e Comunhão,1 Tessalonicenses 5:17; Mateus 7:7; Filipenses 4:6 | Efésios 2:8-9; João 3:16; 1 João 1:9 | Salmos 150:1-6; Apocalipse 4:8; Salmos 95:1-2,https://www.youtube.com/watch?v=h2zY2yqEhH8,2 João 1:3,A Doutrina de Deus,O Filho,Rafael Lindemute,Rafael Lindemute
37,Cristo,"Adoração e Louvor | Graça e Salvação | Paz, Cuidado e Confiança",Efésios 2:8-9; João 3:16; 1 João 1:9 | Salmos 150:1-6; Apocalipse 4:8; Salmos 95:1-2 | Salmos 23:1-4; João 14:27; Salmos 46:1,https://www.youtube.com/watch?v=PRVP3fMMOJ8,Mateus 11:28-30,A Doutrina de Deus,O Filho,Jader D. Santos,Jader D. Santos
38,A Ti Rendemos Glórias,"Adoração e Louvor | Crianças e Jovens | Graça e Salvação | Lar e Família | Paz, Cuidado e Confiança | Sacrifício e Redenção",Efésios 2:8-9; João 3:16; 1 João 1:9 | Isaías 53:4-5; Romanos 5:8; Hebreus 9:22 | Josué 24:15; Efésios 6:1-4 | Mateus 19:14; Provérbios 22:6 | Salmos 150:1-6; Apocalipse 4:8; Salmos 95:1-2 | Salmos 23:1-4; João 14:27; Salmos 46:1,https://www.youtube.com/watch?v=Sju2hLQ6hKU,Salmo 106:48,A Doutrina de Deus,O Filho,Teodulfo de Orleães,Melchior Teschner
39,Glórias ao Rei de Amor,"Adoração e Louvor | Graça e Salvação | Lar e Família | Oração e Comunhão | Paz, Cuidado e Confiança | Sacrifício e Redenção",1 Tessalonicenses 5:17; Mateus 7:7; Filipenses 4:6 | Efésios 2:8-9; João 3:16; 1 João 1:9 | Isaías 53:4-5; Romanos 5:8; Hebreus 9:22 | Josué 24:15; Efésios 6:1-4 | Salmos 150:1-6; Apocalipse 4:8; Salmos 95:1-2 | Salmos 23:1-4; João 14:27; Salmos 46:1,https://www.youtube.com/watch?v=aARgwr11kt4,"Judas 24, 25",A Doutrina de Deus,O Filho,Matthew Bridges,George J. Elvey
40,Concede-nos o Espírito,Adoração e Louvor | Crianças e Jovens | Espírito Santo | Graça e Salvação | Lar e Família | Oração e Comunhão | Santuário e Juízo,1 Tessalonicenses 5:17; Mateus 7:7; Filipenses 4:6 | Efésios 2:8-9; João 3:16; 1 João 1:9 | Hebreus 4:14-16; Hebreus 8:1-2; Daniel 8:14 | Josué 24:15; Efésios 6:1-4 | João 14:16-17; Atos 2:1-4 | Mateus 19:14; Provérbios 22:6 | Salmos 150:1-6; Apocalipse 4:8; Salmos 95:1-2,https://www.youtube.com/watch?v=AEIOZHynZ10,"João 16:7, 8",A Doutrina de Deus,O Espírito Santo,Dario Pires de Araújo,John Darwall
41,Chuvas de Bênçãos,"Espírito Santo | Graça e Salvação | Paz, Cuidado e Confiança",Efésios 2:8-9; João 3:16; 1 João 1:9 | João 14:16-17; Atos 2:1-4 | Salmos 23:1-4; João 14:27; Salmos 46:1,https://www.youtube.com/watch?v=BaJF1Tg3CJM,Ezequiel 34:26,A Doutrina de Deus,O Espírito Santo,Daniel W. Whittle,James McGranahan
42,Vive em Mim,Adoração e Louvor | Espírito Santo | Graça e Salvação | Oração e Comunhão,1 Tessalonicenses 5:17; Mateus 7:7; Filipenses 4:6 | Efésios 2:8-9; João 3:16; 1 João 1:9 | João 14:16-17; Atos 2:1-4 | Salmos 150:1-6; Apocalipse 4:8; Salmos 95:1-2,https://www.youtube.com/watch?v=GHr5fUzMD-8,João 3:5-8,A Doutrina de Deus,O Espírito Santo,Edwin Hatch,Baylus Benjamin McKinney
43,"Vem, Santo Espírito, Agora",Adoração e Louvor | Espírito Santo | Graça e Salvação | Oração e Comunhão,1 Tessalonicenses 5:17; Mateus 7:7; Filipenses 4:6 | Efésios 2:8-9; João 3:16; 1 João 1:9 | João 14:16-17; Atos 2:1-4 | Salmos 150:1-6; Apocalipse 4:8; Salmos 95:1-2,https://www.youtube.com/watch?v=q7ckGf7nsU4,Isaías 44:3,A Doutrina de Deus,O Espírito Santo,"Gloria Gaither, William J. Gaither",William J. Gaither
44,O Santo Espírito,"Adoração e Louvor | Espírito Santo | Graça e Salvação | Igreja e Comunhão | Missão e Serviço | Oração e Comunhão | Palavra de Deus e Lei | Paz, Cuidado e Confiança",1 Tessalonicenses 5:17; Mateus 7:7; Filipenses 4:6 | Efésios 2:8-9; João 3:16; 1 João 1:9 | João 14:16-17; Atos 2:1-4 | Mateus 28:19-20; Isaías 6:8; Marcos 16:15 | Salmos 119:105; 2 Timóteo 3:16; Salmos 19:7 | Salmos 133:1; Hebreus 10:25 | Salmos 150:1-6; Apocalipse 4:8; Salmos 95:1-2 | Salmos 23:1-4; João 14:27; Salmos 46:1,https://www.youtube.com/watch?v=niiUqUc9j1s,Atos 1:8,A Doutrina de Deus,O Espírito Santo,John W. Peterson,John W. Peterson
45,Suave Espírito,Adoração e Louvor | Espírito Santo | Graça e Salvação | Missão e Serviço | Oração e Comunhão,1 Tessalonicenses 5:17; Mateus 7:7; Filipenses 4:6 | Efésios 2:8-9; João 3:16; 1 João 1:9 | João 14:16-17; Atos 2:1-4 | Mateus 28:19-20; Isaías 6:8; Marcos 16:15 | Salmos 150:1-6; Apocalipse 4:8; Salmos 95:1-2,https://www.youtube.com/watch?v=zoxr6xrtoa8,Gálatas 4:6,A Doutrina de Deus,O Espírito Santo,Doris Akers,Doris Akers
46,Dia de Chuva,Espírito Santo | Graça e Salvação | Lar e Família | Oração e Comunhão | Segunda Vinda e Esperança,1 Tessalonicenses 4:16-17; Apocalipse 1:7; João 14:1-3 | 1 Tessalonicenses 5:17; Mateus 7:7; Filipenses 4:6 | Efésios 2:8-9; João 3:16; 1 João 1:9 | Josué 24:15; Efésios 6:1-4 | João 14:16-17; Atos 2:1-4,https://www.youtube.com/watch?v=Vwpc1inHrwA,Joel 2:28,A Doutrina de Deus,O Espírito Santo,Ariney Balthazar de Oliveira,Ariney Balthazar de Oliveira
47,Cheios do Espírito,"Adoração e Louvor | Espírito Santo | Graça e Salvação | Lar e Família | Paz, Cuidado e Confiança | Sacrifício e Redenção | Segunda Vinda e Esperança",1 Tessalonicenses 4:16-17; Apocalipse 1:7; João 14:1-3 | Efésios 2:8-9; João 3:16; 1 João 1:9 | Isaías 53:4-5; Romanos 5:8; Hebreus 9:22 | Josué 24:15; Efésios 6:1-4 | João 14:16-17; Atos 2:1-4 | Salmos 150:1-6; Apocalipse 4:8; Salmos 95:1-2 | Salmos 23:1-4; João 14:27; Salmos 46:1,https://www.youtube.com/watch?v=5pCbe4IUoSQ,Efésios 5:18,A Doutrina de Deus,O Espírito Santo,Valdecir Simões Lima,Lineu Formighieri Soares
48,O Poder do Espírito,Adoração e Louvor | Espírito Santo | Graça e Salvação | Segunda Vinda e Esperança,1 Tessalonicenses 4:16-17; Apocalipse 1:7; João 14:1-3 | Efésios 2:8-9; João 3:16; 1 João 1:9 | João 14:16-17; Atos 2:1-4 | Salmos 150:1-6; Apocalipse 4:8; Salmos 95:1-2,https://www.youtube.com/watch?v=dq4XfQZJrbg,Atos 1:8,A Doutrina de Deus,O Espírito Santo,Valdecir Simões Lima,Wanderson F. Paiva
49,Que Firme Alicerce!,Adoração e Louvor | Crianças e Jovens | Palavra de Deus e Lei | Sacrifício e Redenção,Isaías 53:4-5; Romanos 5:8; Hebreus 9:22 | Mateus 19:14; Provérbios 22:6 | Salmos 119:105; 2 Timóteo 3:16; Salmos 19:7 | Salmos 150:1-6; Apocalipse 4:8; Salmos 95:1-2,https://www.youtube.com/watch?v=YiYxrq_0LuI,2 Pedro 1:19,A Doutrina de Deus,As Escrituras Sagradas,SELECTION OF HYMNS,CANTUS DIVERSI
50,Alicerce Seguro,"Crianças e Jovens | Graça e Salvação | Palavra de Deus e Lei | Paz, Cuidado e Confiança | Sacrifício e Redenção",Efésios 2:8-9; João 3:16; 1 João 1:9 | Isaías 53:4-5; Romanos 5:8; Hebreus 9:22 | Mateus 19:14; Provérbios 22:6 | Salmos 119:105; 2 Timóteo 3:16; Salmos 19:7 | Salmos 23:1-4; João 14:27; Salmos 46:1,https://www.youtube.com/watch?v=s8iTxsqiiqM,2 Pedro 1:19,A Doutrina de Deus,As Escrituras Sagradas,RIPPON´S SELECTION OF HYMNS,GENUINE CHURCH MUSIC
51,Dá-me a Bíblia,"Palavra de Deus e Lei | Paz, Cuidado e Confiança | Sacrifício e Redenção",Isaías 53:4-5; Romanos 5:8; Hebreus 9:22 | Salmos 119:105; 2 Timóteo 3:16; Salmos 19:7 | Salmos 23:1-4; João 14:27; Salmos 46:1,https://www.youtube.com/watch?v=k-O7d-lvwtE,"2 Timóteo 3:16, 17",A Doutrina de Deus,As Escrituras Sagradas,Priscilla J. Owens,Edmund S. Lorenz
52,Novas de Amor e Vida,"Adoração e Louvor | Graça e Salvação | Paz, Cuidado e Confiança",Efésios 2:8-9; João 3:16; 1 João 1:9 | Salmos 150:1-6; Apocalipse 4:8; Salmos 95:1-2 | Salmos 23:1-4; João 14:27; Salmos 46:1,https://www.youtube.com/watch?v=ZKGM3HzpOZo,"Lucas 2:10, 11",A Doutrina de Deus,As Escrituras Sagradas,Philip P. Bliss,Philip P. Bliss
53,Que Diz a Bíblia?,Palavra de Deus e Lei | Segunda Vinda e Esperança | Sábado e Criação,1 Tessalonicenses 4:16-17; Apocalipse 1:7; João 14:1-3 | Salmos 119:105; 2 Timóteo 3:16; Salmos 19:7 | Êxodo 20:8-11; Gênesis 2:2-3,https://www.youtube.com/watch?v=hNdx9bWb_0s,Atos 17:11,A Doutrina de Deus,As Escrituras Sagradas,Franklin E. Belden,Franklin E. Belden
54,Unidos Pela Palavra,Espírito Santo | Igreja e Comunhão | Palavra de Deus e Lei | Segunda Vinda e Esperança,1 Tessalonicenses 4:16-17; Apocalipse 1:7; João 14:1-3 | João 14:16-17; Atos 2:1-4 | Salmos 119:105; 2 Timóteo 3:16; Salmos 19:7 | Salmos 133:1; Hebreus 10:25,https://www.youtube.com/watch?v=2rH9XgY6SGQ,Atos 2:42,A Doutrina de Deus,As Escrituras Sagradas,Marcelo Santos Meireles,Marcelo Santos Meireles
55,Tua Palavra,"Oração e Comunhão | Palavra de Deus e Lei | Paz, Cuidado e Confiança",1 Tessalonicenses 5:17; Mateus 7:7; Filipenses 4:6 | Salmos 119:105; 2 Timóteo 3:16; Salmos 19:7 | Salmos 23:1-4; João 14:27; Salmos 46:1,https://www.youtube.com/watch?v=L81Mjny13d4,Salmo 119:11,A Doutrina de Deus,As Escrituras Sagradas,Jader D. Santos,Jader D. Santos
56,Nossa Inspiração,Graça e Salvação | Oração e Comunhão | Palavra de Deus e Lei | Segunda Vinda e Esperança,1 Tessalonicenses 4:16-17; Apocalipse 1:7; João 14:1-3 | 1 Tessalonicenses 5:17; Mateus 7:7; Filipenses 4:6 | Efésios 2:8-9; João 3:16; 1 João 1:9 | Salmos 119:105; 2 Timóteo 3:16; Salmos 19:7,https://www.youtube.com/watch?v=5-PCVhz6uzg,Salmo 119:140,A Doutrina de Deus,As Escrituras Sagradas,Samuel Gravino Júnior,Samuel Gravino Júnior
57,A Palavra do Senhor,"Oração e Comunhão | Palavra de Deus e Lei | Paz, Cuidado e Confiança | Segunda Vinda e Esperança",1 Tessalonicenses 4:16-17; Apocalipse 1:7; João 14:1-3 | 1 Tessalonicenses 5:17; Mateus 7:7; Filipenses 4:6 | Salmos 119:105; 2 Timóteo 3:16; Salmos 19:7 | Salmos 23:1-4; João 14:27; Salmos 46:1,https://www.youtube.com/watch?v=86bzYwgHtG4,Hebreus 4:12,A Doutrina de Deus,As Escrituras Sagradas,Wendel Mattos,Wendel Mattos
58,O Pão da Vida,Adoração e Louvor | Graça e Salvação | Lar e Família | Palavra de Deus e Lei,Efésios 2:8-9; João 3:16; 1 João 1:9 | Josué 24:15; Efésios 6:1-4 | Salmos 119:105; 2 Timóteo 3:16; Salmos 19:7 | Salmos 150:1-6; Apocalipse 4:8; Salmos 95:1-2,https://www.youtube.com/watch?v=uNq843-YAvo,João 6:51,A Doutrina de Deus,As Escrituras Sagradas,Mary A. Lathbury,William F. Sherwin
59,Por Belezas Naturais,"Adoração e Louvor | Espírito Santo | Graça e Salvação | Igreja e Comunhão | Paz, Cuidado e Confiança | Sacrifício e Redenção",Efésios 2:8-9; João 3:16; 1 João 1:9 | Isaías 53:4-5; Romanos 5:8; Hebreus 9:22 | João 14:16-17; Atos 2:1-4 | Salmos 133:1; Hebreus 10:25 | Salmos 150:1-6; Apocalipse 4:8; Salmos 95:1-2 | Salmos 23:1-4; João 14:27; Salmos 46:1,https://www.youtube.com/watch?v=ogxYKQWtuCo,Salmo 107:1-3,A Doutrina do Ser Humano,A Criação,Folliott S. Pierpoint,Conrad Kocher
60,Ao Deus de Abraão Louvai,Adoração e Louvor | Crianças e Jovens | Graça e Salvação | Lar e Família,Efésios 2:8-9; João 3:16; 1 João 1:9 | Josué 24:15; Efésios 6:1-4 | Mateus 19:14; Provérbios 22:6 | Salmos 150:1-6; Apocalipse 4:8; Salmos 95:1-2,https://www.youtube.com/watch?v=2khAUPUJ5VM,"Êxodo 3:14, 15",A Doutrina do Ser Humano,A Criação,Thomas Olivers,Melodia Tradicional Judaica
61,"Vós, Criaturas do Senhor",Adoração e Louvor | Crianças e Jovens | Espírito Santo | Graça e Salvação | Lar e Família | Sábado e Criação,Efésios 2:8-9; João 3:16; 1 João 1:9 | Josué 24:15; Efésios 6:1-4 | João 14:16-17; Atos 2:1-4 | Mateus 19:14; Provérbios 22:6 | Salmos 150:1-6; Apocalipse 4:8; Salmos 95:1-2 | Êxodo 20:8-11; Gênesis 2:2-3,https://www.youtube.com/watch?v=EUHb7-depCY,Salmo 148,A Doutrina do Ser Humano,A Criação,Francisco de Assis,GEISTLICHE KIRCHENGESÄNGE
62,Quão Grande És Tu,Adoração e Louvor | Crianças e Jovens | Lar e Família | Sacrifício e Redenção,Isaías 53:4-5; Romanos 5:8; Hebreus 9:22 | Josué 24:15; Efésios 6:1-4 | Mateus 19:14; Provérbios 22:6 | Salmos 150:1-6; Apocalipse 4:8; Salmos 95:1-2,https://www.youtube.com/watch?v=gwi_gzBwl98,Salmo 8,A Doutrina do Ser Humano,A Criação,"Carl Boberg, Stuart K. Hine",Melodia Tradicional Sueca
63,O Mundo é de Meu Deus,Sacrifício e Redenção | Sábado e Criação,Isaías 53:4-5; Romanos 5:8; Hebreus 9:22 | Êxodo 20:8-11; Gênesis 2:2-3,https://www.youtube.com/watch?v=xopoI-il52Y,Salmo 24:1,A Doutrina do Ser Humano,A Criação,Maltbie D. Babcock,Franklin L. Sheppard
64,Vaso Novo,Graça e Salvação | Palavra de Deus e Lei,Efésios 2:8-9; João 3:16; 1 João 1:9 | Salmos 119:105; 2 Timóteo 3:16; Salmos 19:7,https://www.youtube.com/watch?v=Dh24lTXOorc,Jeremias 18:3-6,A Doutrina do Ser Humano,A Natureza da Humanidade,Nilton Tuller,Nilton Tuller
65,Das Mãos do Criador,"Adoração e Louvor | Graça e Salvação | Igreja e Comunhão | Lar e Família | Oração e Comunhão | Palavra de Deus e Lei | Paz, Cuidado e Confiança | Sacrifício e Redenção | Segunda Vinda e Esperança",1 Tessalonicenses 4:16-17; Apocalipse 1:7; João 14:1-3 | 1 Tessalonicenses 5:17; Mateus 7:7; Filipenses 4:6 | Efésios 2:8-9; João 3:16; 1 João 1:9 | Isaías 53:4-5; Romanos 5:8; Hebreus 9:22 | Josué 24:15; Efésios 6:1-4 | Salmos 119:105; 2 Timóteo 3:16; Salmos 19:7 | Salmos 133:1; Hebreus 10:25 | Salmos 150:1-6; Apocalipse 4:8; Salmos 95:1-2 | Salmos 23:1-4; João 14:27; Salmos 46:1,https://www.youtube.com/watch?v=38nr_ig4oYk,Salmo 119:14,A Doutrina do Ser Humano,A Natureza da Humanidade,Jader D. Santos,Jader D. Santos
66,Não Há Outro Igual a Você,Espírito Santo | Lar e Família,Josué 24:15; Efésios 6:1-4 | João 14:16-17; Atos 2:1-4,https://www.youtube.com/watch?v=1XYJWYHuZdg,Gênesis 1:27,A Doutrina do Ser Humano,A Natureza da Humanidade,Flo Price,Flo Price
67,Restaura em Mim,Espírito Santo | Lar e Família,Josué 24:15; Efésios 6:1-4 | João 14:16-17; Atos 2:1-4,https://www.youtube.com/watch?v=IN0WMRcnYq4,Gênesis 2:7,A Doutrina do Ser Humano,A Natureza da Humanidade,Sullivan Dutra,Sullivan Dutra
68,Restaura,"Adoração e Louvor | Graça e Salvação | Oração e Comunhão | Paz, Cuidado e Confiança",1 Tessalonicenses 5:17; Mateus 7:7; Filipenses 4:6 | Efésios 2:8-9; João 3:16; 1 João 1:9 | Salmos 150:1-6; Apocalipse 4:8; Salmos 95:1-2 | Salmos 23:1-4; João 14:27; Salmos 46:1,https://www.youtube.com/watch?v=98rSocNlrtw,Salmo 80:3,A Doutrina do Ser Humano,A Natureza da Humanidade,Antônio Carlos S. Moura Jr.,Antônio Carlos S. Moura Jr.
69,"Obrigado, Bom Pai",Adoração e Louvor | Graça e Salvação | Lar e Família | Oração e Comunhão | Palavra de Deus e Lei | Segunda Vinda e Esperança,1 Tessalonicenses 4:16-17; Apocalipse 1:7; João 14:1-3 | 1 Tessalonicenses 5:17; Mateus 7:7; Filipenses 4:6 | Efésios 2:8-9; João 3:16; 1 João 1:9 | Josué 24:15; Efésios 6:1-4 | Salmos 119:105; 2 Timóteo 3:16; Salmos 19:7 | Salmos 150:1-6; Apocalipse 4:8; Salmos 95:1-2,https://www.youtube.com/watch?v=4XkYx2_xuPA,Salmo 8:3-8,A Doutrina do Ser Humano,A Natureza da Humanidade,"Regina Mota, Rize L. Matheus",Rize L. Matheus
70,A Real Bandeira,Oração e Comunhão,1 Tessalonicenses 5:17; Mateus 7:7; Filipenses 4:6,https://www.youtube.com/watch?v=vs4fs-zc66M,Salmo 20:5,A Doutrina da Salvação,O Grande Conflito,Daniel W. Whittle,James McGranahan
71,Vitória em Cristo,"Adoração e Louvor | Lar e Família | Paz, Cuidado e Confiança | Sacrifício e Redenção | Segunda Vinda e Esperança",1 Tessalonicenses 4:16-17; Apocalipse 1:7; João 14:1-3 | Isaías 53:4-5; Romanos 5:8; Hebreus 9:22 | Josué 24:15; Efésios 6:1-4 | Salmos 150:1-6; Apocalipse 4:8; Salmos 95:1-2 | Salmos 23:1-4; João 14:27; Salmos 46:1,https://www.youtube.com/watch?v=wQFi-aVjuo0,1 Coríntios 15:57,A Doutrina da Salvação,O Grande Conflito,Eugene M. Bartlett,Eugene M. Bartlett
72,Firme nas Promessas,"Adoração e Louvor | Graça e Salvação | Paz, Cuidado e Confiança | Sacrifício e Redenção",Efésios 2:8-9; João 3:16; 1 João 1:9 | Isaías 53:4-5; Romanos 5:8; Hebreus 9:22 | Salmos 150:1-6; Apocalipse 4:8; Salmos 95:1-2 | Salmos 23:1-4; João 14:27; Salmos 46:1,https://www.youtube.com/watch?v=0QqmaJAVCss,"2 Pedro 1:3, 4",A Doutrina da Salvação,O Grande Conflito,Russell K. Carter,Russell K. Carter
73,Castelo Forte,"Lar e Família | Oração e Comunhão | Palavra de Deus e Lei | Paz, Cuidado e Confiança | Sábado e Criação",1 Tessalonicenses 5:17; Mateus 7:7; Filipenses 4:6 | Josué 24:15; Efésios 6:1-4 | Salmos 119:105; 2 Timóteo 3:16; Salmos 19:7 | Salmos 23:1-4; João 14:27; Salmos 46:1 | Êxodo 20:8-11; Gênesis 2:2-3,https://www.youtube.com/watch?v=r130BsOP1Cs,Salmo 46:1,A Doutrina da Salvação,O Grande Conflito,Martinho Lutero,Martinho Lutero
74,Grande Comandante,Lar e Família,Josué 24:15; Efésios 6:1-4,https://www.youtube.com/watch?v=pDF_yaObO8M,Josué 1:9,A Doutrina da Salvação,O Grande Conflito,Carrie Ellis Breck,Grant C. Tullar
75,Fé é a Vitória,"Adoração e Louvor | Graça e Salvação | Igreja e Comunhão | Paz, Cuidado e Confiança",Efésios 2:8-9; João 3:16; 1 João 1:9 | Salmos 133:1; Hebreus 10:25 | Salmos 150:1-6; Apocalipse 4:8; Salmos 95:1-2 | Salmos 23:1-4; João 14:27; Salmos 46:1,https://www.youtube.com/watch?v=1k3ayNZz8jQ,1 João 5:4,A Doutrina da Salvação,O Grande Conflito,John H. Yates,Ira D. Sankey
76,Vencedor Cada Dia,Graça e Salvação | Lar e Família | Missão e Serviço | Oração e Comunhão | Palavra de Deus e Lei | Segunda Vinda e Esperança,1 Tessalonicenses 4:16-17; Apocalipse 1:7; João 14:1-3 | 1 Tessalonicenses 5:17; Mateus 7:7; Filipenses 4:6 | Efésios 2:8-9; João 3:16; 1 João 1:9 | Josué 24:15; Efésios 6:1-4 | Mateus 28:19-20; Isaías 6:8; Marcos 16:15 | Salmos 119:105; 2 Timóteo 3:16; Salmos 19:7,https://www.youtube.com/watch?v=-0M7gBeQI78,Romanos 8:37-39,A Doutrina da Salvação,O Grande Conflito,Evaldo Vicente,Evaldo Vicente
77,"Ó Cristãos, Avante!","Adoração e Louvor | Igreja e Comunhão | Lar e Família | Paz, Cuidado e Confiança | Sacrifício e Redenção",Isaías 53:4-5; Romanos 5:8; Hebreus 9:22 | Josué 24:15; Efésios 6:1-4 | Salmos 133:1; Hebreus 10:25 | Salmos 150:1-6; Apocalipse 4:8; Salmos 95:1-2 | Salmos 23:1-4; João 14:27; Salmos 46:1,https://www.youtube.com/watch?v=3-mP_nKu8yQ,Efésios 6:10-12,A Doutrina da Salvação,O Grande Conflito,Sabine Baring-Gould,Arthur S. Sullivan
78,Um Vencedor,"Graça e Salvação | Missão e Serviço | Paz, Cuidado e Confiança | Sacrifício e Redenção",Efésios 2:8-9; João 3:16; 1 João 1:9 | Isaías 53:4-5; Romanos 5:8; Hebreus 9:22 | Mateus 28:19-20; Isaías 6:8; Marcos 16:15 | Salmos 23:1-4; João 14:27; Salmos 46:1,https://www.youtube.com/watch?v=JzD8Fe1ICcw,1 João 5:4,A Doutrina da Salvação,O Grande Conflito,Jader D. Santos,Jader D. Santos
79,Noite de Paz,"Adoração e Louvor | Graça e Salvação | Paz, Cuidado e Confiança",Efésios 2:8-9; João 3:16; 1 João 1:9 | Salmos 150:1-6; Apocalipse 4:8; Salmos 95:1-2 | Salmos 23:1-4; João 14:27; Salmos 46:1,https://www.youtube.com/watch?v=EbHIw7hpduI,Lucas 2:8-11,A Doutrina da Salvação,"Vida, Morte e Ressurreição de Cristo",Joseph Mohr,Franz Xaver Gruber
80,Soou em Meio à Noite Azul,"Adoração e Louvor | Graça e Salvação | Lar e Família | Paz, Cuidado e Confiança",Efésios 2:8-9; João 3:16; 1 João 1:9 | Josué 24:15; Efésios 6:1-4 | Salmos 150:1-6; Apocalipse 4:8; Salmos 95:1-2 | Salmos 23:1-4; João 14:27; Salmos 46:1,https://www.youtube.com/watch?v=j_LfpCFhM1o,"Lucas 2:13, 14",A Doutrina da Salvação,"Vida, Morte e Ressurreição de Cristo",Edmund Hamilton Sears,Richard Storrs Willis
81,Surgem Anjos Proclamando,"Adoração e Louvor | Graça e Salvação | Oração e Comunhão | Paz, Cuidado e Confiança",1 Tessalonicenses 5:17; Mateus 7:7; Filipenses 4:6 | Efésios 2:8-9; João 3:16; 1 João 1:9 | Salmos 150:1-6; Apocalipse 4:8; Salmos 95:1-2 | Salmos 23:1-4; João 14:27; Salmos 46:1,https://www.youtube.com/watch?v=kkHG9hyVZFI,Lucas 2:13 e 14,A Doutrina da Salvação,"Vida, Morte e Ressurreição de Cristo",Desconhecido,Melodia Tradicional Francesa
82,Num Berço de Palha,"Adoração e Louvor | Crianças e Jovens | Graça e Salvação | Lar e Família | Paz, Cuidado e Confiança",Efésios 2:8-9; João 3:16; 1 João 1:9 | Josué 24:15; Efésios 6:1-4 | Mateus 19:14; Provérbios 22:6 | Salmos 150:1-6; Apocalipse 4:8; Salmos 95:1-2 | Salmos 23:1-4; João 14:27; Salmos 46:1,https://www.youtube.com/watch?v=RDNxaHfPnLE,Lucas 2:15 e 16,A Doutrina da Salvação,"Vida, Morte e Ressurreição de Cristo",LITTLE CHILDRENS BOOK,James Ramsey Murray
83,Canção da Manjedoura,"Adoração e Louvor | Crianças e Jovens | Graça e Salvação | Lar e Família | Paz, Cuidado e Confiança",Efésios 2:8-9; João 3:16; 1 João 1:9 | Josué 24:15; Efésios 6:1-4 | Mateus 19:14; Provérbios 22:6 | Salmos 150:1-6; Apocalipse 4:8; Salmos 95:1-2 | Salmos 23:1-4; João 14:27; Salmos 46:1,https://www.youtube.com/watch?v=j3eoiJdeg9k,Lucas 2:12,A Doutrina da Salvação,"Vida, Morte e Ressurreição de Cristo","Desconhecido, John T. McFarland",William J. Kirkpatrick
84,"Ó Vinde, Adoremos",Adoração e Louvor,Salmos 150:1-6; Apocalipse 4:8; Salmos 95:1-2,https://www.youtube.com/watch?v=eNDUTp27XrI,Mateus 2:11,A Doutrina da Salvação,"Vida, Morte e Ressurreição de Cristo",Hino Latino,CANTUS DIVERSI
85,Estrela de Luz,"Graça e Salvação | Lar e Família | Paz, Cuidado e Confiança",Efésios 2:8-9; João 3:16; 1 João 1:9 | Josué 24:15; Efésios 6:1-4 | Salmos 23:1-4; João 14:27; Salmos 46:1,https://www.youtube.com/watch?v=C3cAaEQRlSg,"Mateus 2:1, 2",A Doutrina da Salvação,"Vida, Morte e Ressurreição de Cristo",Franklin E. Belden,Franklin E. Belden
86,Nasce Jesus,"Adoração e Louvor | Crianças e Jovens | Graça e Salvação | Paz, Cuidado e Confiança",Efésios 2:8-9; João 3:16; 1 João 1:9 | Mateus 19:14; Provérbios 22:6 | Salmos 150:1-6; Apocalipse 4:8; Salmos 95:1-2 | Salmos 23:1-4; João 14:27; Salmos 46:1,https://www.youtube.com/watch?v=G4KswVUWNM8,Lucas 2:14,A Doutrina da Salvação,"Vida, Morte e Ressurreição de Cristo",Robert Hawkey Moreton,Robert Lowry
87,"Belém, Bendita És","Adoração e Louvor | Oração e Comunhão | Paz, Cuidado e Confiança | Segunda Vinda e Esperança",1 Tessalonicenses 4:16-17; Apocalipse 1:7; João 14:1-3 | 1 Tessalonicenses 5:17; Mateus 7:7; Filipenses 4:6 | Salmos 150:1-6; Apocalipse 4:8; Salmos 95:1-2 | Salmos 23:1-4; João 14:27; Salmos 46:1,https://www.youtube.com/watch?v=GVg5Enb5OU4,Miqueias 5:2,A Doutrina da Salvação,"Vida, Morte e Ressurreição de Cristo",Phillips Brooks,Lewis Henry Redner
88,Cristo Nasceu,Adoração e Louvor | Graça e Salvação | Oração e Comunhão,1 Tessalonicenses 5:17; Mateus 7:7; Filipenses 4:6 | Efésios 2:8-9; João 3:16; 1 João 1:9 | Salmos 150:1-6; Apocalipse 4:8; Salmos 95:1-2,https://www.youtube.com/watch?v=HXHaY7MkNoI,"Lucas 2:6, 7",A Doutrina da Salvação,"Vida, Morte e Ressurreição de Cristo",Isaac Watts,Georg F. Händel
89,"Natal, Feliz Natal!","Graça e Salvação | Lar e Família | Missão e Serviço | Paz, Cuidado e Confiança | Segunda Vinda e Esperança",1 Tessalonicenses 4:16-17; Apocalipse 1:7; João 14:1-3 | Efésios 2:8-9; João 3:16; 1 João 1:9 | Josué 24:15; Efésios 6:1-4 | Mateus 28:19-20; Isaías 6:8; Marcos 16:15 | Salmos 23:1-4; João 14:27; Salmos 46:1,https://www.youtube.com/watch?v=02SEzuF8Yeg,Mateus 2:9-11,A Doutrina da Salvação,"Vida, Morte e Ressurreição de Cristo",Melodia Tradicional Inglesa,Melodia Tradicional Inglesa
90,Glória ao Rei que Vos Nasceu,"Adoração e Louvor | Crianças e Jovens | Graça e Salvação | Paz, Cuidado e Confiança",Efésios 2:8-9; João 3:16; 1 João 1:9 | Mateus 19:14; Provérbios 22:6 | Salmos 150:1-6; Apocalipse 4:8; Salmos 95:1-2 | Salmos 23:1-4; João 14:27; Salmos 46:1,https://www.youtube.com/watch?v=UiF50HoVxmQ,"Lucas 2:13, 14",A Doutrina da Salvação,"Vida, Morte e Ressurreição de Cristo",Charles Wesley,Felix Mendelssohn-Bartholdy
91,Ó Noite Santa!,"Adoração e Louvor | Graça e Salvação | Lar e Família | Paz, Cuidado e Confiança | Segunda Vinda e Esperança",1 Tessalonicenses 4:16-17; Apocalipse 1:7; João 14:1-3 | Efésios 2:8-9; João 3:16; 1 João 1:9 | Josué 24:15; Efésios 6:1-4 | Salmos 150:1-6; Apocalipse 4:8; Salmos 95:1-2 | Salmos 23:1-4; João 14:27; Salmos 46:1,https://www.youtube.com/watch?v=manYe2ql8Kg,"Lucas 2:8, 9",A Doutrina da Salvação,"Vida, Morte e Ressurreição de Cristo",Placide Cappeau,Adolphe-Charles Adam
92,Onde Estavam?,"Adoração e Louvor | Crianças e Jovens | Graça e Salvação | Paz, Cuidado e Confiança | Segunda Vinda e Esperança",1 Tessalonicenses 4:16-17; Apocalipse 1:7; João 14:1-3 | Efésios 2:8-9; João 3:16; 1 João 1:9 | Mateus 19:14; Provérbios 22:6 | Salmos 150:1-6; Apocalipse 4:8; Salmos 95:1-2 | Salmos 23:1-4; João 14:27; Salmos 46:1,https://www.youtube.com/watch?v=neN3QmMPIf4,Lucas 2:8-11,A Doutrina da Salvação,"Vida, Morte e Ressurreição de Cristo",Jader D. Santos,Jader D. Santos
93,Nasceu o Salvador,"Crianças e Jovens | Graça e Salvação | Paz, Cuidado e Confiança",Efésios 2:8-9; João 3:16; 1 João 1:9 | Mateus 19:14; Provérbios 22:6 | Salmos 23:1-4; João 14:27; Salmos 46:1,https://www.youtube.com/watch?v=Lp2_WQaM8KQ,"Lucas 2:6, 7",A Doutrina da Salvação,"Vida, Morte e Ressurreição de Cristo",Sullivan Dutra,Sullivan Dutra
94,Vestido em Linho,Adoração e Louvor | Graça e Salvação | Lar e Família | Sacrifício e Redenção,Efésios 2:8-9; João 3:16; 1 João 1:9 | Isaías 53:4-5; Romanos 5:8; Hebreus 9:22 | Josué 24:15; Efésios 6:1-4 | Salmos 150:1-6; Apocalipse 4:8; Salmos 95:1-2,https://www.youtube.com/watch?v=jgwICRa17Ts,Salmo 45:8,A Doutrina da Salvação,"Vida, Morte e Ressurreição de Cristo",Henry Barraclough,Henry Barraclough
95,Amor Que Por Amor Desceste,"Graça e Salvação | Paz, Cuidado e Confiança | Sacrifício e Redenção",Efésios 2:8-9; João 3:16; 1 João 1:9 | Isaías 53:4-5; Romanos 5:8; Hebreus 9:22 | Salmos 23:1-4; João 14:27; Salmos 46:1,https://www.youtube.com/watch?v=Pwa7fRMbURU,Jeremias 31:3,A Doutrina da Salvação,"Vida, Morte e Ressurreição de Cristo",George Matheson,Albert Lister Peace
96,Foi Amor,"Crianças e Jovens | Graça e Salvação | Paz, Cuidado e Confiança | Sacrifício e Redenção",Efésios 2:8-9; João 3:16; 1 João 1:9 | Isaías 53:4-5; Romanos 5:8; Hebreus 9:22 | Mateus 19:14; Provérbios 22:6 | Salmos 23:1-4; João 14:27; Salmos 46:1,https://www.youtube.com/watch?v=qJXgvVGefyc,João 15:13,A Doutrina da Salvação,"Vida, Morte e Ressurreição de Cristo",John E. Walvoord,Donald J. Wyrtzen
97,Por Que Me Amou Assim?,Graça e Salvação | Sacrifício e Redenção,Efésios 2:8-9; João 3:16; 1 João 1:9 | Isaías 53:4-5; Romanos 5:8; Hebreus 9:22,https://www.youtube.com/watch?v=KXB43Rs8SyU,"Hebreus 12:2, 3",A Doutrina da Salvação,"Vida, Morte e Ressurreição de Cristo",Robert Harkness,Robert Harkness
98,Conta-me a História de Cristo,"Adoração e Louvor | Graça e Salvação | Oração e Comunhão | Paz, Cuidado e Confiança | Sacrifício e Redenção",1 Tessalonicenses 5:17; Mateus 7:7; Filipenses 4:6 | Efésios 2:8-9; João 3:16; 1 João 1:9 | Isaías 53:4-5; Romanos 5:8; Hebreus 9:22 | Salmos 150:1-6; Apocalipse 4:8; Salmos 95:1-2 | Salmos 23:1-4; João 14:27; Salmos 46:1,https://www.youtube.com/watch?v=pcShGyOHlig,"Isaías 53:4, 5",A Doutrina da Salvação,"Vida, Morte e Ressurreição de Cristo",Fanny J. Crosby,John R. Sweney
99,Conta-me a Velha História,"Adoração e Louvor | Graça e Salvação | Paz, Cuidado e Confiança",Efésios 2:8-9; 1 João 1:9 | Salmos 150:1-6; Apocalipse 4:8; Salmos 95:1-2 | Salmos 23:1-4; João 14:27; Salmos 46:1,https://www.youtube.com/watch?v=nkGGdNovUXg,João 3:16,A Doutrina da Salvação,"Vida, Morte e Ressurreição de Cristo",Arabella Katherine Hankey,William H. Doane
100,A Doce História,"Adoração e Louvor | Graça e Salvação | Lar e Família | Paz, Cuidado e Confiança | Sacrifício e Redenção | Segunda Vinda e Esperança",1 Tessalonicenses 4:16-17; Apocalipse 1:7; João 14:1-3 | Efésios 2:8-9; João 3:16; 1 João 1:9 | Isaías 53:4-5; Romanos 5:8; Hebreus 9:22 | Josué 24:15; Efésios 6:1-4 | Salmos 150:1-6; Apocalipse 4:8; Salmos 95:1-2 | Salmos 23:1-4; João 14:27; Salmos 46:1,https://www.youtube.com/watch?v=LgbciTZ1VwM,Isaías 53:5,A Doutrina da Salvação,"Vida, Morte e Ressurreição de Cristo",Arabella Katherine Hankey,William Gustavus Fischer
101,Seu Maravilhoso Olhar,"Graça e Salvação | Paz, Cuidado e Confiança | Sacrifício e Redenção",Efésios 2:8-9; João 3:16; 1 João 1:9 | Isaías 53:4-5; Romanos 5:8; Hebreus 9:22 | Salmos 23:1-4; João 14:27; Salmos 46:1,https://www.youtube.com/watch?v=yey65PRKnwY,"Lucas 22:61, 62",A Doutrina da Salvação,"Vida, Morte e Ressurreição de Cristo",John W. Peterson,John W. Peterson
102,"Ó Vem, Emanuel!","Igreja e Comunhão | Paz, Cuidado e Confiança | Segunda Vinda e Esperança",1 Tessalonicenses 4:16-17; Apocalipse 1:7; João 14:1-3 | Salmos 133:1; Hebreus 10:25 | Salmos 23:1-4; João 14:27; Salmos 46:1,https://www.youtube.com/watch?v=xXSfV9DBfuU,Mateus 1:23,A Doutrina da Salvação,"Vida, Morte e Ressurreição de Cristo",Hino Latino,Melodia Gregoriana
103,Rude Cruz,Adoração e Louvor | Lar e Família | Missão e Serviço | Sacrifício e Redenção,Isaías 53:4-5; Romanos 5:8; Hebreus 9:22 | Josué 24:15; Efésios 6:1-4 | Mateus 28:19-20; Isaías 6:8; Marcos 16:15 | Salmos 150:1-6; Apocalipse 4:8; Salmos 95:1-2,https://www.youtube.com/watch?v=uARK7ATNd94,Gálatas 6:14,A Doutrina da Salvação,"Vida, Morte e Ressurreição de Cristo",George Bennard,George Bennard
104,Na Senda do Calvário,"Adoração e Louvor | Missão e Serviço | Paz, Cuidado e Confiança | Sacrifício e Redenção",Isaías 53:4-5; Romanos 5:8; Hebreus 9:22 | Mateus 28:19-20; Isaías 6:8; Marcos 16:15 | Salmos 150:1-6; Apocalipse 4:8; Salmos 95:1-2 | Salmos 23:1-4; João 14:27; Salmos 46:1,https://www.youtube.com/watch?v=6dOjCNKG3H8,"Mateus 16:24, 25",A Doutrina da Salvação,"Vida, Morte e Ressurreição de Cristo",Ira F. Stanphill,Ira F. Stanphill
105,"Oh, Fronte Ensanguentada!","Graça e Salvação | Oração e Comunhão | Palavra de Deus e Lei | Paz, Cuidado e Confiança | Sacrifício e Redenção",1 Tessalonicenses 5:17; Mateus 7:7; Filipenses 4:6 | Efésios 2:8-9; João 3:16; 1 João 1:9 | Isaías 53:4-5; Romanos 5:8; Hebreus 9:22 | Salmos 119:105; 2 Timóteo 3:16; Salmos 19:7 | Salmos 23:1-4; João 14:27; Salmos 46:1,https://www.youtube.com/watch?v=HRIFTOPGfQo,"Mateus 27:29, 30",A Doutrina da Salvação,"Vida, Morte e Ressurreição de Cristo",Poema Latino Medieval,Hans Leo Hassler
106,Cristo no Horto,Adoração e Louvor | Graça e Salvação | Lar e Família | Oração e Comunhão | Sacrifício e Redenção,1 Tessalonicenses 5:17; Mateus 7:7; Filipenses 4:6 | Efésios 2:8-9; João 3:16; 1 João 1:9 | Isaías 53:4-5; Romanos 5:8; Hebreus 9:22 | Josué 24:15; Efésios 6:1-4 | Salmos 150:1-6; Apocalipse 4:8; Salmos 95:1-2,https://www.youtube.com/watch?v=PjPkdT0RdVg,Lucas 22:39-44,A Doutrina da Salvação,"Vida, Morte e Ressurreição de Cristo",Sidney Clopton Lanier,Peter Christian Lutkin
107,Na Cruz Morri Por Ti,Adoração e Louvor | Lar e Família | Sacrifício e Redenção,Isaías 53:4-5; Romanos 5:8; Hebreus 9:22 | Josué 24:15; Efésios 6:1-4 | Salmos 150:1-6; Apocalipse 4:8; Salmos 95:1-2,https://www.youtube.com/watch?v=1LBGWEG23uc,Marcos 14:34-38,A Doutrina da Salvação,"Vida, Morte e Ressurreição de Cristo",Frances Ridley Havergal,James Edson White
108,Foi Por Você Também,Graça e Salvação | Sacrifício e Redenção,Efésios 2:8-9; João 3:16; 1 João 1:9 | Isaías 53:4-5; Romanos 5:8; Hebreus 9:22,https://www.youtube.com/watch?v=LYPwUpwFqJU,Romanos 5:8-10,A Doutrina da Salvação,"Vida, Morte e Ressurreição de Cristo",Williams Costa Jr.,Williams Costa Jr.
109,Houve Alguém,"Adoração e Louvor | Graça e Salvação | Paz, Cuidado e Confiança | Sacrifício e Redenção",Efésios 2:8-9; João 3:16; 1 João 1:9 | Isaías 53:4-5; Romanos 5:8; Hebreus 9:22 | Salmos 150:1-6; Apocalipse 4:8; Salmos 95:1-2 | Salmos 23:1-4; João 14:27; Salmos 46:1,https://www.youtube.com/watch?v=xoUiEda5iJM,Filipenses 2:5-8,A Doutrina da Salvação,"Vida, Morte e Ressurreição de Cristo",Carrie E. Breck,Grant C. Tullar
110,Monte do Calvário,Graça e Salvação | Sacrifício e Redenção,Efésios 2:8-9; João 3:16; 1 João 1:9 | Isaías 53:4-5; Romanos 5:8; Hebreus 9:22,https://www.youtube.com/watch?v=RRpKJGGwcXE,"João 19:17, 18",A Doutrina da Salvação,"Vida, Morte e Ressurreição de Cristo",Keith Whitford,Keith Whitford
111,Ao Ver a Cruz,Graça e Salvação | Oração e Comunhão | Sacrifício e Redenção,1 Tessalonicenses 5:17; Mateus 7:7; Filipenses 4:6 | Efésios 2:8-9; João 3:16; 1 João 1:9 | Isaías 53:4-5; Romanos 5:8; Hebreus 9:22,https://www.youtube.com/watch?v=2wRdBPHruHU,Lucas 23:33-38,A Doutrina da Salvação,"Vida, Morte e Ressurreição de Cristo",Carl Harold Lowden,Carl Harold Lowden
112,Cordeiro de Deus,Adoração e Louvor | Graça e Salvação | Lar e Família | Sacrifício e Redenção,Efésios 2:8-9; João 3:16; 1 João 1:9 | Isaías 53:4-5; Romanos 5:8; Hebreus 9:22 | Josué 24:15; Efésios 6:1-4 | Salmos 150:1-6; Apocalipse 4:8; Salmos 95:1-2,https://www.youtube.com/watch?v=QvcJtKyiJaQ,Mateus 1:18-21,A Doutrina da Salvação,"Vida, Morte e Ressurreição de Cristo",Twila Paris,Twila Paris
113,'Stavas Lá?,Missão e Serviço,Mateus 28:19-20; Isaías 6:8; Marcos 16:15,https://www.youtube.com/watch?v=5EB_afTMfPc,Marcos 15:21-25,A Doutrina da Salvação,"Vida, Morte e Ressurreição de Cristo",Desconhecido,Negro Spiritual
114,Cristo Já Ressuscitou,Graça e Salvação | Sacrifício e Redenção,Efésios 2:8-9; João 3:16; 1 João 1:9 | Isaías 53:4-5; Romanos 5:8; Hebreus 9:22,https://www.youtube.com/watch?v=Jxim-KyuzMw,Mateus 28:5-7,A Doutrina da Salvação,"Vida, Morte e Ressurreição de Cristo",Charles Wesley,LYRA DAVIDICA
115,Preciosa Graça,"Adoração e Louvor | Graça e Salvação | Lar e Família | Paz, Cuidado e Confiança | Sacrifício e Redenção",Efésios 2:8-9; João 3:16; 1 João 1:9 | Isaías 53:4-5; Romanos 5:8; Hebreus 9:22 | Josué 24:15; Efésios 6:1-4 | Salmos 150:1-6; Apocalipse 4:8; Salmos 95:1-2 | Salmos 23:1-4; João 14:27; Salmos 46:1,https://www.youtube.com/watch?v=3uF79G1Wwjw,Efésios 2:7,A Doutrina da Salvação,A Experiência da Salvação,John Newton,Melodia Tradicional Americana
116,Maravilhosa Graça,"Adoração e Louvor | Graça e Salvação | Paz, Cuidado e Confiança",Efésios 2:8-9; João 3:16; 1 João 1:9 | Salmos 150:1-6; Apocalipse 4:8; Salmos 95:1-2 | Salmos 23:1-4; João 14:27; Salmos 46:1,https://www.youtube.com/watch?v=Kfplvg2IX6w,Efésios 2:7,A Doutrina da Salvação,A Experiência da Salvação,Haldor Lillenas,Haldor Lillenas
117,Infinita Graça,Adoração e Louvor | Graça e Salvação | Lar e Família | Oração e Comunhão,1 Tessalonicenses 5:17; Mateus 7:7; Filipenses 4:6 | Efésios 2:8-9; João 3:16; 1 João 1:9 | Josué 24:15; Efésios 6:1-4 | Salmos 150:1-6; Apocalipse 4:8; Salmos 95:1-2,https://www.youtube.com/watch?v=kQbEAjwxHXU,"Salmo 51:1, 2",A Doutrina da Salvação,A Experiência da Salvação,Desconhecido,Melodia Tradicional Cubana
118,Imenso Amor,Graça e Salvação | Sacrifício e Redenção,Efésios 2:8-9; 1 João 1:9 | Isaías 53:4-5; Romanos 5:8; Hebreus 9:22,https://www.youtube.com/watch?v=p0HlgYN5D6Q,João 3:16,A Doutrina da Salvação,A Experiência da Salvação,Charles Wesley,Thomas Campbell
119,Graça de Deus,"Graça e Salvação | Paz, Cuidado e Confiança | Sacrifício e Redenção",-9; João 3:16; 1 João 1:9 | Isaías 53:4-5; Romanos 5:8; Hebreus 9:22 | Salmos 23:1-4; João 14:27; Salmos 46:1,https://www.youtube.com/watch?v=cS1Nl3pkS6g,Efésios 2:8,A Doutrina da Salvação,A Experiência da Salvação,Julia Harriete Johnston,Daniel B. Towner
120,Graça,Graça e Salvação | Lar e Família | Oração e Comunhão | Sacrifício e Redenção | Segunda Vinda e Esperança,1 Tessalonicenses 4:16-17; Apocalipse 1:7; João 14:1-3 | 1 Tessalonicenses 5:17; Mateus 7:7; Filipenses 4:6 | Efésios 2:8-9; João 3:16; 1 João 1:9 | Isaías 53:4-5; Romanos 5:8; Hebreus 9:22 | Josué 24:15; Efésios 6:1-4,https://www.youtube.com/watch?v=pb6P7_xmUQs,2 Coríntios 12:9,A Doutrina da Salvação,A Experiência da Salvação,Daniel Salles,Daniel Salles
121,Por Um Pecador Qual Eu,"Graça e Salvação | Lar e Família | Paz, Cuidado e Confiança | Sacrifício e Redenção",Efésios 2:8-9; João 3:16; 1 João 1:9 | Isaías 53:4-5; Romanos 5:8; Hebreus 9:22 | Josué 24:15; Efésios 6:1-4 | Salmos 23:1-4; João 14:27; Salmos 46:1,https://www.youtube.com/watch?v=1d_Sj5oJk2k,1 Timóteo 1:15,A Doutrina da Salvação,A Experiência da Salvação,William McComb,Desconhecido
122,Só um Passo,Crianças e Jovens | Graça e Salvação,Efésios 2:8-9; João 3:16; 1 João 1:9 | Mateus 19:14; Provérbios 22:6,https://www.youtube.com/watch?v=zJqNjxb-7SI,Lucas 15:17-24,A Doutrina da Salvação,A Experiência da Salvação,Ellen K. Bradford,Franklin E. Belden
123,Seu Sangue Tem Poder,Lar e Família | Missão e Serviço | Oração e Comunhão | Sacrifício e Redenção,1 Tessalonicenses 5:17; Mateus 7:7; Filipenses 4:6 | Isaías 53:4-5; Romanos 5:8; Hebreus 9:22 | Josué 24:15; Efésios 6:1-4 | Mateus 28:19-20; Isaías 6:8; Marcos 16:15,https://www.youtube.com/watch?v=IMJRhe3K1EA,"Efésios 1:6, 7",A Doutrina da Salvação,A Experiência da Salvação,Lewis E. Jones,Lewis E. Jones
124,Deixa a Luz do Céu Entrar,"Graça e Salvação | Oração e Comunhão | Paz, Cuidado e Confiança",1 Tessalonicenses 5:17; Mateus 7:7; Filipenses 4:6 | Efésios 2:8-9; João 3:16; 1 João 1:9 | Salmos 23:1-4; João 14:27; Salmos 46:1,https://www.youtube.com/watch?v=VlxR27Iy9LQ,João 8:12,A Doutrina da Salvação,A Experiência da Salvação,Ada Blenkhorn,Charles H. Gabriel
125,A Terna voz do Salvador,Adoração e Louvor | Graça e Salvação | Segunda Vinda e Esperança,1 Tessalonicenses 4:16-17; Apocalipse 1:7; João 14:1-3 | Efésios 2:8-9; João 3:16; 1 João 1:9 | Salmos 150:1-6; Apocalipse 4:8; Salmos 95:1-2,https://www.youtube.com/watch?v=t0ehkXbVZvw,"Filipenses 2:9, 11",A Doutrina da Salvação,A Experiência da Salvação,William Hunter,John Hart Stockton
126,Foge Para o monte,"Adoração e Louvor | Graça e Salvação | Paz, Cuidado e Confiança",Efésios 2:8-9; João 3:16; 1 João 1:9 | Salmos 150:1-6; Apocalipse 4:8; Salmos 95:1-2 | Salmos 23:1-4; João 14:27; Salmos 46:1,https://www.youtube.com/watch?v=1SBM9-TndOU,Salmo 121,A Doutrina da Salvação,A Experiência da Salvação,Mary Stanley Bruce Dana,Melodia Tradicional Espanhola
127,Vida em Olhar,Graça e Salvação | Missão e Serviço | Sacrifício e Redenção,Efésios 2:8-9; João 3:16; 1 João 1:9 | Isaías 53:4-5; Romanos 5:8; Hebreus 9:22 | Mateus 28:19-20; Isaías 6:8; Marcos 16:15,https://www.youtube.com/watch?v=DMdabK3IbAU,"João 3:14, 15",A Doutrina da Salvação,A Experiência da Salvação,Amelia Matilda Hull,E. G. Taylor
128,Se Tu Buscares a Jesus,"Graça e Salvação | Lar e Família | Paz, Cuidado e Confiança | Segunda Vinda e Esperança",1 Tessalonicenses 4:16-17; Apocalipse 1:7; João 14:1-3 | Efésios 2:8-9; João 3:16; 1 João 1:9 | Josué 24:15; Efésios 6:1-4 | Salmos 23:1-4; João 14:27; Salmos 46:1,https://www.youtube.com/watch?v=FHqRzJ1Pj0Q,Jeremias 29:13,A Doutrina da Salvação,A Experiência da Salvação,Ina Duley Ogdon,Bentley D. Ackley
129,Deixa Entrar o Rei da Glória,"Adoração e Louvor | Graça e Salvação | Oração e Comunhão | Paz, Cuidado e Confiança | Segunda Vinda e Esperança",1 Tessalonicenses 4:16-17; Apocalipse 1:7; João 14:1-3 | 1 Tessalonicenses 5:17; Mateus 7:7; Filipenses 4:6 | Efésios 2:8-9; João 3:16; 1 João 1:9 | Salmos 150:1-6; Apocalipse 4:8; Salmos 95:1-2 | Salmos 23:1-4; João 14:27; Salmos 46:1,https://www.youtube.com/watch?v=R3J8A4uVooQ,Apocalipse 3:20,A Doutrina da Salvação,A Experiência da Salvação,Desconhecido,C. C. Williams
130,Jesus Está Esperando,Graça e Salvação | Oração e Comunhão,1 Tessalonicenses 5:17; Mateus 7:7; Filipenses 4:6 | Efésios 2:8-9; João 3:16; 1 João 1:9,https://www.youtube.com/watch?v=KeUClZbg8Uk,Apocalipse 3:20,A Doutrina da Salvação,A Experiência da Salvação,Ralph R. Carmichael,Ralph R. Carmichael
131,Manso e Suave,Graça e Salvação,Efésios 2:8-9; João 3:16; 1 João 1:9,https://www.youtube.com/watch?v=U1MtpuMnAK8,Mateus 11:28-30,A Doutrina da Salvação,A Experiência da Salvação,Will L. Thompson,Will L. Thompson
132,Pra Quem Nada Tem,"Espírito Santo | Oração e Comunhão | Palavra de Deus e Lei | Paz, Cuidado e Confiança",1 Tessalonicenses 5:17; Mateus 7:7; Filipenses 4:6 | João 14:16-17; Atos 2:1-4 | Salmos 119:105; 2 Timóteo 3:16; Salmos 19:7 | Salmos 23:1-4; João 14:27; Salmos 46:1,https://www.youtube.com/watch?v=WLANtS8injM,"Hebreus 3:7, 8",A Doutrina da Salvação,A Experiência da Salvação,Evaldo Vicente,Evaldo Vicente
133,"Ó Vem, Aflito Coração","Graça e Salvação | Oração e Comunhão | Paz, Cuidado e Confiança | Sábado e Criação",1 Tessalonicenses 5:17; Mateus 7:7; Filipenses 4:6 | Efésios 2:8-9; João 3:16; 1 João 1:9 | Salmos 23:1-4; João 14:27; Salmos 46:1 | Êxodo 20:8-11; Gênesis 2:2-3,https://www.youtube.com/watch?v=1kM5QluWwqc,Mateus 11:28,A Doutrina da Salvação,A Experiência da Salvação,W. H. Bellamy,William J. Kirkpatrick
134,Junto à Cruz,"Graça e Salvação | Paz, Cuidado e Confiança | Sacrifício e Redenção | Segunda Vinda e Esperança",1 Tessalonicenses 4:16-17; Apocalipse 1:7; João 14:1-3 | Efésios 2:8-9; João 3:16; 1 João 1:9 | Isaías 53:4-5; Romanos 5:8; Hebreus 9:22 | Salmos 23:1-4; João 14:27; Salmos 46:1,https://www.youtube.com/watch?v=hXrjWCkDmpY,"Lucas 23:33, 34",A Doutrina da Salvação,A Experiência da Salvação,Ira F. Stanphill,Ira F. Stanphill
135,Vinde às Águas,Crianças e Jovens,Mateus 19:14; Provérbios 22:6,https://www.youtube.com/watch?v=f9VL-sdtUHg,Isaías 55:1,A Doutrina da Salvação,A Experiência da Salvação,Daniel Salles,Daniel Salles
136,Quero Estar ao Pé da Cruz,Lar e Família | Sacrifício e Redenção,Isaías 53:4-5; Romanos 5:8; Hebreus 9:22 | Josué 24:15; Efésios 6:1-4,https://www.youtube.com/watch?v=20XieWKvvvA,Gálatas 6:14,A Doutrina da Salvação,A Experiência da Salvação,Fanny J. Crosby,William H. Doane
137,"Pai, Eu me Achego a Ti","Adoração e Louvor | Graça e Salvação | Lar e Família | Palavra de Deus e Lei | Paz, Cuidado e Confiança",Efésios 2:8-9; João 3:16; 1 João 1:9 | Josué 24:15; Efésios 6:1-4 | Salmos 119:105; 2 Timóteo 3:16; Salmos 19:7 | Salmos 150:1-6; Apocalipse 4:8; Salmos 95:1-2 | Salmos 23:1-4; João 14:27; Salmos 46:1,https://www.youtube.com/watch?v=m2XiTAFMXJ0,"Isaías 55:6, 7",A Doutrina da Salvação,A Experiência da Salvação,Franklin E. Belden,W. J. Bostwick
138,Tal Qual Estou,Graça e Salvação,Efésios 2:8-9; João 3:16; 1 João 1:9,https://www.youtube.com/watch?v=NTBQm-5nTZ0,"Salmo 103:13, 14",A Doutrina da Salvação,A Experiência da Salvação,Charlotte Elliott,William B. Bradbury
139,Sou de Jesus Agora,Sacrifício e Redenção | Segunda Vinda e Esperança,1 Tessalonicenses 4:16-17; Apocalipse 1:7; João 14:1-3 | Isaías 53:4-5; Romanos 5:8; Hebreus 9:22,https://www.youtube.com/watch?v=9SHy1_R9Rx4,1 Coríntios 6:20,A Doutrina da Salvação,A Experiência da Salvação,Norman J. Clayton,Norman J. Clayton
140,Ao Pé da Cruz de Cristo,"Graça e Salvação | Lar e Família | Paz, Cuidado e Confiança | Sacrifício e Redenção | Segunda Vinda e Esperança",1 Tessalonicenses 4:16-17; Apocalipse 1:7; João 14:1-3 | Efésios 2:8-9; João 3:16; 1 João 1:9 | Isaías 53:4-5; Romanos 5:8; Hebreus 9:22 | Josué 24:15; Efésios 6:1-4 | Salmos 23:1-4; João 14:27; Salmos 46:1,https://www.youtube.com/watch?v=80eW16boEDg,Gálatas 6:14,A Doutrina da Salvação,A Experiência da Salvação,Elizabeth Cecilia Clephane,Frederick Charles Maker
141,Cristo Tocou-me,"Adoração e Louvor | Graça e Salvação | Oração e Comunhão | Paz, Cuidado e Confiança",1 Tessalonicenses 5:17; Mateus 7:7; Filipenses 4:6 | Efésios 2:8-9; João 3:16; 1 João 1:9 | Salmos 150:1-6; Apocalipse 4:8; Salmos 95:1-2 | Salmos 23:1-4; João 14:27; Salmos 46:1,https://www.youtube.com/watch?v=0xi3zUDft6g,Marcos 1:40-42,A Doutrina da Salvação,A Experiência da Salvação,William J. Gaither,William J. Gaither
142,"Perdão, Poder e Paz","Adoração e Louvor | Espírito Santo | Graça e Salvação | Lar e Família | Paz, Cuidado e Confiança",Efésios 2:8-9; João 3:16; 1 João 1:9 | Josué 24:15; Efésios 6:1-4 | João 14:16-17; Atos 2:1-4 | Salmos 150:1-6; Apocalipse 4:8; Salmos 95:1-2 | Salmos 23:1-4; João 14:27; Salmos 46:1,https://www.youtube.com/watch?v=QbgZAOmi0lc,"Romanos 5:1, 2",A Doutrina da Salvação,A Experiência da Salvação,Daniel W. Whittle,James McGranahan
143,Ao Olhar pra Cruz,"Adoração e Louvor | Graça e Salvação | Paz, Cuidado e Confiança | Sacrifício e Redenção | Sábado e Criação",Efésios 2:8-9; João 3:16; 1 João 1:9 | Isaías 53:4-5; Romanos 5:8; Hebreus 9:22 | Salmos 150:1-6; Apocalipse 4:8; Salmos 95:1-2 | Salmos 23:1-4; João 14:27; Salmos 46:1 | Êxodo 20:8-11; Gênesis 2:2-3,https://www.youtube.com/watch?v=Jxr4l1rb47Q,1 Coríntios 1:18,A Doutrina da Salvação,A Experiência da Salvação,Suzanne Hirle,Suzanne Hirle
144,Foi na Cruz,"Adoração e Louvor | Graça e Salvação | Lar e Família | Oração e Comunhão | Paz, Cuidado e Confiança | Sacrifício e Redenção",1 Tessalonicenses 5:17; Mateus 7:7; Filipenses 4:6 | Efésios 2:8-9; João 3:16; 1 João 1:9 | Isaías 53:4-5; Romanos 5:8; Hebreus 9:22 | Josué 24:15; Efésios 6:1-4 | Salmos 150:1-6; Apocalipse 4:8; Salmos 95:1-2 | Salmos 23:1-4; João 14:27; Salmos 46:1,https://www.youtube.com/watch?v=ENC3wRLqSWY,"João 9:24, 25",A Doutrina da Salvação,A Experiência da Salvação,"Isaac Watts, Ralph E. Hudson",Ralph E. Hudson
145,É Jesus o Salvador,Adoração e Louvor | Crianças e Jovens | Graça e Salvação | Missão e Serviço | Sacrifício e Redenção,Efésios 2:8-9; João 3:16; 1 João 1:9 | Isaías 53:4-5; Romanos 5:8; Hebreus 9:22 | Mateus 19:14; Provérbios 22:6 | Mateus 28:19-20; Isaías 6:8; Marcos 16:15 | Salmos 150:1-6; Apocalipse 4:8; Salmos 95:1-2,https://www.youtube.com/watch?v=BAVvAtp5I7M,"Lucas 2:10, 11",A Doutrina da Salvação,A Experiência da Salvação,Priscilla J. Owens,William J. Kirkpatrick
146,Eu Não Sou Mais Eu,Adoração e Louvor | Graça e Salvação | Lar e Família,Efésios 2:8-9; João 3:16; 1 João 1:9 | Josué 24:15; Efésios 6:1-4 | Salmos 150:1-6; Apocalipse 4:8; Salmos 95:1-2,https://www.youtube.com/watch?v=Cp1MchLAT4Q,Gálatas 2:20,A Doutrina da Salvação,A Experiência da Salvação,Jader D. Santos,Jader D. Santos
147,Jesus me Transformou,"Graça e Salvação | Oração e Comunhão | Palavra de Deus e Lei | Paz, Cuidado e Confiança | Segunda Vinda e Esperança",1 Tessalonicenses 4:16-17; Apocalipse 1:7; João 14:1-3 | 1 Tessalonicenses 5:17; Mateus 7:7; Filipenses 4:6 | Efésios 2:8-9; João 3:16; 1 João 1:9 | Salmos 119:105; 2 Timóteo 3:16; Salmos 19:7 | Salmos 23:1-4; João 14:27; Salmos 46:1,https://www.youtube.com/watch?v=Lw5boxvR22k,Salmo 40:1-3,A Doutrina da Salvação,A Experiência da Salvação,James Rowe,Howard E. Smith
148,Jesus Achou-me,"Graça e Salvação | Lar e Família | Paz, Cuidado e Confiança | Segunda Vinda e Esperança",1 Tessalonicenses 4:16-17; Apocalipse 1:7; João 14:1-3 | Efésios 2:8-9; João 3:16; 1 João 1:9 | Josué 24:15; Efésios 6:1-4 | Salmos 23:1-4; João 14:27; Salmos 46:1,https://www.youtube.com/watch?v=gmYPdCt9IlM,Salmo 40:1-3,A Doutrina da Salvação,A Experiência da Salvação,Lelia N. Morris,Lelia N. Morris
149,Pedras,"Crianças e Jovens | Graça e Salvação | Lar e Família | Paz, Cuidado e Confiança | Sacrifício e Redenção | Segunda Vinda e Esperança",1 Tessalonicenses 4:16-17; Apocalipse 1:7; João 14:1-3 | Efésios 2:8-9; João 3:16; 1 João 1:9 | Isaías 53:4-5; Romanos 5:8; Hebreus 9:22 | Josué 24:15; Efésios 6:1-4 | Mateus 19:14; Provérbios 22:6 | Salmos 23:1-4; João 14:27; Salmos 46:1,https://www.youtube.com/watch?v=yi08qQYUizE,"1 Pedro 2:4, 5",A Doutrina da Salvação,A Experiência da Salvação,Williams Costa Jr.,Williams Costa Jr.
150,"Ó Jesus, Habita em mim","Graça e Salvação | Paz, Cuidado e Confiança | Sacrifício e Redenção",Efésios 2:8-9; João 3:16; 1 João 1:9 | Isaías 53:4-5; Romanos 5:8; Hebreus 9:22 | Salmos 23:1-4; João 14:27; Salmos 46:1,https://www.youtube.com/watch?v=H6uJzMKrSF8,Efésios 3:17-19,A Doutrina da Salvação,A Experiência da Salvação,Guilherme Luiz dos Santos Ferreira,Ira D. Sankey
151,Amor Glorioso,"Graça e Salvação | Oração e Comunhão | Paz, Cuidado e Confiança | Sacrifício e Redenção | Segunda Vinda e Esperança",1 Tessalonicenses 4:16-17; Apocalipse 1:7; João 14:1-3 | 1 Tessalonicenses 5:17; Mateus 7:7; Filipenses 4:6 | Efésios 2:8-9; João 3:16; 1 João 1:9 | Isaías 53:4-5; Romanos 5:8; Hebreus 9:22 | Salmos 23:1-4; João 14:27; Salmos 46:1,https://www.youtube.com/watch?v=J-LrXdce3BQ,Jeremias 31:3,A Doutrina da Salvação,A Experiência da Salvação,W. Spencer Walton,Adoniram Judson Gordon
152,A Voz de Jesus,"Adoração e Louvor | Crianças e Jovens | Graça e Salvação | Lar e Família | Oração e Comunhão | Paz, Cuidado e Confiança | Segunda Vinda e Esperança",1 Tessalonicenses 4:16-17; Apocalipse 1:7; João 14:1-3 | 1 Tessalonicenses 5:17; Mateus 7:7; Filipenses 4:6 | Efésios 2:8-9; João 3:16; 1 João 1:9 | Josué 24:15; Efésios 6:1-4 | Mateus 19:14; Provérbios 22:6 | Salmos 150:1-6; Apocalipse 4:8; Salmos 95:1-2 | Salmos 23:1-4; João 14:27; Salmos 46:1,https://www.youtube.com/watch?v=PugB4piaHHo,Apocalipse 3:20,A Doutrina da Salvação,A Experiência da Salvação,Jonas Monteiro de Souza,Jonas Monteiro de Souza
153,O Que Penso de Meu Mestre,"Graça e Salvação | Lar e Família | Oração e Comunhão | Paz, Cuidado e Confiança",1 Tessalonicenses 5:17; Mateus 7:7; Filipenses 4:6 | Efésios 2:8-9; João 3:16; 1 João 1:9 | Josué 24:15; Efésios 6:1-4 | Salmos 23:1-4; João 14:27; Salmos 46:1,https://www.youtube.com/watch?v=Qc_6UoL0Y2g,Romanos 5:8-11,A Doutrina da Salvação,A Experiência da Salvação,Charles F. Weigle,Charles F. Weigle
154,Alvo Mais que a Neve,"Graça e Salvação | Paz, Cuidado e Confiança | Sacrifício e Redenção",Efésios 2:8-9; João 3:16; 1 João 1:9 | Isaías 53:4-5; Romanos 5:8; Hebreus 9:22 | Salmos 23:1-4; João 14:27; Salmos 46:1,https://www.youtube.com/watch?v=E1wkziOywHE,Isaías 1:18,A Doutrina da Salvação,A Experiência da Salvação,Eden Reeder Latta,Henry Southwick Perkins
155,Meu Cálice Transborda,"Crianças e Jovens | Graça e Salvação | Paz, Cuidado e Confiança",Efésios 2:8-9; João 3:16; 1 João 1:9 | Mateus 19:14; Provérbios 22:6 | Salmos 23:1-4; João 14:27; Salmos 46:1,https://www.youtube.com/watch?v=RZ7z3wlZ6w0,Salmo 23:5,A Doutrina da Salvação,A Experiência da Salvação,Richard Blanchard,Richard Blanchard
156,Remido,"Adoração e Louvor | Graça e Salvação | Oração e Comunhão | Paz, Cuidado e Confiança | Sacrifício e Redenção",1 Tessalonicenses 5:17; Mateus 7:7; Filipenses 4:6 | Efésios 2:8-9; João 3:16; 1 João 1:9 | Isaías 53:4-5; Romanos 5:8; Hebreus 9:22 | Salmos 150:1-6; Apocalipse 4:8; Salmos 95:1-2 | Salmos 23:1-4; João 14:27; Salmos 46:1,https://www.youtube.com/watch?v=Tse3sRoZjUY,"1 Pedro 1:18, 19",A Doutrina da Salvação,A Experiência da Salvação,Fanny J. Crosby,Aubrey Lee Butler
157,Jesus me Remiu,"Adoração e Louvor | Graça e Salvação | Palavra de Deus e Lei | Paz, Cuidado e Confiança | Sacrifício e Redenção",Efésios 2:8-9; João 3:16; 1 João 1:9 | Isaías 53:4-5; Romanos 5:8; Hebreus 9:22 | Salmos 119:105; 2 Timóteo 3:16; Salmos 19:7 | Salmos 150:1-6; Apocalipse 4:8; Salmos 95:1-2 | Salmos 23:1-4; João 14:27; Salmos 46:1,https://www.youtube.com/watch?v=xf46ZtpsWFU,Romanos 5:8-11,A Doutrina da Salvação,A Experiência da Salvação,Fanny J. Crosby,William J. Kirkpatrick
158,Creio em Milagres,"Graça e Salvação | Lar e Família | Oração e Comunhão | Paz, Cuidado e Confiança | Sábado e Criação",1 Tessalonicenses 5:17; Mateus 7:7; Filipenses 4:6 | Efésios 2:8-9; João 3:16; 1 João 1:9 | Josué 24:15; Efésios 6:1-4 | Salmos 23:1-4; João 14:27; Salmos 46:1 | Êxodo 20:8-11; Gênesis 2:2-3,https://www.youtube.com/watch?v=3bsZ_hMpaG8,"Romanos 1:16, 17",A Doutrina da Salvação,A Experiência da Salvação,Carlton C. Buck,John W. Peterson
159,Um Novo Nome Lá na Glória,"Adoração e Louvor | Graça e Salvação | Lar e Família | Paz, Cuidado e Confiança | Sacrifício e Redenção",Efésios 2:8-9; João 3:16; 1 João 1:9 | Isaías 53:4-5; Romanos 5:8; Hebreus 9:22 | Josué 24:15; Efésios 6:1-4 | Salmos 150:1-6; Apocalipse 4:8; Salmos 95:1-2 | Salmos 23:1-4; João 14:27; Salmos 46:1,https://www.youtube.com/watch?v=OZHToenZk6k,Apocalipse 2:17,A Doutrina da Salvação,A Experiência da Salvação,C. Austin Miles,C. Austin Miles
160,Crescendo em Graça,"Graça e Salvação | Oração e Comunhão | Paz, Cuidado e Confiança",1 Tessalonicenses 5:17; Mateus 7:7; Filipenses 4:6 | Efésios 2:8-9; João 3:16; 1 João 1:9 | Salmos 23:1-4; João 14:27; Salmos 46:1,https://www.youtube.com/watch?v=UFgPVxywUzk,2 Pedro 3:18,A Doutrina da Salvação,A Experiência da Salvação,Jader D. Santos,Jader D. Santos
161,Salva-me Também,"Graça e Salvação | Oração e Comunhão | Paz, Cuidado e Confiança",1 Tessalonicenses 5:17; Mateus 7:7; Filipenses 4:6 | Efésios 2:8-9; João 3:16; 1 João 1:9 | Salmos 23:1-4; João 14:27; Salmos 46:1,https://www.youtube.com/watch?v=d2TGxq6cUdc,Mateus 15:21-28,A Doutrina da Salvação,A Experiência da Salvação,Cleland B. McAfee,Julie Katharina von Hausmann
162,Sou de Jesus,"Graça e Salvação | Missão e Serviço | Oração e Comunhão | Paz, Cuidado e Confiança",1 Tessalonicenses 5:17; Mateus 7:7; Filipenses 4:6 | Efésios 2:8-9; João 3:16; 1 João 1:9 | Mateus 28:19-20; Isaías 6:8; Marcos 16:15 | Salmos 23:1-4; João 14:27; Salmos 46:1,https://www.youtube.com/watch?v=lNnC4Lj998s,Apocalipse 14:4,A Doutrina da Salvação,A Experiência da Salvação,"Kátia Rocha, Társis Iraídes","Kátia Rocha, Társis Iraídes"
163,Para o Céu Por Jesus Irei,Lar e Família | Sacrifício e Redenção,Isaías 53:4-5; Romanos 5:8; Hebreus 9:22 | Josué 24:15; Efésios 6:1-4,https://www.youtube.com/watch?v=_G5qqB7zbx4,João 14:6,A Doutrina da Salvação,A Experiência da Salvação,Jessie B. Pounds,Charles H. Gabriel
164,Meu Nome em Suas Mãos,Oração e Comunhão | Sacrifício e Redenção,1 Tessalonicenses 5:17; Mateus 7:7; Filipenses 4:6 | Isaías 53:4-5; Romanos 5:8; Hebreus 9:22,https://www.youtube.com/watch?v=6_dlUP46mEQ,"Isaías 49:15, 16",A Doutrina da Salvação,A Experiência da Salvação,Marjorie Lewis Lloyd,Marjorie Lewis Lloyd
165,Hoje sou Feliz,Graça e Salvação | Sacrifício e Redenção,Efésios 2:8-9; João 3:16; 1 João 1:9 | Isaías 53:4-5; Romanos 5:8; Hebreus 9:22,https://www.youtube.com/watch?v=X4VP_cLQCSY,Salmo 40:1-3,A Doutrina da Salvação,A Experiência da Salvação,Desconhecido,Desconhecido
166,Caminhando,"Lar e Família | Paz, Cuidado e Confiança",Josué 24:15; Efésios 6:1-4 | Salmos 23:1-4; João 14:27; Salmos 46:1,https://www.youtube.com/watch?v=h7uQpNUh9Cw,Isaías 40:31,A Doutrina da Salvação,A Experiência da Salvação,Johnson Oatman Jr.,Hamp Haygood Sewell
167,Mui Triste Eu Andava,Graça e Salvação | Lar e Família,Efésios 2:8-9; João 3:16; 1 João 1:9 | Josué 24:15; Efésios 6:1-4,https://www.youtube.com/watch?v=ajWDH9CUcXU,"Colossenses 2:6, 7",A Doutrina da Salvação,A Experiência da Salvação,James Rowe,Bentley D. Ackley
168,Eu Achei,Graça e Salvação | Oração e Comunhão | Sacrifício e Redenção | Segunda Vinda e Esperança,1 Tessalonicenses 4:16-17; Apocalipse 1:7; João 14:1-3 | 1 Tessalonicenses 5:17; Mateus 7:7; Filipenses 4:6 | Efésios 2:8-9; João 3:16; 1 João 1:9 | Isaías 53:4-5; Romanos 5:8; Hebreus 9:22,https://www.youtube.com/watch?v=tsPbzFTxyD8,João 1:41,A Doutrina da Salvação,A Experiência da Salvação,Kurt F. Kaiser,Kurt F. Kaiser
169,Salvo em Jesus,"Adoração e Louvor | Graça e Salvação | Igreja e Comunhão | Lar e Família | Oração e Comunhão | Paz, Cuidado e Confiança | Segunda Vinda e Esperança",1 Tessalonicenses 4:16-17; Apocalipse 1:7; João 14:1-3 | 1 Tessalonicenses 5:17; Mateus 7:7; Filipenses 4:6 | Efésios 2:8-9; João 3:16; 1 João 1:9 | Josué 24:15; Efésios 6:1-4 | Salmos 133:1; Hebreus 10:25 | Salmos 150:1-6; Apocalipse 4:8; Salmos 95:1-2 | Salmos 23:1-4; João 14:27; Salmos 46:1,https://www.youtube.com/watch?v=Dyd6mAe1LoI,1 João 5:11-13,A Doutrina da Salvação,A Experiência da Salvação,Fanny J. Crosby,William H. Doane
170,"Oh, Que Belo Hino Deus me Deu!",Adoração e Louvor | Graça e Salvação | Lar e Família | Oração e Comunhão | Sacrifício e Redenção,1 Tessalonicenses 5:17; Mateus 7:7; Filipenses 4:6 | Efésios 2:8-9; João 3:16; 1 João 1:9 | Isaías 53:4-5; Romanos 5:8; Hebreus 9:22 | Josué 24:15; Efésios 6:1-4 | Salmos 150:1-6; Apocalipse 4:8; Salmos 95:1-2,https://www.youtube.com/watch?v=ZdBnuWtqR0c,Salmo 40:3,A Doutrina da Salvação,A Experiência da Salvação,Elton M. Roth,Elton M. Roth
171,Com Cristo no Meu Coração,Oração e Comunhão | Sacrifício e Redenção,1 Tessalonicenses 5:17; Mateus 7:7; Filipenses 4:6 | Isaías 53:4-5; Romanos 5:8; Hebreus 9:22,https://www.youtube.com/watch?v=OvOiXTDTiIk,"Efésios 2:12, 13",A Doutrina da Salvação,A Experiência da Salvação,Rufus H. McDaniel,Charles H. Gabriel
172,Ando Sempre Alegre,Graça e Salvação | Igreja e Comunhão | Sacrifício e Redenção,Efésios 2:8-9; João 3:16; 1 João 1:9 | Isaías 53:4-5; Romanos 5:8; Hebreus 9:22 | Salmos 133:1; Hebreus 10:25,https://www.youtube.com/watch?v=qY07MGsAkZ0,"Salmo 16:8, 9",A Doutrina da Salvação,A Experiência da Salvação,Judson Van DeVenter,Winfield S. Weeden
173,Que Prazer é Ser de Cristo,Palavra de Deus e Lei | Sacrifício e Redenção,Isaías 53:4-5; Romanos 5:8; Hebreus 9:22 | Salmos 119:105; 2 Timóteo 3:16; Salmos 19:7,https://www.youtube.com/watch?v=1AaW6xXABWM,João 6:47,A Doutrina da Salvação,Crescimento em Cristo,Louisa M. R. Stead,William J. Kirkpatrick
174,Que Consolo e Paz!,"Graça e Salvação | Paz, Cuidado e Confiança | Sábado e Criação",Efésios 2:8-9; João 3:16; 1 João 1:9 | Salmos 23:1-4; João 14:27; Salmos 46:1 | Êxodo 20:8-11; Gênesis 2:2-3,https://www.youtube.com/watch?v=AbkpBk1b3Rc,N/A,A Doutrina da Salvação,Crescimento em Cristo,Elisha A. Hoffman,Anthony J. Showalter
175,"De Ti Careço, ó Deus",Graça e Salvação | Palavra de Deus e Lei,Efésios 2:8-9; João 3:16; 1 João 1:9 | Salmos 119:105; 2 Timóteo 3:16; Salmos 19:7,https://www.youtube.com/watch?v=7SuzQVHTvb8,"Salmo 42:1, 2",A Doutrina da Salvação,Crescimento em Cristo,Annie Sherwood Hawks,Robert Lowry
176,Nunca Desanimes,Lar e Família | Sacrifício e Redenção,Isaías 53:4-5; Romanos 5:8; Hebreus 9:22 | Josué 24:15; Efésios 6:1-4,https://www.youtube.com/watch?v=UM42XBG0EoY,Salmo 37:1-5,A Doutrina da Salvação,Crescimento em Cristo,Norman MacLeod,Arthur S. Sullivan
177,"Conduze-me, Meu Mestre","Graça e Salvação | Oração e Comunhão | Paz, Cuidado e Confiança | Sacrifício e Redenção",1 Tessalonicenses 5:17; Mateus 7:7; Filipenses 4:6 | Efésios 2:8-9; João 3:16; 1 João 1:9 | Isaías 53:4-5; Romanos 5:8; Hebreus 9:22 | Salmos 23:1-4; João 14:27; Salmos 46:1,https://www.youtube.com/watch?v=fwvoO_TPhwY,Isaías 58:11,A Doutrina da Salvação,Crescimento em Cristo,Julie Katharina von Hausmann,Friedrich Silcher
178,Deus Cuidará de Ti,Graça e Salvação | Lar e Família | Oração e Comunhão,1 Tessalonicenses 5:17; Mateus 7:7; Filipenses 4:6 | Efésios 2:8-9; João 3:16; 1 João 1:9 | Josué 24:15; Efésios 6:1-4,https://www.youtube.com/watch?v=WHCMQjeWqVs,Salmo 40:17,A Doutrina da Salvação,Crescimento em Cristo,Civilla D. Martin,W. Stillman Martin
179,Eu Sei em Quem Eu Creio,Graça e Salvação | Lar e Família | Segunda Vinda e Esperança,1 Tessalonicenses 4:16-17; Apocalipse 1:7; João 14:1-3 | Efésios 2:8-9; João 3:16; 1 João 1:9 | Josué 24:15; Efésios 6:1-4,https://www.youtube.com/watch?v=tA4BbhaEKeA,2 Timóteo 1:12,A Doutrina da Salvação,Crescimento em Cristo,Daniel W. Whittle,James McGranahan
180,Nunca te Deixarei,Graça e Salvação | Sacrifício e Redenção,Efésios 2:8-9; João 3:16; 1 João 1:9 | Isaías 53:4-5; Romanos 5:8; Hebreus 9:22,https://www.youtube.com/watch?v=WBXKUyPkNqo,Isaías 41:10,A Doutrina da Salvação,Crescimento em Cristo,Nathaniel Niles,Philip P. Bliss
181,Cuidará de Mim Também,"Espírito Santo | Oração e Comunhão | Paz, Cuidado e Confiança",1 Tessalonicenses 5:17; Mateus 7:7; Filipenses 4:6 | João 14:16-17; Atos 2:1-4 | Salmos 23:1-4; João 14:27; Salmos 46:1,https://www.youtube.com/watch?v=Ti-3MEfiTHQ,Mateus 6:26,A Doutrina da Salvação,Crescimento em Cristo,Civilla D. Martin,Charles H. Gabriel
182,Eu Pertenço ao Meu Rei,"Adoração e Louvor | Crianças e Jovens | Graça e Salvação | Oração e Comunhão | Palavra de Deus e Lei | Paz, Cuidado e Confiança | Sábado e Criação",1 Tessalonicenses 5:17; Mateus 7:7; Filipenses 4:6 | Efésios 2:8-9; João 3:16; 1 João 1:9 | Mateus 19:14; Provérbios 22:6 | Salmos 119:105; 2 Timóteo 3:16; Salmos 19:7 | Salmos 150:1-6; Apocalipse 4:8; Salmos 95:1-2 | Salmos 23:1-4; João 14:27; Salmos 46:1 | Êxodo 20:8-11; Gênesis 2:2-3,https://www.youtube.com/watch?v=ubclOJpcEgc,"1 Coríntios 6:19, 20",A Doutrina da Salvação,Crescimento em Cristo,Ida L. Reed,Maurice A. Clifton
183,"Oh, Não temas, Sou Contigo",Vida Cristã e Devoção,Salmos 1:1-2; Provérbios 3:5-6,https://www.youtube.com/watch?v=1JIetpF0Ihk,Isaías 41:10,A Doutrina da Salvação,Crescimento em Cristo,Emily Divine Wilson,Emily Divine Wilson
184,Quero Ter Jesus Comigo,"Graça e Salvação | Missão e Serviço | Paz, Cuidado e Confiança",Efésios 2:8-9; João 3:16; 1 João 1:9 | Mateus 28:19-20; Isaías 6:8; Marcos 16:15 | Salmos 23:1-4; João 14:27; Salmos 46:1,https://www.youtube.com/watch?v=z3FtUwqdEU4,Romanos 8:35-39,A Doutrina da Salvação,Crescimento em Cristo,Fanny J. Crosby,John R. Sweney
185,Cada Momento,"Graça e Salvação | Paz, Cuidado e Confiança | Sacrifício e Redenção",Efésios 2:8-9; João 3:16; 1 João 1:9 | Isaías 53:4-5; Romanos 5:8; Hebreus 9:22 | Salmos 23:1-4; João 14:27; Salmos 46:1,https://www.youtube.com/watch?v=RvM8AvWDnSQ,Salmo 68:19,A Doutrina da Salvação,Crescimento em Cristo,Daniel W. Whittle,Mary Whittle Moody
186,"Ó Mestre, o Mar se Revolta","Oração e Comunhão | Paz, Cuidado e Confiança | Segunda Vinda e Esperança",1 Tessalonicenses 4:16-17; Apocalipse 1:7; João 14:1-3 | 1 Tessalonicenses 5:17; Mateus 7:7; Filipenses 4:6 | Salmos 23:1-4; João 14:27; Salmos 46:1,https://www.youtube.com/watch?v=Qqp1ZZi1wSw,Mateus 8:23-27,A Doutrina da Salvação,Crescimento em Cristo,Mary Ann Baker,Horatio Richmond Palmer
187,Refúgio em Temporal,"Paz, Cuidado e Confiança",Salmos 23:1-4; João 14:27; Salmos 46:1,https://www.youtube.com/watch?v=485b67iCENY,"Salmo 46:1, 2",A Doutrina da Salvação,Crescimento em Cristo,Vernon J. Charlesworth,Franklin E. Belden
188,Minha Esperança,Graça e Salvação | Sacrifício e Redenção | Segunda Vinda e Esperança,1 Tessalonicenses 4:16-17; Apocalipse 1:7; João 14:1-3 | Efésios 2:8-9; João 3:16; 1 João 1:9 | Isaías 53:4-5; Romanos 5:8; Hebreus 9:22,https://www.youtube.com/watch?v=cRUWUT-jwYc,Salmo 37:5,A Doutrina da Salvação,Crescimento em Cristo,Edward Mote,William B. Bradbury
189,"Deus Sabe, Deus Ouve, Deus Vê",Oração e Comunhão,1 Tessalonicenses 5:17; Mateus 7:7; Filipenses 4:6,https://www.youtube.com/watch?v=EHbbpkoLJ5U,"Êxodo 3:7, 8",A Doutrina da Salvação,Crescimento em Cristo,Valdecir Simões Lima,Flavio Almeida Santos
190,Pertenço a Cristo,"Adoração e Louvor | Lar e Família | Paz, Cuidado e Confiança",Josué 24:15; Efésios 6:1-4 | Salmos 150:1-6; Apocalipse 4:8; Salmos 95:1-2 | Salmos 23:1-4; João 14:27; Salmos 46:1,https://www.youtube.com/watch?v=NxdttzyFf2o,"Filipenses 3:7, 8",A Doutrina da Salvação,Crescimento em Cristo,James Rowe,Bentley D. Ackley
191,Olha com Fé Para Cima,"Oração e Comunhão | Paz, Cuidado e Confiança",1 Tessalonicenses 5:17; Mateus 7:7; Filipenses 4:6 | Salmos 23:1-4; João 14:27; Salmos 46:1,https://www.youtube.com/watch?v=TZnLhvVG68Y,Salmo 121,A Doutrina da Salvação,Crescimento em Cristo,Jessie B. Pounds,John Sylvester Fearis
192,Brilho Celeste,"Adoração e Louvor | Graça e Salvação | Paz, Cuidado e Confiança",Efésios 2:8-9; João 3:16; 1 João 1:9 | Salmos 150:1-6; Apocalipse 4:8; Salmos 95:1-2 | Salmos 23:1-4; João 14:27; Salmos 46:1,https://www.youtube.com/watch?v=HUY6sJkScBQ,"Salmo 34:4, 5",A Doutrina da Salvação,Crescimento em Cristo,Henry J. Zelley,George Harrison Cook
193,Sob Suas Asas,"Crianças e Jovens | Graça e Salvação | Lar e Família | Oração e Comunhão | Paz, Cuidado e Confiança",1 Tessalonicenses 5:17; Mateus 7:7; Filipenses 4:6 | Efésios 2:8-9; João 3:16; 1 João 1:9 | Josué 24:15; Efésios 6:1-4 | Mateus 19:14; Provérbios 22:6 | Salmos 23:1-4; João 14:27; Salmos 46:1,https://www.youtube.com/watch?v=pheGcnEq8p8,Salmo 91:1-4,A Doutrina da Salvação,Crescimento em Cristo,William O. Cushing,Ira D. Sankey
194,Tem Fé em Deus,"Lar e Família | Oração e Comunhão | Paz, Cuidado e Confiança",1 Tessalonicenses 5:17; Mateus 7:7; Filipenses 4:6 | Josué 24:15; Efésios 6:1-4 | Salmos 23:1-4; João 14:27; Salmos 46:1,https://www.youtube.com/watch?v=UabnP6pgbTc,Marcos 11:22,A Doutrina da Salvação,Crescimento em Cristo,Desconhecido,H. L. Graham
195,Minha Fé bem Segura Está,"Graça e Salvação | Oração e Comunhão | Paz, Cuidado e Confiança | Sacrifício e Redenção | Segunda Vinda e Esperança",1 Tessalonicenses 4:16-17; Apocalipse 1:7; João 14:1-3 | 1 Tessalonicenses 5:17; Mateus 7:7; Filipenses 4:6 | Efésios 2:8-9; João 3:16; 1 João 1:9 | Isaías 53:4-5; Romanos 5:8; Hebreus 9:22 | Salmos 23:1-4; João 14:27; Salmos 46:1,https://www.youtube.com/watch?v=A4izEhw2FLE,1 João 5:4,A Doutrina da Salvação,Crescimento em Cristo,Priscilla J. Owens,William J. Kirkpatrick
196,Ao Jesus me Tomar a Mão,Oração e Comunhão | Segunda Vinda e Esperança,1 Tessalonicenses 4:16-17; Apocalipse 1:7; João 14:1-3 | 1 Tessalonicenses 5:17; Mateus 7:7; Filipenses 4:6,https://www.youtube.com/watch?v=Dsy2ouhHzIs,"Isaías 41:13, 14",A Doutrina da Salvação,Crescimento em Cristo,Jessie B. Pounds,Henry P. Morton
197,Sou Feliz Com Jesus,"Graça e Salvação | Oração e Comunhão | Paz, Cuidado e Confiança | Sacrifício e Redenção | Segunda Vinda e Esperança",1 Tessalonicenses 4:16-17; Apocalipse 1:7; João 14:1-3 | 1 Tessalonicenses 5:17; Mateus 7:7; Filipenses 4:6 | Efésios 2:8-9; João 3:16; 1 João 1:9 | Isaías 53:4-5; Romanos 5:8; Hebreus 9:22 | Salmos 23:1-4; Salmos 46:1,https://www.youtube.com/watch?v=Xmna0YjSQ-s,João 14:27,A Doutrina da Salvação,Crescimento em Cristo,Horatio G. Spafford,Philip P. Bliss
198,Deus Vos Guarde,Adoração e Louvor | Graça e Salvação | Missão e Serviço,Efésios 2:8-9; João 3:16; 1 João 1:9 | Mateus 28:19-20; Isaías 6:8; Marcos 16:15 | Salmos 150:1-6; Apocalipse 4:8; Salmos 95:1-2,https://www.youtube.com/watch?v=J0dZy3WKJCc,Números 6:24-26,A Doutrina da Salvação,Crescimento em Cristo,Jeremiah Eames Rankin,William Gould Tomer
199,Ao Passares pelas Águas,Vida Cristã e Devoção,Salmos 1:1-2; Provérbios 3:5-6,https://www.youtube.com/watch?v=V6AW8M1Jg-0,"Isaías 43:1, 2",A Doutrina da Salvação,Crescimento em Cristo,Donald J. Wyrtzen,Donald J. Wyrtzen
200,Nunca Me Deixar,"Paz, Cuidado e Confiança",Salmos 23:1-4; João 14:27; Salmos 46:1,https://www.youtube.com/watch?v=V37Xhq3pVj8,"Isaías 41:13, 14",A Doutrina da Salvação,Crescimento em Cristo,Ludie Carrington Day Pickett,Desconhecido
201,Dia a Dia,"Crianças e Jovens | Graça e Salvação | Lar e Família | Paz, Cuidado e Confiança",Efésios 2:8-9; João 3:16; 1 João 1:9 | Josué 24:15; Efésios 6:1-4 | Mateus 19:14; Provérbios 22:6 | Salmos 23:1-4; João 14:27; Salmos 46:1,https://www.youtube.com/watch?v=kUuN3BnJnaI,Salmo 68:19,A Doutrina da Salvação,Crescimento em Cristo,Carolina Vilhelmina Sandell-Berg,Oscar Ahnfelt
202,Não Ando Só,"Graça e Salvação | Oração e Comunhão | Paz, Cuidado e Confiança",1 Tessalonicenses 5:17; Mateus 7:7; Filipenses 4:6 | Efésios 2:8-9; João 3:16; 1 João 1:9 | Salmos 23:1-4; João 14:27; Salmos 46:1,https://www.youtube.com/watch?v=kQWEGODrfKc,Isaías 41:10,A Doutrina da Salvação,Crescimento em Cristo,Alfred H. Ackley,Waldemar Orlando Wensell
203,Abrigo na Rocha,"Adoração e Louvor | Graça e Salvação | Paz, Cuidado e Confiança",Efésios 2:8-9; João 3:16; 1 João 1:9 | Salmos 150:1-6; Apocalipse 4:8; Salmos 95:1-2 | Salmos 23:1-4; João 14:27; Salmos 46:1,https://www.youtube.com/watch?v=TqplFQwwgGM,"Salmo 31:2, 3",A Doutrina da Salvação,Crescimento em Cristo,Fanny J. Crosby,William J. Kirkpatrick
204,Meu Divino Protetor,Crianças e Jovens | Graça e Salvação | Lar e Família | Sacrifício e Redenção,Efésios 2:8-9; João 3:16; 1 João 1:9 | Isaías 53:4-5; Romanos 5:8; Hebreus 9:22 | Josué 24:15; Efésios 6:1-4 | Mateus 19:14; Provérbios 22:6,https://www.youtube.com/watch?v=llDMZ7vVsQU,Salmo 46:1-3,A Doutrina da Salvação,Crescimento em Cristo,Charles Wesley,Simeon B. Marsh
205,Ergo Os Meus Olhos,Segunda Vinda e Esperança,1 Tessalonicenses 4:16-17; Apocalipse 1:7; João 14:1-3,https://www.youtube.com/watch?v=x097Y9HQpL4,Salmo 121,A Doutrina da Salvação,Crescimento em Cristo,Auguste Decoppet,Desconhecido
206,Fixa Teus Olhos No Mestre,Graça e Salvação | Lar e Família | Segunda Vinda e Esperança,1 Tessalonicenses 4:16-17; Apocalipse 1:7; João 14:1-3 | Efésios 2:8-9; João 3:16; 1 João 1:9 | Josué 24:15; Efésios 6:1-4,https://www.youtube.com/watch?v=aWL-qItB_uY,Salmo 42:11,A Doutrina da Salvação,Crescimento em Cristo,Helen H. Lemmel,Helen H. Lemmel
207,Confiei No Meu Senhor,Adoração e Louvor,Salmos 150:1-6; Apocalipse 4:8; Salmos 95:1-2,https://www.youtube.com/watch?v=t9Pp34pZ1AQ,Salmo 40:1-4,A Doutrina da Salvação,Crescimento em Cristo,Valdecir Simões Lima,Lineu Formighieri Soares
208,Confia em Deus,Missão e Serviço | Segunda Vinda e Esperança,1 Tessalonicenses 4:16-17; Apocalipse 1:7; João 14:1-3 | Mateus 28:19-20; Isaías 6:8; Marcos 16:15,https://www.youtube.com/watch?v=u_D5Tk3qn1Y,Salmo 37:5,A Doutrina da Salvação,Crescimento em Cristo,Virgil P. Brock,Blanche Kerr Brock
209,Todas As Coisas Contribuem,Vida Cristã e Devoção,Salmos 1:1-2; Provérbios 3:5-6,https://www.youtube.com/watch?v=ZTX7-BadhSc,Romanos 8:28,A Doutrina da Salvação,Crescimento em Cristo,Lineu Formighieri Soares,Lineu Formighieri Soares
210,Sempre Confiante,"Crianças e Jovens | Graça e Salvação | Paz, Cuidado e Confiança | Segunda Vinda e Esperança",1 Tessalonicenses 4:16-17; Apocalipse 1:7; João 14:1-3 | Efésios 2:8-9; João 3:16; 1 João 1:9 | Mateus 19:14; Provérbios 22:6 | Salmos 23:1-4; João 14:27; Salmos 46:1,https://www.youtube.com/watch?v=3axUf7ybwqA,Salmo 37:5,A Doutrina da Salvação,Crescimento em Cristo,Cleiton Schaefer,Cleiton Schaefer
211,Jesus Meu Guia É,"Graça e Salvação | Paz, Cuidado e Confiança",Efésios 2:8-9; João 3:16; 1 João 1:9 | Salmos 23:1-4; João 14:27; Salmos 46:1,https://www.youtube.com/watch?v=vBfU_89IE44,"Salmo 73:23, 24",A Doutrina da Salvação,Crescimento em Cristo,Michael Ledner,Michael Ledner
212,Bendita Segurança,"Adoração e Louvor | Graça e Salvação | Paz, Cuidado e Confiança",Efésios 2:8-9; João 3:16; 1 João 1:9 | Salmos 150:1-6; Apocalipse 4:8; Salmos 95:1-2 | Salmos 23:1-4; João 14:27; Salmos 46:1,https://www.youtube.com/watch?v=6NYekrMlTQY,"Romanos 5:1, 2",A Doutrina da Salvação,Crescimento em Cristo,Fanny J. Crosby,Phoebe Palmer Knapp
213,Não Me Esqueci De Ti,Crianças e Jovens | Lar e Família | Missão e Serviço | Palavra de Deus e Lei | Sacrifício e Redenção | Segunda Vinda e Esperança,1 Tessalonicenses 4:16-17; Apocalipse 1:7; João 14:1-3 | Isaías 53:4-5; Romanos 5:8; Hebreus 9:22 | Josué 24:15; Efésios 6:1-4 | Mateus 19:14; Provérbios 22:6 | Mateus 28:19-20; Isaías 6:8; Marcos 16:15 | Salmos 119:105; 2 Timóteo 3:16; Salmos 19:7,https://www.youtube.com/watch?v=ILnsDgw5E30,Isaías 49:15,A Doutrina da Salvação,Crescimento em Cristo,Jader D. Santos,Jader D. Santos
214,Não Há O Que Temer,Adoração e Louvor | Graça e Salvação | Oração e Comunhão | Sacrifício e Redenção,1 Tessalonicenses 5:17; Mateus 7:7; Filipenses 4:6 | Efésios 2:8-9; João 3:16; 1 João 1:9 | Isaías 53:4-5; Romanos 5:8; Hebreus 9:22 | Salmos 150:1-6; Apocalipse 4:8; Salmos 95:1-2,https://www.youtube.com/watch?v=RylJ4GK3r0k,Isaías 41:10,A Doutrina da Salvação,Crescimento em Cristo,Ricardo Martins,Ricardo Martins
215,A Única Saída,"Paz, Cuidado e Confiança | Segunda Vinda e Esperança",1 Tessalonicenses 4:16-17; Apocalipse 1:7; João 14:1-3 | Salmos 23:1-4; João 14:27; Salmos 46:1,https://www.youtube.com/watch?v=dhYaXaT7SBQ,João 6:68,A Doutrina da Salvação,Crescimento em Cristo,Silmar Correia,Silmar Correia
216,Pode Cair o Mundo,"Adoração e Louvor | Paz, Cuidado e Confiança",Salmos 150:1-6; Apocalipse 4:8; Salmos 95:1-2 | Salmos 23:1-4; João 14:27; Salmos 46:1,https://www.youtube.com/watch?v=OAjs3XGoNS8,Salmo 37:5,A Doutrina da Salvação,Crescimento em Cristo,Valdecir Simões Lima,Lineu Formighieri Soares
217,Fé Dos Nossos Pais,Lar e Família | Missão e Serviço | Oração e Comunhão | Sacrifício e Redenção,1 Tessalonicenses 5:17; Mateus 7:7; Filipenses 4:6 | Isaías 53:4-5; Romanos 5:8; Hebreus 9:22 | Josué 24:15; Efésios 6:1-4 | Mateus 28:19-20; Isaías 6:8; Marcos 16:15,https://www.youtube.com/watch?v=BCeuEXUiNas,N/A,A Doutrina da Igreja,A Igreja,Frederick W. Faber,Henri F. Hemy
218,"Ouve-nos, Pastor Divino","Adoração e Louvor | Graça e Salvação | Oração e Comunhão | Paz, Cuidado e Confiança",1 Tessalonicenses 5:17; Mateus 7:7; Filipenses 4:6 | Efésios 2:8-9; João 3:16; 1 João 1:9 | Salmos 150:1-6; Apocalipse 4:8; Salmos 95:1-2 | Salmos 23:1-4; João 14:27; Salmos 46:1,https://www.youtube.com/watch?v=yF9207i7eQQ,"João 10:14, 15",A Doutrina da Igreja,A Igreja,Dorothy Ann Thrupp,William B. Bradbury
219,Da Igreja o Fundamento,"Adoração e Louvor | Graça e Salvação | Igreja e Comunhão | Lar e Família | Missão e Serviço | Paz, Cuidado e Confiança",Efésios 2:8-9; João 3:16; 1 João 1:9 | Josué 24:15; Efésios 6:1-4 | Mateus 28:19-20; Isaías 6:8; Marcos 16:15 | Salmos 133:1; Hebreus 10:25 | Salmos 150:1-6; Apocalipse 4:8; Salmos 95:1-2 | Salmos 23:1-4; João 14:27; Salmos 46:1,https://www.youtube.com/watch?v=S8Xd30MZcNY,1 Coríntios 3:11,A Doutrina da Igreja,A Igreja,Samuel John Stone,Samuel S. Wesley
220,Fortalece Tua Igreja,Adoração e Louvor | Graça e Salvação | Igreja e Comunhão | Lar e Família | Segunda Vinda e Esperança,1 Tessalonicenses 4:16-17; Apocalipse 1:7; João 14:1-3 | Efésios 2:8-9; João 3:16; 1 João 1:9 | Josué 24:15; Efésios 6:1-4 | Salmos 133:1; Hebreus 10:25 | Salmos 150:1-6; Apocalipse 4:8; Salmos 95:1-2,https://www.youtube.com/watch?v=ddnROB-Iagk,Habacuque 3:2,A Doutrina da Igreja,A Igreja,Henry Maxwell Wright,Melodia Tradicional Galesa
221,Somos Igreja,Graça e Salvação | Igreja e Comunhão | Lar e Família | Palavra de Deus e Lei | Sacrifício e Redenção,Efésios 2:8-9; João 3:16; 1 João 1:9 | Isaías 53:4-5; Romanos 5:8; Hebreus 9:22 | Josué 24:15; Efésios 6:1-4 | Salmos 119:105; 2 Timóteo 3:16; Salmos 19:7 | Salmos 133:1; Hebreus 10:25,https://www.youtube.com/watch?v=Gd-0ohdm-PI,Efésios 3:10,A Doutrina da Igreja,A Igreja,Wanderson F. Paiva,Wanderson F. Paiva
222,Somos Um Pequeno Povo,Oração e Comunhão | Segunda Vinda e Esperança,1 Tessalonicenses 4:16-17; Apocalipse 1:7; João 14:1-3 | 1 Tessalonicenses 5:17; Mateus 7:7; Filipenses 4:6,https://www.youtube.com/watch?v=ttA_S0UZpCI,Isaías 41:14,A Doutrina da Igreja,A Igreja,Arnaldo B. Christianini,Arnaldo B. Christianini
223,Há Um Dever,Graça e Salvação | Lar e Família | Missão e Serviço,Efésios 2:8-9; João 3:16; 1 João 1:9 | Josué 24:15; Efésios 6:1-4 | Mateus 28:19-20; Isaías 6:8,https://www.youtube.com/watch?v=cWZK-r9LP2I,Marcos 16:15,A Doutrina da Igreja,O Remanescente e Sua Missão,Dario Pires de Araújo,George W. Warren
224,Mensagem Ao Mundo,"Adoração e Louvor | Graça e Salvação | Missão e Serviço | Paz, Cuidado e Confiança | Sacrifício e Redenção | Segunda Vinda e Esperança",1 Tessalonicenses 4:16-17; Apocalipse 1:7; João 14:1-3 | Efésios 2:8-9; João 3:16; 1 João 1:9 | Isaías 53:4-5; Romanos 5:8; Hebreus 9:22 | Mateus 28:19-20; Isaías 6:8; Marcos 16:15 | Salmos 150:1-6; Apocalipse 4:8; Salmos 95:1-2 | Salmos 23:1-4; João 14:27; Salmos 46:1,https://www.youtube.com/watch?v=bENSL9Ox2LU,Mateus 28:18-20,A Doutrina da Igreja,O Remanescente e Sua Missão,H. Ernest Nichol,H. Ernest Nichol
225,Dai-nos Luz,"Graça e Salvação | Oração e Comunhão | Paz, Cuidado e Confiança",1 Tessalonicenses 5:17; Mateus 7:7; Filipenses 4:6 | Efésios 2:8-9; João 3:16; 1 João 1:9 | Salmos 23:1-4; João 14:27; Salmos 46:1,https://www.youtube.com/watch?v=6VG21tjg0bM,Isaías 60:1-3,A Doutrina da Igreja,O Remanescente e Sua Missão,Charles H. Gabriel,Charles H. Gabriel
226,Cristo Nos Conclama,"Graça e Salvação | Lar e Família | Missão e Serviço | Oração e Comunhão | Paz, Cuidado e Confiança | Segunda Vinda e Esperança",1 Tessalonicenses 4:16-17; Apocalipse 1:7; João 14:1-3 | 1 Tessalonicenses 5:17; Mateus 7:7; Filipenses 4:6 | Efésios 2:8-9; João 3:16; 1 João 1:9 | Josué 24:15; Efésios 6:1-4 | Mateus 28:19-20; Isaías 6:8; Marcos 16:15 | Salmos 23:1-4; João 14:27; Salmos 46:1,https://www.youtube.com/watch?v=DcKQcVY394U,João 9:4,A Doutrina da Igreja,O Remanescente e Sua Missão,Sra. J. Hunter,W. T. Meyr
227,Se Cristo For Comigo,"Lar e Família | Palavra de Deus e Lei | Paz, Cuidado e Confiança | Sacrifício e Redenção",Isaías 53:4-5; Romanos 5:8; Hebreus 9:22 | Josué 24:15; Efésios 6:1-4 | Salmos 119:105; 2 Timóteo 3:16; Salmos 19:7 | Salmos 23:1-4; João 14:27; Salmos 46:1,https://www.youtube.com/watch?v=IfM3j1Zbkh0,Salmo 126:6,A Doutrina da Igreja,O Remanescente e Sua Missão,Charles A. Miles,Charles A. Miles
228,Onde Quer Que Seja,Graça e Salvação | Lar e Família | Oração e Comunhão,1 Tessalonicenses 5:17; Mateus 7:7; Filipenses 4:6 | Efésios 2:8-9; João 3:16; 1 João 1:9 | Josué 24:15; Efésios 6:1-4,https://www.youtube.com/watch?v=ZzFbbopH8Vo,Isaías 6:8,A Doutrina da Igreja,O Remanescente e Sua Missão,Jessie B. Pounds,Daniel B. Towner
229,Trabalho Cristão,Adoração e Louvor | Graça e Salvação | Missão e Serviço | Oração e Comunhão | Sacrifício e Redenção | Segunda Vinda e Esperança | Sábado e Criação,1 Tessalonicenses 4:16-17; Apocalipse 1:7; João 14:1-3 | 1 Tessalonicenses 5:17; Mateus 7:7; Filipenses 4:6 | Efésios 2:8-9; João 3:16; 1 João 1:9 | Isaías 53:4-5; Romanos 5:8; Hebreus 9:22 | Mateus 28:19-20; Isaías 6:8; Marcos 16:15 | Salmos 150:1-6; Apocalipse 4:8; Salmos 95:1-2 | Êxodo 20:8-11; Gênesis 2:2-3,https://www.youtube.com/watch?v=oE4qRzuFjk4,João 9:4,A Doutrina da Igreja,O Remanescente e Sua Missão,Fanny J. Crosby,William H. Doane
230,Ao Mundo Vou Contar,"Adoração e Louvor | Graça e Salvação | Lar e Família | Oração e Comunhão | Paz, Cuidado e Confiança | Segunda Vinda e Esperança",1 Tessalonicenses 4:16-17; Apocalipse 1:7; João 14:1-3 | 1 Tessalonicenses 5:17; Mateus 7:7; Filipenses 4:6 | Efésios 2:8-9; João 3:16; 1 João 1:9 | Josué 24:15; Efésios 6:1-4 | Salmos 150:1-6; Apocalipse 4:8; Salmos 95:1-2 | Salmos 23:1-4; João 14:27; Salmos 46:1,https://www.youtube.com/watch?v=Sv1Mk5f8Gm4,Mateus 10:32,A Doutrina da Igreja,O Remanescente e Sua Missão,Baynard L. Fox,Baynard L. Fox
231,Trabalhar e Orar,"Graça e Salvação | Missão e Serviço | Oração e Comunhão | Paz, Cuidado e Confiança",1 Tessalonicenses 5:17; Mateus 7:7; Filipenses 4:6 | Efésios 2:8-9; João 3:16; 1 João 1:9 | Mateus 28:19-20; Isaías 6:8; Marcos 16:15 | Salmos 23:1-4; João 14:27; Salmos 46:1,https://www.youtube.com/watch?v=NWbx4RI3mAg,João 9:4,A Doutrina da Igreja,O Remanescente e Sua Missão,Pedro Grado,Isaiah Baltzell
232,Jesus Precisa De Ti,Graça e Salvação | Palavra de Deus e Lei | Segunda Vinda e Esperança,1 Tessalonicenses 4:16-17; Apocalipse 1:7; João 14:1-3 | Efésios 2:8-9; João 3:16; 1 João 1:9 | Salmos 119:105; 2 Timóteo 3:16; Salmos 19:7,https://www.youtube.com/watch?v=PNeCs4J9jfE,1 João 2:14,A Doutrina da Igreja,O Remanescente e Sua Missão,Desconhecido,Desconhecido
233,Brilha Por Cristo Em Teu Viver,Graça e Salvação | Lar e Família | Missão e Serviço | Palavra de Deus e Lei,Efésios 2:8-9; João 3:16; 1 João 1:9 | Josué 24:15; Efésios 6:1-4 | Mateus 28:19-20; Isaías 6:8; Marcos 16:15 | Salmos 119:105; 2 Timóteo 3:16; Salmos 19:7,https://www.youtube.com/watch?v=s8nEm0RjysI,Mateus 5:14-16,A Doutrina da Igreja,O Remanescente e Sua Missão,Ina Duley Ogdon,Charles H. Gabriel
234,Hoje Ajuda a Alguém,Graça e Salvação | Palavra de Deus e Lei,Efésios 2:8-9; João 3:16; 1 João 1:9 | Salmos 119:105; 2 Timóteo 3:16; Salmos 19:7,https://www.youtube.com/watch?v=6T8ajgIR4Mk,Tiago 2:14-17,A Doutrina da Igreja,O Remanescente e Sua Missão,Carrie E. Breck,Charles H. Gabriel
235,"Somos Teus, Senhor",Adoração e Louvor | Espírito Santo | Igreja e Comunhão | Lar e Família | Missão e Serviço | Oração e Comunhão,1 Tessalonicenses 5:17; Mateus 7:7; Filipenses 4:6 | Josué 24:15; Efésios 6:1-4 | João 14:16-17; Atos 2:1-4 | Mateus 28:19-20; Isaías 6:8; Marcos 16:15 | Salmos 133:1; Hebreus 10:25 | Salmos 150:1-6; Apocalipse 4:8; Salmos 95:1-2,https://www.youtube.com/watch?v=6gOhEHoEcGA,Romanos14:8,A Doutrina da Igreja,O Remanescente e Sua Missão,Felipe Tonasso,Felipe Tonasso
236,Transbordando Em Amor,Graça e Salvação | Igreja e Comunhão | Lar e Família | Missão e Serviço | Oração e Comunhão,1 Tessalonicenses 5:17; Mateus 7:7; Filipenses 4:6 | Efésios 2:8-9; João 3:16; 1 João 1:9 | Josué 24:15; Efésios 6:1-4 | Mateus 28:19-20; Isaías 6:8; Marcos 16:15 | Salmos 133:1; Hebreus 10:25,https://www.youtube.com/watch?v=qAu0J5_yhqg,1 Coríntios 13:1,A Doutrina da Igreja,O Remanescente e Sua Missão,Lineu Formighieri Soares,Lineu Formighieri Soares
237,A Colheita,Graça e Salvação | Lar e Família | Missão e Serviço | Segunda Vinda e Esperança,1 Tessalonicenses 4:16-17; Apocalipse 1:7; João 14:1-3 | Efésios 2:8-9; João 3:16; 1 João 1:9 | Josué 24:15; Efésios 6:1-4 | Mateus 28:19-20; Isaías 6:8; Marcos 16:15,https://www.youtube.com/watch?v=fI_xWfXjWcg,N/A,A Doutrina da Igreja,O Remanescente e Sua Missão,Jader D. Santos,Jader D. Santos
238,Oração Pela Missão,Graça e Salvação | Lar e Família | Missão e Serviço | Oração e Comunhão | Segunda Vinda e Esperança,1 Tessalonicenses 4:16-17; Apocalipse 1:7; João 14:1-3 | 1 Tessalonicenses 5:17; Mateus 7:7; Filipenses 4:6 | Efésios 2:8-9; João 3:16; 1 João 1:9 | Josué 24:15; Efésios 6:1-4 | Mateus 28:19-20; Marcos 16:15,https://www.youtube.com/watch?v=SEEy-WPicdc,Isaías 6:8,A Doutrina da Igreja,O Remanescente e Sua Missão,Jair Alberto da Silva,Jair Alberto da Silva
239,Geração Esperança,Graça e Salvação | Lar e Família | Sacrifício e Redenção | Segunda Vinda e Esperança,1 Tessalonicenses 4:16-17; Apocalipse 1:7; João 14:1-3 | Efésios 2:8-9; João 3:16; 1 João 1:9 | Isaías 53:4-5; Romanos 5:8; Hebreus 9:22 | Josué 24:15; Efésios 6:1-4,https://www.youtube.com/watch?v=irEOEYk8ZkI,1 Pedro 2:9,A Doutrina da Igreja,O Remanescente e Sua Missão,Valdecir Simões Lima,Lineu Formighieri Soares
240,Brilhar Por Ti,Graça e Salvação | Oração e Comunhão | Palavra de Deus e Lei,1 Tessalonicenses 5:17; Mateus 7:7; Filipenses 4:6 | Efésios 2:8-9; João 3:16; 1 João 1:9 | Salmos 119:105; 2 Timóteo 3:16; Salmos 19:7,https://www.youtube.com/watch?v=Rv0F4c4C-Wg,Mateus 5:14-16,A Doutrina da Igreja,O Remanescente e Sua Missão,"Joy Becker, Dan Dean","Joy Becker, Dan Dean"
241,A Todo Semelhante Meu,"Graça e Salvação | Lar e Família | Paz, Cuidado e Confiança",Efésios 2:8-9; João 3:16; 1 João 1:9 | Josué 24:15; Efésios 6:1-4 | Salmos 23:1-4; João 14:27; Salmos 46:1,https://www.youtube.com/watch?v=tSDeT4aYMlY,Mateus 28:19,A Doutrina da Igreja,O Remanescente e Sua Missão,Alfred H. Ackley,Bentley D. Ackley
242,Benditos Laços,Graça e Salvação | Igreja e Comunhão | Oração e Comunhão,1 Tessalonicenses 5:17; Mateus 7:7; Filipenses 4:6 | Efésios 2:8-9; João 3:16; 1 João 1:9 | Salmos 133:1; Hebreus 10:25,https://www.youtube.com/watch?v=olcB1p-umdQ,Salmo 133:1,A Doutrina da Igreja,Unidade no Corpo de Cristo,John Fawcett,Hans Georg Naegeli
243,"Jesus, Pastor Amado","Adoração e Louvor | Crianças e Jovens | Graça e Salvação | Igreja e Comunhão | Lar e Família | Paz, Cuidado e Confiança",Efésios 2:8-9; João 3:16; 1 João 1:9 | Josué 24:15; Efésios 6:1-4 | Mateus 19:14; Provérbios 22:6 | Salmos 133:1; Hebreus 10:25 | Salmos 150:1-6; Apocalipse 4:8; Salmos 95:1-2 | Salmos 23:1-4; João 14:27; Salmos 46:1,https://www.youtube.com/watch?v=ZHK2rdtAjTs,João 10:14,A Doutrina da Igreja,Unidade no Corpo de Cristo,Sarah Poulton Kalley,George J. Webb
244,Ó Vem à Igreja Comigo,Adoração e Louvor | Graça e Salvação | Igreja e Comunhão | Oração e Comunhão,1 Tessalonicenses 5:17; Mateus 7:7; Filipenses 4:6 | Efésios 2:8-9; João 3:16; 1 João 1:9 | Salmos 133:1; Hebreus 10:25 | Salmos 150:1-6; Apocalipse 4:8; Salmos 95:1-2,https://www.youtube.com/watch?v=Q1aD3qdatVI,Salmo 122:1-4,A Doutrina da Igreja,Unidade no Corpo de Cristo,William Savage Pitts,William Savage Pitts
245,Lado a Lado,Graça e Salvação | Lar e Família,Efésios 2:8-9; João 3:16; 1 João 1:9 | Josué 24:15; Efésios 6:1-4,https://www.youtube.com/watch?v=ZrnPn--2-C0,"João 13:34, 35",A Doutrina da Igreja,Unidade no Corpo de Cristo,Jeff Wood,Jeff Wood
246,Em Família,Graça e Salvação | Lar e Família | Oração e Comunhão | Sacrifício e Redenção,1 Tessalonicenses 5:17; Mateus 7:7; Filipenses 4:6 | Efésios 2:8-9; João 3:16; 1 João 1:9 | Isaías 53:4-5; Romanos 5:8; Hebreus 9:22 | Josué 24:15; Efésios 6:1-4,https://www.youtube.com/watch?v=blOjsarznsQ,Efésios 2:19,A Doutrina da Igreja,Unidade no Corpo de Cristo,Jane Leitzke,Jane Leitzke
247,Unidos Em Cristo,"Espírito Santo | Graça e Salvação | Igreja e Comunhão | Lar e Família | Missão e Serviço | Paz, Cuidado e Confiança | Segunda Vinda e Esperança",1 Tessalonicenses 4:16-17; Apocalipse 1:7; João 14:1-3 | Efésios 2:8-9; João 3:16; 1 João 1:9 | Josué 24:15; Efésios 6:1-4 | João 14:16-17; Atos 2:1-4 | Mateus 28:19-20; Isaías 6:8; Marcos 16:15 | Salmos 133:1; Hebreus 10:25 | Salmos 23:1-4; João 14:27; Salmos 46:1,https://www.youtube.com/watch?v=LCRzBt65wQA,1 Coríntios 12:12,A Doutrina da Igreja,Unidade no Corpo de Cristo,Jader D. Santos,Jader D. Santos
248,Encontros,"Graça e Salvação | Igreja e Comunhão | Paz, Cuidado e Confiança",Efésios 2:8-9; João 3:16; 1 João 1:9 | Salmos 133:1| Salmos 23:1-4; João 14:27; Salmos 46:1,https://www.youtube.com/watch?v=zpfmhV1bkS8,Hebreus 10:25,A Doutrina da Igreja,Unidade no Corpo de Cristo,Wanderson F. Paiva,Wanderson F. Paiva
249,"Oh, Que Belos Hinos!",Adoração e Louvor | Crianças e Jovens | Graça e Salvação | Lar e Família | Missão e Serviço | Segunda Vinda e Esperança,1 Tessalonicenses 4:16-17; Apocalipse 1:7; João 14:1-3 | Efésios 2:8-9; João 3:16; 1 João 1:9 | Josué 24:15; Efésios 6:1-4 | Mateus 19:14; Provérbios 22:6 | Mateus 28:19-20; Isaías 6:8; Marcos 16:15 | Salmos 150:1-6; Apocalipse 4:8; Salmos 95:1-2,https://www.youtube.com/watch?v=RGvKiqTibOc,Lucas 15:7,A Doutrina da Igreja,O Batismo,William O. Cushing,George F. Root
250,A Jesus Seguir Eu Quero,Vida Cristã e Devoção,Salmos 1:1-2; Provérbios 3:5-6,https://www.youtube.com/watch?v=AH39bafXKrE,"Mateus 16:24, 25",A Doutrina da Igreja,O Batismo,James L. Elginburg,James L. Elginburg
251,Meu Jesus Está Chamando,"Graça e Salvação | Missão e Serviço | Paz, Cuidado e Confiança | Sacrifício e Redenção",Efésios 2:8-9; João 3:16; 1 João 1:9 | Isaías 53:4-5; Romanos 5:8; Hebreus 9:22 | Mateus 28:19-20; Isaías 6:8; Marcos 16:15 | Salmos 23:1-4; João 14:27; Salmos 46:1,https://www.youtube.com/watch?v=ZHzaGAfdoCM,Mateus 9:9,A Doutrina da Igreja,O Batismo,Elisha A. Hoffman,John S. Norris
252,Volto ao Lar,Graça e Salvação | Lar e Família | Palavra de Deus e Lei,Efésios 2:8-9; João 3:16; 1 João 1:9 | Josué 24:15; Efésios 6:1-4 | Salmos 119:105; 2 Timóteo 3:16; Salmos 19:7,https://www.youtube.com/watch?v=BvKZVC9cK9Q,Lucas 15:11-24,A Doutrina da Igreja,O Batismo,William J. Kirkpatrick,William J. Kirkpatrick
253,Importa Renascer,Adoração e Louvor | Crianças e Jovens | Graça e Salvação | Lar e Família | Palavra de Deus e Lei | Sábado e Criação,Efésios 2:8-9; João 3:16; 1 João 1:9 | Josué 24:15; Efésios 6:1-4 | Mateus 19:14; Provérbios 22:6 | Salmos 119:105; 2 Timóteo 3:16; Salmos 19:7 | Salmos 150:1-6; Apocalipse 4:8; Salmos 95:1-2 | Êxodo 20:8-11; Gênesis 2:2-3,https://www.youtube.com/watch?v=7Ci4QNv-pKA,João 3:1-3,A Doutrina da Igreja,O Batismo,William T. Sleeper,George C. Stebbins
254,Agora Posso Ver,"Graça e Salvação | Oração e Comunhão | Paz, Cuidado e Confiança | Sacrifício e Redenção",1 Tessalonicenses 5:17; Mateus 7:7; Filipenses 4:6 | Efésios 2:8-9; João 3:16; 1 João 1:9 | Isaías 53:4-5; Romanos 5:8; Hebreus 9:22 | Salmos 23:1-4; João 14:27; Salmos 46:1,https://www.youtube.com/watch?v=VxOMU2J_ZAI,Zacarias 13:1,A Doutrina da Igreja,O Batismo,Phoebe Palmer,Phoebe Palmer Knapp
255,As Águas Batismais,Lar e Família | Oração e Comunhão,1 Tessalonicenses 5:17; Mateus 7:7; Filipenses 4:6 | Josué 24:15; Efésios 6:1-4,https://www.youtube.com/watch?v=vf3jfoQFP3U,"Romanos 6:3, 4",A Doutrina da Igreja,O Batismo,Albertina Rodrigues Simon,Desconhecido
256,A Ceia do Senhor,"Adoração e Louvor | Graça e Salvação | Igreja e Comunhão | Paz, Cuidado e Confiança | Sacrifício e Redenção",Efésios 2:8-9; João 3:16; 1 João 1:9 | Isaías 53:4-5; Romanos 5:8; Hebreus 9:22 | Salmos 133:1; Hebreus 10:25 | Salmos 150:1-6; Apocalipse 4:8; Salmos 95:1-2 | Salmos 23:1-4; João 14:27; Salmos 46:1,https://www.youtube.com/watch?v=DEIsgr6rAXU,1 Coríntios 11:23-26,A Doutrina da Igreja,A Ceia do Senhor,Philip P. Bliss,Philip P. Bliss
257,"Senhor, Tu nos Convidas",Graça e Salvação | Sacrifício e Redenção,Efésios 2:8-9; João 3:16; 1 João 1:9 | Isaías 53:4-5; Romanos 5:8; Hebreus 9:22,https://www.youtube.com/watch?v=LSLQ7w4we1M,Mateus 26:26-28,A Doutrina da Igreja,A Ceia do Senhor,Desconhecido,Samuel S. Wesley
258,A Última Ceia,"Graça e Salvação | Igreja e Comunhão | Oração e Comunhão | Paz, Cuidado e Confiança | Sacrifício e Redenção | Segunda Vinda e Esperança",1 Tessalonicenses 4:16-17; Apocalipse 1:7; João 14:1-3 | 1 Tessalonicenses 5:17; Mateus 7:7; Filipenses 4:6 | Efésios 2:8-9; João 3:16; 1 João 1:9 | Isaías 53:4-5; Romanos 5:8; Hebreus 9:22 | Salmos 133:1; Hebreus 10:25 | Salmos 23:1-4; João 14:27; Salmos 46:1,https://www.youtube.com/watch?v=VbPvb63MO7E,João 13:1,A Doutrina da Igreja,A Ceia do Senhor,Jair Alberto da Silva,Jair Alberto da Silva
259,Em Memória De Ti,Graça e Salvação | Missão e Serviço | Sacrifício e Redenção,Efésios 2:8-9; João 3:16; 1 João 1:9 | Isaías 53:4-5; Romanos 5:8; Hebreus 9:22 | Mateus 28:19-20; Isaías 6:8; Marcos 16:15,https://www.youtube.com/watch?v=nWIsUdDHHmc,"1 Coríntios 11:23, 24",A Doutrina da Igreja,A Ceia do Senhor,Phyllips C. Michael,John M. Rasley
260,Em Memória De Mim,Lar e Família | Oração e Comunhão | Sacrifício e Redenção,1 Tessalonicenses 5:17; Mateus 7:7; Filipenses 4:6 | Isaías 53:4-5; Romanos 5:8; Hebreus 9:22 | Josué 24:15; Efésios 6:1-4,https://www.youtube.com/watch?v=c4JUrBiNjas,N/A,A Doutrina da Igreja,A Ceia do Senhor,Ragan Courtney,Buryl Red
261,Quem se Dispõe a Ir?,Lar e Família | Segunda Vinda e Esperança,1 Tessalonicenses 4:16-17; Apocalipse 1:7; João 14:1-3 | Josué 24:15; Efésios 6:1-4,https://www.youtube.com/watch?v=OOCiWJTMvkI,Isaías 6:8,A Doutrina da Igreja,Dons e Ministérios Espirituais,Dario Pires de Araújo,George J. Elvey
262,Irei Aonde Jesus Mandar,"Graça e Salvação | Lar e Família | Missão e Serviço | Paz, Cuidado e Confiança",Efésios 2:8-9; João 3:16; 1 João 1:9 | Josué 24:15; Efésios 6:1-4 | Mateus 28:19-20; Isaías 6:8; Marcos 16:15 | Salmos 23:1-4; João 14:27; Salmos 46:1,https://www.youtube.com/watch?v=PEUoGbpsQo4,Lucas 9:2,A Doutrina da Igreja,Dons e Ministérios Espirituais,"Mary Brown, Charles Edwin Prior","Mary Brown, Charles Edwin Prior"
263,Mãos,Graça e Salvação | Missão e Serviço | Sacrifício e Redenção,Efésios 2:8-9; João 3:16; 1 João 1:9 | Isaías 53:4-5; Romanos 5:8; Hebreus 9:22 | Mateus 28:19-20; Isaías 6:8; Marcos 16:15,https://www.youtube.com/watch?v=eC_SG8HxQ_4,"Mateus 20:27, 28",A Doutrina da Igreja,Dons e Ministérios Espirituais,Williams Costa Jr.,Williams Costa Jr.
264,Envio A Ti,Graça e Salvação | Lar e Família | Missão e Serviço | Oração e Comunhão | Sacrifício e Redenção,1 Tessalonicenses 5:17; Mateus 7:7; Filipenses 4:6 | Efésios 2:8-9; João 3:16; 1 João 1:9 | Isaías 53:4-5; Romanos 5:8; Hebreus 9:22 | Josué 24:15; Efésios 6:1-4 | Mateus 28:19-20; Isaías 6:8; Marcos 16:15,https://www.youtube.com/watch?v=MGgZCcpZIYE,"João 20:21, 22",A Doutrina da Igreja,Dons e Ministérios Espirituais,Edith M. Clarkson,John W. Peterson
265,Faz-me Um Servo,Oração e Comunhão,1 Tessalonicenses 5:17; Mateus 7:7; Filipenses 4:6,https://www.youtube.com/watch?v=MTnD-Y7pjZA,João 12:26,A Doutrina da Igreja,Dons e Ministérios Espirituais,Kelly Willard,Kelly Willard
266,No Serviço do Meu Rei,"Graça e Salvação | Missão e Serviço | Paz, Cuidado e Confiança",Efésios 2:8-9; João 3:16; 1 João 1:9 | Mateus 28:19-20; Isaías 6:8; Marcos 16:15 | Salmos 23:1-4; João 14:27; Salmos 46:1,https://www.youtube.com/watch?v=Wdz8uN0DPFY,João 4:34-36,A Doutrina da Igreja,Dons e Ministérios Espirituais,Alfred H. Ackley,Bentley D. Ackley
267,As Searas Maduras,Graça e Salvação | Lar e Família | Missão e Serviço,Efésios 2:8-9; João 3:16; 1 João 1:9 | Josué 24:15; Efésios 6:1-4 | Mateus 28:19-20; Isaías 6:8; Marcos 16:15,https://www.youtube.com/watch?v=qShdC3CEHN0,"João 4:35, 36",A Doutrina da Igreja,Dons e Ministérios Espirituais,Desconhecido,Desconhecido
268,Compensa Servir a Jesus,Adoração e Louvor | Graça e Salvação | Missão e Serviço | Sacrifício e Redenção,Efésios 2:8-9; João 3:16; 1 João 1:9 | Isaías 53:4-5; Romanos 5:8; Hebreus 9:22 | Mateus 28:19-20; Isaías 6:8; Marcos 16:15 | Salmos 150:1-6; Apocalipse 4:8; Salmos 95:1-2,https://www.youtube.com/watch?v=maPqiR2yjy0,Mateus 19:27-29,A Doutrina da Igreja,Dons e Ministérios Espirituais,Frank C. Huston,Frank C. Huston
269,Sal da Terra,"Graça e Salvação | Missão e Serviço | Paz, Cuidado e Confiança | Segunda Vinda e Esperança",1 Tessalonicenses 4:16-17; Apocalipse 1:7; João 14:1-3 | Efésios 2:8-9; João 3:16; 1 João 1:9 | Mateus 28:19-20; Isaías 6:8; Marcos 16:15 | Salmos 23:1-4; João 14:27; Salmos 46:1,https://www.youtube.com/watch?v=ROWbiKrX-1U,Mateus 5:13,A Doutrina da Igreja,Dons e Ministérios Espirituais,"Edson Romero Marques, Lineu Formighieri Soares","Edson Romero Marques, Lineu Formighieri Soares"
270,Vaso de Benção,Graça e Salvação | Missão e Serviço,Efésios 2:8-9; João 3:16; 1 João 1:9 | Mateus 28:19-20; Isaías 6:8; Marcos 16:15,https://www.youtube.com/watch?v=tLhObj3zj-c,Atos 9:15,A Doutrina da Igreja,Dons e Ministérios Espirituais,Harper G. Smyth,Harper G. Smyth
271,Vaso De Honra,Graça e Salvação | Missão e Serviço | Segunda Vinda e Esperança,1 Tessalonicenses 4:16-17; Apocalipse 1:7; João 14:1-3 | Efésios 2:8-9; João 3:16; 1 João 1:9 | Mateus 28:19-20; Isaías 6:8; Marcos 16:15,https://www.youtube.com/watch?v=Kr-tDldyFmQ,"Jeremias 18:5, 6",A Doutrina da Igreja,Dons e Ministérios Espirituais,Rick Kirgham,Rick Kirgham
272,Através De Nós,"Adoração e Louvor | Espírito Santo | Lar e Família | Oração e Comunhão | Paz, Cuidado e Confiança",1 Tessalonicenses 5:17; Mateus 7:7; Filipenses 4:6 | Josué 24:15; Efésios 6:1-4 | João 14:16-17; Atos 2:1-4 | Salmos 150:1-6; Apocalipse 4:8; Salmos 95:1-2 | Salmos 23:1-4; João 14:27; Salmos 46:1,https://www.youtube.com/watch?v=c9f7n3Ro6_Y,João 15:16,A Doutrina da Igreja,Dons e Ministérios Espirituais,Valdecir Simões Lima,Lineu Formighieri Soares
273,A Escola Sabatina,Igreja e Comunhão | Oração e Comunhão | Palavra de Deus e Lei | Sábado e Criação,1 Tessalonicenses 5:17; Mateus 7:7; Filipenses 4:6 | Salmos 119:105; 2 Timóteo 3:16; Salmos 19:7 | Salmos 133:1; Hebreus 10:25 | Êxodo 20:8-11; Gênesis 2:2-3,https://www.youtube.com/watch?v=cgNzy67c04E,"Salmo 25:4, 5",A Doutrina da Igreja,Dons e Ministérios Espirituais,Desconhecido,Jean Jacques Rousseau
274,O Encontro,Adoração e Louvor | Igreja e Comunhão | Oração e Comunhão | Segunda Vinda e Esperança | Sábado e Criação,1 Tessalonicenses 4:16-17; Apocalipse 1:7; João 14:1-3 | 1 Tessalonicenses 5:17; Mateus 7:7; Filipenses 4:6 | Salmos 133:1; Hebreus 10:25 | Salmos 150:1-6; Apocalipse 4:8; Salmos 95:1-2 | Êxodo 20:8-11; Gênesis 2:2-3,https://www.youtube.com/watch?v=XdXaEhP6LjU,N/A,A Doutrina da Igreja,Dons e Ministérios Espirituais,Guilherme S. Andrade,Guilherme S. Andrade
275,Hino Dos Aventureiros,"Adoração e Louvor | Crianças e Jovens | Graça e Salvação | Paz, Cuidado e Confiança",Efésios 2:8-9; João 3:16; 1 João 1:9 ; Provérbios 22:6 | Salmos 150:1-6; Apocalipse 4:8; Salmos 95:1-2 | Salmos 23:1-4; João 14:27; Salmos 46:1,https://www.youtube.com/watch?v=As-X-j6HRdE,Mateus 19:14,A Doutrina da Igreja,Dons e Ministérios Espirituais,Wanderson F. Paiva,Wanderson F. Paiva
276,Hino Dos Desbravadores,Crianças e Jovens | Graça e Salvação | Lar e Família | Palavra de Deus e Lei | Segunda Vinda e Esperança,1 Tessalonicenses 4:16-17; Apocalipse 1:7; João 14:1-3 | Efésios 2:8-9; João 3:16; 1 João 1:9 | Josué 24:15; Efésios 6:1-4 | Mateus 19:14; Provérbios 22:6 | Salmos 119:105; 2 Timóteo 3:16; Salmos 19:7,https://www.youtube.com/watch?v=0v1ihqB0gpI,"Mateus 28:19, 20",A Doutrina da Igreja,Dons e Ministérios Espirituais,Henry T. Bergh,Henry T. Bergh
277,Bem-aventurança,Segunda Vinda e Esperança,1 Tessalonicenses 4:16-17; Apocalipse 1:7; João 14:1-3,https://www.youtube.com/watch?v=r9KpN18SQDg,Apocalipse 1:3,A Doutrina da Igreja,O Dom de Profecia,Lineu Formighieri Soares,Lineu Formighieri Soares
278,A Voz de Deus,"Graça e Salvação | Lar e Família | Palavra de Deus e Lei | Paz, Cuidado e Confiança",Efésios 2:8-9; João 3:16; 1 João 1:9 | Josué 24:15; Efésios 6:1-4 | Salmos 119:105; 2 Timóteo 3:16; Salmos 19:7 | Salmos 23:1-4; João 14:27; Salmos 46:1,https://www.youtube.com/watch?v=sXZgMQKfLfk,1 Coríntios 14:1,A Doutrina da Igreja,O Dom de Profecia,Wanderson F. Paiva,Wanderson F. Paiva
279,A Verdade Brilhará,"Espírito Santo | Graça e Salvação | Palavra de Deus e Lei | Paz, Cuidado e Confiança",Efésios 2:8-9; João 3:16; 1 João 1:9 | João 14:16-17; Atos 2:1-4 | Salmos 119:105; 2 Timóteo 3:16; Salmos 19:7 | Salmos 23:1-4; João 14:27; Salmos 46:1,https://www.youtube.com/watch?v=7XEXWM9JX0E,Apocalipse 19:10,A Doutrina da Igreja,O Dom de Profecia,Jader D. Santos,Jader D. Santos
280,O Espírito De Profecia,"Espírito Santo | Graça e Salvação | Lar e Família | Palavra de Deus e Lei | Paz, Cuidado e Confiança",Efésios 2:8-9; João 3:16; 1 João 1:9 | Josué 24:15; Efésios 6:1-4 | João 14:16-17; Atos 2:1-4 | Salmos 119:105; 2 Timóteo 3:16; Salmos 19:7 | Salmos 23:1-4; João 14:27; Salmos 46:1,https://www.youtube.com/watch?v=O4pIdHTqSlM,Amós 3:7,A Doutrina da Igreja,O Dom de Profecia,Rute de Matos Bazan,Rute de Matos Bazan
281,Filhos Da Promessa,Crianças e Jovens | Palavra de Deus e Lei | Segunda Vinda e Esperança,1 Tessalonicenses 4:16-17; Apocalipse 1:7; João 14:1-3 | Mateus 19:14; Provérbios 22:6 | Salmos 119:105; 2 Timóteo 3:16; Salmos 19:7,https://www.youtube.com/watch?v=4B2i8A9v4qc,Apocalipse 12:17,A Doutrina da Igreja,O Dom de Profecia,Eddie Schultz Henrique,Eddie Schultz Henrique
282,Em Sua Presença,"Graça e Salvação | Missão e Serviço | Palavra de Deus e Lei | Paz, Cuidado e Confiança",Efésios 2:8-9; João 3:16; 1 João 1:9 | Mateus 28:19-20; Isaías 6:8; Marcos 16:15 | Salmos 119:105; 2 Timóteo 3:16; Salmos 19:7 | Salmos 23:1-4; João 14:27; Salmos 46:1,https://www.youtube.com/watch?v=64erEGHX6tg,Apocalipse 2:10,A Doutrina da Vida Cristã,A Lei de Deus,Samuel Krähenbühl,Samuel Krähenbühl
283,Crer e Observar,"Lar e Família | Oração e Comunhão | Palavra de Deus e Lei | Paz, Cuidado e Confiança",1 Tessalonicenses 5:17; Mateus 7:7; Filipenses 4:6 | Josué 24:15; Efésios 6:1-4 | Salmos 119:105; 2 Timóteo 3:16; Salmos 19:7 | Salmos 23:1-4; João 14:27; Salmos 46:1,https://www.youtube.com/watch?v=lXpmeNNeztI,"Mateus 7:24, 25",A Doutrina da Vida Cristã,A Lei de Deus,John H. Sammis,Daniel B. Towner
284,Obedecer É Melhor,Palavra de Deus e Lei,Salmos 119:105; 2 Timóteo 3:16; Salmos 19:7,https://www.youtube.com/watch?v=UBzEdvwvAQY,1 Samuel 15:22,A Doutrina da Vida Cristã,A Lei de Deus,Franklin E. Belden,Franklin E. Belden
285,Eu Amo A Tua Lei,Adoração e Louvor | Missão e Serviço | Oração e Comunhão | Palavra de Deus e Lei | Sábado e Criação,1 Tessalonicenses 5:17; Mateus 7:7; Filipenses 4:6 | Mateus 28:19-20; Isaías 6:8; Marcos 16:15 | Salmos 119:105; 2 Timóteo 3:16; Salmos 19:7 | Salmos 150:1-6; Apocalipse 4:8; Salmos 95:1-2 | Êxodo 20:8-11; Gênesis 2:2-3,https://www.youtube.com/watch?v=qNqAq54JUxg,N/A,A Doutrina da Vida Cristã,A Lei de Deus,Sullivan Dutra,Sullivan Dutra
286,Tua Lei,Crianças e Jovens | Graça e Salvação | Lar e Família | Oração e Comunhão | Palavra de Deus e Lei,1 Tessalonicenses 5:17; Mateus 7:7; Filipenses 4:6 | Efésios 2:8-9; João 3:16; 1 João 1:9 | Josué 24:15; Efésios 6:1-4 | Mateus 19:14; Provérbios 22:6 | Salmos 119:105; 2 Timóteo 3:16; Salmos 19:7,https://www.youtube.com/watch?v=179Ih-iPnk0,Salmo 19:7,A Doutrina da Vida Cristã,A Lei de Deus,Jader D. Santos,Jader D. Santos
287,A Lei De Deus,Graça e Salvação | Lar e Família | Oração e Comunhão | Palavra de Deus e Lei | Santuário e Juízo,1 Tessalonicenses 5:17; Mateus 7:7; Filipenses 4:6 | Efésios 2:8-9; João 3:16; 1 João 1:9 | Hebreus 4:14-16; Hebreus 8:1-2; Daniel 8:14 | Josué 24:15; Efésios 6:1-4 | Salmos 119:105; 2 Timóteo 3:16; Salmos 19:7,https://www.youtube.com/watch?v=qkiZ-pjlcqs,Mateus 5:17,A Doutrina da Vida Cristã,A Lei de Deus,Mário Jorge Lima,Lineu Formighieri Soares
288,Fiel a Toda Prova,Graça e Salvação | Lar e Família | Oração e Comunhão,1 Tessalonicenses 5:17; Mateus 7:7; Filipenses 4:6 | Efésios 2:8-9; João 3:16; 1 João 1:9 | Josué 24:15; Efésios 6:1-4,https://www.youtube.com/watch?v=ndQK0QjLHlU,N/A,A Doutrina da Vida Cristã,A Lei de Deus,Jader D. Santos,Jader D. Santos
289,A Tua Lei,"Adoração e Louvor | Graça e Salvação | Oração e Comunhão | Palavra de Deus e Lei | Paz, Cuidado e Confiança",1 Tessalonicenses 5:17; Mateus 7:7; Filipenses 4:6 | Efésios 2:8-9; João 3:16; 1 João 1:9 | Salmos 119:105; 2 Timóteo 3:16; Salmos 19:7 | Salmos 150:1-6; Apocalipse 4:8; Salmos 95:1-2 | Salmos 23:1-4; João 14:27; Salmos 46:1,https://www.youtube.com/watch?v=DnJh2Iu9_4Y,Salmo 119:97,A Doutrina da Vida Cristã,A Lei de Deus,"Milton Mendes Andrade, Valdecir Simões Lima","Milton Mendes Andrade, Valdecir Simões Lima"
290,Do Santo Sábado És Senhor,Adoração e Louvor | Sábado e Criação,Salmos 150:1-6; Apocalipse 4:8; Salmos 95:1-2 | Êxodo 20:8-11; Gênesis 2:2-3,https://www.youtube.com/watch?v=EhZFepZ47yY,"Marcos 2:27, 28",A Doutrina da Vida Cristã,O Sábado,Douglas A. R. Aufranc,Douglas A. R. Aufranc
291,Sábado do Meu Senhor,Adoração e Louvor | Graça e Salvação | Lar e Família | Sábado e Criação,Efésios 2:8-9; João 3:16; 1 João 1:9 | Josué 24:15; Efésios 6:1-4 | Salmos 150:1-6; Apocalipse 4:8; Salmos 95:1-2 | Êxodo 20:8-11; Gênesis 2:2-3,https://www.youtube.com/watch?v=rHs4oa1_D9Q,"Isaías 58:13, 14",A Doutrina da Vida Cristã,O Sábado,Desconhecido,William J. Kirkpatrick
292,Sábado,"Adoração e Louvor | Graça e Salvação | Oração e Comunhão | Paz, Cuidado e Confiança | Sábado e Criação",1 Tessalonicenses 5:17; Mateus 7:7; Filipenses 4:6 | Efésios 2:8-9; João 3:16; 1 João 1:9 | Salmos 150:1-6; Apocalipse 4:8; Salmos 95:1-2 | Salmos 23:1-4; João 14:27; Salmos 46:1 | Êxodo 20:8-11; Gênesis 2:2-3,https://www.youtube.com/watch?v=_EJR05GlhLQ,"Gênesis 2:2, 3",A Doutrina da Vida Cristã,O Sábado,Eduard Eyth,U. B. Oyen
293,O Sábado Chegou,"Adoração e Louvor | Lar e Família | Paz, Cuidado e Confiança | Sábado e Criação",Josué 24:15; Efésios 6:1-4 | Salmos 150:1-6; Apocalipse 4:8; Salmos 95:1-2 | Salmos 23:1-4; João 14:27; Salmos 46:1 ; Gênesis 2:2-3,https://www.youtube.com/watch?v=V7Qx617dQQU,Êxodo 20:8-11,A Doutrina da Vida Cristã,O Sábado,Dario Pires de Araújo,William B. Bradbury
294,Lembre-se do Sábado,"Adoração e Louvor | Graça e Salvação | Oração e Comunhão | Paz, Cuidado e Confiança | Sábado e Criação",1 Tessalonicenses 5:17; Mateus 7:7; Filipenses 4:6 | Efésios 2:8-9; João 3:16; 1 João 1:9 | Salmos 150:1-6; Apocalipse 4:8; Salmos 95:1-2 | Salmos 23:1-4; João 14:27; Salmos 46:1 | -11; Gênesis 2:2-3,https://www.youtube.com/watch?v=5w3Xrdf5i_0,Êxodo 20:8,A Doutrina da Vida Cristã,O Sábado,Fanny J. Crosby,William B. Bradbury
295,Sábado Bendito,"Adoração e Louvor | Crianças e Jovens | Graça e Salvação | Igreja e Comunhão | Lar e Família | Oração e Comunhão | Paz, Cuidado e Confiança | Sábado e Criação",1 Tessalonicenses 5:17; Mateus 7:7; Filipenses 4:6 | Efésios 2:8-9; João 3:16; 1 João 1:9 | Josué 24:15; Efésios 6:1-4 | Mateus 19:14; Provérbios 22:6 | Salmos 133:1; Hebreus 10:25 | Salmos 150:1-6; Apocalipse 4:8; Salmos 95:1-2 | Salmos 23:1-4; João 14:27; Salmos 46:1 | Êxodo 20:8-11; Gênesis 2:2-3,https://www.youtube.com/watch?v=5BB1MAN3g1I,"Gênesis 2:2, 3",A Doutrina da Vida Cristã,O Sábado,Jader D. Santos,Jader D. Santos
296,Bem-vindo o Sábado,"Graça e Salvação | Lar e Família | Missão e Serviço | Paz, Cuidado e Confiança | Sábado e Criação",Efésios 2:8-9; João 3:16; 1 João 1:9 | Josué 24:15; Efésios 6:1-4 | Mateus 28:19-20; Isaías 6:8; Marcos 16:15 | Salmos 23:1-4; João 14:27; Salmos 46:1 | Êxodo 20:8-11; Gênesis 2:2-3,https://www.youtube.com/watch?v=JGnzZ3eY5Xg,"Isaías 58:13, 14",A Doutrina da Vida Cristã,O Sábado,Seleção de John Dobell,Friedrich Schneider
297,Dia de Esperança,Adoração e Louvor | Graça e Salvação | Missão e Serviço | Oração e Comunhão | Palavra de Deus e Lei | Segunda Vinda e Esperança | Sábado e Criação,1 Tessalonicenses 4:16-17; Apocalipse 1:7; João 14:1-3 | 1 Tessalonicenses 5:17; Mateus 7:7; Filipenses 4:6 | Efésios 2:8-9; João 3:16; 1 João 1:9 | Mateus 28:19-20; Isaías 6:8; Marcos 16:15 | Salmos 119:105; 2 Timóteo 3:16; Salmos 19:7 | Salmos 150:1-6; Apocalipse 4:8; Salmos 95:1-2 | Êxodo 20:8-11; Gênesis 2:2-3,https://www.youtube.com/watch?v=25cPKkUP8go,Isaías 63:23,A Doutrina da Vida Cristã,O Sábado,Jader D. Santos,Jader D. Santos
298,Deus Fez o Sábado Para Mim,"Lar e Família | Paz, Cuidado e Confiança | Sábado e Criação",Josué 24:15; Efésios 6:1-4 | Salmos 23:1-4; João 14:27; Salmos 46:1 | Êxodo 20:8-11; Gênesis 2:2-3,https://www.youtube.com/watch?v=diMJD80zr30,"Marcos 2:27, 28",A Doutrina da Vida Cristã,O Sábado,Rute de Matos Bazan,Rute de Matos Bazan
299,Dia Santo,Adoração e Louvor | Graça e Salvação | Lar e Família | Missão e Serviço | Palavra de Deus e Lei | Segunda Vinda e Esperança | Sábado e Criação,1 Tessalonicenses 4:16-17; Apocalipse 1:7; João 14:1-3 | Efésios 2:8-9; João 3:16; 1 João 1:9 | Josué 24:15; Efésios 6:1-4 | Mateus 28:19-20; Isaías 6:8; Marcos 16:15 | Salmos 119:105; 2 Timóteo 3:16; Salmos 19:7 | Salmos 150:1-6; Apocalipse 4:8; Salmos 95:1-2 | Êxodo 20:8-11; Gênesis 2:2-3,https://www.youtube.com/watch?v=2jlp0c_gOck,Ezequiel 20:12,A Doutrina da Vida Cristã,O Sábado,"Delmar Reis, Felipe Tonasso, Cleverson Pedro","Delmar Reis, Felipe Tonasso, Cleverson Pedro"
300,Tempo de Ser Santo,"Adoração e Louvor | Graça e Salvação | Paz, Cuidado e Confiança",Efésios 2:8-9; João 3:16; 1 João 1:9 | Salmos 150:1-6; Apocalipse 4:8; Salmos 95:1-2 | Salmos 23:1-4; João 14:27; Salmos 46:1,https://www.youtube.com/watch?v=HZxnyB3lJ-k,2 Pedro 1:5-8,A Doutrina da Vida Cristã,Mordomia Cristã,William D. Longstaff,George C. Stebbins
301,"Toma, ó Deus, Meu Coração",Adoração e Louvor | Graça e Salvação | Igreja e Comunhão | Lar e Família | Oração e Comunhão | Segunda Vinda e Esperança,1 Tessalonicenses 4:16-17; Apocalipse 1:7; João 14:1-3 | 1 Tessalonicenses 5:17; Mateus 7:7; Filipenses 4:6 | Efésios 2:8-9; João 3:16; 1 João 1:9 | Josué 24:15; Efésios 6:1-4 | Salmos 133:1; Hebreus 10:25 | Salmos 150:1-6; Apocalipse 4:8; Salmos 95:1-2,https://www.youtube.com/watch?v=X6AAFwBkfEM,"Salmo 139:23, 24",A Doutrina da Vida Cristã,Mordomia Cristã,Frances R. Havergal,Henri A. C. Malan
302,Tudo Entregarei,"Adoração e Louvor | Paz, Cuidado e Confiança",Salmos 150:1-6; Apocalipse 4:8; Salmos 95:1-2 | Salmos 23:1-4; João 14:27; Salmos 46:1,https://www.youtube.com/watch?v=bzXmFmM4CTM,Salmo 116:12-14,A Doutrina da Vida Cristã,Mordomia Cristã,Judson Van DeVenter,Winfield S. Weeden
303,Minha Entrega,Vida Cristã e Devoção,Salmos 1:1-2; Provérbios 3:5-6,https://www.youtube.com/watch?v=FlkCgkhQ5CI,Filipenses 4:13,A Doutrina da Vida Cristã,Mordomia Cristã,Adelaide A. Pollard,George C. Stebbins
304,"Que Te Darei, Meu Mestre?",Adoração e Louvor | Graça e Salvação | Oração e Comunhão,1 Tessalonicenses 5:17; Mateus 7:7; Filipenses 4:6 | Efésios 2:8-9; João 3:16; 1 João 1:9 | Salmos 150:1-6; Apocalipse 4:8; Salmos 95:1-2,https://www.youtube.com/watch?v=wAW5aQOksIg,"Salmo 116:12, 13",A Doutrina da Vida Cristã,Mordomia Cristã,Homer W. Grimes,Homer W. Grimes
305,Sobre o Altar,"Adoração e Louvor | Missão e Serviço | Oração e Comunhão | Paz, Cuidado e Confiança | Sacrifício e Redenção",1 Tessalonicenses 5:17; Mateus 7:7; Filipenses 4:6 | Isaías 53:4-5; Romanos 5:8; Hebreus 9:22 | Mateus 28:19-20; Isaías 6:8; Marcos 16:15 | Salmos 150:1-6; Apocalipse 4:8; Salmos 95:1-2 | Salmos 23:1-4; João 14:27; Salmos 46:1,https://www.youtube.com/watch?v=nYohbTMsyfo,Apocalipse 8:3,A Doutrina da Vida Cristã,Mordomia Cristã,Elisha A. Hoffman,Elisha A. Hoffman
306,Eis-nos Prontos,"Graça e Salvação | Lar e Família | Paz, Cuidado e Confiança | Segunda Vinda e Esperança",1 Tessalonicenses 4:16-17; Apocalipse 1:7; João 14:1-3 | Efésios 2:8-9; João 3:16; 1 João 1:9 | Josué 24:15; Efésios 6:1-4 | Salmos 23:1-4; João 14:27; Salmos 46:1,https://www.youtube.com/watch?v=hwSVlpmYTWM,Lucas 22:39-46,A Doutrina da Vida Cristã,Mordomia Cristã,Earl B. Marlatt,Harry S. Mason
307,Conta as Bênçãos,Oração e Comunhão | Sacrifício e Redenção,1 Tessalonicenses 5:17; Mateus 7:7; Filipenses 4:6 | Isaías 53:4-5; Romanos 5:8; Hebreus 9:22,https://www.youtube.com/watch?v=ai_AQ1CwA2A,Salmo 40:5,A Doutrina da Vida Cristã,Mordomia Cristã,Johnson Oatman Jr.,Edwin O. Excell
308,Faze Como Daniel,Missão e Serviço | Oração e Comunhão,1 Tessalonicenses 5:17; Mateus 7:7; Filipenses 4:6 | Mateus 28:19-20; Isaías 6:8; Marcos 16:15,https://www.youtube.com/watch?v=lCz31f0wvvI,"Daniel 1:8, 9",A Doutrina da Vida Cristã,Mordomia Cristã,Philip P. Bliss,Philip P. Bliss
309,Em Tuas Mãos,Graça e Salvação | Oração e Comunhão,1 Tessalonicenses 5:17; Mateus 7:7; Filipenses 4:6 | Efésios 2:8-9; João 3:16; 1 João 1:9,https://www.youtube.com/watch?v=J-JW7ALhif8,Isaías 41:13,A Doutrina da Vida Cristã,Mordomia Cristã,Diane Ball,Diane Ball
310,Entrega,Graça e Salvação | Lar e Família | Missão e Serviço | Oração e Comunhão,1 Tessalonicenses 5:17; Mateus 7:7; Filipenses 4:6 | Efésios 2:8-9; João 3:16; 1 João 1:9 | Josué 24:15; Efésios 6:1-4 | Mateus 28:19-20; Isaías 6:8; Marcos 16:15,https://www.youtube.com/watch?v=vylQz82zkKE,Salmo 37:5,A Doutrina da Vida Cristã,Mordomia Cristã,Suzanne Hirle,Suzanne Hirle
311,Inteiramente Fiel,Crianças e Jovens,Mateus 19:14; Provérbios 22:6,https://www.youtube.com/watch?v=CVC5EOg8pCM,Apocalipse 2:10,A Doutrina da Vida Cristã,Mordomia Cristã,Evaldo Vicente,Evaldo Vicente
312,Nas Tuas Mãos,"Palavra de Deus e Lei | Paz, Cuidado e Confiança",Salmos 119:105; 2 Timóteo 3:16; Salmos 19:7 | Salmos 23:1-4; João 14:27; Salmos 46:1,https://www.youtube.com/watch?v=g9B7YsUgUNM,Mateus 11:28-30,A Doutrina da Vida Cristã,Mordomia Cristã,Guilherme Schlichting,Guilherme Schlichting
313,Tudo Para Deus,"Oração e Comunhão | Paz, Cuidado e Confiança | Sacrifício e Redenção",1 Tessalonicenses 5:17; Mateus 7:7; Filipenses 4:6 | Isaías 53:4-5; Romanos 5:8; Hebreus 9:22 | Salmos 23:1-4; João 14:27; Salmos 46:1,https://www.youtube.com/watch?v=pI6-8Jet0YU,1 Crônicas 29:14,A Doutrina da Vida Cristã,Mordomia Cristã,Valdecir Simões Lima,Flavio Almeida Santos
314,Se Ele Não For O Primeiro,Crianças e Jovens | Missão e Serviço | Oração e Comunhão,1 Tessalonicenses 5:17; Mateus 7:7; Filipenses 4:6 | Mateus 19:14; Provérbios 22:6 | Mateus 28:19-20; Isaías 6:8; Marcos 16:15,https://www.youtube.com/watch?v=TlArU2RQ2YY,Mateus 6:33,A Doutrina da Vida Cristã,Mordomia Cristã,Jader D. Santos,Jader D. Santos
315,A Cristo Eu Amo,"Missão e Serviço | Paz, Cuidado e Confiança | Sacrifício e Redenção",Isaías 53:4-5; Romanos 5:8; Hebreus 9:22 | Mateus 28:19-20; Isaías 6:8; Marcos 16:15 | Salmos 23:1-4; João 14:27; Salmos 46:1,https://www.youtube.com/watch?v=jBfNNgtMVUA,1 João 4:14-16,A Doutrina da Vida Cristã,Conduta Cristã,Scott Lawrence,Scott Lawrence
316,Achei Um Grande Amigo,"Graça e Salvação | Igreja e Comunhão | Oração e Comunhão | Palavra de Deus e Lei | Paz, Cuidado e Confiança | Sacrifício e Redenção | Segunda Vinda e Esperança",1 Tessalonicenses 4:16-17; Apocalipse 1:7; João 14:1-3 | 1 Tessalonicenses 5:17; Mateus 7:7; Filipenses 4:6 | Efésios 2:8-9; João 3:16; 1 João 1:9 | Isaías 53:4-5; Romanos 5:8; Hebreus 9:22 | Salmos 119:105; 2 Timóteo 3:16; Salmos 19:7 | Salmos 133:1; Hebreus 10:25 | Salmos 23:1-4; João 14:27; Salmos 46:1,https://www.youtube.com/watch?v=5RRcpOBlXeA,"João 15:14, 15",A Doutrina da Vida Cristã,Conduta Cristã,Charles W. Fry,Melodia Tradicional Inglesa
317,Amigo Mui Precioso,"Graça e Salvação | Lar e Família | Paz, Cuidado e Confiança | Sacrifício e Redenção",Efésios 2:8-9; João 3:16; 1 João 1:9 | Isaías 53:4-5; Romanos 5:8; Hebreus 9:22 | Josué 24:15; Efésios 6:1-4 | Salmos 23:1-4; João 14:27; Salmos 46:1,https://www.youtube.com/watch?v=_8yIJOzF0rw,"João 15:14, 15",A Doutrina da Vida Cristã,Conduta Cristã,Mary A. Shorey,Hubert P. Main
318,Cantarei de Meu Jesus,Adoração e Louvor | Graça e Salvação | Oração e Comunhão | Sacrifício e Redenção,1 Tessalonicenses 5:17; Mateus 7:7; Filipenses 4:6 | Efésios 2:8-9; João 3:16; 1 João 1:9 | Isaías 53:4-5; Romanos 5:8; Hebreus 9:22 | Salmos 150:1-6; Apocalipse 4:8; Salmos 95:1-2,https://www.youtube.com/watch?v=hrtXSRc5Ces,Efésios 2:4-7,A Doutrina da Vida Cristã,Conduta Cristã,Franklin E. Belden,Franklin E. Belden
319,Cristo é Tudo Para Mim,"Paz, Cuidado e Confiança",Salmos 23:1-4; João 14:27; Salmos 46:1,https://www.youtube.com/watch?v=s99navSSdWM,"Filipenses 3:7, 8",A Doutrina da Vida Cristã,Conduta Cristã,Will L. Thompson,Will L. Thompson
320,"Eu Te Amo, Meu Mestre",Adoração e Louvor | Crianças e Jovens | Graça e Salvação | Palavra de Deus e Lei | Segunda Vinda e Esperança,1 Tessalonicenses 4:16-17; Apocalipse 1:7; João 14:1-3 | Efésios 2:8-9; João 3:16; 1 João 1:9 | Mateus 19:14; Provérbios 22:6 | Salmos 119:105; 2 Timóteo 3:16; Salmos 19:7 | Salmos 150:1-6; Apocalipse 4:8; Salmos 95:1-2,https://www.youtube.com/watch?v=Wl9Xe0a1WRI,João 21:15,A Doutrina da Vida Cristã,Conduta Cristã,Christian Harmony,Melodia Tradicional Americana
321,Jesus é Melhor,"Graça e Salvação | Paz, Cuidado e Confiança",Efésios 2:8-9; João 3:16; 1 João 1:9 | Salmos 23:1-4; João 14:27; Salmos 46:1,https://www.youtube.com/watch?v=4OR2dSNYuXk,"Filipenses 3:7, 8",A Doutrina da Vida Cristã,Conduta Cristã,Rhea F. Miller,George B. Shea
322,Jesus Me Guia,"Oração e Comunhão | Paz, Cuidado e Confiança",1 Tessalonicenses 5:17; Mateus 7:7; Filipenses 4:6 | Salmos 23:1-4; João 14:27; Salmos 46:1,https://www.youtube.com/watch?v=WmkAm7Eog80,Isaías 58:11,A Doutrina da Vida Cristã,Conduta Cristã,Joseph H. Gilmore,William B. Bradbury
323,Há um Amigo,"Crianças e Jovens | Graça e Salvação | Paz, Cuidado e Confiança | Segunda Vinda e Esperança",1 Tessalonicenses 4:16-17; Apocalipse 1:7; João 14:1-3 | Efésios 2:8-9; João 3:16; 1 João 1:9 | Mateus 19:14; Provérbios 22:6 | Salmos 23:1-4; João 14:27; Salmos 46:1,https://www.youtube.com/watch?v=ti8OJHZqvUs,Salmo 37:5,A Doutrina da Vida Cristã,Conduta Cristã,Fannie E. Stafford,Homer A. Rodeheaver
324,"Jesus, Teu Nome Satisfaz","Oração e Comunhão | Paz, Cuidado e Confiança",1 Tessalonicenses 5:17; Mateus 7:7; Filipenses 4:6 | Salmos 23:1-4; João 14:27; Salmos 46:1,https://www.youtube.com/watch?v=VyKaiFCoIXA,Filipenses 2:9-11,A Doutrina da Vida Cristã,Conduta Cristã,William C. Martin,Edmund S. Lorenz
325,Junto ao Bondoso Deus,"Graça e Salvação | Oração e Comunhão | Paz, Cuidado e Confiança",1 Tessalonicenses 5:17; Mateus 7:7; Filipenses 4:6 | Efésios 2:8-9; João 3:16; 1 João 1:9 | Salmos 23:1-4; João 14:27; Salmos 46:1,https://www.youtube.com/watch?v=v76WHJ132HI,"Isaías 26:3, 4",A Doutrina da Vida Cristã,Conduta Cristã,Cleland B. McAfee,Cleland B. McAfee
326,Manancial de Toda Bênção,Adoração e Louvor | Graça e Salvação | Sacrifício e Redenção,Efésios 2:8-9; João 3:16; 1 João 1:9 | Isaías 53:4-5; Romanos 5:8; Hebreus 9:22 | Salmos 150:1-6; Apocalipse 4:8; Salmos 95:1-2,https://www.youtube.com/watch?v=CsPuhdOn8ko,Tiago 1:17,A Doutrina da Vida Cristã,Conduta Cristã,Robert Robinson,Repository of Sacred Music – II
327,Não Há Amigo Igual A Cristo,"Adoração e Louvor | Paz, Cuidado e Confiança",Salmos 150:1-6; Apocalipse 4:8; Salmos 95:1-2 | Salmos 23:1-4; João 14:27; Salmos 46:1,https://www.youtube.com/watch?v=1ibGBe9svTw,João 15:15,A Doutrina da Vida Cristã,Conduta Cristã,Johnson Oatman Jr.,George C. Hugg
328,Meu Deus e Eu,"Paz, Cuidado e Confiança",Salmos 23:1-4; João 14:27; Salmos 46:1,https://www.youtube.com/watch?v=AW5sH1Z4XYs,Gênesis 5:24,A Doutrina da Vida Cristã,Conduta Cristã,Austris A. Wihtol,Austris A. Wihtol
329,Não Há Nome Mais Amável,"Adoração e Louvor | Graça e Salvação | Oração e Comunhão | Paz, Cuidado e Confiança | Segunda Vinda e Esperança",1 Tessalonicenses 4:16-17; Apocalipse 1:7; João 14:1-3 | 1 Tessalonicenses 5:17; Mateus 7:7; Filipenses 4:6 | Efésios 2:8-9; João 3:16; 1 João 1:9 | Salmos 150:1-6; Apocalipse 4:8; Salmos 95:1-2 | Salmos 23:1-4; João 14:27; Salmos 46:1,https://www.youtube.com/watch?v=0SoM9vhYIwc,Salmo 113:1-3,A Doutrina da Vida Cristã,Conduta Cristã,Franklin E. Belden,Franklin E. Belden
330,O Melhor Amigo,"Graça e Salvação | Oração e Comunhão | Paz, Cuidado e Confiança",1 Tessalonicenses 5:17; Mateus 7:7; Filipenses 4:6 | Efésios 2:8-9; João 3:16; 1 João 1:9 | Salmos 23:1-4; João 14:27; Salmos 46:1,https://www.youtube.com/watch?v=mQblvleLL40,João 15:13,A Doutrina da Vida Cristã,Conduta Cristã,Peter P. Bilhorn,Peter P. Bilhorn
331,Nome Precioso,"Adoração e Louvor | Graça e Salvação | Oração e Comunhão | Paz, Cuidado e Confiança | Segunda Vinda e Esperança",1 Tessalonicenses 4:16-17; Apocalipse 1:7; João 14:1-3 | 1 Tessalonicenses 5:17; Mateus 7:7; Filipenses 4:6 | Efésios 2:8-9; João 3:16; 1 João 1:9 | Salmos 150:1-6; Apocalipse 4:8; Salmos 95:1-2 | Salmos 23:1-4; João 14:27; Salmos 46:1,https://www.youtube.com/watch?v=ol-pFzHphIQ,Isaías 9:6,A Doutrina da Vida Cristã,Conduta Cristã,Lydia Baxter,William H. Doane
332,Tudo És Pra Mim,Adoração e Louvor | Sacrifício e Redenção,Isaías 53:4-5; Romanos 5:8; Hebreus 9:22 | Salmos 150:1-6; Apocalipse 4:8; Salmos 95:1-2,https://www.youtube.com/watch?v=1dA0FMuuftU,João 6:68,A Doutrina da Vida Cristã,Conduta Cristã,Dennis L. Jernigan,Dennis L. Jernigan
333,Oh! Que Amigo em Cristo Temos,"Lar e Família | Oração e Comunhão | Paz, Cuidado e Confiança",1 Tessalonicenses 5:17; Mateus 7:7; Filipenses 4:6 | Josué 24:15; Efésios 6:1-4 | Salmos 23:1-4; João 14:27; Salmos 46:1,https://www.youtube.com/watch?v=MeeNmIEjLVs,João 15:15,A Doutrina da Vida Cristã,Conduta Cristã,Joseph M. Scriven,Charles C. Converse
334,"Oh, Eu Amo A Cristo!","Adoração e Louvor | Graça e Salvação | Lar e Família | Paz, Cuidado e Confiança",Efésios 2:8-9; João 3:16; 1 João 1:9 | Josué 24:15; Efésios 6:1-4 | Salmos 150:1-6; Apocalipse 4:8; Salmos 95:1-2 | Salmos 23:1-4; João 14:27; Salmos 46:1,https://www.youtube.com/watch?v=JCYBqVqtKGQ,Filipenses 2:9-11,A Doutrina da Vida Cristã,Conduta Cristã,Frederick Whitfield,Melodia Tradicional Americana
335,Precioso é Jesus Para Mim,Adoração e Louvor | Graça e Salvação | Lar e Família | Oração e Comunhão | Sacrifício e Redenção,1 Tessalonicenses 5:17; Mateus 7:7; Filipenses 4:6 | Efésios 2:8-9; João 3:16; 1 João 1:9 | Isaías 53:4-5; Romanos 5:8; Hebreus 9:22 | Josué 24:15; Efésios 6:1-4 | Salmos 150:1-6; Apocalipse 4:8; Salmos 95:1-2,https://www.youtube.com/watch?v=WOpYIxGYvK0,Filipenses 3:8,A Doutrina da Vida Cristã,Conduta Cristã,Charles H. Gabriel,Charles H. Gabriel
336,Salmo Dos Salmos,"Graça e Salvação | Palavra de Deus e Lei | Paz, Cuidado e Confiança",Efésios 2:8-9; João 3:16; 1 João 1:9 | Salmos 119:105; 2 Timóteo 3:16; Salmos 19:7 | Salmos 23:1-4; João 14:27; Salmos 46:1,https://www.youtube.com/watch?v=2QuelXhYD8w,Salmo 23,A Doutrina da Vida Cristã,Conduta Cristã,Ariney Balthazar de Oliveira,Ariney Balthazar de Oliveira
337,Amor nos Faz Contentes,Graça e Salvação | Palavra de Deus e Lei,Efésios 2:8-9; João 3:16; 1 João 1:9 | Salmos 119:105; 2 Timóteo 3:16; Salmos 19:7,https://www.youtube.com/watch?v=6qSurkv7NNM,"João 13:34, 35",A Doutrina da Vida Cristã,Conduta Cristã,Franklin E. Belden,Franklin E. Belden
338,Deus Não se Cansa de Amar,"Crianças e Jovens | Graça e Salvação | Paz, Cuidado e Confiança | Sacrifício e Redenção | Segunda Vinda e Esperança",1 Tessalonicenses 4:16-17; Apocalipse 1:7; João 14:1-3 | Efésios 2:8-9; João 3:16; 1 João 1:9 | Isaías 53:4-5; Romanos 5:8; Hebreus 9:22 | Mateus 19:14; Provérbios 22:6 | Salmos 23:1-4; João 14:27; Salmos 46:1,https://www.youtube.com/watch?v=SuB1C8QF8RM,Jeremias 31:3,A Doutrina da Vida Cristã,Conduta Cristã,Valdecir Simões Lima,Lineu Formighieri Soares
339,Eu Sou Um Pobre Peregrino,Lar e Família | Sacrifício e Redenção | Segunda Vinda e Esperança | Sábado e Criação,1 Tessalonicenses 4:16-17; Apocalipse 1:7; João 14:1-3 | Isaías 53:4-5; Romanos 5:8; Hebreus 9:22 | Josué 24:15; Efésios 6:1-4 | Êxodo 20:8-11; Gênesis 2:2-3,https://www.youtube.com/watch?v=9VR9YnK2D04,Apocalipse 21:4,A Doutrina da Vida Cristã,Conduta Cristã,Desconhecido,Negro Spiritual
340,Sou Forasteiro Aqui,Graça e Salvação | Lar e Família | Missão e Serviço,Efésios 2:8-9; João 3:16; 1 João 1:9 | Josué 24:15; Efésios 6:1-4 | Mateus 28:19-20; Isaías 6:8; Marcos 16:15,https://www.youtube.com/watch?v=s0qMxW-q6BY,Hebreus 11:13-16,A Doutrina da Vida Cristã,Conduta Cristã,Elijah T. Cassel,Flora H. Cassel
341,Mágoas,"Graça e Salvação | Oração e Comunhão | Paz, Cuidado e Confiança",1 Tessalonicenses 5:17; Mateus 7:7; Filipenses 4:6 | Efésios 2:8-9; João 3:16; 1 João 1:9 | Salmos 23:1-4; João 14:27; Salmos 46:1,https://www.youtube.com/watch?v=aG7uBv3mnsg,1 Pedro 5:7,A Doutrina da Vida Cristã,Conduta Cristã,Alfred H. Ackley,Alfred H. Ackley
342,Eu Não Te Deixarei,"Graça e Salvação | Lar e Família | Paz, Cuidado e Confiança | Segunda Vinda e Esperança",1 Tessalonicenses 4:16-17; Apocalipse 1:7; João 14:1-3 | Efésios 2:8-9; João 3:16; 1 João 1:9 | Josué 24:15; Efésios 6:1-4 | Salmos 23:1-4; João 14:27; Salmos 46:1,https://www.youtube.com/watch?v=6nJvSdQk0es,Gênesis 32:26,A Doutrina da Vida Cristã,Conduta Cristã,Jader D. Santos,Jader D. Santos
343,Meu Refúgio Está no Monte,"Adoração e Louvor | Crianças e Jovens | Oração e Comunhão | Paz, Cuidado e Confiança | Sacrifício e Redenção",1 Tessalonicenses 5:17; Mateus 7:7; Filipenses 4:6 | Isaías 53:4-5; Romanos 5:8; Hebreus 9:22 | Mateus 19:14; Provérbios 22:6 | Salmos 150:1-6; Apocalipse 4:8; Salmos 95:1-2 | Salmos 23:1-4; João 14:27; Salmos 46:1,https://www.youtube.com/watch?v=D60qJG7tseU,Mateus 14:23,A Doutrina da Vida Cristã,Conduta Cristã,Eliza E. Hewitt,Bentley D. Ackley
344,Confiarei,Graça e Salvação | Oração e Comunhão | Palavra de Deus e Lei,1 Tessalonicenses 5:17; Mateus 7:7; Filipenses 4:6 | Efésios 2:8-9; João 3:16; 1 João 1:9 | Salmos 119:105; 2 Timóteo 3:16; Salmos 19:7,https://www.youtube.com/watch?v=y_tr7ucTMHY,Isaías 12:2,A Doutrina da Vida Cristã,Conduta Cristã,Sullivan Dutra,Sullivan Dutra
345,Novo Dia Chegará,Graça e Salvação | Oração e Comunhão | Sacrifício e Redenção | Segunda Vinda e Esperança,1 Tessalonicenses 4:16-17; Apocalipse 1:7; João 14:1-3 | 1 Tessalonicenses 5:17; Mateus 7:7; Filipenses 4:6 | Efésios 2:8-9; João 3:16; 1 João 1:9 | Isaías 53:4-5; Romanos 5:8; Hebreus 9:22,https://www.youtube.com/watch?v=Xm1zBfeI-RY,Salmo 30:5,A Doutrina da Vida Cristã,Conduta Cristã,Wanderson F. Paiva,Wanderson F. Paiva
346,Como Agradecer,Adoração e Louvor | Graça e Salvação | Sacrifício e Redenção,Efésios 2:8-9; João 3:16; 1 João 1:9 | Isaías 53:4-5; Romanos 5:8; Hebreus 9:22 | Salmos 150:1-6; Apocalipse 4:8; Salmos 95:1-2,https://www.youtube.com/watch?v=K0dtLwEBX3Q,"Salmo 116:12, 13",A Doutrina da Vida Cristã,Conduta Cristã,Andraé Crouch,Andraé Crouch
347,Obrigado,"Crianças e Jovens | Graça e Salvação | Oração e Comunhão | Paz, Cuidado e Confiança | Segunda Vinda e Esperança | Sábado e Criação",1 Tessalonicenses 4:16-17; Apocalipse 1:7; João 14:1-3 | 1 Tessalonicenses 5:17; Mateus 7:7; Filipenses 4:6 | Efésios 2:8-9; João 3:16; 1 João 1:9 | Mateus 19:14; Provérbios 22:6 | Salmos 23:1-4; João 14:27; Salmos 46:1 | Êxodo 20:8-11; Gênesis 2:2-3,https://www.youtube.com/watch?v=yRp9mr9TgcA,Salmo 103:2,A Doutrina da Vida Cristã,Conduta Cristã,Samuel Silva,Samuel Silva
348,Graças,"Graça e Salvação | Oração e Comunhão | Paz, Cuidado e Confiança | Sacrifício e Redenção | Segunda Vinda e Esperança",1 Tessalonicenses 4:16-17; Apocalipse 1:7; João 14:1-3 | 1 Tessalonicenses 5:17; Mateus 7:7; Filipenses 4:6 | Efésios 2:8-9; João 3:16; 1 João 1:9 | Isaías 53:4-5; Romanos 5:8; Hebreus 9:22 | Salmos 23:1-4; João 14:27; Salmos 46:1,https://www.youtube.com/watch?v=On65YomkD4g,Efésios 5:20,A Doutrina da Vida Cristã,Conduta Cristã,August L. Storm,Jhohannes A. Hultman
349,Gratidão,Adoração e Louvor | Graça e Salvação | Lar e Família,Efésios 2:8-9; João 3:16; 1 João 1:9 | Josué 24:15; Efésios 6:1-4 | Salmos 150:1-6; Apocalipse 4:8; Salmos 95:1-2,https://www.youtube.com/watch?v=cnHNKIuzMVk,1Coríntios 15:57,A Doutrina da Vida Cristã,Conduta Cristã,Flavio Almeida Santos,Flavio Almeida Santos
350,"Senhor Jesus, Muito Obrigado","Adoração e Louvor | Crianças e Jovens | Graça e Salvação | Missão e Serviço | Paz, Cuidado e Confiança",Efésios 2:8-9; João 3:16; 1 João 1:9 | Mateus 19:14; Provérbios 22:6 | Mateus 28:19-20; Isaías 6:8; Marcos 16:15 | Salmos 150:1-6; Apocalipse 4:8; Salmos 95:1-2 | Salmos 23:1-4; João 14:27; Salmos 46:1,https://www.youtube.com/watch?v=rYV_vBMei_A,Salmo 116:12,A Doutrina da Vida Cristã,Conduta Cristã,Valdecir Simões Lima,Flavio Almeida Santos
351,"Jesus, Muito Obrigado","Graça e Salvação | Paz, Cuidado e Confiança | Segunda Vinda e Esperança",1 Tessalonicenses 4:16-17; Apocalipse 1:7; João 14:1-3 | Efésios 2:8-9; João 3:16; 1 João 1:9 | Salmos 23:1-4; João 14:27; Salmos 46:1,https://www.youtube.com/watch?v=Qo1T9ZuepmY,Hebreus 13:15,A Doutrina da Vida Cristã,Conduta Cristã,Wanderson F. Paiva,Wanderson F. Paiva
352,"Luz Bendita, Luz Gloriosa","Adoração e Louvor | Graça e Salvação | Paz, Cuidado e Confiança | Segunda Vinda e Esperança",1 Tessalonicenses 4:16-17; Apocalipse 1:7; João 14:1-3 | Efésios 2:8-9; João 3:16; 1 João 1:9 | Salmos 150:1-6; Apocalipse 4:8; Salmos 95:1-2 | Salmos 23:1-4; João 14:27; Salmos 46:1,https://www.youtube.com/watch?v=EeFroE51w8Y,João 8:12,A Doutrina da Vida Cristã,Conduta Cristã,Eliza E. Hewitt,John R. Sweney
353,É Prazer Servir a Cristo,Adoração e Louvor | Missão e Serviço | Oração e Comunhão,1 Tessalonicenses 5:17; Mateus 7:7; Filipenses 4:6 | Mateus 28:19-20; Isaías 6:8; Marcos 16:15 | Salmos 150:1-6; Apocalipse 4:8; Salmos 95:1-2,https://www.youtube.com/watch?v=QTuACjQAEqQ,Mateus 13:44,A Doutrina da Vida Cristã,Conduta Cristã,Oswald J. Smith,Bentley D. Ackley
354,Paz,"Adoração e Louvor | Graça e Salvação | Lar e Família | Paz, Cuidado e Confiança",Efésios 2:8-9; João 3:16; 1 João 1:9 | Josué 24:15; Efésios 6:1-4 | Salmos 150:1-6; Apocalipse 4:8; Salmos 95:1-2 | Salmos 23:1-4; João 14:27; Salmos 46:1,https://www.youtube.com/watch?v=pb4tGtxy9yE,João 16:33,A Doutrina da Vida Cristã,Conduta Cristã,Warren D. Cornell,William G. Cooper
355,Sempre Alegre,"Adoração e Louvor | Graça e Salvação | Lar e Família | Missão e Serviço | Oração e Comunhão | Paz, Cuidado e Confiança",1 Tessalonicenses 5:17; Mateus 7:7; Filipenses 4:6 | Efésios 2:8-9; João 3:16; 1 João 1:9 | Josué 24:15; Efésios 6:1-4 | Mateus 28:19-20; Isaías 6:8; Marcos 16:15 | Salmos 150:1-6; Apocalipse 4:8; Salmos 95:1-2 | Salmos 23:1-4; João 14:27; Salmos 46:1,https://www.youtube.com/watch?v=rL9g1Vr1jWs,Filipenses 4:4,A Doutrina da Vida Cristã,Conduta Cristã,Fanny J. Crosby,Robert Lowry
356,Tenho um Hino em Meu Coração,"Adoração e Louvor | Graça e Salvação | Oração e Comunhão | Paz, Cuidado e Confiança",1 Tessalonicenses 5:17; Mateus 7:7; Filipenses 4:6 | Efésios 2:8-9; João 3:16; 1 João 1:9 | Salmos 150:1-6; Apocalipse 4:8; Salmos 95:1-2 | Salmos 23:1-4; João 14:27; Salmos 46:1,https://www.youtube.com/watch?v=veBLWvLwvQ8,Salmo 40:1-3,A Doutrina da Vida Cristã,Conduta Cristã,Luther B. Bridgers,Luther B. Bridgers
357,Bendita Hora de Oração,"Adoração e Louvor | Graça e Salvação | Igreja e Comunhão | Oração e Comunhão | Paz, Cuidado e Confiança",1 Tessalonicenses 5:17; Mateus 7:7; Filipenses 4:6 | Efésios 2:8-9; João 3:16; 1 João 1:9 | Salmos 133:1; Hebreus 10:25 | Salmos 150:1-6; Apocalipse 4:8; Salmos 95:1-2 | Salmos 23:1-4; João 14:27; Salmos 46:1,https://www.youtube.com/watch?v=Z6as5nyLYa8,Mateus 6:6,A Doutrina da Vida Cristã,Conduta Cristã,William W. Walford,William B. Bradbury
358,"Só, Com Teu Deus","Crianças e Jovens | Graça e Salvação | Igreja e Comunhão | Paz, Cuidado e Confiança | Sacrifício e Redenção",Efésios 2:8-9; João 3:16; 1 João 1:9 | Isaías 53:4-5; Romanos 5:8; Hebreus 9:22 | Mateus 19:14; Provérbios 22:6 | Salmos 133:1; Hebreus 10:25 | Salmos 23:1-4; João 14:27; Salmos 46:1,https://www.youtube.com/watch?v=PJlt94VhU_M,Gênesis 32:24-28,A Doutrina da Vida Cristã,Conduta Cristã,Freda H. Allen,Desconhecido
359,Lugar De Paz,"Graça e Salvação | Oração e Comunhão | Paz, Cuidado e Confiança",1 Tessalonicenses 5:17; Mateus 7:7; Filipenses 4:6 | Efésios 2:8-9; João 3:16; 1 João 1:9 | Salmos 23:1-4; João 14:27; Salmos 46:1,https://www.youtube.com/watch?v=-p9a4BxDUdE,Marcos 6:31,A Doutrina da Vida Cristã,Conduta Cristã,Ralph R. Carmichael,Ralph R. Carmichael
360,"Deus Ouve, Deus Responde","Graça e Salvação | Oração e Comunhão | Paz, Cuidado e Confiança",1 Tessalonicenses 5:17; Mateus 7:7; Filipenses 4:6 | Efésios 2:8-9; João 3:16; 1 João 1:9 | Salmos 23:1-4; João 14:27; Salmos 46:1,https://www.youtube.com/watch?v=lUaHAM1HZdQ,Salmo 46:7,A Doutrina da Vida Cristã,Conduta Cristã,Valdecir Simões Lima,Silmar Correia
361,Deus Nos Ouvirá,Adoração e Louvor | Graça e Salvação | Igreja e Comunhão | Lar e Família | Oração e Comunhão | Segunda Vinda e Esperança,1 Tessalonicenses 4:16-17; Apocalipse 1:7; João 14:1-3 | 1 Tessalonicenses 5:17; Mateus 7:7; Filipenses 4:6 | Efésios 2:8-9; João 3:16; 1 João 1:9 | Josué 24:15; Efésios 6:1-4 | Salmos 133:1; Hebreus 10:25 | Salmos 150:1-6; Apocalipse 4:8; Salmos 95:1-2,https://www.youtube.com/watch?v=DCRsK6diXAE,Tiago 5:16,A Doutrina da Vida Cristã,Conduta Cristã,Gérson Felipe Salcedo,Gérson Felipe Salcedo
362,O Melhor Lugar do Mundo,"Graça e Salvação | Oração e Comunhão | Paz, Cuidado e Confiança | Segunda Vinda e Esperança",1 Tessalonicenses 4:16-17; Apocalipse 1:7; João 14:1-3 | 1 Tessalonicenses 5:17; Mateus 7:7; Filipenses 4:6 | Efésios 2:8-9; João 3:16; 1 João 1:9 | Salmos 23:1-4; João 14:27; Salmos 46:1,https://www.youtube.com/watch?v=7M1qS8d9a8E,"Lucas 7:37, 38",A Doutrina da Vida Cristã,Conduta Cristã,Valdecir Simões Lima,Lineu Formighieri Soares
363,O Jardim de Oração,"Adoração e Louvor | Graça e Salvação | Lar e Família | Oração e Comunhão | Paz, Cuidado e Confiança | Sábado e Criação",1 Tessalonicenses 5:17; Mateus 7:7; Filipenses 4:6 | Efésios 2:8-9; João 3:16; 1 João 1:9 | Josué 24:15; Efésios 6:1-4 | Salmos 150:1-6; Apocalipse 4:8; Salmos 95:1-2 | Salmos 23:1-4; João 14:27; Salmos 46:1 | Êxodo 20:8-11; Gênesis 2:2-3,https://www.youtube.com/watch?v=xp-d4CRRylI,Mateus 26:36,A Doutrina da Vida Cristã,Conduta Cristã,Eleanor A. Schroll,James H. Fillmore
364,Que Tempo Já faz?,"Graça e Salvação | Missão e Serviço | Oração e Comunhão | Paz, Cuidado e Confiança",1 Tessalonicenses 5:17; Mateus 7:7; Filipenses 4:6 | Efésios 2:8-9; João 3:16; 1 João 1:9 | Mateus 28:19-20; Isaías 6:8; Marcos 16:15 | Salmos 23:1-4; João 14:27; Salmos 46:1,https://www.youtube.com/watch?v=D7NLGP2-GLc,Mateus 26:40,A Doutrina da Vida Cristã,Conduta Cristã,Thomas M. Lister,Thomas M. Lister
365,Santa Hora de Oração,"Adoração e Louvor | Graça e Salvação | Lar e Família | Oração e Comunhão | Paz, Cuidado e Confiança | Segunda Vinda e Esperança",1 Tessalonicenses 4:16-17; Apocalipse 1:7; João 14:1-3 | 1 Tessalonicenses 5:17; Mateus 7:7; Filipenses 4:6 | Efésios 2:8-9; João 3:16; 1 João 1:9 | Josué 24:15; Efésios 6:1-4 | Salmos 150:1-6; Apocalipse 4:8; Salmos 95:1-2 | Salmos 23:1-4; João 14:27; Salmos 46:1,https://www.youtube.com/watch?v=p9DHQ5v2LgE,Mateus 14:23,A Doutrina da Vida Cristã,Conduta Cristã,Fanny J. Crosby,William H. Doane
366,No Jardim,Sacrifício e Redenção,Isaías 53:4-5; Romanos 5:8; Hebreus 9:22,https://www.youtube.com/watch?v=SnSVCN7Vuzk,"João 20:1, 11-18",A Doutrina da Vida Cristã,Conduta Cristã,Charles A. Miles,Charles A. Miles
367,Falar com Deus,"Adoração e Louvor | Graça e Salvação | Lar e Família | Oração e Comunhão | Paz, Cuidado e Confiança",1 Tessalonicenses 5:17; Mateus 7:7; Filipenses 4:6 | Efésios 2:8-9; João 3:16; 1 João 1:9 | Josué 24:15; Efésios 6:1-4 | Salmos 150:1-6; Apocalipse 4:8; Salmos 95:1-2 | Salmos 23:1-4; João 14:27; Salmos 46:1,https://www.youtube.com/watch?v=FkaoRqCR1Qc,"Filipenses 4:6, 7",A Doutrina da Vida Cristã,Conduta Cristã,Valdecir Simões Lima,Lineu Formighieri Soares
368,Ao Teu Lado Quero Andar,Graça e Salvação | Lar e Família,Efésios 2:8-9; João 3:16; 1 João 1:9 | Josué 24:15; Efésios 6:1-4,https://www.youtube.com/watch?v=fk-hDs89Z8I,Salmo 40:17,A Doutrina da Vida Cristã,Conduta Cristã,Desconhecido,Negro Spiritual
369,Seguindo a Jesus,"Lar e Família | Paz, Cuidado e Confiança",Josué 24:15; Efésios 6:1-4 | Salmos 23:1-4; João 14:27; Salmos 46:1,https://www.youtube.com/watch?v=9eU0EyNyVNk,Mateus 9:9,A Doutrina da Vida Cristã,Conduta Cristã,Desconhecido,Melodia Tradicional Indiana
370,Bem Junto a Cristo,"Graça e Salvação | Lar e Família | Oração e Comunhão | Paz, Cuidado e Confiança | Sacrifício e Redenção",1 Tessalonicenses 5:17; Mateus 7:7; Filipenses 4:6 | Efésios 2:8-9; João 3:16; 1 João 1:9 | Isaías 53:4-5; Romanos 5:8; Hebreus 9:22 | Josué 24:15; Efésios 6:1-4 | Salmos 23:1-4; João 14:27; Salmos 46:1,https://www.youtube.com/watch?v=WW-CwdrG7Zo,João 15:9,A Doutrina da Vida Cristã,Conduta Cristã,Lelia N. Morris,Lelia N. Morris
371,Cada Vez Mais Puro,Adoração e Louvor | Graça e Salvação | Lar e Família | Oração e Comunhão,1 Tessalonicenses 5:17; Mateus 7:7; Filipenses 4:6 | Efésios 2:8-9; João 3:16; 1 João 1:9 | Josué 24:15; Efésios 6:1-4 | Salmos 150:1-6; Apocalipse 4:8; Salmos 95:1-2,https://www.youtube.com/watch?v=9eUp7OZe4NA,Salmo 51:10,A Doutrina da Vida Cristã,Conduta Cristã,Johann W. von Goethe,Desconhecido
372,"Abre, Senhor, Os Olhos Meus","Adoração e Louvor | Graça e Salvação | Lar e Família | Missão e Serviço | Oração e Comunhão | Paz, Cuidado e Confiança",1 Tessalonicenses 5:17; Mateus 7:7; Filipenses 4:6 | Efésios 2:8-9; João 3:16; 1 João 1:9 | Josué 24:15; Efésios 6:1-4 | Mateus 28:19-20; Isaías 6:8; Marcos 16:15 | Salmos 150:1-6; Apocalipse 4:8; Salmos 95:1-2 | Salmos 23:1-4; João 14:27; Salmos 46:1,https://www.youtube.com/watch?v=20rnfeAocEo,Mateus 20:29-34,A Doutrina da Vida Cristã,Conduta Cristã,Clara H. Scott,Clara H. Scott
373,Deixa-me Contigo Andar,Graça e Salvação | Lar e Família | Oração e Comunhão | Sacrifício e Redenção,1 Tessalonicenses 5:17; Mateus 7:7; Filipenses 4:6 | Efésios 2:8-9; João 3:16; 1 João 1:9 | Isaías 53:4-5; Romanos 5:8; Hebreus 9:22 | Josué 24:15; Efésios 6:1-4,https://www.youtube.com/watch?v=2Os83OCiqo4,Gênesis 5:24,A Doutrina da Vida Cristã,Conduta Cristã,José Geraldo de Lima,José Geraldo de Lima
374,"Contigo, Ó Deus, Almejo Andar",Graça e Salvação | Lar e Família,Efésios 2:8-9; João 3:16; 1 João 1:9 | Josué 24:15; Efésios 6:1-4,https://www.youtube.com/watch?v=dtSsQXZeSqQ,Gênesis 5:24,A Doutrina da Vida Cristã,Conduta Cristã,Lillian D. Avery-Stuttle,Edwin Barnes
375,Canção Da Vida,"Graça e Salvação | Lar e Família | Oração e Comunhão | Paz, Cuidado e Confiança",1 Tessalonicenses 5:17; Mateus 7:7; Filipenses 4:6 | Efésios 2:8-9; João 3:16; 1 João 1:9 | Josué 24:15; Efésios 6:1-4 | Salmos 23:1-4; João 14:27; Salmos 46:1,https://www.youtube.com/watch?v=EyOkqnp-boI,Salmo 89:1,A Doutrina da Vida Cristã,Conduta Cristã,"Edson Romero Marques, Urias Pires Chagas, Lineu Formighieri Soares",Lineu Formighieri Soares
376,"Cristo, Dá-nos Tua Paz","Adoração e Louvor | Graça e Salvação | Oração e Comunhão | Paz, Cuidado e Confiança",1 Tessalonicenses 5:17; Mateus 7:7; Filipenses 4:6 | Efésios 2:8-9; João 3:16; 1 João 1:9 | Salmos 150:1-6; Apocalipse 4:8; Salmos 95:1-2 | Salmos 23:1-4; Salmos 46:1,https://www.youtube.com/watch?v=iHocK6sFQG4,João 14:27,A Doutrina da Vida Cristã,Conduta Cristã,John R. Wimber,John R. Wimber
377,Mais de Cristo,"Adoração e Louvor | Graça e Salvação | Lar e Família | Palavra de Deus e Lei | Paz, Cuidado e Confiança",Efésios 2:8-9; João 3:16; 1 João 1:9 | Josué 24:15; Efésios 6:1-4 | Salmos 119:105; 2 Timóteo 3:16; Salmos 19:7 | Salmos 150:1-6; Apocalipse 4:8; Salmos 95:1-2 | Salmos 23:1-4; João 14:27; Salmos 46:1,https://www.youtube.com/watch?v=-pYZX4k5weo,João 15:7-9,A Doutrina da Vida Cristã,Conduta Cristã,Eliza E. Hewitt,John R. Sweney
378,Mais Perto Quero Estar,"Graça e Salvação | Oração e Comunhão | Paz, Cuidado e Confiança | Sábado e Criação",1 Tessalonicenses 5:17; Mateus 7:7; Filipenses 4:6 | Efésios 2:8-9; João 3:16; 1 João 1:9 | Salmos 23:1-4; João 14:27; Salmos 46:1 | Êxodo 20:8-11; Gênesis 2:2-3,https://www.youtube.com/watch?v=8S4HBQ8vSKY,Salmo 145:18,A Doutrina da Vida Cristã,Conduta Cristã,Sarah F. Adams,Lowell Mason
379,Fala à Minh'Alma,Adoração e Louvor | Crianças e Jovens | Graça e Salvação | Sacrifício e Redenção,Efésios 2:8-9; João 3:16; 1 João 1:9 | Isaías 53:4-5; Romanos 5:8; Hebreus 9:22 | Mateus 19:14; Provérbios 22:6 | Salmos 150:1-6; Apocalipse 4:8; Salmos 95:1-2,https://www.youtube.com/watch?v=_g7rOev2ybA,"1 Samuel 3:9, 10",A Doutrina da Vida Cristã,Conduta Cristã,Leander L. Pickett,Leander L. Pickett
380,"Sonda-me, ó Deus",Adoração e Louvor | Graça e Salvação | Lar e Família | Missão e Serviço | Oração e Comunhão,1 Tessalonicenses 5:17; Mateus 7:7; Filipenses 4:6 | Efésios 2:8-9; João 3:16; 1 João 1:9 | Josué 24:15; Efésios 6:1-4 | Mateus 28:19-20; Isaías 6:8; Marcos 16:15 | Salmos 150:1-6; Apocalipse 4:8; Salmos 95:1-2,https://www.youtube.com/watch?v=hfvTjhIT-DQ,"Salmo 139:23, 24",A Doutrina da Vida Cristã,Conduta Cristã,James E. Orr,Melodia Tradicional Maori
381,Teu Divinal Amor,Graça e Salvação | Lar e Família | Oração e Comunhão | Sacrifício e Redenção,1 Tessalonicenses 5:17; Mateus 7:7; Filipenses 4:6 | Efésios 2:8-9; João 3:16; 1 João 1:9 | Isaías 53:4-5; Romanos 5:8; Hebreus 9:22 | Josué 24:15; Efésios 6:1-4,https://www.youtube.com/watch?v=yEIIRYcw480,João 3:17,A Doutrina da Vida Cristã,Conduta Cristã,Sylvanus D. Phelps,Robert Lowry
382,Minha Oração,"Adoração e Louvor | Crianças e Jovens | Graça e Salvação | Missão e Serviço | Oração e Comunhão | Paz, Cuidado e Confiança | Sacrifício e Redenção | Segunda Vinda e Esperança",1 Tessalonicenses 4:16-17; Apocalipse 1:7; João 14:1-3 | 1 Tessalonicenses 5:17; Mateus 7:7; Filipenses 4:6 | Efésios 2:8-9; João 3:16; 1 João 1:9 | Isaías 53:4-5; Romanos 5:8; Hebreus 9:22 | Mateus 19:14; Provérbios 22:6 | Mateus 28:19-20; Isaías 6:8; Marcos 16:15 | Salmos 150:1-6; Apocalipse 4:8; Salmos 95:1-2 | Salmos 23:1-4; João 14:27; Salmos 46:1,https://www.youtube.com/watch?v=zdqCReoBjNA,Filipenses 4:13,A Doutrina da Vida Cristã,Conduta Cristã,Philip P. Bliss,Philip P. Bliss
383,Em Mim Vem Habitar,"Graça e Salvação | Lar e Família | Missão e Serviço | Oração e Comunhão | Paz, Cuidado e Confiança | Sacrifício e Redenção",1 Tessalonicenses 5:17; Mateus 7:7; Filipenses 4:6 | Efésios 2:8-9; João 3:16; 1 João 1:9 | Isaías 53:4-5; Romanos 5:8; Hebreus 9:22 | Josué 24:15; Efésios 6:1-4 | Mateus 28:19-20; Isaías 6:8; Marcos 16:15 | Salmos 23:1-4; João 14:27; Salmos 46:1,https://www.youtube.com/watch?v=_Y7x4rwunTM,João 14:23,A Doutrina da Vida Cristã,Conduta Cristã,João Corrêa da Costa,William H. Doane
384,O Teu Querer,"Paz, Cuidado e Confiança",Salmos 23:1-4; João 14:27; Salmos 46:1,https://www.youtube.com/watch?v=kcyghSL8dwc,João 2:5,A Doutrina da Vida Cristã,Conduta Cristã,W. H. Pike,W. H. Pike
385,Música Celeste,"Graça e Salvação | Oração e Comunhão | Paz, Cuidado e Confiança",1 Tessalonicenses 5:17; Mateus 7:7; Filipenses 4:6 | Efésios 2:8-9; João 3:16; 1 João 1:9 | Salmos 23:1-4; João 14:27; Salmos 46:1,https://www.youtube.com/watch?v=wScrNQt-IhU,"Lucas 2:13, 14",A Doutrina da Vida Cristã,Conduta Cristã,Hymns for God’s Peculiar People,Hymns and Tunes
386,Abre Meus Olhos,"Oração e Comunhão | Paz, Cuidado e Confiança",1 Tessalonicenses 5:17; Mateus 7:7; Filipenses 4:6 | Salmos 23:1-4; João 14:27; Salmos 46:1,https://www.youtube.com/watch?v=Z4MGD-mnSHo,Marcos 10:51,A Doutrina da Vida Cristã,Conduta Cristã,Robert Cull,Robert Cull
387,"Jesus, Não Eu",Espírito Santo | Lar e Família | Oração e Comunhão,1 Tessalonicenses 5:17; Mateus 7:7; Filipenses 4:6 | Josué 24:15; Efésios 6:1-4 | João 14:16-17; Atos 2:1-4,https://www.youtube.com/watch?v=MSXFfVqU2Rk,"Gálatas 2:19, 20",A Doutrina da Vida Cristã,Conduta Cristã,Desconhecido,Fannie E. Bolton
388,Sê Minha Vida,Crianças e Jovens | Lar e Família | Oração e Comunhão,1 Tessalonicenses 5:17; Mateus 7:7; Filipenses 4:6 | Josué 24:15; Efésios 6:1-4 | Mateus 19:14; Provérbios 22:6,https://www.youtube.com/watch?v=-cigdfK-ktk,João 14:6,A Doutrina da Vida Cristã,Conduta Cristã,Desconhecido,Henry Francis Lyte
389,Minha Cruz,"Graça e Salvação | Lar e Família | Paz, Cuidado e Confiança | Sacrifício e Redenção",Efésios 2:8-9; João 3:16; 1 João 1:9 | Isaías 53:4-5; Romanos 5:8; Hebreus 9:22 | Josué 24:15; Efésios 6:1-4 | Salmos 23:1-4; João 14:27; Salmos 46:1,https://www.youtube.com/watch?v=3JfsZZoCK-I,Mateus 16:24,A Doutrina da Vida Cristã,Conduta Cristã,Ballington Booth,Ballington Booth
390,Pegadas,Vida Cristã e Devoção,Salmos 1:1-2; Provérbios 3:5-6,https://www.youtube.com/watch?v=6r_JxU0owC8,Salmo 17:5,A Doutrina da Vida Cristã,Conduta Cristã,Ênio Monteiro,Ênio Monteiro
391,Queremos Dar Louvor,"Adoração e Louvor | Espírito Santo | Lar e Família | Oração e Comunhão | Paz, Cuidado e Confiança | Sacrifício e Redenção",1 Tessalonicenses 5:17; Mateus 7:7; Filipenses 4:6 | Isaías 53:4-5; Romanos 5:8; Hebreus 9:22 | Josué 24:15; Efésios 6:1-4 | João 14:16-17; Atos 2:1-4 | Salmos 150:1-6; Apocalipse 4:8; Salmos 95:1-2 | Salmos 23:1-4; João 14:27; Salmos 46:1,https://www.youtube.com/watch?v=4CfXjMoe2fA,"Salmo 115:17, 18",A Doutrina da Vida Cristã,Conduta Cristã,Ariney Balthazar de Oliveira,Ariney Balthazar de Oliveira
392,Ser Igual a Cristo,Graça e Salvação | Lar e Família | Missão e Serviço | Oração e Comunhão,1 Tessalonicenses 5:17; Mateus 7:7; Filipenses 4:6 | Efésios 2:8-9; João 3:16; 1 João 1:9 | Josué 24:15; Efésios 6:1-4 | Mateus 28:19-20; Isaías 6:8; Marcos 16:15,https://www.youtube.com/watch?v=WZ0HCgbQ01Y,Filipenses 2:5-9,A Doutrina da Vida Cristã,Conduta Cristã,"A. D. Ellington, Harold A. Miller",Harold A. Miller
393,Vem Comigo Habitar,"Espírito Santo | Lar e Família | Paz, Cuidado e Confiança | Segunda Vinda e Esperança",1 Tessalonicenses 4:16-17; Apocalipse 1:7; João 14:1-3 | Josué 24:15; Efésios 6:1-4 | João 14:16-17; Atos 2:1-4 | Salmos 23:1-4; João 14:27; Salmos 46:1,https://www.youtube.com/watch?v=rzb8Y3fZ7Uw,"Lucas 24:28, 29",A Doutrina da Vida Cristã,Conduta Cristã,Henry F. Lyte,William H. Monk
394,De Hoje em Diante,"Oração e Comunhão | Paz, Cuidado e Confiança | Sacrifício e Redenção | Segunda Vinda e Esperança",1 Tessalonicenses 4:16-17; Apocalipse 1:7; João 14:1-3 | 1 Tessalonicenses 5:17; Mateus 7:7; Filipenses 4:6 | Isaías 53:4-5; Romanos 5:8; Hebreus 9:22 | Salmos 23:1-4; João 14:27; Salmos 46:1,https://www.youtube.com/watch?v=k6Am9NI-3q0,Mateus 16:24,A Doutrina da Vida Cristã,Conduta Cristã,Evaldo Vicente,Evaldo Vicente
395,Vem Brilhar,"Graça e Salvação | Lar e Família | Paz, Cuidado e Confiança",Efésios 2:8-9; João 3:16; 1 João 1:9 | Josué 24:15; Efésios 6:1-4 | Salmos 23:1-4; João 14:27; Salmos 46:1,https://www.youtube.com/watch?v=8N1zAktFoA0,João 8:12,A Doutrina da Vida Cristã,Conduta Cristã,"Michael W. Smith, Deborah D. Smith","Michael W. Smith, Deborah D. Smith"
396,Vem Brilhar em Mim,Adoração e Louvor | Graça e Salvação | Oração e Comunhão,1 Tessalonicenses 5:17; Mateus 7:7; Filipenses 4:6 | Efésios 2:8-9; João 3:16; 1 João 1:9 | Salmos 150:1-6; Apocalipse 4:8; Salmos 95:1-2,https://www.youtube.com/watch?v=DNfjGf8qDWo,Mateus 5:14-16,A Doutrina da Vida Cristã,Conduta Cristã,"Valdecir Simões Lima, Silmar Correia",Silmar Correia
397,Eu Só Quero Estar Onde Estás,Adoração e Louvor | Oração e Comunhão,1 Tessalonicenses 5:17; Mateus 7:7; Filipenses 4:6 | Salmos 150:1-6; Apocalipse 4:8; Salmos 95:1-2,https://www.youtube.com/watch?v=AFnJNK48Iv0,Êxodo 33:12-16,A Doutrina da Vida Cristã,Conduta Cristã,Don Moen,Don Moen
398,"Pai, Vive Em Mim","Adoração e Louvor | Graça e Salvação | Lar e Família | Oração e Comunhão | Paz, Cuidado e Confiança",1 Tessalonicenses 5:17; Mateus 7:7; Filipenses 4:6 | Efésios 2:8-9; João 3:16; 1 João 1:9 | Josué 24:15; Efésios 6:1-4 | Salmos 150:1-6; Apocalipse 4:8; Salmos 95:1-2 | Salmos 23:1-4; João 14:27; Salmos 46:1,https://www.youtube.com/watch?v=VHhO_p0Gzyo,Gálatas 2:20,A Doutrina da Vida Cristã,Conduta Cristã,Silmar Correia,Silmar Correia
399,O Céu é Jesus,"Lar e Família | Oração e Comunhão | Paz, Cuidado e Confiança | Segunda Vinda e Esperança",1 Tessalonicenses 4:16-17; Apocalipse 1:7; João 14:1-3 | 1 Tessalonicenses 5:17; Mateus 7:7; Filipenses 4:6 | Josué 24:15; Efésios 6:1-4 | Salmos 23:1-4; João 14:27; Salmos 46:1,https://www.youtube.com/watch?v=9tzUlynVPgA,Efésios 1:3,A Doutrina da Vida Cristã,Conduta Cristã,Jader D. Santos,Jader D. Santos
400,Mais Semelhante A Jesus,Missão e Serviço | Oração e Comunhão,1 Tessalonicenses 5:17; Mateus 7:7; Filipenses 4:6 | Mateus 28:19-20; Isaías 6:8; Marcos 16:15,https://www.youtube.com/watch?v=Pl6dhdohExc,1 Coríntios 11:1,A Doutrina da Vida Cristã,Conduta Cristã,Williams Costa Jr.,Williams Costa Jr.
401,Quero Ter Jesus,"Graça e Salvação | Lar e Família | Paz, Cuidado e Confiança",Efésios 2:8-9; João 3:16; 1 João 1:9 | Josué 24:15; Efésios 6:1-4 | Salmos 23:1-4; João 14:27; Salmos 46:1,https://www.youtube.com/watch?v=Dg2XiFULn3Q,João 6:68,A Doutrina da Vida Cristã,Conduta Cristã,Valdecir Simões Lima,Lineu Formighieri Soares
402,Perto de Jesus,Graça e Salvação,Efésios 2:8-9; João 3:16; 1 João 1:9,https://www.youtube.com/watch?v=dwzZKr4SKHY,Efésios 2:13,A Doutrina da Vida Cristã,Conduta Cristã,Kelly Carpenter,Kelly Carpenter
403,Renova-me,Oração e Comunhão,1 Tessalonicenses 5:17; Mateus 7:7; Filipenses 4:6,https://www.youtube.com/watch?v=4ol-obmlzBU,Salmo 51:10,A Doutrina da Vida Cristã,Conduta Cristã,Marcos Witt,Marcos Witt
404,Sempre de Jesus,Vida Cristã e Devoção,Salmos 1:1-2; Provérbios 3:5-6,https://www.youtube.com/watch?v=Av4LvfAjdXg,Mateus 18:20,A Doutrina da Vida Cristã,Conduta Cristã,Wanderson F. Paiva,Wanderson F. Paiva
405,"Vem, Ó Senhor","Lar e Família | Oração e Comunhão | Paz, Cuidado e Confiança",1 Tessalonicenses 5:17; Mateus 7:7; Filipenses 4:6 | Josué 24:15; Efésios 6:1-4 | Salmos 23:1-4; João 14:27; Salmos 46:1,https://www.youtube.com/watch?v=SmRxjG7xW58,"Isaías 6:6, 7",A Doutrina da Vida Cristã,Conduta Cristã,Guilherme Schlichting,Guilherme Schlichting
406,"Pés Na Terra, Olhos No Céu",Graça e Salvação | Lar e Família | Oração e Comunhão | Segunda Vinda e Esperança,1 Tessalonicenses 4:16-17; Apocalipse 1:7; João 14:1-3 | 1 Tessalonicenses 5:17; Mateus 7:7; Filipenses 4:6 | Efésios 2:8-9; João 3:16; 1 João 1:9 | Josué 24:15; Efésios 6:1-4,https://www.youtube.com/watch?v=fLiSJdTA5Vk,"Hebreus 12:1, 2",A Doutrina da Vida Cristã,Conduta Cristã,Jader D. Santos,Jader D. Santos
407,O Poder do Amor,Graça e Salvação | Sacrifício e Redenção,Efésios 2:8-9; João 3:16; 1 João 1:9 | Isaías 53:4-5; Romanos 5:8; Hebreus 9:22,https://www.youtube.com/watch?v=mekkPPhTwUc,"Romanos 8:38, 39",A Doutrina da Vida Cristã,Conduta Cristã,Geoff Bullock,Geoff Bullock
408,Abençoa Este Lar,"Crianças e Jovens | Graça e Salvação | Lar e Família | Oração e Comunhão | Paz, Cuidado e Confiança",1 Tessalonicenses 5:17; Mateus 7:7; Filipenses 4:6 | Efésios 2:8-9; João 3:16; 1 João 1:9 | Josué 24:15; Efésios 6:1-4 | Mateus 19:14; Provérbios 22:6 | Salmos 23:1-4; João 14:27; Salmos 46:1,https://www.youtube.com/watch?v=UiDXm0Y1CfI,Salmo 127,A Doutrina da Vida Cristã,O Casamento e a Família,Helen Taylor,May H. Brahe
409,Amor no Lar,"Graça e Salvação | Lar e Família | Palavra de Deus e Lei | Paz, Cuidado e Confiança",Efésios 2:8-9; João 3:16; 1 João 1:9 | Josué 24:15; Efésios 6:1-4 | Salmos 119:105; 2 Timóteo 3:16; Salmos 19:7 | Salmos 23:1-4; João 14:27; Salmos 46:1,https://www.youtube.com/watch?v=qUFlef2oVRM,Efésios 5:25,A Doutrina da Vida Cristã,O Casamento e a Família,James H. McNaughton,James H. McNaughton
410,Vem Entre Nós Morar,Graça e Salvação | Lar e Família | Oração e Comunhão,1 Tessalonicenses 5:17; Mateus 7:7; Filipenses 4:6 | Efésios 2:8-9; João 3:16; 1 João 1:9 | Josué 24:15; Efésios 6:1-4,https://www.youtube.com/watch?v=rR3jNanhKwk,Apocalipse 3:20,A Doutrina da Vida Cristã,O Casamento e a Família,Dario Pires de Araújo,Katholisches Gesangbuch
411,Bem de Manhã,Adoração e Louvor | Graça e Salvação | Lar e Família | Oração e Comunhão | Sábado e Criação,1 Tessalonicenses 5:17; Mateus 7:7; Filipenses 4:6 | Efésios 2:8-9; João 3:16; 1 João 1:9 | Josué 24:15; Efésios 6:1-4 | Salmos 150:1-6; Apocalipse 4:8; Salmos 95:1-2 | Êxodo 20:8-11; Gênesis 2:2-3,https://www.youtube.com/watch?v=rioiyg_5IMs,Salmo 59:16,A Doutrina da Vida Cristã,O Casamento e a Família,Harriet E. B. Stowe,Felix Mendelssohn-Bartholdy
412,Bem Cedinho Sempre Busco,"Paz, Cuidado e Confiança | Sacrifício e Redenção",Isaías 53:4-5; Romanos 5:8; Hebreus 9:22 | Salmos 23:1-4; João 14:27; Salmos 46:1,https://www.youtube.com/watch?v=GU587FZB_gk,Salmo 5:3,A Doutrina da Vida Cristã,O Casamento e a Família,Lucinda M. B. Bateman,Frederick A. Fillmore
413,Vigiar e Orar,"Graça e Salvação | Igreja e Comunhão | Lar e Família | Oração e Comunhão | Paz, Cuidado e Confiança",1 Tessalonicenses 5:17; Mateus 7:7; Filipenses 4:6 | Efésios 2:8-9; João 3:16; 1 João 1:9 | Josué 24:15; Efésios 6:1-4 | Salmos 133:1; Hebreus 10:25 | Salmos 23:1-4; João 14:27; Salmos 46:1,https://www.youtube.com/watch?v=7ApmhZKVsXM,"Salmo 55:16, 17",A Doutrina da Vida Cristã,O Casamento e a Família,Psaumes et Cantiques,Sophia Zuberbuhler
414,Desponta o Sol,Adoração e Louvor | Graça e Salvação | Lar e Família | Segunda Vinda e Esperança,1 Tessalonicenses 4:16-17; Apocalipse 1:7; João 14:1-3 | Efésios 2:8-9; João 3:16; 1 João 1:9 | Josué 24:15; Efésios 6:1-4 | Salmos 150:1-6; Apocalipse 4:8; Salmos 95:1-2,https://www.youtube.com/watch?v=L-F7Sp7UcOk,Salmo 5:1-3,A Doutrina da Vida Cristã,O Casamento e a Família,Isaac Watts,Aaron Williams
415,Luzes da Aurora,Crianças e Jovens | Lar e Família | Oração e Comunhão,1 Tessalonicenses 5:17; Mateus 7:7; Filipenses 4:6 | Josué 24:15; Efésios 6:1-4 | Mateus 19:14; Provérbios 22:6,https://www.youtube.com/watch?v=HkgZhA4sbic,Provérbios 4:18,A Doutrina da Vida Cristã,O Casamento e a Família,Émile Bonnard,Ira D. Sankey
416,Surge a Alvorada,Adoração e Louvor | Graça e Salvação,Efésios 2:8-9; João 3:16; 1 João 1:9 | Salmos 150:1-6; Apocalipse 4:8; Salmos 95:1-2,https://www.youtube.com/watch?v=BRdz-QVlbKI,Salmo 57:8-11,A Doutrina da Vida Cristã,O Casamento e a Família,Eleanor Farjeon,Melodia Tradicional Escocesa
417,Perto do Lar,Graça e Salvação | Lar e Família | Missão e Serviço,Efésios 2:8-9; João 3:16; 1 João 1:9 | Josué 24:15; Efésios 6:1-4 | Mateus 28:19-20; Isaías 6:8; Marcos 16:15,https://www.youtube.com/watch?v=RGeooJu7TUw,Romanos 13:11,A Doutrina da Vida Cristã,O Casamento e a Família,Desconhecido,James McGranahan
418,Finda o Dia,"Adoração e Louvor | Graça e Salvação | Oração e Comunhão | Paz, Cuidado e Confiança",1 Tessalonicenses 5:17; Mateus 7:7; Filipenses 4:6 | Efésios 2:8-9; João 3:16; 1 João 1:9 | Salmos 150:1-6; Apocalipse 4:8; Salmos 95:1-2 | Salmos 23:1-4; João 14:27; Salmos 46:1,https://www.youtube.com/watch?v=iB5SSn4k-WM,"Lucas 24:28, 29",A Doutrina da Vida Cristã,O Casamento e a Família,Mary A. Lathbury,William F. Sherwin
419,Prece Vespertina,Graça e Salvação | Lar e Família | Oração e Comunhão | Palavra de Deus e Lei,1 Tessalonicenses 5:17; Mateus 7:7; Filipenses 4:6 | Efésios 2:8-9; João 3:16; 1 João 1:9 | Josué 24:15; Efésios 6:1-4 | Salmos 119:105; 2 Timóteo 3:16; Salmos 19:7,https://www.youtube.com/watch?v=dHXwemIP94U,"Salmo 139:23, 24",A Doutrina da Vida Cristã,O Casamento e a Família,C. Maude Battersby,C. Maude Battersby
420,Hora Feliz do Pôr-do-Sol,"Adoração e Louvor | Graça e Salvação | Igreja e Comunhão | Oração e Comunhão | Paz, Cuidado e Confiança",1 Tessalonicenses 5:17; Mateus 7:7; Filipenses 4:6 | Efésios 2:8-9; João 3:16; 1 João 1:9 | Salmos 133:1; Hebreus 10:25 | Salmos 150:1-6; Apocalipse 4:8; Salmos 95:1-2 | Salmos 23:1-4; João 14:27; Salmos 46:1,https://www.youtube.com/watch?v=Ty7iOct_PI8,Salmo 4:8,A Doutrina da Vida Cristã,O Casamento e a Família,James Edmeston,Timothy R. Matthews
421,Oração Para Uma Criança,"Crianças e Jovens | Graça e Salvação | Lar e Família | Oração e Comunhão | Paz, Cuidado e Confiança",1 Tessalonicenses 5:17; Mateus 7:7; Filipenses 4:6 | Efésios 2:8-9; João 3:16; 1 João 1:9 | Josué 24:15; Efésios 6:1-4 | Mateus 19:14; Provérbios 22:6 | Salmos 23:1-4; João 14:27; Salmos 46:1,https://www.youtube.com/watch?v=5EQpR-6uEcU,Lucas 2:22,A Doutrina da Vida Cristã,O Casamento e a Família,Valdecir Simões Lima,Flavio Almeida Santos
422,Presente de Valor,Adoração e Louvor | Crianças e Jovens | Graça e Salvação | Lar e Família,Efésios 2:8-9; João 3:16; 1 João 1:9 | Josué 24:15; Efésios 6:1-4 | Mateus 19:14; Provérbios 22:6 | Salmos 150:1-6; Apocalipse 4:8; Salmos 95:1-2,https://www.youtube.com/watch?v=W54JbWI39UQ,Salmo 127:3,A Doutrina da Vida Cristã,O Casamento e a Família,Valdecir Simões Lima,"Valdecir Simões Lima, Lineu Formighieri Soares"
423,Não os Impeçais,Crianças e Jovens | Graça e Salvação | Lar e Família | Palavra de Deus e Lei,Efésios 2:8-9; João 3:16; 1 João 1:9 | Josué 24:15; Efésios 6:1-4 | Mateus 19:14; Provérbios 22:6 | Salmos 119:105; 2 Timóteo 3:16; Salmos 19:7,https://www.youtube.com/watch?v=kyG5DTHJRn4,Lucas 18:16,A Doutrina da Vida Cristã,O Casamento e a Família,Jader D. Santos,Jader D. Santos
424,Canção Para Meu Bebê,Crianças e Jovens | Graça e Salvação | Missão e Serviço | Oração e Comunhão | Palavra de Deus e Lei,1 Tessalonicenses 5:17; Mateus 7:7; Filipenses 4:6 | Efésios 2:8-9; João 3:16; 1 João 1:9 | Mateus 19:14; Provérbios 22:6 | Mateus 28:19-20; Isaías 6:8; Marcos 16:15 | Salmos 119:105; 2 Timóteo 3:16; Salmos 19:7,https://www.youtube.com/watch?v=a0liyVeKGDg,"1 Samuel 1:27, 28",A Doutrina da Vida Cristã,O Casamento e a Família,Samuel Lóia,Samuel Lóia
425,Ouço o Clamor do Bom Pastor,"Graça e Salvação | Oração e Comunhão | Paz, Cuidado e Confiança",1 Tessalonicenses 5:17; Mateus 7:7; Filipenses 4:6 | Efésios 2:8-9; João 3:16; 1 João 1:9 | Salmos 23:1-4; João 14:27; Salmos 46:1,https://www.youtube.com/watch?v=9xNmt3L6D5U,João 10:14,A Doutrina da Vida Cristã,O Casamento e a Família,Alexcenah Thomas,William A. Ogden
426,Cristo Ama as Criancinhas,Crianças e Jovens | Graça e Salvação | Lar e Família | Oração e Comunhão,1 Tessalonicenses 5:17; Mateus 7:7; Filipenses 4:6 | Efésios 2:8-9; João 3:16; 1 João 1:9 | Josué 24:15; Efésios 6:1-4 | Mateus 19:14; Provérbios 22:6,https://www.youtube.com/watch?v=70R4mbhB-y4,Marcos 10:13-16,A Doutrina da Vida Cristã,O Casamento e a Família,Clare H. Woolston,George F. Root
427,"Venham, Crianças",Crianças e Jovens | Graça e Salvação | Sacrifício e Redenção,Efésios 2:8-9; João 3:16; 1 João 1:9 | Isaías 53:4-5; Romanos 5:8; Hebreus 9:22 | Mateus 19:14; Provérbios 22:6,https://www.youtube.com/watch?v=LCkv535v4Ok,Mateus 19:13-15,A Doutrina da Vida Cristã,O Casamento e a Família,George F. Root,George F. Root
428,Joias Preciosas,Adoração e Louvor | Crianças e Jovens,Mateus 19:14; Provérbios 22:6 | Salmos 150:1-6; Apocalipse 4:8; Salmos 95:1-2,https://www.youtube.com/watch?v=pJtick2YMPs,Daniel 12:3,A Doutrina da Vida Cristã,O Casamento e a Família,William O. Cushing,George F. Root
429,Quando o Livro Aberto For,Adoração e Louvor | Lar e Família | Oração e Comunhão | Sacrifício e Redenção | Santuário e Juízo,1 Tessalonicenses 5:17; Mateus 7:7; Filipenses 4:6 | Hebreus 4:14-16; Hebreus 8:1-2; Daniel 8:14 | Isaías 53:4-5; Romanos 5:8; Hebreus 9:22 | Josué 24:15; Efésios 6:1-4 | Salmos 150:1-6; Apocalipse 4:8; Salmos 95:1-2,https://www.youtube.com/watch?v=xXaDj2PGEDs,"Apocalipse 5:9, 10",A Doutrina dos Últimos Eventos,O Ministério de Cristo no Santuário Celestial,Lizzie DeArmond,Kem G. Bottorf
430,O Juízo,Graça e Salvação | Sacrifício e Redenção | Santuário e Juízo,Efésios 2:8-9; João 3:16; 1 João 1:9 | Hebreus 4:14-16; Hebreus 8:1-2; Daniel 8:14 | Isaías 53:4-5; Romanos 5:8; Hebreus 9:22,https://www.youtube.com/watch?v=37DO5uB7IOQ,"Daniel 7:9, 10",A Doutrina dos Últimos Eventos,O Ministério de Cristo no Santuário Celestial,Franklin E. Belden,Franklin E. Belden
431,Vem o Grande Dia,Adoração e Louvor | Segunda Vinda e Esperança,1 Tessalonicenses 4:16-17; Apocalipse 1:7; João 14:1-3 | Salmos 150:1-6; Apocalipse 4:8; Salmos 95:1-2,https://www.youtube.com/watch?v=DmKmlupo91M,Sofonias 1:14,A Doutrina dos Últimos Eventos,O Ministério de Cristo no Santuário Celestial,Will L. Thompson,Will L. Thompson
432,Sangue Precioso De Cristo,"Adoração e Louvor | Graça e Salvação | Lar e Família | Paz, Cuidado e Confiança | Sacrifício e Redenção | Segunda Vinda e Esperança",1 Tessalonicenses 4:16-17; Apocalipse 1:7; João 14:1-3 | Efésios 2:8-9; João 3:16; 1 João 1:9 | Isaías 53:4-5; Romanos 5:8; Hebreus 9:22 | Josué 24:15; Efésios 6:1-4 | Salmos 150:1-6; Apocalipse 4:8; Salmos 95:1-2 | Salmos 23:1-4; João 14:27; Salmos 46:1,https://www.youtube.com/watch?v=SFDn0TVl730,Mateus 27:51,A Doutrina dos Últimos Eventos,O Ministério de Cristo no Santuário Celestial,Gérson Felipe Salcedo,Gérson Felipe Salcedo
433,Sumo Sacerdote,Adoração e Louvor | Graça e Salvação | Lar e Família | Sacrifício e Redenção | Santuário e Juízo,Efésios 2:8-9; João 3:16; 1 João 1:9 | Hebreus 4:14-16; Hebreus 8:1-2; Daniel 8:14 | Isaías 53:4-5; Romanos 5:8; Hebreus 9:22 | Josué 24:15; Efésios 6:1-4 | Salmos 150:1-6; Apocalipse 4:8; Salmos 95:1-2,https://www.youtube.com/watch?v=yuVlG81PVDo,Hebreus 9:24,A Doutrina dos Últimos Eventos,O Ministério de Cristo no Santuário Celestial,Gérson Felipe Salcedo,Gérson Felipe Salcedo
434,Santuário,"Graça e Salvação | Lar e Família | Missão e Serviço | Palavra de Deus e Lei | Paz, Cuidado e Confiança | Sacrifício e Redenção | Santuário e Juízo | Segunda Vinda e Esperança",1 Tessalonicenses 4:16-17; Apocalipse 1:7; João 14:1-3 | Efésios 2:8-9; João 3:16; 1 João 1:9 | Hebreus 4:14-16; Hebreus 8:1-2; Daniel 8:14 | Isaías 53:4-5; Romanos 5:8; Hebreus 9:22 | Josué 24:15; Efésios 6:1-4 | Mateus 28:19-20; Isaías 6:8; Marcos 16:15 | Salmos 119:105; 2 Timóteo 3:16; Salmos 19:7 | Salmos 23:1-4; João 14:27; Salmos 46:1,https://www.youtube.com/watch?v=M7kip2r_8Tk,"Hebreus 8:1, 2",A Doutrina dos Últimos Eventos,O Ministério de Cristo no Santuário Celestial,Wanderson F. Paiva,Wanderson F. Paiva
435,Acima do Céu,"Adoração e Louvor | Graça e Salvação | Oração e Comunhão | Paz, Cuidado e Confiança | Sacrifício e Redenção | Santuário e Juízo | Segunda Vinda e Esperança",1 Tessalonicenses 4:16-17; Apocalipse 1:7; João 14:1-3 | 1 Tessalonicenses 5:17; Mateus 7:7; Filipenses 4:6 | Efésios 2:8-9; João 3:16; 1 João 1:9 | Hebreus 4:14-16; Hebreus 8:1-2; Daniel 8:14 | Isaías 53:4-5; Romanos 5:8; Hebreus 9:22 | Salmos 150:1-6; Apocalipse 4:8; Salmos 95:1-2 | Salmos 23:1-4; João 14:27; Salmos 46:1,https://www.youtube.com/watch?v=wJQ3LvUaMds,"Hebreus 8:1, 2",A Doutrina dos Últimos Eventos,O Ministério de Cristo no Santuário Celestial,Silmar Correia,Silmar Correia
436,E Me Fareis Um Santuário,Graça e Salvação | Oração e Comunhão | Sacrifício e Redenção | Santuário e Juízo,1 Tessalonicenses 5:17; Mateus 7:7; Filipenses 4:6 | Efésios 2:8-9; João 3:16; 1 João 1:9 | Hebreus 4:14-16; Hebreus 8:1-2; Daniel 8:14 | Isaías 53:4-5; Romanos 5:8; Hebreus 9:22,https://www.youtube.com/watch?v=DHokCgyDV-0,Salmo 27:4,A Doutrina dos Últimos Eventos,O Ministério de Cristo no Santuário Celestial,Valdecir Simões Lima,Lineu Formighieri Soares
437,Chegou a hora,Crianças e Jovens | Graça e Salvação | Oração e Comunhão | Sacrifício e Redenção | Segunda Vinda e Esperança,1 Tessalonicenses 4:16-17; Apocalipse 1:7; João 14:1-3 | 1 Tessalonicenses 5:17; Mateus 7:7; Filipenses 4:6 | Efésios 2:8-9; João 3:16; 1 João 1:9 | Isaías 53:4-5; Romanos 5:8; Hebreus 9:22 | Mateus 19:14; Provérbios 22:6,https://www.youtube.com/watch?v=cmb52hp8Ud4,Mateus 24:36,A Doutrina dos Últimos Eventos,O Ministério de Cristo no Santuário Celestial,Jader D. Santos,Jader D. Santos
438,Quando For Chamado,Adoração e Louvor | Graça e Salvação | Lar e Família | Segunda Vinda e Esperança,1 Tessalonicenses 4:16-17; Apocalipse 1:7; João 14:1-3 | Efésios 2:8-9; João 3:16; 1 João 1:9 | Josué 24:15; Efésios 6:1-4 | Salmos 150:1-6; Apocalipse 4:8; Salmos 95:1-2,https://www.youtube.com/watch?v=AQMm1y35sXM,Mateus 25:31-34,A Doutrina dos Últimos Eventos,O Ministério de Cristo no Santuário Celestial,James M. Black,James M. Black
439,Quando Deus Fizer Chamada,Adoração e Louvor | Lar e Família | Segunda Vinda e Esperança,1 Tessalonicenses 4:16-17; Apocalipse 1:7; João 14:1-3 | Josué 24:15; Efésios 6:1-4 | Salmos 150:1-6; Apocalipse 4:8; Salmos 95:1-2,https://www.youtube.com/watch?v=aMEZCGynCn0,"Mateus 24:30, 31",A Doutrina dos Últimos Eventos,O Ministério de Cristo no Santuário Celestial,John H. Kurzenknabe,John H. Kurzenknabe
440,Breve Jesus Voltará,Missão e Serviço | Segunda Vinda e Esperança,1 Tessalonicenses 4:16-17; Apocalipse 1:7; João 14:1-3 | Mateus 28:19-20; Isaías 6:8; Marcos 16:15,https://www.youtube.com/watch?v=VuxpSoj5eGA,Apocalipse 22:20,A Doutrina dos Últimos Eventos,A Segunda Vinda de Cristo,Jessie E. Strout,George E. Lee
441,Vencendo Vem Jesus,Adoração e Louvor | Lar e Família | Palavra de Deus e Lei | Segunda Vinda e Esperança,1 Tessalonicenses 4:16-17; Apocalipse 1:7; João 14:1-3 | Josué 24:15; Efésios 6:1-4 | Salmos 119:105; 2 Timóteo 3:16; Salmos 19:7 | Salmos 150:1-6; Apocalipse 4:8; Salmos 95:1-2,https://www.youtube.com/watch?v=U4ym16En8xc,Apocalipse 11:15,A Doutrina dos Últimos Eventos,A Segunda Vinda de Cristo,Julia W. Howe,Melodia Tradicional Americana
442,Jesus Voltará,"Graça e Salvação | Lar e Família | Oração e Comunhão | Paz, Cuidado e Confiança | Sacrifício e Redenção | Segunda Vinda e Esperança",1 Tessalonicenses 4:16-17; Apocalipse 1:7| 1 Tessalonicenses 5:17; Mateus 7:7; Filipenses 4:6 | Efésios 2:8-9; João 3:16; 1 João 1:9 | Isaías 53:4-5; Romanos 5:8; Hebreus 9:22 | Josué 24:15; Efésios 6:1-4 | Salmos 23:1-4; João 14:27; Salmos 46:1,https://www.youtube.com/watch?v=CuF-oo0p7Es,João 14:1-3,A Doutrina dos Últimos Eventos,A Segunda Vinda de Cristo,Uriah Smith,Isaac Woodbury
443,Cristo Virá Outra Vez,"Graça e Salvação | Missão e Serviço | Paz, Cuidado e Confiança | Segunda Vinda e Esperança",1 Tessalonicenses 4:16-17; Apocalipse 1:7; João 14:1-3 | Efésios 2:8-9; João 3:16; 1 João 1:9 | Mateus 28:19-20; Isaías 6:8; Marcos 16:15 | Salmos 23:1-4; João 14:27; Salmos 46:1,https://www.youtube.com/watch?v=qg-7IQvW8Lg,Apocalipse 3:11,A Doutrina dos Últimos Eventos,A Segunda Vinda de Cristo,John W. Peterson,John W. Peterson
444,Oh! Que Esperança!,Segunda Vinda e Esperança,1 Tessalonicenses 4:16-17; Apocalipse 1:7; João 14:1-3,https://www.youtube.com/watch?v=VjksTL6-lQs,Tito 2:13,A Doutrina dos Últimos Eventos,A Segunda Vinda de Cristo,Wayne Hooper,Wayne Hooper
445,O Rei Já Perto Está,Lar e Família | Sacrifício e Redenção | Segunda Vinda e Esperança,1 Tessalonicenses 4:16-17; Apocalipse 1:7; João 14:1-3 | Isaías 53:4-5; Romanos 5:8; Hebreus 9:22 | Josué 24:15; Efésios 6:1-4,https://www.youtube.com/watch?v=OMtRXZcDzbo,"Apocalipse 14:14, 15",A Doutrina dos Últimos Eventos,A Segunda Vinda de Cristo,Franklin E. Belden,Franklin E. Belden
446,Cristo Vem,"Adoração e Louvor | Lar e Família | Paz, Cuidado e Confiança | Segunda Vinda e Esperança",1 Tessalonicenses 4:16-17; Apocalipse 1:7; João 14:1-3 | Josué 24:15; Efésios 6:1-4 | Salmos 150:1-6; Apocalipse 4:8; Salmos 95:1-2 | Salmos 23:1-4; João 14:27; Salmos 46:1,https://www.youtube.com/watch?v=lEvc-Vmcyyc,Apocalipse 11:15,A Doutrina dos Últimos Eventos,A Segunda Vinda de Cristo,John R. MacDuff,John Hughes
447,"Vigiai, Cristãos","Adoração e Louvor | Graça e Salvação | Paz, Cuidado e Confiança",Efésios 2:8-9; João 3:16; 1 João 1:9 | Salmos 150:1-6; Apocalipse 4:8; Salmos 95:1-2 | Salmos 23:1-4; João 14:27; Salmos 46:1,https://www.youtube.com/watch?v=3_kr1ba7voQ,Mateus 25:13,A Doutrina dos Últimos Eventos,A Segunda Vinda de Cristo,Phoebe Palmer,William J. Kirkpatrick
448,Nós O Veremos,Adoração e Louvor | Lar e Família,Josué 24:15; Efésios 6:1-4 | Salmos 150:1-6; Apocalipse 4:8; Salmos 95:1-2,https://www.youtube.com/watch?v=wHq55SJU4ZE,Isaías 25:9,A Doutrina dos Últimos Eventos,A Segunda Vinda de Cristo,"James Bingham, Mariane Scriven, Wintley Phipps",Wintley Phipps
449,Quando o Rei Vier,Crianças e Jovens | Lar e Família | Sacrifício e Redenção | Segunda Vinda e Esperança,1 Tessalonicenses 4:16-17; João 14:1-3 | Isaías 53:4-5; Romanos 5:8; Hebreus 9:22 | Josué 24:15; Efésios 6:1-4 | Mateus 19:14; Provérbios 22:6,https://www.youtube.com/watch?v=9g089j2I4Fs,Apocalipse 1:7,A Doutrina dos Últimos Eventos,A Segunda Vinda de Cristo,J. E. Landor,Edmund S. Lorenz
450,"Guarda, Vê se Muito Falta",Adoração e Louvor | Lar e Família | Segunda Vinda e Esperança,1 Tessalonicenses 4:16-17; Apocalipse 1:7; João 14:1-3 | Josué 24:15; Efésios 6:1-4 | Salmos 150:1-6; Apocalipse 4:8; Salmos 95:1-2,https://www.youtube.com/watch?v=mMZfaASuBbI,"Isaías 21:11, 12",A Doutrina dos Últimos Eventos,A Segunda Vinda de Cristo,Sidney S. Brewer,William B. Bradbury
451,Grande Alegria,Graça e Salvação | Oração e Comunhão | Segunda Vinda e Esperança,1 Tessalonicenses 4:16-17; Apocalipse 1:7; João 14:1-3 | 1 Tessalonicenses 5:17; Mateus 7:7; Filipenses 4:6 | Efésios 2:8-9; João 3:16; 1 João 1:9,https://www.youtube.com/watch?v=SRcgXW3fg7I,Isaías 35:10,A Doutrina dos Últimos Eventos,A Segunda Vinda de Cristo,Williams Costa Jr.,Williams Costa Jr.
452,Cristo Não Tarda a Voltar,"Adoração e Louvor | Paz, Cuidado e Confiança | Segunda Vinda e Esperança",1 Tessalonicenses 4:16-17; Apocalipse 1:7; João 14:1-3 | Salmos 150:1-6; Apocalipse 4:8; Salmos 95:1-2 | Salmos 23:1-4; João 14:27; Salmos 46:1,https://www.youtube.com/watch?v=e4FoHTZzNrQ,"Mateus 24:32, 33",A Doutrina dos Últimos Eventos,A Segunda Vinda de Cristo,Daniel W. Whittle,James McGranahan
453,Anunciai Pelas Montanhas,"Oração e Comunhão | Paz, Cuidado e Confiança | Segunda Vinda e Esperança",1 Tessalonicenses 4:16-17; Apocalipse 1:7; João 14:1-3 | 1 Tessalonicenses 5:17; Mateus 7:7; Filipenses 4:6 | Salmos 23:1-4; João 14:27; Salmos 46:1,https://www.youtube.com/watch?v=EOn959r8A4k,"Isaías 40:9, 10",A Doutrina dos Últimos Eventos,A Segunda Vinda de Cristo,Desconhecido,Negro Spiritual
454,A Manhã Gloriosa,Adoração e Louvor | Lar e Família | Segunda Vinda e Esperança,1 Tessalonicenses 4:16-17; Apocalipse 1:7; João 14:1-3 | Josué 24:15; Efésios 6:1-4 | Salmos 150:1-6; Apocalipse 4:8; Salmos 95:1-2,https://www.youtube.com/watch?v=16KaC4dDaeE,Mateus 24:32-34,A Doutrina dos Últimos Eventos,A Segunda Vinda de Cristo,S. J. Graham,S. J. Graham
455,Verei Jesus,Adoração e Louvor | Lar e Família | Segunda Vinda e Esperança,1 Tessalonicenses 4:16-17; Apocalipse 1:7; João 14:1-3 | Josué 24:15; Efésios 6:1-4 | Salmos 150:1-6; Apocalipse 4:8; Salmos 95:1-2,https://www.youtube.com/watch?v=F6QAsBXj284,"Apocalipse 22:3, 4",A Doutrina dos Últimos Eventos,A Segunda Vinda de Cristo,Ricardo Ost Damm Martins,Ricardo Ost Damm Martins
456,Bela Manhã,Adoração e Louvor | Graça e Salvação,Efésios 2:8-9; João 3:16; 1 João 1:9 | Salmos 150:1-6; Apocalipse 4:8; Salmos 95:1-2,https://www.youtube.com/watch?v=PE-O2EmOUkk,"Isaías 25:8, 9",A Doutrina dos Últimos Eventos,A Segunda Vinda de Cristo,Ruth Oberg Guimarães,Jean J. C. Sibelius
457,Jesus Vem Logo,Crianças e Jovens | Lar e Família | Oração e Comunhão | Sacrifício e Redenção,1 Tessalonicenses 5:17; Mateus 7:7; Filipenses 4:6 | Isaías 53:4-5; Romanos 5:8; Hebreus 9:22 | Josué 24:15; Efésios 6:1-4 | Mateus 19:14; Provérbios 22:6,https://www.youtube.com/watch?v=mODTk_0iNWE,João 14:1-3,A Doutrina dos Últimos Eventos,A Segunda Vinda de Cristo,Wayne Hooper,Wayne Hooper
458,Não Tardará,Lar e Família | Segunda Vinda e Esperança,1 Tessalonicenses 4:16-17; Apocalipse 1:7; João 14:1-3 | Josué 24:15; Efésios 6:1-4,https://www.youtube.com/watch?v=wH6SLP6wEMY,Apocalipse 22:12,A Doutrina dos Últimos Eventos,A Segunda Vinda de Cristo,Andraé Crouch,Andraé Crouch
459,Cada Dia Mais Perto,Adoração e Louvor | Graça e Salvação | Lar e Família | Segunda Vinda e Esperança,1 Tessalonicenses 4:16-17; Apocalipse 1:7; João 14:1-3 | Efésios 2:8-9; João 3:16; 1 João 1:9 | Josué 24:15; Efésios 6:1-4 | Salmos 150:1-6; Apocalipse 4:8; Salmos 95:1-2,https://www.youtube.com/watch?v=00FyQOvinS4,Tito 2:13,A Doutrina dos Últimos Eventos,A Segunda Vinda de Cristo,Valdecir Simões Lima,Lineu Formighieri Soares
460,Decidi Olhar Pra O Amanhã,Adoração e Louvor | Crianças e Jovens | Lar e Família | Segunda Vinda e Esperança,1 Tessalonicenses 4:16-17; Apocalipse 1:7; João 14:1-3 | Josué 24:15; Efésios 6:1-4 | Mateus 19:14; Provérbios 22:6 | Salmos 150:1-6; Apocalipse 4:8; Salmos 95:1-2,https://www.youtube.com/watch?v=v4FahDb_EuM,Apocalipse 22:20,A Doutrina dos Últimos Eventos,A Segunda Vinda de Cristo,David Huntsinger,David Huntsinger
461,Jesus Precisa Voltar,"Espírito Santo | Graça e Salvação | Oração e Comunhão | Palavra de Deus e Lei | Paz, Cuidado e Confiança | Segunda Vinda e Esperança | Sábado e Criação",1 Tessalonicenses 4:16-17; Apocalipse 1:7; João 14:1-3 | 1 Tessalonicenses 5:17; Mateus 7:7; Filipenses 4:6 | Efésios 2:8-9; João 3:16; 1 João 1:9 | João 14:16-17; Atos 2:1-4 | Salmos 119:105; 2 Timóteo 3:16; Salmos 19:7 | Salmos 23:1-4; João 14:27; Salmos 46:1 | Êxodo 20:8-11; Gênesis 2:2-3,https://www.youtube.com/watch?v=BkwPPB2tjOI,Mateus 24:12-14,A Doutrina dos Últimos Eventos,A Segunda Vinda de Cristo,Jader D. Santos,Jader D. Santos
462,Será de Manhã?,Adoração e Louvor | Graça e Salvação | Lar e Família | Sacrifício e Redenção | Segunda Vinda e Esperança,1 Tessalonicenses 4:16-17; Apocalipse 1:7; João 14:1-3 | Efésios 2:8-9; João 3:16; 1 João 1:9 | Isaías 53:4-5; Romanos 5:8; Hebreus 9:22 | Josué 24:15; Efésios 6:1-4 | Salmos 150:1-6; Apocalipse 4:8; Salmos 95:1-2,https://www.youtube.com/watch?v=7GMgx-h-vCw,"Marcos 13:35, 36",A Doutrina dos Últimos Eventos,A Segunda Vinda de Cristo,H. L. Turner,James McGranahan
463,Espero a Manhã Gloriosa,Graça e Salvação | Lar e Família | Segunda Vinda e Esperança,1 Tessalonicenses 4:16-17; Apocalipse 1:7; João 14:1-3 | Efésios 2:8-9; João 3:16; 1 João 1:9 | Josué 24:15; Efésios 6:1-4,https://www.youtube.com/watch?v=2Ms2z4tj1EU,1 Tessalonicenses 4:16-18,A Doutrina dos Últimos Eventos,A Segunda Vinda de Cristo,W. G. Irvin,James H. Fillmore
464,Não Desistir,Segunda Vinda e Esperança,1 Tessalonicenses 4:16-17; Apocalipse 1:7; João 14:1-3,https://www.youtube.com/watch?v=c9JfsHZ5Ark,Mateus 24:10-13,A Doutrina dos Últimos Eventos,A Segunda Vinda de Cristo,Chuck Fulmore,Chuck Fulmore
465,O Dia Não Sei,Adoração e Louvor | Oração e Comunhão | Palavra de Deus e Lei | Segunda Vinda e Esperança | Sábado e Criação,1 Tessalonicenses 4:16-17; Apocalipse 1:7; João 14:1-3 | 1 Tessalonicenses 5:17; Mateus 7:7; Filipenses 4:6 | Salmos 119:105; 2 Timóteo 3:16; Salmos 19:7 | Salmos 150:1-6; Apocalipse 4:8; Salmos 95:1-2 | Êxodo 20:8-11; Gênesis 2:2-3,https://www.youtube.com/watch?v=uZ2pD2W0DXM,Mateus 24:36,A Doutrina dos Últimos Eventos,A Segunda Vinda de Cristo,Franklin E. Belden,Franklin E. Belden
466,Um Pouco Mais,"Graça e Salvação | Lar e Família | Oração e Comunhão | Paz, Cuidado e Confiança",1 Tessalonicenses 5:17; Mateus 7:7; Filipenses 4:6 | Efésios 2:8-9; João 3:16; 1 João 1:9 | Josué 24:15; Efésios 6:1-4 | Salmos 23:1-4; João 14:27; Salmos 46:1,https://www.youtube.com/watch?v=2wem-qNP3yg,Apocalipse 22:20,A Doutrina dos Últimos Eventos,A Segunda Vinda de Cristo,Fernando Iglesias,Ricardo Ost Damm Martins
467,Até Quando?,Graça e Salvação | Igreja e Comunhão | Lar e Família | Oração e Comunhão | Segunda Vinda e Esperança,1 Tessalonicenses 4:16-17; Apocalipse 1:7; João 14:1-3 | 1 Tessalonicenses 5:17; Mateus 7:7; Filipenses 4:6 | Efésios 2:8-9; João 3:16; 1 João 1:9 | Josué 24:15; Efésios 6:1-4 | Salmos 133:1; Hebreus 10:25,https://www.youtube.com/watch?v=PHRLFJoaIXQ,Apocalipse 6:10,A Doutrina dos Últimos Eventos,A Segunda Vinda de Cristo,Jader D. Santos,Jader D. Santos
468,Quase no Lar,Adoração e Louvor | Graça e Salvação | Lar e Família | Missão e Serviço | Oração e Comunhão | Segunda Vinda e Esperança,1 Tessalonicenses 4:16-17; Apocalipse 1:7; João 14:1-3 | 1 Tessalonicenses 5:17; Mateus 7:7; Filipenses 4:6 | Efésios 2:8-9; João 3:16; 1 João 1:9 | Josué 24:15; Efésios 6:1-4 | Mateus 28:19-20; Isaías 6:8; Marcos 16:15 | Salmos 150:1-6; Apocalipse 4:8; Salmos 95:1-2,https://www.youtube.com/watch?v=pmHkUUEsbPM,Romanos 13:11,A Doutrina dos Últimos Eventos,A Segunda Vinda de Cristo,Jader D. Santos,Jader D. Santos
469,Enquanto Ele Não Vem,Lar e Família | Oração e Comunhão | Palavra de Deus e Lei | Sacrifício e Redenção | Segunda Vinda e Esperança,1 Tessalonicenses 4:16-17; Apocalipse 1:7; João 14:1-3 | 1 Tessalonicenses 5:17; Mateus 7:7; Filipenses 4:6 | Isaías 53:4-5; Romanos 5:8; Hebreus 9:22 | Josué 24:15; Efésios 6:1-4 | Salmos 119:105; 2 Timóteo 3:16; Salmos 19:7,https://www.youtube.com/watch?v=3AFtQj-ZbXU,Hebreus 10:23-25,A Doutrina dos Últimos Eventos,A Segunda Vinda de Cristo,Jader D. Santos,Jader D. Santos
470,Rocha Eterna,"Adoração e Louvor | Graça e Salvação | Lar e Família | Paz, Cuidado e Confiança | Sacrifício e Redenção",Efésios 2:8-9; João 3:16; 1 João 1:9 | Isaías 53:4-5; Romanos 5:8; Hebreus 9:22 | Josué 24:15; Efésios 6:1-4 | Salmos 150:1-6; Apocalipse 4:8; Salmos 95:1-2 | Salmos 23:1-4; João 14:27; Salmos 46:1,https://www.youtube.com/watch?v=GAEJzMMk2WQ,Isaías 26:4,A Doutrina dos Últimos Eventos,Morte e Ressurreição,Augustus M. Toplady,Thomas Hastings
471,Porque Ele Vive,Crianças e Jovens | Graça e Salvação | Sacrifício e Redenção,Efésios 2:8-9; João 3:16; 1 João 1:9 | Isaías 53:4-5; Romanos 5:8; Hebreus 9:22 | Mateus 19:14; Provérbios 22:6,https://www.youtube.com/watch?v=0doKHQReQH4,João 14:19,A Doutrina dos Últimos Eventos,Morte e Ressurreição,"Gloria Gaither, William J. Gaither",William J. Gaither
472,"Ó Alegrai-vos, Filhos De Sião",Adoração e Louvor | Crianças e Jovens | Lar e Família | Sacrifício e Redenção,Isaías 53:4-5; Romanos 5:8; Hebreus 9:22 | Josué 24:15; Efésios 6:1-4 | Mateus 19:14; Provérbios 22:6 | Salmos 150:1-6; Apocalipse 4:8; Salmos 95:1-2,https://www.youtube.com/watch?v=TmkQmQ04aQk,1 Coríntios 15:54-57,A Doutrina dos Últimos Eventos,Morte e Ressurreição,Edmond L. Budry,Georg F. Händel
473,Morte e Ressurreição,Adoração e Louvor | Oração e Comunhão | Palavra de Deus e Lei | Sacrifício e Redenção,1 Tessalonicenses 5:17; Mateus 7:7; Filipenses 4:6 | Isaías 53:4-5; Romanos 5:8; Hebreus 9:22 | Salmos 119:105; 2 Timóteo 3:16; Salmos 19:7 | Salmos 150:1-6; Apocalipse 4:8; Salmos 95:1-2,https://www.youtube.com/watch?v=3eJVVZc_Dss,João 11:25,A Doutrina dos Últimos Eventos,Morte e Ressurreição,Mário Jorge Lima,Clayton A. Nunes
474,Eu Espero,Sacrifício e Redenção | Segunda Vinda e Esperança | Sábado e Criação,1 Tessalonicenses 4:16-17; Apocalipse 1:7; João 14:1-3 | Isaías 53:4-5; Romanos 5:8; Hebreus 9:22 | Êxodo 20:8-11; Gênesis 2:2-3,https://www.youtube.com/watch?v=JgMloBodNr0,"1 Coríntios 15:51, 52",A Doutrina dos Últimos Eventos,Morte e Ressurreição,Guilherme Schlichting,Guilherme Schlichting
475,Se Não Houver Amanhã,Graça e Salvação | Lar e Família | Segunda Vinda e Esperança,1 Tessalonicenses 4:16-17; Apocalipse 1:7; João 14:1-3 | Efésios 2:8-9; João 3:16; 1 João 1:9 | Josué 24:15; Efésios 6:1-4,https://www.youtube.com/watch?v=7Kszrnmsozg,Eclesiastes 9:5,A Doutrina dos Últimos Eventos,Morte e Ressurreição,Jair Alberto da Silva,Jair Alberto da Silva
476,Hei de Ver,"Adoração e Louvor | Graça e Salvação | Lar e Família | Oração e Comunhão | Paz, Cuidado e Confiança | Sacrifício e Redenção | Segunda Vinda e Esperança",1 Tessalonicenses 4:16-17; Apocalipse 1:7; João 14:1-3 | 1 Tessalonicenses 5:17; Mateus 7:7; Filipenses 4:6 | Efésios 2:8-9; João 3:16; 1 João 1:9 | Isaías 53:4-5; Romanos 5:8; Hebreus 9:22 | Josué 24:15; Efésios 6:1-4 | Salmos 150:1-6; Apocalipse 4:8; Salmos 95:1-2 | Salmos 23:1-4; João 14:27; Salmos 46:1,https://www.youtube.com/watch?v=varJ50douf4,1 Tessalonicenses 4:16-18,A Doutrina dos Últimos Eventos,Morte e Ressurreição,Eddie Schultz Henrique,Eddie Schultz Henrique
477,Face a Face,Adoração e Louvor | Graça e Salvação | Lar e Família | Segunda Vinda e Esperança,1 Tessalonicenses 4:16-17; Apocalipse 1:7; João 14:1-3 | Efésios 2:8-9; João 3:16; 1 João 1:9 | Josué 24:15; Efésios 6:1-4 | Salmos 150:1-6; Apocalipse 4:8; Salmos 95:1-2,https://www.youtube.com/watch?v=4zeJehRh790,1 Coríntios 13:12,A Doutrina dos Últimos Eventos,O Milênio e o Fim do Pecado,Carrie E. Breck,Grant C. Tullar
478,"Sim, Glória Haverá No Final",Adoração e Louvor | Graça e Salvação | Segunda Vinda e Esperança,1 Tessalonicenses 4:16-17; Apocalipse 1:7; João 14:1-3 | Efésios 2:8-9; João 3:16; 1 João 1:9 | Salmos 150:1-6; Apocalipse 4:8; Salmos 95:1-2,https://www.youtube.com/watch?v=49eMmsTDmgQ,Isaías 65:17-19,A Doutrina dos Últimos Eventos,O Milênio e o Fim do Pecado,Franklin E. Belden,Franklin E. Belden
479,Herdeiro Do Reino,Adoração e Louvor | Crianças e Jovens | Lar e Família,Josué 24:15; Efésios 6:1-4 | Mateus 19:14; Provérbios 22:6 | Salmos 150:1-6; Apocalipse 4:8; Salmos 95:1-2,https://www.youtube.com/watch?v=1p34cF7xJo0,Romanos 13:11,A Doutrina dos Últimos Eventos,O Milênio e o Fim do Pecado,Desconhecido,Lowell Mason
480,O Eterno Lar,"Graça e Salvação | Igreja e Comunhão | Lar e Família | Paz, Cuidado e Confiança | Segunda Vinda e Esperança | Sábado e Criação",1 Tessalonicenses 4:16-17; Apocalipse 1:7; João 14:1-3 | Efésios 2:8-9; João 3:16; 1 João 1:9 | Josué 24:15; Efésios 6:1-4 | Salmos 133:1; Hebreus 10:25 | Salmos 23:1-4; João 14:27; Salmos 46:1 | Êxodo 20:8-11; Gênesis 2:2-3,https://www.youtube.com/watch?v=COAEdwOHpn0,Hebreus 10:35-37,A Doutrina dos Últimos Eventos,O Milênio e o Fim do Pecado,Eliza E. Hewitt,Eliza E. Hewitt
481,No Celeste Lar Glorioso,"Adoração e Louvor | Lar e Família | Paz, Cuidado e Confiança",Josué 24:15; Efésios 6:1-4 | Salmos 150:1-6; Apocalipse 4:8; Salmos 95:1-2 | Salmos 23:1-4; João 14:27; Salmos 46:1,https://www.youtube.com/watch?v=x7wEQ7q-_xM,Apocalipse 21:9-27,A Doutrina dos Últimos Eventos,O Milênio e o Fim do Pecado,Philip P. Bliss,Philip P. Bliss
482,Junto ao Rio Jordão,Graça e Salvação | Lar e Família | Sacrifício e Redenção,Efésios 2:8-9; João 3:16; 1 João 1:9 | Isaías 53:4-5; Romanos 5:8; Hebreus 9:22 | Josué 24:15; Efésios 6:1-4,https://www.youtube.com/watch?v=kn0zFi5orMU,Isaías 65:17-19,A Doutrina dos Últimos Eventos,O Milênio e o Fim do Pecado,Samuel Stennett,Tulius C. O’Kane
483,Vamos Ver Jesus Ali,"Lar e Família | Oração e Comunhão | Paz, Cuidado e Confiança | Segunda Vinda e Esperança",1 Tessalonicenses 4:16-17; Apocalipse 1:7; João 14:1-3 | 1 Tessalonicenses 5:17; Mateus 7:7; Filipenses 4:6 | Josué 24:15; Efésios 6:1-4 | Salmos 23:1-4; João 14:27; Salmos 46:1,https://www.youtube.com/watch?v=US64k5we5s0,"Mateus 25:31, 34",A Doutrina dos Últimos Eventos,O Milênio e o Fim do Pecado,Lewis E. Jones,Lewis E. Jones
484,Além do Céu Azul,Lar e Família | Oração e Comunhão,1 Tessalonicenses 5:17; Mateus 7:7; Filipenses 4:6 | Josué 24:15; Efésios 6:1-4,https://www.youtube.com/watch?v=e6n44rxIuME,João 14:1-3,A Doutrina dos Últimos Eventos,O Milênio e o Fim do Pecado,Alfred B. Smith,Alfred B. Smith
485,Estrelas Terei,"Adoração e Louvor | Lar e Família | Oração e Comunhão | Paz, Cuidado e Confiança",1 Tessalonicenses 5:17; Mateus 7:7; Filipenses 4:6 | Josué 24:15; Efésios 6:1-4 | Salmos 150:1-6; Apocalipse 4:8; Salmos 95:1-2 | Salmos 23:1-4; João 14:27; Salmos 46:1,https://www.youtube.com/watch?v=_o3lA-GuZdI,Daniel 12:3,A Doutrina dos Últimos Eventos,O Milênio e o Fim do Pecado,Eliza E. Hewitt,John R. Sweney
486,Até Então,Lar e Família | Oração e Comunhão | Sacrifício e Redenção | Segunda Vinda e Esperança,1 Tessalonicenses 4:16-17; Apocalipse 1:7; João 14:1-3 | 1 Tessalonicenses 5:17; Mateus 7:7; Filipenses 4:6 | Isaías 53:4-5; Romanos 5:8; Hebreus 9:22 | Josué 24:15; Efésios 6:1-4,https://www.youtube.com/watch?v=EmNa2mC1REU,Apocalipse 21:1-4,A Doutrina dos Últimos Eventos,O Milênio e o Fim do Pecado,Carl S. Hamblen,Carl S. Hamblen
487,Primeiro Quero Ver Meu Salvador,Adoração e Louvor | Graça e Salvação | Lar e Família,Efésios 2:8-9; João 3:16; 1 João 1:9 | Josué 24:15; Efésios 6:1-4 | Salmos 150:1-6; Apocalipse 4:8; Salmos 95:1-2,https://www.youtube.com/watch?v=szamXjWAEso,Isaías 25:9,A Doutrina dos Últimos Eventos,O Milênio e o Fim do Pecado,John W. Peterson,John W. Peterson
488,Eu vou para o Céu,Adoração e Louvor | Lar e Família | Segunda Vinda e Esperança,1 Tessalonicenses 4:16-17; Apocalipse 1:7; João 14:1-3 | Josué 24:15; Efésios 6:1-4 | Salmos 150:1-6; Apocalipse 4:8; Salmos 95:1-2,https://www.youtube.com/watch?v=_xNrYww0OBY,"Mateus 24:7, 14",A Doutrina dos Últimos Eventos,O Milênio e o Fim do Pecado,Evaldo Vicente,Evaldo Vicente
489,Cristo Foi Preparar Um Lugar,"Adoração e Louvor | Graça e Salvação | Lar e Família | Paz, Cuidado e Confiança | Segunda Vinda e Esperança | Sábado e Criação",1 Tessalonicenses 4:16-17; Apocalipse 1:7| Efésios 2:8-9; João 3:16; 1 João 1:9 | Josué 24:15; Efésios 6:1-4 | Salmos 150:1-6; Apocalipse 4:8; Salmos 95:1-2 | Salmos 23:1-4; João 14:27; Salmos 46:1 | Êxodo 20:8-11; Gênesis 2:2-3,https://www.youtube.com/watch?v=jAxb3hDo4x8,João 14:1-3,A Doutrina dos Últimos Eventos,O Milênio e o Fim do Pecado,Dewitt C. Huntington,Tulius C. O’Kane
490,Tão Grato Me é Lembrar,"Graça e Salvação | Lar e Família | Oração e Comunhão | Paz, Cuidado e Confiança | Segunda Vinda e Esperança | Sábado e Criação",1 Tessalonicenses 4:16-17; Apocalipse 1:7; João 14:1-3 | 1 Tessalonicenses 5:17; Mateus 7:7; Filipenses 4:6 | Efésios 2:8-9; João 3:16; 1 João 1:9 | Josué 24:15; Efésios 6:1-4 | Salmos 23:1-4; João 14:27; Salmos 46:1 | Êxodo 20:8-11; Gênesis 2:2-3,https://www.youtube.com/watch?v=8A0dsuOgLyg,Hebreus 10:35-37,A Doutrina dos Últimos Eventos,O Milênio e o Fim do Pecado,Phoebe Cary,Phillip Phillips
491,Há um Rio Cristalino,Adoração e Louvor | Crianças e Jovens | Graça e Salvação | Segunda Vinda e Esperança,1 Tessalonicenses 4:16-17; Apocalipse 1:7; João 14:1-3 | Efésios 2:8-9; João 3:16; 1 João 1:9 | Mateus 19:14; Provérbios 22:6 | Salmos 150:1-6; Apocalipse 4:8; Salmos 95:1-2,https://www.youtube.com/watch?v=Co7KPOxg-5k,Apocalipse 22:1,A Doutrina dos Últimos Eventos,A Nova Terra,Robert Lowry,Robert Lowry
492,Lar Feliz,Lar e Família | Oração e Comunhão,1 Tessalonicenses 5:17; Mateus 7:7; Filipenses 4:6 | Josué 24:15; Efésios 6:1-4,https://www.youtube.com/watch?v=V4Ve-KPG6mQ,João 14:1-3,A Doutrina dos Últimos Eventos,A Nova Terra,Sanford F. Bennett,Joseph P. Webster
493,Almejo o Lar,"Crianças e Jovens | Lar e Família | Paz, Cuidado e Confiança | Segunda Vinda e Esperança",1 Tessalonicenses 4:16-17; Apocalipse 1:7; João 14:1-3 | Josué 24:15; Efésios 6:1-4 | Mateus 19:14; Provérbios 22:6 | Salmos 23:1-4; João 14:27; Salmos 46:1,https://www.youtube.com/watch?v=ddjCguUcCU4,Apocalipse 21:1-4,A Doutrina dos Últimos Eventos,A Nova Terra,Friedrich K. von Gerok,Josephine Lang
494,Doce Lar,"Adoração e Louvor | Graça e Salvação | Lar e Família | Paz, Cuidado e Confiança | Sacrifício e Redenção | Segunda Vinda e Esperança",1 Tessalonicenses 4:16-17; Apocalipse 1:7; João 14:1-3 | Efésios 2:8-9; João 3:16; 1 João 1:9 | Isaías 53:4-5; Romanos 5:8; Hebreus 9:22 | Josué 24:15; Efésios 6:1-4 | Salmos 150:1-6; Apocalipse 4:8; Salmos 95:1-2 | Salmos 23:1-4; João 14:27; Salmos 46:1,https://www.youtube.com/watch?v=ILf6xg2sqhQ,Mateus 25:34,A Doutrina dos Últimos Eventos,A Nova Terra,William Hunter,Salvation Army Music– I
495,Glória Perene,"Adoração e Louvor | Graça e Salvação | Paz, Cuidado e Confiança",Efésios 2:8-9; João 3:16; 1 João 1:9 | Salmos 150:1-6; Apocalipse 4:8; Salmos 95:1-2 | Salmos 23:1-4; João 14:27; Salmos 46:1,https://www.youtube.com/watch?v=yqvOpAcE_EE,Mateus 25:34,A Doutrina dos Últimos Eventos,A Nova Terra,Charles H. Gabriel,Charles H. Gabriel
496,Além do Rio,"Adoração e Louvor | Igreja e Comunhão | Oração e Comunhão | Paz, Cuidado e Confiança",1 Tessalonicenses 5:17; Mateus 7:7; Filipenses 4:6 | Salmos 133:1; Hebreus 10:25 | Salmos 150:1-6; Apocalipse 4:8; Salmos 95:1-2 | Salmos 23:1-4; João 14:27; Salmos 46:1,https://www.youtube.com/watch?v=iAAbWePVmEo,"Salmo 46:4, 5",A Doutrina dos Últimos Eventos,A Nova Terra,Jader D. Santos,Jader D. Santos
497,Inda é Longe Canaã?,"Graça e Salvação | Lar e Família | Paz, Cuidado e Confiança",Efésios 2:8-9; João 3:16; 1 João 1:9 | Josué 24:15; Efésios 6:1-4 | Salmos 23:1-4; João 14:27; Salmos 46:1,https://www.youtube.com/watch?v=0d0q6B-BuUA,Deuteronômio 31:6-8,A Doutrina dos Últimos Eventos,A Nova Terra,George F. Root,George F. Root
498,Lindo País,"Lar e Família | Paz, Cuidado e Confiança | Sacrifício e Redenção",Isaías 53:4-5; Romanos 5:8; Hebreus 9:22 | Josué 24:15; Efésios 6:1-4 | Salmos 23:1-4; João 14:27; Salmos 46:1,https://www.youtube.com/watch?v=OV4K75Rb-OI,Isaías 65:17-19,A Doutrina dos Últimos Eventos,A Nova Terra,João José de Oliveira,Melodia Tradicional Irlandesa
499,Mansão Sobre o Monte,Crianças e Jovens | Lar e Família | Segunda Vinda e Esperança,1 Tessalonicenses 4:16-17; Apocalipse 1:7; João 14:1-3 | Josué 24:15; Efésios 6:1-4 | Mateus 19:14; Provérbios 22:6,https://www.youtube.com/watch?v=FZPXeVnQqYs,Isaías 11:6-9,A Doutrina dos Últimos Eventos,A Nova Terra,Ira F. Stanphill,Ira F. Stanphill
500,"Oh, Nunca Separar!",Lar e Família,Josué 24:15; Efésios 6:1-4,https://www.youtube.com/watch?v=Ua3zsO9-2X8,"Apocalipse 21:3, 4",A Doutrina dos Últimos Eventos,A Nova Terra,Isaac Watts,Timbrel of Zion
501,Para Além das Montanhas,"Adoração e Louvor | Graça e Salvação | Lar e Família | Paz, Cuidado e Confiança | Sacrifício e Redenção",Efésios 2:8-9; João 3:16; 1 João 1:9 | Isaías 53:4-5; Romanos 5:8; Hebreus 9:22 | Josué 24:15; Efésios 6:1-4 | Salmos 150:1-6; Apocalipse 4:8; Salmos 95:1-2 | Salmos 23:1-4; João 14:27; Salmos 46:1,https://www.youtube.com/watch?v=FlHMYuWZK0g,Isaías 65:17-19,A Doutrina dos Últimos Eventos,A Nova Terra,Charles P. Whitford,John R. Sweney
502,Saudade,Crianças e Jovens | Lar e Família | Oração e Comunhão | Sacrifício e Redenção,1 Tessalonicenses 5:17; Mateus 7:7; Filipenses 4:6 | Isaías 53:4-5; Romanos 5:8; Hebreus 9:22 | Josué 24:15; Efésios 6:1-4 | Mateus 19:14; Provérbios 22:6,https://www.youtube.com/watch?v=RduBykShWsE,"Isaías 65:17, 18",A Doutrina dos Últimos Eventos,A Nova Terra,Fanny J. Crosby,Stephen C. Foster
503,Vale Do Éden Formoso,Graça e Salvação | Lar e Família,Efésios 2:8-9; João 3:16; 1 João 1:9 | Josué 24:15; Efésios 6:1-4,https://www.youtube.com/watch?v=uGY2V-go_x4,Isaías 51:3,A Doutrina dos Últimos Eventos,A Nova Terra,William O. Cushing,William F. Sherwin
504,Mais Perto Desse Lar,Lar e Família | Palavra de Deus e Lei | Segunda Vinda e Esperança,1 Tessalonicenses 4:16-17; Apocalipse 1:7| Josué 24:15; Efésios 6:1-4 | Salmos 119:105; 2 Timóteo 3:16; Salmos 19:7,https://www.youtube.com/watch?v=JKzMvlzTQIs,João 14:1-3,A Doutrina dos Últimos Eventos,A Nova Terra,Níbia P. de Mayer,Níbia P. de Mayer
505,Muito Além do Sol,Adoração e Louvor | Graça e Salvação | Lar e Família,Efésios 2:8-9; João 3:16; 1 João 1:9 | Josué 24:15; Efésios 6:1-4 | Salmos 150:1-6; Apocalipse 4:8; Salmos 95:1-2,https://www.youtube.com/watch?v=D_tT_5jcnU0,1 Coríntios 2:9,A Doutrina dos Últimos Eventos,A Nova Terra,Emiliano Ponce,Emiliano Ponce
506,Eu Não Preciso Mais Sonhar,"Adoração e Louvor | Graça e Salvação | Igreja e Comunhão | Lar e Família | Paz, Cuidado e Confiança",Efésios 2:8-9; João 3:16; 1 João 1:9 | Josué 24:15; Efésios 6:1-4 | Salmos 133:1; Hebreus 10:25 | Salmos 150:1-6; Apocalipse 4:8; Salmos 95:1-2 | Salmos 23:1-4; João 14:27; Salmos 46:1,https://www.youtube.com/watch?v=6X1wkIN-Cis,"Apocalipse 21:3, 4",A Doutrina dos Últimos Eventos,A Nova Terra,"Wanderson F. Paiva, Wendel Mattos",Wendel Mattos
507,Jamais se Diz Adeus Ali,"Graça e Salvação | Lar e Família | Paz, Cuidado e Confiança | Segunda Vinda e Esperança",1 Tessalonicenses 4:16-17; Apocalipse 1:7; João 14:1-3 | Efésios 2:8-9; João 3:16; 1 João 1:9 | Josué 24:15; Efésios 6:1-4 | Salmos 23:1-4; João 14:27; Salmos 46:1,https://www.youtube.com/watch?v=kaM0Z4YIuTo,Isaías 65:17-19,A Doutrina dos Últimos Eventos,A Nova Terra,Azentia I. P. Chapman,John H. Tenney
508,Cristo Fez Tudo Muito Bom,Espírito Santo | Lar e Família | Palavra de Deus e Lei,Josué 24:15; Efésios 6:1-4 | João 14:16-17; Atos 2:1-4 | Salmos 119:105; 2 Timóteo 3:16; Salmos 19:7,https://www.youtube.com/watch?v=19pEqRVMq-I,Gênesis 1,Hinos Infantis,Infantis,Chuck Fulmore,Chuck Fulmore
509,A Criação,Sábado e Criação,Êxodo 20:8-11; Gênesis 2:2-3,https://www.youtube.com/watch?v=MVST2oE5nBE,Gênesis 1:1,Hinos Infantis,Infantis,Jonas Monteiro de Souza,Jonas Monteiro de Souza
510,Aquarela Do Senhor,Graça e Salvação,Efésios 2:8-9; João 3:16; 1 João 1:9,https://www.youtube.com/watch?v=X8hHMFhz2Pc,Gênesis 9:13,Hinos Infantis,Infantis,Jane Leitzke,Jane Leitzke
511,Eu Sou Uma Obra de Arte,Graça e Salvação | Missão e Serviço | Sábado e Criação,Efésios 2:8-9; João 3:16; 1 João 1:9 | Mateus 28:19-20; Isaías 6:8; Marcos 16:15 | Êxodo 20:8-11; Gênesis 2:2-3,https://www.youtube.com/watch?v=-3419VrV8Vk,Salmo 8:4-6,Hinos Infantis,Infantis,Williams Costa Jr.,Williams Costa Jr.
512,Cada Dia,"Espírito Santo | Graça e Salvação | Paz, Cuidado e Confiança",Efésios 2:8-9; João 3:16; 1 João 1:9 | João 14:16-17; Atos 2:1-4 | Salmos 23:1-4; João 14:27; Salmos 46:1,https://www.youtube.com/watch?v=geb2ugQWBis,Salmo 19:1-4,Hinos Infantis,Infantis,Valdecir Simões Lima,Flavio Almeida Santos
513,Ver Jesus Em Você,Crianças e Jovens | Sacrifício e Redenção,Isaías 53:4-5; Romanos 5:8; Hebreus 9:22 | Mateus 19:14; Provérbios 22:6,https://www.youtube.com/watch?v=elh4QZ-Fij4,1 Coríntios 11:1,Hinos Infantis,Infantis,"Rogério Sathler, Eddie Schultz Henrique",Eddie Schultz Henrique
514,Fruto da Criação,Crianças e Jovens | Graça e Salvação | Lar e Família | Missão e Serviço | Oração e Comunhão | Sábado e Criação,1 Tessalonicenses 5:17; Mateus 7:7; Filipenses 4:6 | Efésios 2:8-9; João 3:16; 1 João 1:9 | Josué 24:15; Efésios 6:1-4 | Mateus 19:14; Provérbios 22:6 | Mateus 28:19-20; Isaías 6:8; Marcos 16:15 | Êxodo 20:8-11; Gênesis 2:2-3,https://www.youtube.com/watch?v=2w8AGdqCM0s,Salmo 95:6,Hinos Infantis,Infantis,Jane Leitzke,Jane Leitzke
515,Sabe Quantas Estrelinhas?,Graça e Salvação,Efésios 2:8-9; João 3:16; 1 João 1:9,https://www.youtube.com/watch?v=wXIENxBI5mA,Isaías 40:26,Hinos Infantis,Infantis,Wilhelm Hey,Melodia Tradicional Alemã
516,Grande Artista,Adoração e Louvor | Graça e Salvação,Efésios 2:8-9; João 3:16; 1 João 1:9 | Salmos 150:1-6; Apocalipse 4:8; Salmos 95:1-2,https://www.youtube.com/watch?v=HjTn64jPYYQ,Salmo 134:3,Hinos Infantis,Infantis,Valdecir Simões Lima,Flavio Almeida Santos
517,Meu Deus É Tão Grande,Vida Cristã e Devoção,Salmos 1:1-2; Provérbios 3:5-6,https://www.youtube.com/watch?v=mg2bP7sg-QM,"Salmo 24:1, 2",Hinos Infantis,Infantis,Desconhecido,Desconhecido
518,O Dia Em Que Deus Criou o Mundo,Vida Cristã e Devoção,Salmos 1:1-2; Provérbios 3:5-6,https://www.youtube.com/watch?v=444SonCfdPE,Gênesis 1,Hinos Infantis,Infantis,Ariney Balthazar de Oliveira,Ariney Balthazar de Oliveira
519,O Amigo do Coração,"Oração e Comunhão | Paz, Cuidado e Confiança",1 Tessalonicenses 5:17; Mateus 7:7; Filipenses 4:6 | Salmos 23:1-4; João 14:27; Salmos 46:1,https://www.youtube.com/watch?v=ojukNBX0xRs,Provérbios 18:24,Hinos Infantis,Infantis,Sullivan Dutra,Sullivan Dutra
520,Cristo é o Número Um,Oração e Comunhão,1 Tessalonicenses 5:17; Mateus 7:7; Filipenses 4:6,https://www.youtube.com/watch?v=GqqgbpjsANo,Mateus 6:33,Hinos Infantis,Infantis,Jane Leitzke,Jane Leitzke
521,O Espírito Santo,"Adoração e Louvor | Espírito Santo | Paz, Cuidado e Confiança",João 14:16-17; Atos 2:1-4 | Salmos 150:1-6; Apocalipse 4:8; Salmos 95:1-2 | Salmos 23:1-4; João 14:27; Salmos 46:1,https://www.youtube.com/watch?v=97vtuS9WXZc,João 16:13,Hinos Infantis,Infantis,Wanderson F. Paiva,Wanderson F. Paiva
522,Eu Quero Esse Poder,Adoração e Louvor | Crianças e Jovens | Espírito Santo | Segunda Vinda e Esperança,1 Tessalonicenses 4:16-17; Apocalipse 1:7; João 14:1-3 | João 14:16-17; Atos 2:1-4 | Mateus 19:14; Provérbios 22:6 | Salmos 150:1-6; Apocalipse 4:8; Salmos 95:1-2,https://www.youtube.com/watch?v=cjw0Xd-BcIg,Joel 2:28,Hinos Infantis,Infantis,Jane Leitzke,Jane Leitzke
523,"Sim, Cristo me Ama",Graça e Salvação | Lar e Família | Palavra de Deus e Lei | Sacrifício e Redenção,Efésios 2:8-9; João 3:16; 1 João 1:9 | Isaías 53:4-5; Romanos 5:8; Hebreus 9:22 | Josué 24:15; Efésios 6:1-4 | Salmos 119:105; 2 Timóteo 3:16; Salmos 19:7,https://www.youtube.com/watch?v=7lR9ngghlhs,João 15:9,Hinos Infantis,Infantis,Anna B. Warner,William B. Bradbury
524,Jesus Me Quer Bem,Graça e Salvação | Lar e Família | Oração e Comunhão | Palavra de Deus e Lei,1 Tessalonicenses 5:17; Mateus 7:7; Filipenses 4:6 | Efésios 2:8-9; João 3:16; 1 João 1:9 | Josué 24:15; Efésios 6:1-4 | Salmos 119:105; 2 Timóteo 3:16; Salmos 19:7,https://www.youtube.com/watch?v=qQz-1FXuAmk,João 15:9,Hinos Infantis,Infantis,Philip P. Bliss,Philip P. Bliss
525,Deus Sempre me Ama,Crianças e Jovens | Graça e Salvação,Efésios 2:8-9; 1 João 1:9 | Mateus 19:14; Provérbios 22:6,https://www.youtube.com/watch?v=fm8Jh_12bGs,João 3:16,Hinos Infantis,Infantis,August D. Rische,Melodia Tradicional Turingiana
526,Quem Orou Três Vezes?,Vida Cristã e Devoção,Salmos 1:1-2; Provérbios 3:5-6,https://www.youtube.com/watch?v=yFMFvbRS0Mw,Daniel 6:10,Hinos Infantis,Infantis,Desconhecido,Negro Spiritual
527,Aonde Quer Que Eu Vá,"Oração e Comunhão | Paz, Cuidado e Confiança",1 Tessalonicenses 5:17; Mateus 7:7; Filipenses 4:6 | Salmos 23:1-4; João 14:27; Salmos 46:1,https://www.youtube.com/watch?v=h2_xAmV7XqA,Salmo 34:7,Hinos Infantis,Infantis,Jader D. Santos,Jader D. Santos
528,Quando Estou Com Medo,Adoração e Louvor,Salmos 150:1-6; Apocalipse 4:8; Salmos 95:1-2,https://www.youtube.com/watch?v=vh79qX7CK0c,Salmo 84:12,Hinos Infantis,Infantis,Frank Hernandez,Frank Hernandez
529,Se Deus É Por Nós,Vida Cristã e Devoção,Salmos 1:1-2; Provérbios 3:5-6,https://www.youtube.com/watch?v=Kzc35-5a-W0,Romanos 8:31,Hinos Infantis,Infantis,Sarah de Matos Bazan,Sarah de Matos Bazan
530,Lâmpada Para os Meus Pés,Palavra de Deus e Lei,Salmos 119:105; 2 Timóteo 3:16; Salmos 19:7,https://www.youtube.com/watch?v=z_ULuJComU8,Salmo 119:105,Hinos Infantis,Infantis,Rute de Matos Bazan,Rute de Matos Bazan
531,A Bíblia,Palavra de Deus e Lei,Salmos 119:105; 2 Timóteo 3:16; Salmos 19:7,https://www.youtube.com/watch?v=Rb5zqe-xg7s,Salmo 119:105,Hinos Infantis,Infantis,José Newton da Silva Júnior,José Newton da Silva Júnior
532,Louvem a Jesus,Crianças e Jovens,Mateus 19:14; Provérbios 22:6,https://www.youtube.com/watch?v=hWX79JHd_Sk,Mateus 21:16,Hinos Infantis,Infantis,Ronaldo da Silva,Ronaldo da Silva
533,Louvai-O,Crianças e Jovens | Graça e Salvação,Efésios 2:8-9; João 3:16; 1 João 1:9 | Mateus 19:14; Provérbios 22:6,https://www.youtube.com/watch?v=g9Y0GTrC8Yk,Salmo 135:1-3,Hinos Infantis,Infantis,Desconhecido,Carey Bonner
534,Eu Digo Não,Oração e Comunhão,1 Tessalonicenses 5:17; Mateus 7:7; Filipenses 4:6,https://www.youtube.com/watch?v=be6uoFLAuCE,Tiago 4:7,Hinos Infantis,Infantis,Chuck Fulmore,Chuck Fulmore
535,Santa Lei De Deus,Adoração e Louvor | Graça e Salvação | Lar e Família | Oração e Comunhão | Palavra de Deus e Lei,1 Tessalonicenses 5:17; Mateus 7:7; Filipenses 4:6 | Efésios 2:8-9; João 3:16; 1 João 1:9 | Josué 24:15; Efésios 6:1-4 | Salmos 119:105; 2 Timóteo 3:16; Salmos 19:7 | Salmos 150:1-6; Apocalipse 4:8; Salmos 95:1-2,https://www.youtube.com/watch?v=wSoey4BKe1Y,Salmo 119:73,Hinos Infantis,Infantis,Lucinda M. B. Bateman,James H. Rosecrans
536,São Dez Os Mandamentos,"Palavra de Deus e Lei | Paz, Cuidado e Confiança",Salmos 119:105; 2 Timóteo 3:16; Salmos 19:7 | Salmos 23:1-4; João 14:27; Salmos 46:1,https://www.youtube.com/watch?v=YHfVrIMkgYg,Êxodo 20:1-17,Hinos Infantis,Infantis,Rute de Matos Bazan,Rute de Matos Bazan
537,"Sábado, O Dia Mais Feliz",Igreja e Comunhão | Sábado e Criação,Salmos 133:1; Hebreus 10:25 | Êxodo 20:8-11; Gênesis 2:2-3,https://www.youtube.com/watch?v=QSFP2EvOtk8,Marcos 2:27,Hinos Infantis,Infantis,José Newton da Silva Júnior,José Newton da Silva Júnior
538,Dia Especial,Sábado e Criação,Êxodo 20:8-11; Gênesis 2:2-3,https://www.youtube.com/watch?v=kRjHUS_Ix4s,"Isaías 58:13, 14",Hinos Infantis,Infantis,Ronaldo da Silva,Ronaldo da Silva
539,Deus Mandou O Sol Brilhar,Lar e Família | Sábado e Criação,Josué 24:15; Efésios 6:1-4 | Êxodo 20:8-11; Gênesis 2:2-3,https://www.youtube.com/watch?v=r3pH5zs7aeY,And God SaidGênesis 2:1-3,Hinos Infantis,Infantis,Johnnie B. Wood,Johnnie B. Wood
540,Quero Bem Alegre Obedecer,Lar e Família,Josué 24:15; -4,https://www.youtube.com/watch?v=EfwQIFIdlWQ,Efésios 6:1,Hinos Infantis,Infantis,José Newton da Silva Júnior,José Newton da Silva Júnior
541,"Cria Em Mim, Ó Deus",Espírito Santo | Oração e Comunhão,1 Tessalonicenses 5:17; Mateus 7:7; Filipenses 4:6 | João 14:16-17; Atos 2:1-4,https://www.youtube.com/watch?v=OTYzVyXbdKw,"Salmo 51:10, 11",Hinos Infantis,Infantis,Rute de Matos Bazan,Rute de Matos Bazan
542,"Vem, Ó Jesus",Oração e Comunhão,1 Tessalonicenses 5:17; Mateus 7:7; Filipenses 4:6,https://www.youtube.com/watch?v=_6a8tqjCZ3w,"Salmo 61:1, 2",Hinos Infantis,Infantis,Harry D. Clarke,Harry D. Clarke
543,É Bom Ter Jesus No Coração,Oração e Comunhão,1 Tessalonicenses 5:17; Mateus 7:7; Filipenses 4:6,https://www.youtube.com/watch?v=_9TmgYS-BsU,Deuteronômio 13:4,Hinos Infantis,Infantis,Desconhecido,Desconhecido
544,Entrega Teu Caminho Ao Senhor,Vida Cristã e Devoção,Salmos 1:1-2; Provérbios 3:5-6,https://www.youtube.com/watch?v=NLwqMcTD8lU,Salmo 37:5,Hinos Infantis,Infantis,Williams Costa Jr.,Williams Costa Jr.
545,Sou Feliz,"Graça e Salvação | Oração e Comunhão | Paz, Cuidado e Confiança",1 Tessalonicenses 5:17; Mateus 7:7; Filipenses 4:6 | Efésios 2:8-9; João 3:16; 1 João 1:9 | Salmos 23:1-4; João 14:27; Salmos 46:1,https://www.youtube.com/watch?v=I1D2ayYAKL0,Salmo 84:12,Hinos Infantis,Infantis,Lineu Formighieri Soares,Lineu Formighieri Soares
546,Quero Servir a Jesus,Adoração e Louvor | Lar e Família | Missão e Serviço | Oração e Comunhão,1 Tessalonicenses 5:17; Mateus 7:7; Filipenses 4:6 | Josué 24:15; Efésios 6:1-4 | Mateus 28:19-20; Isaías 6:8; Marcos 16:15 | Salmos 150:1-6; Apocalipse 4:8; Salmos 95:1-2,https://www.youtube.com/watch?v=u9tMVmwsn2w,João 12:26,Hinos Infantis,Infantis,Juliana Pinheiro Sanches,Juliana Pinheiro Sanches
547,Eu Sei Por Que Nasci,"Graça e Salvação | Missão e Serviço | Paz, Cuidado e Confiança | Segunda Vinda e Esperança",1 Tessalonicenses 4:16-17; Apocalipse 1:7; João 14:1-3 | Efésios 2:8-9; João 3:16; 1 João 1:9 | Mateus 28:19-20; Isaías 6:8; Marcos 16:15 | Salmos 23:1-4; João 14:27; Salmos 46:1,https://www.youtube.com/watch?v=iTfgnKEIbXM,Mateus 23:11,Hinos Infantis,Infantis,Márcia Secundino,Márcia Secundino
548,O Milagre Da Vida,Graça e Salvação | Oração e Comunhão | Sábado e Criação,1 Tessalonicenses 5:17; Mateus 7:7; Filipenses 4:6 | Efésios 2:8-9; João 3:16; 1 João 1:9 | Êxodo 20:8-11; Gênesis 2:2-3,https://www.youtube.com/watch?v=A6KuXacY6MU,"Salmo 139:13, 14",Hinos Infantis,Infantis,Jane Leitzke,Jane Leitzke
549,Eu Sou Importante,Vida Cristã e Devoção,Salmos 1:1-2; Provérbios 3:5-6,https://www.youtube.com/watch?v=rQQEt6UslBI,Mateus 6:26,Hinos Infantis,Infantis,José Newton da Silva Júnior,José Newton da Silva Júnior
550,Deus Tem Um Plano Pra Mim,"Graça e Salvação | Paz, Cuidado e Confiança",Efésios 2:8-9; João 3:16; 1 João 1:9 | Salmos 23:1-4; João 14:27; Salmos 46:1,https://www.youtube.com/watch?v=Qt4e8OzK9k0,Jeremias 29:11,Hinos Infantis,Infantis,José Newton da Silva Júnior,José Newton da Silva Júnior
551,Minha Pequenina Luz,Vida Cristã e Devoção,Salmos 1:1-2; Provérbios 3:5-6,https://www.youtube.com/watch?v=Wn5nj616hNI,Mateus 5:16,Hinos Infantis,Infantis,Desconhecido,Negro Spiritual
552,Meus Talentos Vou Usar,"Missão e Serviço | Paz, Cuidado e Confiança",Mateus 28:19-20; Isaías 6:8; Marcos 16:15 | Salmos 23:1-4; João 14:27; Salmos 46:1,https://www.youtube.com/watch?v=uMw9alCBJGg,Mateus 25:16,Hinos Infantis,Infantis,José Newton da Silva Júnior,José Newton da Silva Júnior
553,Minha Vida É Uma Viagem,Lar e Família | Palavra de Deus e Lei,Josué 24:15; Efésios 6:1-4 | Salmos 119:105; 2 Timóteo 3:16; Salmos 19:7,https://www.youtube.com/watch?v=SjB4E02wpRM,"1 Tessalonicenses 4:16, 17",Hinos Infantis,Infantis,Daniel Lüdtke,Daniel Lüdtke
554,Sou Aventureiro,"Crianças e Jovens | Graça e Salvação | Lar e Família | Paz, Cuidado e Confiança",Efésios 2:8-9; João 3:16; 1 João 1:9 | Josué 24:15; Efésios 6:1-4 | Mateus 19:14; Provérbios 22:6 | Salmos 23:1-4; João 14:27; Salmos 46:1,https://www.youtube.com/watch?v=Xlva_BqXBgk,Lucas 18:16,Hinos Infantis,Infantis,Jader D. Santos,Jader D. Santos
555,Um Lugar Feliz É O Céu,Vida Cristã e Devoção,Salmos 1:1-2; Provérbios 3:5-6,https://www.youtube.com/watch?v=OesQovAZ38Y,Isaías 11:6,Hinos Infantis,Infantis,Ruby E. Dubois,Ruby E. Dubois
556,Lá No Céu,Oração e Comunhão,1 Tessalonicenses 5:17; Mateus 7:7; Filipenses 4:6,https://www.youtube.com/watch?v=TqM_jI_P2pI,João 14:1-3,Hinos Infantis,Infantis,Paulo Souza Ferreira,Paulo Souza Ferreira
557,O Céu,"Graça e Salvação | Igreja e Comunhão | Lar e Família | Oração e Comunhão | Paz, Cuidado e Confiança | Sacrifício e Redenção | Segunda Vinda e Esperança",1 Tessalonicenses 4:16-17; Apocalipse 1:7; João 14:1-3 | 1 Tessalonicenses 5:17; Mateus 7:7; Filipenses 4:6 | Efésios 2:8-9; João 3:16; 1 João 1:9 | Isaías 53:4-5; Romanos 5:8; Hebreus 9:22 | Josué 24:15; Efésios 6:1-4 | Salmos 133:1; Hebreus 10:25 | Salmos 23:1-4; João 14:27; Salmos 46:1,https://www.youtube.com/watch?v=G2fo6bPBLxU,Apocalipse 22:3-5,Hinos Infantis,Infantis,Wanderson F. Paiva,Wanderson F. Paiva
558,O Senhor Está Em Seu Templo,Adoração e Louvor,Salmos 150:1-6; Apocalipse 4:8; Salmos 95:1-2,https://www.youtube.com/watch?v=9w4e6ncQG6U,Hebreus 12:28,Hinos Litúrgicos,Introito,George F. Root,George F. Root
559,Sinto A Presença Do Senhor,Graça e Salvação,Efésios 2:8-9; João 3:16; 1 João 1:9,https://www.youtube.com/watch?v=pzA0pwlEP_s,"Gênesis 28:16, 17",Hinos Litúrgicos,Introito,Lanny Wolfe,Lanny Wolfe
560,A Glória da Tua Presença,Adoração e Louvor | Lar e Família,Josué 24:15; Efésios 6:1-4 | Salmos 150:1-6; Apocalipse 4:8; Salmos 95:1-2,https://www.youtube.com/watch?v=tDUVFIYYClg,Salmo 63:2,Hinos Litúrgicos,Introito,Steven L. Fry,Steven L. Fry
561,Santo Somente É O Senhor,"Adoração e Louvor | Graça e Salvação | Oração e Comunhão | Paz, Cuidado e Confiança",1 Tessalonicenses 5:17; Mateus 7:7; Filipenses 4:6 | Efésios 2:8-9; João 3:16; 1 João 1:9 | Salmos 150:1-6; Apocalipse 4:8; Salmos 95:1-2 | Salmos 23:1-4; João 14:27; Salmos 46:1,https://www.youtube.com/watch?v=7PCyZUfniNI,"Apocalipse 5:11, 12",Hinos Litúrgicos,Introito,Clayton A. Nunes,Clayton A. Nunes
562,"Santo És, Senhor",Adoração e Louvor | Graça e Salvação | Oração e Comunhão,1 Tessalonicenses 5:17; Mateus 7:7; Filipenses 4:6 | Efésios 2:8-9; João 3:16; 1 João 1:9 | Salmos 150:1-6; Apocalipse 4:8; Salmos 95:1-2,https://www.youtube.com/watch?v=RIcHuu1eM00,Isaías 6:3,Hinos Litúrgicos,Introito,Wanderson F. Paiva,Wanderson F. Paiva
563,Sua Glória,"Adoração e Louvor | Graça e Salvação | Lar e Família | Paz, Cuidado e Confiança | Segunda Vinda e Esperança",1 Tessalonicenses 4:16-17; Apocalipse 1:7; João 14:1-3 | Efésios 2:8-9; João 3:16; 1 João 1:9 | Josué 24:15; Efésios 6:1-4 | Salmos 150:1-6; Apocalipse 4:8; Salmos 95:1-2 | Salmos 23:1-4; João 14:27; Salmos 46:1,https://www.youtube.com/watch?v=KstVYG1eZLo,Salmo 57:11,Hinos Litúrgicos,Introito,Jairo Prado,Jairo Prado
564,Vamos Adorar,Adoração e Louvor | Graça e Salvação | Oração e Comunhão | Sábado e Criação,1 Tessalonicenses 5:17; Mateus 7:7; Filipenses 4:6 | Efésios 2:8-9; João 3:16; 1 João 1:9 | Salmos 150:1-6; Apocalipse 4:8; Salmos 95:1-2 | Êxodo 20:8-11; Gênesis 2:2-3,https://www.youtube.com/watch?v=WcbKoNxbg6E,Salmo 29:2,Hinos Litúrgicos,Introito,Lineu Formighieri Soares,Lineu Formighieri Soares
565,Adoração,Adoração e Louvor | Crianças e Jovens | Espírito Santo | Lar e Família | Oração e Comunhão,1 Tessalonicenses 5:17; Mateus 7:7; Filipenses 4:6 | Josué 24:15; Efésios 6:1-4 | João 14:16-17; Atos 2:1-4 | Mateus 19:14; Provérbios 22:6 | Salmos 150:1-6; Apocalipse 4:8; Salmos 95:1-2,https://www.youtube.com/watch?v=5fH_OdoULJ8,"Salmo 113:1, 2",Hinos Litúrgicos,Introito,Thomas Ken,Louis Bourgeois
566,"Oh, Adorai",Vida Cristã e Devoção,Salmos 1:1-2; Provérbios 3:5-6,https://www.youtube.com/watch?v=gHgPE5cBZsk,"Salmo 29:1, 2",Hinos Litúrgicos,Introito,Flavio Almeida Santos,Flavio Almeida Santos
567,Introito,"Adoração e Louvor | Espírito Santo | Graça e Salvação | Lar e Família | Oração e Comunhão | Paz, Cuidado e Confiança | Sacrifício e Redenção",1 Tessalonicenses 5:17; Mateus 7:7; Filipenses 4:6 | Efésios 2:8-9; João 3:16; 1 João 1:9 | Isaías 53:4-5; Romanos 5:8; Hebreus 9:22 | Josué 24:15; Efésios 6:1-4 | João 14:16-17; Atos 2:1-4 | Salmos 150:1-6; Apocalipse 4:8; Salmos 95:1-2 | Salmos 23:1-4; João 14:27; Salmos 46:1,https://www.youtube.com/watch?v=-O3V4eXegCA,Hebreus 11:16,Hinos Litúrgicos,Introito,Valdecir Simões Lima,Lineu Formighieri Soares
568,Invocação,Adoração e Louvor | Espírito Santo | Lar e Família | Oração e Comunhão | Sacrifício e Redenção | Sábado e Criação,1 Tessalonicenses 5:17; Mateus 7:7; Filipenses 4:6 | Isaías 53:4-5; Romanos 5:8; Hebreus 9:22 | Josué 24:15; Efésios 6:1-4 | João 14:16-17; Atos 2:1-4 | Salmos 150:1-6; Apocalipse 4:8; Salmos 95:1-2 | Êxodo 20:8-11; Gênesis 2:2-3,https://www.youtube.com/watch?v=c5rmDJAwbmo,Isaías 43:15,Hinos Litúrgicos,Introito,Clênio Abreu,Clênio Abreu
569,Nosso Maravilhoso Deus,Adoração e Louvor | Graça e Salvação,Efésios 2:8-9; João 3:16; 1 João 1:9 | Salmos 150:1-6; Apocalipse 4:8; Salmos 95:1-2,https://www.youtube.com/watch?v=h3Pn338Jbkc,Salmo 145:5,Hinos Litúrgicos,Introito,Ênio Monteiro,Ênio Monteiro
570,Maravilhoso Deus,Adoração e Louvor | Graça e Salvação | Oração e Comunhão,1 Tessalonicenses 5:17; Mateus 7:7; Filipenses 4:6 | Efésios 2:8-9; João 3:16; 1 João 1:9 | Salmos 150:1-6; Apocalipse 4:8; Salmos 95:1-2,https://www.youtube.com/watch?v=DU-gqqyFXhQ,Isaías 6:1-3,Hinos Litúrgicos,Introito,"Kleber Augusto, Luciana Valente","Kleber Augusto, Luciana Valente"
571,Tu És Digno,Adoração e Louvor | Oração e Comunhão,1 Tessalonicenses 5:17; Mateus 7:7; Filipenses 4:6 | Salmos 150:1-6; Apocalipse 4:8; Salmos 95:1-2,https://www.youtube.com/watch?v=9MI2kh8VZFM,Salmo 96:9,Hinos Litúrgicos,Introito,Pablo Sanches,Pablo Sanches
572,Ofertório,Lar e Família | Oração e Comunhão,1 Tessalonicenses 5:17; Mateus 7:7; Filipenses 4:6 | Josué 24:15; Efésios 6:1-4,https://www.youtube.com/watch?v=6XKBBbizSwU,Malaquias 3:10,Hinos Litúrgicos,Ofertório,William Cowper,Church Music
573,Venho Te Adorar,Graça e Salvação | Oração e Comunhão,1 Tessalonicenses 5:17; Mateus 7:7; Filipenses 4:6 | Efésios 2:8-9; João 3:16; 1 João 1:9,https://www.youtube.com/watch?v=IBj_6ya7xas,Malaquias 3:11,Hinos Litúrgicos,Ofertório,Rafael Lindemute,Rafael Lindemute
574,Teu É Nosso Coração,Adoração e Louvor | Crianças e Jovens | Oração e Comunhão,1 Tessalonicenses 5:17; Mateus 7:7; Filipenses 4:6 | Mateus 19:14; Provérbios 22:6 | Salmos 150:1-6; Apocalipse 4:8; Salmos 95:1-2,https://www.youtube.com/watch?v=M4e58v4OYAk,Gênesis 28:22,Hinos Litúrgicos,Ofertório,Clênio Abreu,Clênio Abreu
575,Entrego A Ti,Adoração e Louvor | Lar e Família | Oração e Comunhão,1 Tessalonicenses 5:17; Mateus 7:7; Filipenses 4:6 | Josué 24:15; Efésios 6:1-4 | Salmos 150:1-6; Apocalipse 4:8; Salmos 95:1-2,https://www.youtube.com/watch?v=Pl5UNPjWuQc,1 Crônicas 29:14,Hinos Litúrgicos,Ofertório,"Kleber Augusto, Luciana Valente","Kleber Augusto, Luciana Valente"
576,Humildade e Gratidão,Graça e Salvação,Efésios 2:8-9; João 3:16; 1 João 1:9,https://www.youtube.com/watch?v=Mo9jmUk1geA,1 Crônicas 29:14,Hinos Litúrgicos,Ofertório,Cleiton Schaefer,Cleiton Schaefer
577,Quero Me Entregar,Oração e Comunhão,1 Tessalonicenses 5:17; Mateus 7:7; Filipenses 4:6,https://www.youtube.com/watch?v=qNSke7mqfpU,2 Coríntios 8:5,Hinos Litúrgicos,Ofertório,Juliana Pinheiro Sanches,Juliana Pinheiro Sanches
578,Humilde Oração,Adoração e Louvor | Graça e Salvação | Oração e Comunhão,1 Tessalonicenses 5:17; Mateus 7:7; Filipenses 4:6 | Efésios 2:8-9; João 3:16; 1 João 1:9 | Salmos 150:1-6; Apocalipse 4:8; Salmos 95:1-2,https://www.youtube.com/watch?v=x7PXEUXWd_c,Salmo 51:10,Hinos Litúrgicos,Adoração Infantil,"Ademir Rodriguez, Amauri Barbosa","Ademir Rodriguez, Amauri Barbosa"
579,"Ao Orarmos, Senhor",Espírito Santo | Graça e Salvação | Igreja e Comunhão | Oração e Comunhão,1 Tessalonicenses 5:17; Mateus 7:7; Filipenses 4:6 | Efésios 2:8-9; João 3:16; 1 João 1:9 | João 14:16-17; Atos 2:1-4 | Salmos 133:1; Hebreus 10:25,https://www.youtube.com/watch?v=ruwejYHFrso,Salmo 55:1,Hinos Litúrgicos,Adoração Infantil,Ralph R. Carmichael,Ralph R. Carmichael
580,Oração de Súplica,"Graça e Salvação | Lar e Família | Oração e Comunhão | Paz, Cuidado e Confiança",1 Tessalonicenses 5:17; Mateus 7:7; Filipenses 4:6 | Efésios 2:8-9; João 3:16; 1 João 1:9 | Josué 24:15; Efésios 6:1-4 | Salmos 23:1-4; João 14:27; Salmos 46:1,https://www.youtube.com/watch?v=DM6XV-Xa-Q8,Salmo 38:9,Hinos Litúrgicos,Adoração Infantil,Gérson Felipe Salcedo,Gérson Felipe Salcedo
581,"Ouve-nos, Senhor","Adoração e Louvor | Paz, Cuidado e Confiança",Salmos 150:1-6; Apocalipse 4:8; Salmos 95:1-2 | Salmos 23:1-4; João 14:27; Salmos 46:1,https://www.youtube.com/watch?v=XlKHkTRrxdY,Salmo 55:1,Hinos Litúrgicos,Adoração Infantil,George Whelpton,George Whelpton
582,"Pai, Venho A Ti",Graça e Salvação | Lar e Família | Oração e Comunhão,1 Tessalonicenses 5:17; Mateus 7:7; Filipenses 4:6 | Efésios 2:8-9; João 3:16; 1 João 1:9 | Josué 24:15; Efésios 6:1-4,https://www.youtube.com/watch?v=DdIqNGYts1M,Salmo 33:22,Hinos Litúrgicos,Adoração Infantil,Sebastião M. Barbosa Júnior,Sebastião M. Barbosa Júnior
583,Entregamos Em Tuas Mãos,Oração e Comunhão,1 Tessalonicenses 5:17; Mateus 7:7; Filipenses 4:6,https://www.youtube.com/watch?v=mCDRltoQyRU,Provérbios 16:3,Hinos Litúrgicos,Adoração Infantil,Juliana Pinheiro Sanches,Juliana Pinheiro Sanches
584,Prece de Gratidão,Oração e Comunhão,1 Tessalonicenses 5:17; Mateus 7:7; Filipenses 4:6,https://www.youtube.com/watch?v=x21h3AlUjTk,Salmo 107:31,Hinos Litúrgicos,Adoração Infantil,Williams Costa Jr.,Williams Costa Jr.
585,"Vem, Espírito Santo","Adoração e Louvor | Espírito Santo | Paz, Cuidado e Confiança",João 14:16-17; Atos 2:1-4 | Salmos 150:1-6; Apocalipse 4:8; Salmos 95:1-2 | Salmos 23:1-4; João 14:27; Salmos 46:1,https://www.youtube.com/watch?v=lBRMAtNr-F8,Romanos 5:5,Hinos Litúrgicos,Adoração Infantil,Ariney Balthazar de Oliveira,Ariney Balthazar de Oliveira
586,Venham Todos,Graça e Salvação,Efésios 2:8-9; João 3:16; 1 João 1:9,https://www.youtube.com/watch?v=nw9MZZ4yXhg,Mateus 19:14,Hinos Litúrgicos,Oração Pastoral,Guilherme Schlichting,Guilherme Schlichting
587_A,Chegou a Hora de Adorar ao Senhor - A,Adoração e Louvor | Graça e Salvação | Oração e Comunhão,1 Tessalonicenses 5:17; Mateus 7:7; Filipenses 4:6 | Efésios 2:8-9; João 3:16; 1 João 1:9 | Salmos 150:1-6; Apocalipse 4:8; Salmos 95:1-2,https://www.youtube.com/watch?v=0Lps7KHmebA,N/A,,,,
587_B,Chegou a Hora de Adorar ao Senhor - B,Graça e Salvação | Lar e Família | Oração e Comunhão,1 Tessalonicenses 5:17; Mateus 7:7; Filipenses 4:6 | Efésios 2:8-9; João 3:16; 1 João 1:9 | Josué 24:15; Efésios 6:1-4,https://www.youtube.com/watch?v=GP8qu83lWls,N/A,,,,
588,Deixai Vir a Mim os Pequeninos,Crianças e Jovens,Mateus 19:14; Provérbios 22:6,https://www.youtube.com/watch?v=YfhkVkDCUzA,Lucas 18:16,Hinos Litúrgicos,Oração Pastoral,Myrtes Amaral Ribeiro,Myrtes Amaral Ribeiro
589,"Fala, Senhor",Graça e Salvação | Oração e Comunhão,1 Tessalonicenses 5:17; Mateus 7:7; Filipenses 4:6 | Efésios 2:8-9; João 3:16; 1 João 1:9,https://www.youtube.com/watch?v=KC11ybPhXuk,2 Timóteo 3:16,Hinos Litúrgicos,Introdução ao Sermão,Wanderson F. Paiva,Wanderson F. Paiva
590,"Queremos Te Pedir, Senhor",Espírito Santo | Oração e Comunhão,1 Tessalonicenses 5:17; Mateus 7:7; Filipenses 4:6 | João 14:16-17; Atos 2:1-4,https://www.youtube.com/watch?v=TwLx_8N9Rh8,Romanos 15:13,Hinos Litúrgicos,Introdução ao Sermão,Jader D. Santos,Jader D. Santos
591,Estejas Conosco,Adoração e Louvor | Espírito Santo | Palavra de Deus e Lei,João 14:16-17; Atos 2:1-4 | Salmos 119:105; 2 Timóteo 3:16; Salmos 19:7 | Salmos 150:1-6; Apocalipse 4:8; Salmos 95:1-2,https://www.youtube.com/watch?v=aJ39JaQeOa4,João 16:13,Hinos Litúrgicos,Introdução ao Sermão,Silmar Correia,Silmar Correia
592,"Graça, Amor e Comunhão",Espírito Santo | Graça e Salvação | Igreja e Comunhão | Lar e Família,Efésios 2:8-9; João 3:16; 1 João 1:9 | Josué 24:15; Efésios 6:1-4 | João 14:16-17; Atos 2:1-4 | Salmos 133:1; Hebreus 10:25,https://www.youtube.com/watch?v=fiUau4pkV9Q,2 Coríntios 13:13,Hinos Litúrgicos,Despedida,Thomas E. Fettke,Thomas E. Fettke
593,"Amigo, Não Saia Sem Cristo","Graça e Salvação | Oração e Comunhão | Paz, Cuidado e Confiança | Sacrifício e Redenção",1 Tessalonicenses 5:17; Mateus 7:7; Filipenses 4:6 | Efésios 2:8-9; João 3:16; 1 João 1:9 | Isaías 53:4-5; Romanos 5:8; Hebreus 9:22 | Salmos 23:1-4; João 14:27; Salmos 46:1,https://www.youtube.com/watch?v=qz4_paWtw8g,João 1:16,Hinos Litúrgicos,Despedida,Lawrence F. Taylor,Lawrence F. Taylor
594,Bênção Final,"Graça e Salvação | Lar e Família | Oração e Comunhão | Paz, Cuidado e Confiança | Segunda Vinda e Esperança",1 Tessalonicenses 4:16-17; Apocalipse 1:7; João 14:1-3 | 1 Tessalonicenses 5:17; Mateus 7:7; Filipenses 4:6 | Efésios 2:8-9; João 3:16; 1 João 1:9 | Josué 24:15; Efésios 6:1-4 | Salmos 23:1-4; João 14:27; Salmos 46:1,https://www.youtube.com/watch?v=fluE6tBTu6M,Hebreus 10:23,Hinos Litúrgicos,Despedida,Clênio Abreu,Clênio Abreu
595,A Bênção,"Graça e Salvação | Paz, Cuidado e Confiança",Efésios 2:8-9; João 3:16; 1 João 1:9 | Salmos 23:1-4; João 14:27; Salmos 46:1,https://www.youtube.com/watch?v=sRZHnhpdE10,Números 6:24-26,Hinos Litúrgicos,Despedida,Williams Costa Jr.,Williams Costa Jr.
596,"Vem, Senhor",Igreja e Comunhão | Oração e Comunhão,1 Tessalonicenses 5:17; Mateus 7:7; Filipenses 4:6 | Salmos 133:1; Hebreus 10:25,https://www.youtube.com/watch?v=e9GVzfcn-n8,Apocalipse 22:20,Hinos Litúrgicos,Despedida,Jader D. Santos,Jader D. Santos
597,Santo Lugar,"Adoração e Louvor | Lar e Família | Paz, Cuidado e Confiança | Segunda Vinda e Esperança",1 Tessalonicenses 4:16-17; Apocalipse 1:7; João 14:1-3 | Josué 24:15; Efésios 6:1-4 | Salmos 150:1-6; Apocalipse 4:8; Salmos 95:1-2 | Salmos 23:1-4; João 14:27; Salmos 46:1,https://www.youtube.com/watch?v=HNp73M6vd5o,Salmo 26:8,Hinos Litúrgicos,Despedida,Guilherme Schlichting,Guilherme Schlichting
598,Que Deus Te Abençoe!,"Graça e Salvação | Paz, Cuidado e Confiança",Efésios 2:8-9; João 3:16; 1 João 1:9 | Salmos 23:1-4; João 14:27; Salmos 46:1,https://www.youtube.com/watch?v=jsAz9HOKXjU,2 Tessalonicenses 1:2,Hinos Litúrgicos,Despedida,Flavio Almeida Santos,Flavio Almeida Santos
599,Que O Senhor Nos Abençoe!,"Paz, Cuidado e Confiança",Salmos 23:1-4; João 14:27; Salmos 46:1,https://www.youtube.com/watch?v=hbDJN08OQ6I,Judas 1:2,Hinos Litúrgicos,Despedida,Wendel Mattos,Wendel Mattos
600,Em Paz eu Vou,"Paz, Cuidado e Confiança",Salmos 23:1-4; João 14:27; Salmos 46:1,https://www.youtube.com/watch?v=hER6dGJKpqY,Romanos 15:33,Hinos Litúrgicos,Despedida,Marcelo Martins,Marcelo Martins
