Número,Título,Temas Relacionados,Textos Bíblicos Base,Link do Vídeo
1,"Santo, Santo, Santo!",Adoração e Louvor | Graça e Salvação | Sábado e Criação,Efésios 2:8-9; João 3:16; 1 João 1:9 | Salmos 150:1-6; Apocalipse 4:8; Salmos 95:1-2 | Êxodo 20:8-11; Gênesis 2:2-3,https://www.youtube.com/watch?v=FDpludwY46U
2,Ó Adorai o Senhor,Adoração e Louvor | Graça e Salvação | Oração e Comunhão,1 Tessalonicenses 5:17; Mateus 7:7; Filipenses 4:6 | Efésios 2:8-9; João 3:16; 1 João 1:9 | Salmos 150:1-6; Apocalipse 4:8; Salmos 95:1-2,https://www.youtube.com/watch?v=u4c66cbU9-c
3,O Deus Eterno Reina,"Adoração e Louvor | Graça e Salvação | Oração e Comunhão | Paz, Cuidado e Confiança",1 Tessalonicenses 5:17; Mateus 7:7; Filipenses 4:6 | Efésios 2:8-9; João 3:16; 1 João 1:9 | Salmos 150:1-6; Apocalipse 4:8; Salmos 95:1-2 | Salmos 23:1-4; João 14:27; Salmos 46:1,https://www.youtube.com/watch?v=BpMD-UziYbc
4,Louvor ao Trino Deus,Adoração e Louvor | Espírito Santo | Graça e Salvação | Sacrifício e Redenção,Efésios 2:8-9; João 3:16; 1 João 1:9 | Isaías 53:4-5; Romanos 5:8; Hebreus 9:22 | João 14:16-17; Atos 2:1-4 | Salmos 150:1-6; Apocalipse 4:8; Salmos 95:1-2,https://www.youtube.com/watch?v=hfH_dQpEMhk
5,Jubilosos Te Adoramos,"Adoração e Louvor | Espírito Santo | Graça e Salvação | Lar e Família | Oração e Comunhão | Paz, Cuidado e Confiança | Segunda Vinda e Esperança",1 Tessalonicenses 4:16-17; Apocalipse 1:7; João 14:1-3 | 1 Tessalonicenses 5:17; Mateus 7:7; Filipenses 4:6 | Efésios 2:8-9; João 3:16; 1 João 1:9 | Josué 24:15; Efésios 6:1-4 | João 14:16-17; Atos 2:1-4 | Salmos 150:1-6; Apocalipse 4:8; Salmos 95:1-2 | Salmos 23:1-4; João 14:27; Salmos 46:1,https://www.youtube.com/watch?v=e6r1kYZJ1hg
6,Nós Te Adoramos,"Adoração e Louvor | Crianças e Jovens | Espírito Santo | Graça e Salvação | Oração e Comunhão | Paz, Cuidado e Confiança",1 Tessalonicenses 5:17; Mateus 7:7; Filipenses 4:6 | Efésios 2:8-9; João 3:16; 1 João 1:9 | João 14:16-17; Atos 2:1-4 | Mateus 19:14; Provérbios 22:6 | Salmos 150:1-6; Apocalipse 4:8; Salmos 95:1-2 | Salmos 23:1-4; João 14:27; Salmos 46:1,https://www.youtube.com/watch?v=gUX4rONKdeI
7,Sejas Louvado,"Adoração e Louvor | Graça e Salvação | Paz, Cuidado e Confiança",Efésios 2:8-9; João 3:16; 1 João 1:9 | Salmos 150:1-6; Apocalipse 4:8; Salmos 95:1-2 | Salmos 23:1-4; João 14:27; Salmos 46:1,https://www.youtube.com/watch?v=jRo9W3iHhLc
8,Ó Deus de Amor,Adoração e Louvor | Graça e Salvação | Oração e Comunhão,1 Tessalonicenses 5:17; Mateus 7:7; Filipenses 4:6 | Efésios 2:8-9; João 3:16; 1 João 1:9 | Salmos 150:1-6; Apocalipse 4:8; Salmos 95:1-2,https://www.youtube.com/watch?v=W0Ha0nqpVtY
9,"Santo, Santo, Pai Bondoso",Adoração e Louvor | Espírito Santo | Graça e Salvação | Lar e Família | Oração e Comunhão | Sacrifício e Redenção,1 Tessalonicenses 5:17; Mateus 7:7; Filipenses 4:6 | Efésios 2:8-9; João 3:16; 1 João 1:9 | Isaías 53:4-5; Romanos 5:8; Hebreus 9:22 | Josué 24:15; Efésios 6:1-4 | João 14:16-17; Atos 2:1-4 | Salmos 150:1-6; Apocalipse 4:8; Salmos 95:1-2,https://www.youtube.com/watch?v=d-Jm5BqIHms
10,O Senhor Está Aqui,Adoração e Louvor | Oração e Comunhão | Segunda Vinda e Esperança,1 Tessalonicenses 4:16-17; Apocalipse 1:7; João 14:1-3 | 1 Tessalonicenses 5:17; Mateus 7:7; Filipenses 4:6 | Salmos 150:1-6; Apocalipse 4:8; Salmos 95:1-2,https://www.youtube.com/watch?v=XafjwXQ7OF8
11,Maior que Tudo,Graça e Salvação | Sacrifício e Redenção,Efésios 2:8-9; João 3:16; 1 João 1:9 | Isaías 53:4-5; Romanos 5:8; Hebreus 9:22,https://www.youtube.com/watch?v=7UlUMa8dlBg
12,"Vinde, Povo do Senhor","Adoração e Louvor | Espírito Santo | Graça e Salvação | Igreja e Comunhão | Lar e Família | Paz, Cuidado e Confiança | Segunda Vinda e Esperança",1 Tessalonicenses 4:16-17; Apocalipse 1:7; João 14:1-3 | Efésios 2:8-9; João 3:16; 1 João 1:9 | Josué 24:15; Efésios 6:1-4 | João 14:16-17; Atos 2:1-4 | Salmos 133:1; Hebreus 10:25 | Salmos 150:1-6; Apocalipse 4:8; Salmos 95:1-2 | Salmos 23:1-4; João 14:27; Salmos 46:1,https://www.youtube.com/watch?v=2WLfNPD0uhw
13,"Louvamos-Te, ó Deus",Adoração e Louvor | Espírito Santo | Graça e Salvação | Sacrifício e Redenção | Segunda Vinda e Esperança,1 Tessalonicenses 4:16-17; Apocalipse 1:7; João 14:1-3 | Efésios 2:8-9; João 3:16; 1 João 1:9 | Isaías 53:4-5; Romanos 5:8; Hebreus 9:22 | João 14:16-17; Atos 2:1-4 | Salmos 150:1-6; Apocalipse 4:8; Salmos 95:1-2,https://www.youtube.com/watch?v=xAzZsKdefi0
14,Louvemos o Rei,"Adoração e Louvor | Crianças e Jovens | Espírito Santo | Graça e Salvação | Lar e Família | Paz, Cuidado e Confiança",Efésios 2:8-9; João 3:16; 1 João 1:9 | Josué 24:15; Efésios 6:1-4 | João 14:16-17; Atos 2:1-4 | Mateus 19:14; Provérbios 22:6 | Salmos 150:1-6; Apocalipse 4:8; Salmos 95:1-2 | Salmos 23:1-4; João 14:27; Salmos 46:1,https://www.youtube.com/watch?v=KARmqJz3Ktg
15,"Tu És Fiel, Senhor","Crianças e Jovens | Graça e Salvação | Lar e Família | Paz, Cuidado e Confiança | Segunda Vinda e Esperança",1 Tessalonicenses 4:16-17; Apocalipse 1:7; João 14:1-3 | Efésios 2:8-9; João 3:16; 1 João 1:9 | Josué 24:15; Efésios 6:1-4 | Mateus 19:14; Provérbios 22:6 | Salmos 23:1-4; João 14:27; Salmos 46:1,https://www.youtube.com/watch?v=lVBzxAcXTVk
16,Sublime Amor,"Adoração e Louvor | Crianças e Jovens | Graça e Salvação | Lar e Família | Paz, Cuidado e Confiança",Efésios 2:8-9; João 3:16; 1 João 1:9 | Josué 24:15; Efésios 6:1-4 | Mateus 19:14; Provérbios 22:6 | Salmos 150:1-6; Apocalipse 4:8; Salmos 95:1-2 | Salmos 23:1-4; João 14:27; Salmos 46:1,https://www.youtube.com/watch?v=724USSpz4ls
17,Deus é Nosso Pai Amado,Adoração e Louvor | Lar e Família | Oração e Comunhão | Sacrifício e Redenção | Segunda Vinda e Esperança,1 Tessalonicenses 4:16-17; Apocalipse 1:7; João 14:1-3 | 1 Tessalonicenses 5:17; Mateus 7:7; Filipenses 4:6 | Isaías 53:4-5; Romanos 5:8; Hebreus 9:22 | Josué 24:15; Efésios 6:1-4 | Salmos 150:1-6; Apocalipse 4:8; Salmos 95:1-2,https://www.youtube.com/watch?v=1fkhW76iKSs
18,Deus é Nosso Pai Celeste,Adoração e Louvor | Crianças e Jovens | Lar e Família,Josué 24:15; Efésios 6:1-4 | Mateus 19:14; Provérbios 22:6 | Salmos 150:1-6; Apocalipse 4:8; Salmos 95:1-2,https://www.youtube.com/watch?v=5Zm_BUpeWHI
19,A Deus demos Glória,Adoração e Louvor | Crianças e Jovens | Graça e Salvação | Sacrifício e Redenção,Efésios 2:8-9; João 3:16; 1 João 1:9 | Isaías 53:4-5; Romanos 5:8; Hebreus 9:22 | Mateus 19:14; Provérbios 22:6 | Salmos 150:1-6; Apocalipse 4:8; Salmos 95:1-2,https://www.youtube.com/watch?v=MnBH-e_BpZQ
20,Grande é o Senhor,Adoração e Louvor | Graça e Salvação,Efésios 2:8-9; João 3:16; 1 João 1:9 | Salmos 150:1-6; Apocalipse 4:8; Salmos 95:1-2,https://www.youtube.com/watch?v=4C23Lx1lwso
21,"Eu Te Amo, ó Deus",Adoração e Louvor | Graça e Salvação | Oração e Comunhão,1 Tessalonicenses 5:17; Mateus 7:7; Filipenses 4:6 | Efésios 2:8-9; João 3:16; 1 João 1:9 | Salmos 150:1-6; Apocalipse 4:8; Salmos 95:1-2,https://www.youtube.com/watch?v=BjHv6tOnhn0
22,A Ti Toda Glória,Adoração e Louvor | Crianças e Jovens | Graça e Salvação | Igreja e Comunhão | Sacrifício e Redenção,Efésios 2:8-9; João 3:16; 1 João 1:9 | Isaías 53:4-5; Romanos 5:8; Hebreus 9:22 | Mateus 19:14; Provérbios 22:6 | Salmos 133:1; Hebreus 10:25 | Salmos 150:1-6; Apocalipse 4:8; Salmos 95:1-2,https://www.youtube.com/watch?v=BwISjJU028U
23,Louvai a Cristo,"Crianças e Jovens | Graça e Salvação | Missão e Serviço | Paz, Cuidado e Confiança | Sacrifício e Redenção | Segunda Vinda e Esperança",1 Tessalonicenses 4:16-17; Apocalipse 1:7; João 14:1-3 | Efésios 2:8-9; João 3:16; 1 João 1:9 | Isaías 53:4-5; Romanos 5:8; Hebreus 9:22 | Mateus 19:14; Provérbios 22:6 | Mateus 28:19-20; Isaías 6:8; Marcos 16:15 | Salmos 23:1-4; João 14:27; Salmos 46:1,https://www.youtube.com/watch?v=0LeRHv_eCgk
24,Louvai a Cristo,Vida Cristã e Devoção,Salmos 1:1-2; Provérbios 3:5-6,https://www.youtube.com/watch?v=AlTWVhSsndI
25,"Jesus, Sempre Te Amo",Adoração e Louvor | Graça e Salvação,Efésios 2:8-9; João 3:16; 1 João 1:9 | Salmos 150:1-6; Apocalipse 4:8; Salmos 95:1-2,https://www.youtube.com/watch?v=T5jU2aXD0cI
26,Saudai o Nome de Jesus,"Adoração e Louvor | Crianças e Jovens | Graça e Salvação | Lar e Família | Paz, Cuidado e Confiança",Efésios 2:8-9; João 3:16; 1 João 1:9 | Josué 24:15; Efésios 6:1-4 | Mateus 19:14; Provérbios 22:6 | Salmos 150:1-6; Apocalipse 4:8; Salmos 95:1-2 | Salmos 23:1-4; João 14:27; Salmos 46:1,https://www.youtube.com/watch?v=qQuZ30_VVbU
27,Com Glória Coroai,"Adoração e Louvor | Crianças e Jovens | Graça e Salvação | Lar e Família | Paz, Cuidado e Confiança",Efésios 2:8-9; João 3:16; 1 João 1:9 | Josué 24:15; Efésios 6:1-4 | Mateus 19:14; Provérbios 22:6 | Salmos 150:1-6; Apocalipse 4:8; Salmos 95:1-2 | Salmos 23:1-4; João 14:27; Salmos 46:1,https://www.youtube.com/watch?v=xlkwuGo10Os
28,"Lindo És, Meu Mestre",Adoração e Louvor,Salmos 150:1-6; Apocalipse 4:8; Salmos 95:1-2,https://www.youtube.com/watch?v=DRYgNLQNjmU
29,O Amor de Jesus,"Graça e Salvação | Lar e Família | Oração e Comunhão | Paz, Cuidado e Confiança",1 Tessalonicenses 5:17; Mateus 7:7; Filipenses 4:6 | Efésios 2:8-9; João 3:16; 1 João 1:9 | Josué 24:15; Efésios 6:1-4 | Salmos 23:1-4; João 14:27; Salmos 46:1,https://www.youtube.com/watch?v=rDqhjaMUu8I
30,Sempre Vencendo,"Lar e Família | Paz, Cuidado e Confiança",Josué 24:15; Efésios 6:1-4 | Salmos 23:1-4; João 14:27; Salmos 46:1,https://www.youtube.com/watch?v=SvLmewB4-tc
31,"Jesus, Tu És a Minha Vida",Adoração e Louvor | Graça e Salvação | Oração e Comunhão | Segunda Vinda e Esperança,1 Tessalonicenses 4:16-17; Apocalipse 1:7; João 14:1-3 | 1 Tessalonicenses 5:17; Mateus 7:7; Filipenses 4:6 | Efésios 2:8-9; João 3:16; 1 João 1:9 | Salmos 150:1-6; Apocalipse 4:8; Salmos 95:1-2,https://www.youtube.com/watch?v=LL5Pak4zcuA
32,"Brilha, Jesus","Adoração e Louvor | Graça e Salvação | Lar e Família | Paz, Cuidado e Confiança",Efésios 2:8-9; João 3:16; 1 João 1:9 | Josué 24:15; Efésios 6:1-4 | Salmos 150:1-6; Apocalipse 4:8; Salmos 95:1-2 | Salmos 23:1-4; João 14:27; Salmos 46:1,https://www.youtube.com/watch?v=pnjg15RB6f8
33,A Esperança é Jesus,"Graça e Salvação | Paz, Cuidado e Confiança | Segunda Vinda e Esperança",1 Tessalonicenses 4:16-17; Apocalipse 1:7; João 14:1-3 | Efésios 2:8-9; João 3:16; 1 João 1:9 | Salmos 23:1-4; João 14:27; Salmos 46:1,https://www.youtube.com/watch?v=8hKR6ohrexE
34,Precioso Nome,"Adoração e Louvor | Graça e Salvação | Paz, Cuidado e Confiança",Efésios 2:8-9; João 3:16; 1 João 1:9 | Salmos 150:1-6; Apocalipse 4:8; Salmos 95:1-2 | Salmos 23:1-4; João 14:27; Salmos 46:1,https://www.youtube.com/watch?v=i_1znegpxLI
35,Ele é Exaltado,Adoração e Louvor,Salmos 150:1-6; Apocalipse 4:8; Salmos 95:1-2,https://www.youtube.com/watch?v=KAu7WO38klQ
36,Por Seu Imenso Amor,Adoração e Louvor | Graça e Salvação | Oração e Comunhão,1 Tessalonicenses 5:17; Mateus 7:7; Filipenses 4:6 | Efésios 2:8-9; João 3:16; 1 João 1:9 | Salmos 150:1-6; Apocalipse 4:8; Salmos 95:1-2,https://www.youtube.com/watch?v=h2zY2yqEhH8
37,Cristo,"Adoração e Louvor | Graça e Salvação | Paz, Cuidado e Confiança",Efésios 2:8-9; João 3:16; 1 João 1:9 | Salmos 150:1-6; Apocalipse 4:8; Salmos 95:1-2 | Salmos 23:1-4; João 14:27; Salmos 46:1,https://www.youtube.com/watch?v=PRVP3fMMOJ8
38,A Ti Rendemos Glórias,"Adoração e Louvor | Crianças e Jovens | Graça e Salvação | Lar e Família | Paz, Cuidado e Confiança | Sacrifício e Redenção",Efésios 2:8-9; João 3:16; 1 João 1:9 | Isaías 53:4-5; Romanos 5:8; Hebreus 9:22 | Josué 24:15; Efésios 6:1-4 | Mateus 19:14; Provérbios 22:6 | Salmos 150:1-6; Apocalipse 4:8; Salmos 95:1-2 | Salmos 23:1-4; João 14:27; Salmos 46:1,https://www.youtube.com/watch?v=Sju2hLQ6hKU
39,Glórias ao Rei de Amor,"Adoração e Louvor | Graça e Salvação | Lar e Família | Oração e Comunhão | Paz, Cuidado e Confiança | Sacrifício e Redenção",1 Tessalonicenses 5:17; Mateus 7:7; Filipenses 4:6 | Efésios 2:8-9; João 3:16; 1 João 1:9 | Isaías 53:4-5; Romanos 5:8; Hebreus 9:22 | Josué 24:15; Efésios 6:1-4 | Salmos 150:1-6; Apocalipse 4:8; Salmos 95:1-2 | Salmos 23:1-4; João 14:27; Salmos 46:1,https://www.youtube.com/watch?v=aARgwr11kt4
40,Concede-nos o Espírito,Adoração e Louvor | Crianças e Jovens | Espírito Santo | Graça e Salvação | Lar e Família | Oração e Comunhão | Santuário e Juízo,1 Tessalonicenses 5:17; Mateus 7:7; Filipenses 4:6 | Efésios 2:8-9; João 3:16; 1 João 1:9 | Hebreus 4:14-16; Hebreus 8:1-2; Daniel 8:14 | Josué 24:15; Efésios 6:1-4 | João 14:16-17; Atos 2:1-4 | Mateus 19:14; Provérbios 22:6 | Salmos 150:1-6; Apocalipse 4:8; Salmos 95:1-2,https://www.youtube.com/watch?v=AEIOZHynZ10
41,Chuvas de Bênçãos,"Espírito Santo | Graça e Salvação | Paz, Cuidado e Confiança",Efésios 2:8-9; João 3:16; 1 João 1:9 | João 14:16-17; Atos 2:1-4 | Salmos 23:1-4; João 14:27; Salmos 46:1,https://www.youtube.com/watch?v=BaJF1Tg3CJM
42,Vive em Mim,Adoração e Louvor | Espírito Santo | Graça e Salvação | Oração e Comunhão,1 Tessalonicenses 5:17; Mateus 7:7; Filipenses 4:6 | Efésios 2:8-9; João 3:16; 1 João 1:9 | João 14:16-17; Atos 2:1-4 | Salmos 150:1-6; Apocalipse 4:8; Salmos 95:1-2,https://www.youtube.com/watch?v=GHr5fUzMD-8
43,"Vem, Santo Espírito, Agora",Adoração e Louvor | Espírito Santo | Graça e Salvação | Oração e Comunhão,1 Tessalonicenses 5:17; Mateus 7:7; Filipenses 4:6 | Efésios 2:8-9; João 3:16; 1 João 1:9 | João 14:16-17; Atos 2:1-4 | Salmos 150:1-6; Apocalipse 4:8; Salmos 95:1-2,https://www.youtube.com/watch?v=q7ckGf7nsU4
44,O Santo Espírito,"Adoração e Louvor | Espírito Santo | Graça e Salvação | Igreja e Comunhão | Missão e Serviço | Oração e Comunhão | Palavra de Deus e Lei | Paz, Cuidado e Confiança",1 Tessalonicenses 5:17; Mateus 7:7; Filipenses 4:6 | Efésios 2:8-9; João 3:16; 1 João 1:9 | João 14:16-17; Atos 2:1-4 | Mateus 28:19-20; Isaías 6:8; Marcos 16:15 | Salmos 119:105; 2 Timóteo 3:16; Salmos 19:7 | Salmos 133:1; Hebreus 10:25 | Salmos 150:1-6; Apocalipse 4:8; Salmos 95:1-2 | Salmos 23:1-4; João 14:27; Salmos 46:1,https://www.youtube.com/watch?v=niiUqUc9j1s
45,Suave Espírito,Adoração e Louvor | Espírito Santo | Graça e Salvação | Missão e Serviço | Oração e Comunhão,1 Tessalonicenses 5:17; Mateus 7:7; Filipenses 4:6 | Efésios 2:8-9; João 3:16; 1 João 1:9 | João 14:16-17; Atos 2:1-4 | Mateus 28:19-20; Isaías 6:8; Marcos 16:15 | Salmos 150:1-6; Apocalipse 4:8; Salmos 95:1-2,https://www.youtube.com/watch?v=zoxr6xrtoa8
46,Dia de Chuva,Espírito Santo | Graça e Salvação | Lar e Família | Oração e Comunhão | Segunda Vinda e Esperança,1 Tessalonicenses 4:16-17; Apocalipse 1:7; João 14:1-3 | 1 Tessalonicenses 5:17; Mateus 7:7; Filipenses 4:6 | Efésios 2:8-9; João 3:16; 1 João 1:9 | Josué 24:15; Efésios 6:1-4 | João 14:16-17; Atos 2:1-4,https://www.youtube.com/watch?v=Vwpc1inHrwA
47,Cheios do Espírito,"Adoração e Louvor | Espírito Santo | Graça e Salvação | Lar e Família | Paz, Cuidado e Confiança | Sacrifício e Redenção | Segunda Vinda e Esperança",1 Tessalonicenses 4:16-17; Apocalipse 1:7; João 14:1-3 | Efésios 2:8-9; João 3:16; 1 João 1:9 | Isaías 53:4-5; Romanos 5:8; Hebreus 9:22 | Josué 24:15; Efésios 6:1-4 | João 14:16-17; Atos 2:1-4 | Salmos 150:1-6; Apocalipse 4:8; Salmos 95:1-2 | Salmos 23:1-4; João 14:27; Salmos 46:1,https://www.youtube.com/watch?v=5pCbe4IUoSQ
48,O Poder do Espírito,Adoração e Louvor | Espírito Santo | Graça e Salvação | Segunda Vinda e Esperança,1 Tessalonicenses 4:16-17; Apocalipse 1:7; João 14:1-3 | Efésios 2:8-9; João 3:16; 1 João 1:9 | João 14:16-17; Atos 2:1-4 | Salmos 150:1-6; Apocalipse 4:8; Salmos 95:1-2,https://www.youtube.com/watch?v=dq4XfQZJrbg
49,Que Firme Alicerce!,Adoração e Louvor | Crianças e Jovens | Palavra de Deus e Lei | Sacrifício e Redenção,Isaías 53:4-5; Romanos 5:8; Hebreus 9:22 | Mateus 19:14; Provérbios 22:6 | Salmos 119:105; 2 Timóteo 3:16; Salmos 19:7 | Salmos 150:1-6; Apocalipse 4:8; Salmos 95:1-2,https://www.youtube.com/watch?v=YiYxrq_0LuI
50,Alicerce Seguro,"Crianças e Jovens | Graça e Salvação | Palavra de Deus e Lei | Paz, Cuidado e Confiança | Sacrifício e Redenção",Efésios 2:8-9; João 3:16; 1 João 1:9 | Isaías 53:4-5; Romanos 5:8; Hebreus 9:22 | Mateus 19:14; Provérbios 22:6 | Salmos 119:105; 2 Timóteo 3:16; Salmos 19:7 | Salmos 23:1-4; João 14:27; Salmos 46:1,https://www.youtube.com/watch?v=s8iTxsqiiqM
51,Dá-me a Bíblia,"Palavra de Deus e Lei | Paz, Cuidado e Confiança | Sacrifício e Redenção",Isaías 53:4-5; Romanos 5:8; Hebreus 9:22 | Salmos 119:105; 2 Timóteo 3:16; Salmos 19:7 | Salmos 23:1-4; João 14:27; Salmos 46:1,https://www.youtube.com/watch?v=k-O7d-lvwtE
52,Novas de Amor e Vida,"Adoração e Louvor | Graça e Salvação | Paz, Cuidado e Confiança",Efésios 2:8-9; João 3:16; 1 João 1:9 | Salmos 150:1-6; Apocalipse 4:8; Salmos 95:1-2 | Salmos 23:1-4; João 14:27; Salmos 46:1,https://www.youtube.com/watch?v=ZKGM3HzpOZo
53,Que Diz a Bíblia?,Palavra de Deus e Lei | Segunda Vinda e Esperança | Sábado e Criação,1 Tessalonicenses 4:16-17; Apocalipse 1:7; João 14:1-3 | Salmos 119:105; 2 Timóteo 3:16; Salmos 19:7 | Êxodo 20:8-11; Gênesis 2:2-3,https://www.youtube.com/watch?v=hNdx9bWb_0s
54,Unidos Pela Palavra,Espírito Santo | Igreja e Comunhão | Palavra de Deus e Lei | Segunda Vinda e Esperança,1 Tessalonicenses 4:16-17; Apocalipse 1:7; João 14:1-3 | João 14:16-17; Atos 2:1-4 | Salmos 119:105; 2 Timóteo 3:16; Salmos 19:7 | Salmos 133:1; Hebreus 10:25,https://www.youtube.com/watch?v=2rH9XgY6SGQ
55,Tua Palavra,"Oração e Comunhão | Palavra de Deus e Lei | Paz, Cuidado e Confiança",1 Tessalonicenses 5:17; Mateus 7:7; Filipenses 4:6 | Salmos 119:105; 2 Timóteo 3:16; Salmos 19:7 | Salmos 23:1-4; João 14:27; Salmos 46:1,https://www.youtube.com/watch?v=L81Mjny13d4
56,Nossa Inspiração,Graça e Salvação | Oração e Comunhão | Palavra de Deus e Lei | Segunda Vinda e Esperança,1 Tessalonicenses 4:16-17; Apocalipse 1:7; João 14:1-3 | 1 Tessalonicenses 5:17; Mateus 7:7; Filipenses 4:6 | Efésios 2:8-9; João 3:16; 1 João 1:9 | Salmos 119:105; 2 Timóteo 3:16; Salmos 19:7,https://www.youtube.com/watch?v=5-PCVhz6uzg
57,A Palavra do Senhor,"Oração e Comunhão | Palavra de Deus e Lei | Paz, Cuidado e Confiança | Segunda Vinda e Esperança",1 Tessalonicenses 4:16-17; Apocalipse 1:7; João 14:1-3 | 1 Tessalonicenses 5:17; Mateus 7:7; Filipenses 4:6 | Salmos 119:105; 2 Timóteo 3:16; Salmos 19:7 | Salmos 23:1-4; João 14:27; Salmos 46:1,https://www.youtube.com/watch?v=86bzYwgHtG4
58,O Pão da Vida,Adoração e Louvor | Graça e Salvação | Lar e Família | Palavra de Deus e Lei,Efésios 2:8-9; João 3:16; 1 João 1:9 | Josué 24:15; Efésios 6:1-4 | Salmos 119:105; 2 Timóteo 3:16; Salmos 19:7 | Salmos 150:1-6; Apocalipse 4:8; Salmos 95:1-2,https://www.youtube.com/watch?v=uNq843-YAvo
59,Por Belezas Naturais,"Adoração e Louvor | Espírito Santo | Graça e Salvação | Igreja e Comunhão | Paz, Cuidado e Confiança | Sacrifício e Redenção",Efésios 2:8-9; João 3:16; 1 João 1:9 | Isaías 53:4-5; Romanos 5:8; Hebreus 9:22 | João 14:16-17; Atos 2:1-4 | Salmos 133:1; Hebreus 10:25 | Salmos 150:1-6; Apocalipse 4:8; Salmos 95:1-2 | Salmos 23:1-4; João 14:27; Salmos 46:1,https://www.youtube.com/watch?v=ogxYKQWtuCo
60,Ao Deus de Abraão Louvai,Adoração e Louvor | Crianças e Jovens | Graça e Salvação | Lar e Família,Efésios 2:8-9; João 3:16; 1 João 1:9 | Josué 24:15; Efésios 6:1-4 | Mateus 19:14; Provérbios 22:6 | Salmos 150:1-6; Apocalipse 4:8; Salmos 95:1-2,https://www.youtube.com/watch?v=2khAUPUJ5VM
61,"Vós, Criaturas do Senhor",Adoração e Louvor | Crianças e Jovens | Espírito Santo | Graça e Salvação | Lar e Família | Sábado e Criação,Efésios 2:8-9; João 3:16; 1 João 1:9 | Josué 24:15; Efésios 6:1-4 | João 14:16-17; Atos 2:1-4 | Mateus 19:14; Provérbios 22:6 | Salmos 150:1-6; Apocalipse 4:8; Salmos 95:1-2 | Êxodo 20:8-11; Gênesis 2:2-3,https://www.youtube.com/watch?v=EUHb7-depCY
62,Quão Grande És Tu,Adoração e Louvor | Crianças e Jovens | Lar e Família | Sacrifício e Redenção,Isaías 53:4-5; Romanos 5:8; Hebreus 9:22 | Josué 24:15; Efésios 6:1-4 | Mateus 19:14; Provérbios 22:6 | Salmos 150:1-6; Apocalipse 4:8; Salmos 95:1-2,https://www.youtube.com/watch?v=gwi_gzBwl98
63,O Mundo é de Meu Deus,Sacrifício e Redenção | Sábado e Criação,Isaías 53:4-5; Romanos 5:8; Hebreus 9:22 | Êxodo 20:8-11; Gênesis 2:2-3,https://www.youtube.com/watch?v=xopoI-il52Y
64,Vaso Novo,Graça e Salvação | Palavra de Deus e Lei,Efésios 2:8-9; João 3:16; 1 João 1:9 | Salmos 119:105; 2 Timóteo 3:16; Salmos 19:7,https://www.youtube.com/watch?v=Dh24lTXOorc
65,Das Mãos do Criador,"Adoração e Louvor | Graça e Salvação | Igreja e Comunhão | Lar e Família | Oração e Comunhão | Palavra de Deus e Lei | Paz, Cuidado e Confiança | Sacrifício e Redenção | Segunda Vinda e Esperança",1 Tessalonicenses 4:16-17; Apocalipse 1:7; João 14:1-3 | 1 Tessalonicenses 5:17; Mateus 7:7; Filipenses 4:6 | Efésios 2:8-9; João 3:16; 1 João 1:9 | Isaías 53:4-5; Romanos 5:8; Hebreus 9:22 | Josué 24:15; Efésios 6:1-4 | Salmos 119:105; 2 Timóteo 3:16; Salmos 19:7 | Salmos 133:1; Hebreus 10:25 | Salmos 150:1-6; Apocalipse 4:8; Salmos 95:1-2 | Salmos 23:1-4; João 14:27; Salmos 46:1,https://www.youtube.com/watch?v=38nr_ig4oYk
66,Não Há Outro Igual a Você,Espírito Santo | Lar e Família,Josué 24:15; Efésios 6:1-4 | João 14:16-17; Atos 2:1-4,https://www.youtube.com/watch?v=1XYJWYHuZdg
67,Restaura em Mim,Espírito Santo | Lar e Família,Josué 24:15; Efésios 6:1-4 | João 14:16-17; Atos 2:1-4,https://www.youtube.com/watch?v=IN0WMRcnYq4
68,Restaura,"Adoração e Louvor | Graça e Salvação | Oração e Comunhão | Paz, Cuidado e Confiança",1 Tessalonicenses 5:17; Mateus 7:7; Filipenses 4:6 | Efésios 2:8-9; João 3:16; 1 João 1:9 | Salmos 150:1-6; Apocalipse 4:8; Salmos 95:1-2 | Salmos 23:1-4; João 14:27; Salmos 46:1,https://www.youtube.com/watch?v=98rSocNlrtw
69,"Obrigado, Bom Pai",Adoração e Louvor | Graça e Salvação | Lar e Família | Oração e Comunhão | Palavra de Deus e Lei | Segunda Vinda e Esperança,1 Tessalonicenses 4:16-17; Apocalipse 1:7; João 14:1-3 | 1 Tessalonicenses 5:17; Mateus 7:7; Filipenses 4:6 | Efésios 2:8-9; João 3:16; 1 João 1:9 | Josué 24:15; Efésios 6:1-4 | Salmos 119:105; 2 Timóteo 3:16; Salmos 19:7 | Salmos 150:1-6; Apocalipse 4:8; Salmos 95:1-2,https://www.youtube.com/watch?v=4XkYx2_xuPA
70,A Real Bandeira,Oração e Comunhão,1 Tessalonicenses 5:17; Mateus 7:7; Filipenses 4:6,https://www.youtube.com/watch?v=vs4fs-zc66M
71,Vitória em Cristo,"Adoração e Louvor | Lar e Família | Paz, Cuidado e Confiança | Sacrifício e Redenção | Segunda Vinda e Esperança",1 Tessalonicenses 4:16-17; Apocalipse 1:7; João 14:1-3 | Isaías 53:4-5; Romanos 5:8; Hebreus 9:22 | Josué 24:15; Efésios 6:1-4 | Salmos 150:1-6; Apocalipse 4:8; Salmos 95:1-2 | Salmos 23:1-4; João 14:27; Salmos 46:1,https://www.youtube.com/watch?v=wQFi-aVjuo0
72,Firme nas Promessas,"Adoração e Louvor | Graça e Salvação | Paz, Cuidado e Confiança | Sacrifício e Redenção",Efésios 2:8-9; João 3:16; 1 João 1:9 | Isaías 53:4-5; Romanos 5:8; Hebreus 9:22 | Salmos 150:1-6; Apocalipse 4:8; Salmos 95:1-2 | Salmos 23:1-4; João 14:27; Salmos 46:1,https://www.youtube.com/watch?v=0QqmaJAVCss
73,Castelo Forte,"Lar e Família | Oração e Comunhão | Palavra de Deus e Lei | Paz, Cuidado e Confiança | Sábado e Criação",1 Tessalonicenses 5:17; Mateus 7:7; Filipenses 4:6 | Josué 24:15; Efésios 6:1-4 | Salmos 119:105; 2 Timóteo 3:16; Salmos 19:7 | Salmos 23:1-4; João 14:27; Salmos 46:1 | Êxodo 20:8-11; Gênesis 2:2-3,https://www.youtube.com/watch?v=r130BsOP1Cs
74,Grande Comandante,Lar e Família,Josué 24:15; Efésios 6:1-4,https://www.youtube.com/watch?v=pDF_yaObO8M
75,Fé é a Vitória,"Adoração e Louvor | Graça e Salvação | Igreja e Comunhão | Paz, Cuidado e Confiança",Efésios 2:8-9; João 3:16; 1 João 1:9 | Salmos 133:1; Hebreus 10:25 | Salmos 150:1-6; Apocalipse 4:8; Salmos 95:1-2 | Salmos 23:1-4; João 14:27; Salmos 46:1,https://www.youtube.com/watch?v=1k3ayNZz8jQ
76,Vencedor Cada Dia,Graça e Salvação | Lar e Família | Missão e Serviço | Oração e Comunhão | Palavra de Deus e Lei | Segunda Vinda e Esperança,1 Tessalonicenses 4:16-17; Apocalipse 1:7; João 14:1-3 | 1 Tessalonicenses 5:17; Mateus 7:7; Filipenses 4:6 | Efésios 2:8-9; João 3:16; 1 João 1:9 | Josué 24:15; Efésios 6:1-4 | Mateus 28:19-20; Isaías 6:8; Marcos 16:15 | Salmos 119:105; 2 Timóteo 3:16; Salmos 19:7,https://www.youtube.com/watch?v=-0M7gBeQI78
77,"Ó Cristãos, Avante!","Adoração e Louvor | Igreja e Comunhão | Lar e Família | Paz, Cuidado e Confiança | Sacrifício e Redenção",Isaías 53:4-5; Romanos 5:8; Hebreus 9:22 | Josué 24:15; Efésios 6:1-4 | Salmos 133:1; Hebreus 10:25 | Salmos 150:1-6; Apocalipse 4:8; Salmos 95:1-2 | Salmos 23:1-4; João 14:27; Salmos 46:1,https://www.youtube.com/watch?v=3-mP_nKu8yQ
78,Um Vencedor,"Graça e Salvação | Missão e Serviço | Paz, Cuidado e Confiança | Sacrifício e Redenção",Efésios 2:8-9; João 3:16; 1 João 1:9 | Isaías 53:4-5; Romanos 5:8; Hebreus 9:22 | Mateus 28:19-20; Isaías 6:8; Marcos 16:15 | Salmos 23:1-4; João 14:27; Salmos 46:1,https://www.youtube.com/watch?v=JzD8Fe1ICcw
79,Noite de Paz,"Adoração e Louvor | Graça e Salvação | Paz, Cuidado e Confiança",Efésios 2:8-9; João 3:16; 1 João 1:9 | Salmos 150:1-6; Apocalipse 4:8; Salmos 95:1-2 | Salmos 23:1-4; João 14:27; Salmos 46:1,https://www.youtube.com/watch?v=EbHIw7hpduI
80,Soou em Meio à Noite Azul,"Adoração e Louvor | Graça e Salvação | Lar e Família | Paz, Cuidado e Confiança",Efésios 2:8-9; João 3:16; 1 João 1:9 | Josué 24:15; Efésios 6:1-4 | Salmos 150:1-6; Apocalipse 4:8; Salmos 95:1-2 | Salmos 23:1-4; João 14:27; Salmos 46:1,https://www.youtube.com/watch?v=j_LfpCFhM1o
81,Surgem Anjos Proclamando,"Adoração e Louvor | Graça e Salvação | Oração e Comunhão | Paz, Cuidado e Confiança",1 Tessalonicenses 5:17; Mateus 7:7; Filipenses 4:6 | Efésios 2:8-9; João 3:16; 1 João 1:9 | Salmos 150:1-6; Apocalipse 4:8; Salmos 95:1-2 | Salmos 23:1-4; João 14:27; Salmos 46:1,https://www.youtube.com/watch?v=kkHG9hyVZFI
82,Num Berço de Palha,"Adoração e Louvor | Crianças e Jovens | Graça e Salvação | Lar e Família | Paz, Cuidado e Confiança",Efésios 2:8-9; João 3:16; 1 João 1:9 | Josué 24:15; Efésios 6:1-4 | Mateus 19:14; Provérbios 22:6 | Salmos 150:1-6; Apocalipse 4:8; Salmos 95:1-2 | Salmos 23:1-4; João 14:27; Salmos 46:1,https://www.youtube.com/watch?v=RDNxaHfPnLE
83,Canção da Manjedoura,"Adoração e Louvor | Crianças e Jovens | Graça e Salvação | Lar e Família | Paz, Cuidado e Confiança",Efésios 2:8-9; João 3:16; 1 João 1:9 | Josué 24:15; Efésios 6:1-4 | Mateus 19:14; Provérbios 22:6 | Salmos 150:1-6; Apocalipse 4:8; Salmos 95:1-2 | Salmos 23:1-4; João 14:27; Salmos 46:1,https://www.youtube.com/watch?v=j3eoiJdeg9k
84,"Ó Vinde, Adoremos",Adoração e Louvor,Salmos 150:1-6; Apocalipse 4:8; Salmos 95:1-2,https://www.youtube.com/watch?v=eNDUTp27XrI
85,Estrela de Luz,"Graça e Salvação | Lar e Família | Paz, Cuidado e Confiança",Efésios 2:8-9; João 3:16; 1 João 1:9 | Josué 24:15; Efésios 6:1-4 | Salmos 23:1-4; João 14:27; Salmos 46:1,https://www.youtube.com/watch?v=C3cAaEQRlSg
86,Nasce Jesus,"Adoração e Louvor | Crianças e Jovens | Graça e Salvação | Paz, Cuidado e Confiança",Efésios 2:8-9; João 3:16; 1 João 1:9 | Mateus 19:14; Provérbios 22:6 | Salmos 150:1-6; Apocalipse 4:8; Salmos 95:1-2 | Salmos 23:1-4; João 14:27; Salmos 46:1,https://www.youtube.com/watch?v=G4KswVUWNM8
87,"Belém, Bendita És","Adoração e Louvor | Oração e Comunhão | Paz, Cuidado e Confiança | Segunda Vinda e Esperança",1 Tessalonicenses 4:16-17; Apocalipse 1:7; João 14:1-3 | 1 Tessalonicenses 5:17; Mateus 7:7; Filipenses 4:6 | Salmos 150:1-6; Apocalipse 4:8; Salmos 95:1-2 | Salmos 23:1-4; João 14:27; Salmos 46:1,https://www.youtube.com/watch?v=GVg5Enb5OU4
88,Cristo Nasceu,Adoração e Louvor | Graça e Salvação | Oração e Comunhão,1 Tessalonicenses 5:17; Mateus 7:7; Filipenses 4:6 | Efésios 2:8-9; João 3:16; 1 João 1:9 | Salmos 150:1-6; Apocalipse 4:8; Salmos 95:1-2,https://www.youtube.com/watch?v=HXHaY7MkNoI
89,"Natal, Feliz Natal!","Graça e Salvação | Lar e Família | Missão e Serviço | Paz, Cuidado e Confiança | Segunda Vinda e Esperança",1 Tessalonicenses 4:16-17; Apocalipse 1:7; João 14:1-3 | Efésios 2:8-9; João 3:16; 1 João 1:9 | Josué 24:15; Efésios 6:1-4 | Mateus 28:19-20; Isaías 6:8; Marcos 16:15 | Salmos 23:1-4; João 14:27; Salmos 46:1,https://www.youtube.com/watch?v=02SEzuF8Yeg
90,Glória ao Rei que Vos Nasceu,"Adoração e Louvor | Crianças e Jovens | Graça e Salvação | Paz, Cuidado e Confiança",Efésios 2:8-9; João 3:16; 1 João 1:9 | Mateus 19:14; Provérbios 22:6 | Salmos 150:1-6; Apocalipse 4:8; Salmos 95:1-2 | Salmos 23:1-4; João 14:27; Salmos 46:1,https://www.youtube.com/watch?v=UiF50HoVxmQ
91,Ó Noite Santa!,"Adoração e Louvor | Graça e Salvação | Lar e Família | Paz, Cuidado e Confiança | Segunda Vinda e Esperança",1 Tessalonicenses 4:16-17; Apocalipse 1:7; João 14:1-3 | Efésios 2:8-9; João 3:16; 1 João 1:9 | Josué 24:15; Efésios 6:1-4 | Salmos 150:1-6; Apocalipse 4:8; Salmos 95:1-2 | Salmos 23:1-4; João 14:27; Salmos 46:1,https://www.youtube.com/watch?v=manYe2ql8Kg
92,Onde Estavam?,"Adoração e Louvor | Crianças e Jovens | Graça e Salvação | Paz, Cuidado e Confiança | Segunda Vinda e Esperança",1 Tessalonicenses 4:16-17; Apocalipse 1:7; João 14:1-3 | Efésios 2:8-9; João 3:16; 1 João 1:9 | Mateus 19:14; Provérbios 22:6 | Salmos 150:1-6; Apocalipse 4:8; Salmos 95:1-2 | Salmos 23:1-4; João 14:27; Salmos 46:1,https://www.youtube.com/watch?v=neN3QmMPIf4
93,Nasceu o Salvador,"Crianças e Jovens | Graça e Salvação | Paz, Cuidado e Confiança",Efésios 2:8-9; João 3:16; 1 João 1:9 | Mateus 19:14; Provérbios 22:6 | Salmos 23:1-4; João 14:27; Salmos 46:1,https://www.youtube.com/watch?v=Lp2_WQaM8KQ
94,Vestido em Linho,Adoração e Louvor | Graça e Salvação | Lar e Família | Sacrifício e Redenção,Efésios 2:8-9; João 3:16; 1 João 1:9 | Isaías 53:4-5; Romanos 5:8; Hebreus 9:22 | Josué 24:15; Efésios 6:1-4 | Salmos 150:1-6; Apocalipse 4:8; Salmos 95:1-2,https://www.youtube.com/watch?v=jgwICRa17Ts
95,Amor Que Por Amor Desceste,"Graça e Salvação | Paz, Cuidado e Confiança | Sacrifício e Redenção",Efésios 2:8-9; João 3:16; 1 João 1:9 | Isaías 53:4-5; Romanos 5:8; Hebreus 9:22 | Salmos 23:1-4; João 14:27; Salmos 46:1,https://www.youtube.com/watch?v=Pwa7fRMbURU
96,Foi Amor,"Crianças e Jovens | Graça e Salvação | Paz, Cuidado e Confiança | Sacrifício e Redenção",Efésios 2:8-9; João 3:16; 1 João 1:9 | Isaías 53:4-5; Romanos 5:8; Hebreus 9:22 | Mateus 19:14; Provérbios 22:6 | Salmos 23:1-4; João 14:27; Salmos 46:1,https://www.youtube.com/watch?v=qJXgvVGefyc
97,Por Que Me Amou Assim?,Graça e Salvação | Sacrifício e Redenção,Efésios 2:8-9; João 3:16; 1 João 1:9 | Isaías 53:4-5; Romanos 5:8; Hebreus 9:22,https://www.youtube.com/watch?v=KXB43Rs8SyU
98,Conta-me a História de Cristo,"Adoração e Louvor | Graça e Salvação | Oração e Comunhão | Paz, Cuidado e Confiança | Sacrifício e Redenção",1 Tessalonicenses 5:17; Mateus 7:7; Filipenses 4:6 | Efésios 2:8-9; João 3:16; 1 João 1:9 | Isaías 53:4-5; Romanos 5:8; Hebreus 9:22 | Salmos 150:1-6; Apocalipse 4:8; Salmos 95:1-2 | Salmos 23:1-4; João 14:27; Salmos 46:1,https://www.youtube.com/watch?v=pcShGyOHlig
99,Conta-me a Velha História,"Adoração e Louvor | Graça e Salvação | Paz, Cuidado e Confiança",Efésios 2:8-9; João 3:16; 1 João 1:9 | Salmos 150:1-6; Apocalipse 4:8; Salmos 95:1-2 | Salmos 23:1-4; João 14:27; Salmos 46:1,https://www.youtube.com/watch?v=nkGGdNovUXg
100,A Doce História,"Adoração e Louvor | Graça e Salvação | Lar e Família | Paz, Cuidado e Confiança | Sacrifício e Redenção | Segunda Vinda e Esperança",1 Tessalonicenses 4:16-17; Apocalipse 1:7; João 14:1-3 | Efésios 2:8-9; João 3:16; 1 João 1:9 | Isaías 53:4-5; Romanos 5:8; Hebreus 9:22 | Josué 24:15; Efésios 6:1-4 | Salmos 150:1-6; Apocalipse 4:8; Salmos 95:1-2 | Salmos 23:1-4; João 14:27; Salmos 46:1,https://www.youtube.com/watch?v=LgbciTZ1VwM
101,Seu Maravilhoso Olhar,"Graça e Salvação | Paz, Cuidado e Confiança | Sacrifício e Redenção",Efésios 2:8-9; João 3:16; 1 João 1:9 | Isaías 53:4-5; Romanos 5:8; Hebreus 9:22 | Salmos 23:1-4; João 14:27; Salmos 46:1,https://www.youtube.com/watch?v=yey65PRKnwY
102,"Ó Vem, Emanuel!","Igreja e Comunhão | Paz, Cuidado e Confiança | Segunda Vinda e Esperança",1 Tessalonicenses 4:16-17; Apocalipse 1:7; João 14:1-3 | Salmos 133:1; Hebreus 10:25 | Salmos 23:1-4; João 14:27; Salmos 46:1,https://www.youtube.com/watch?v=xXSfV9DBfuU
103,Rude Cruz,Adoração e Louvor | Lar e Família | Missão e Serviço | Sacrifício e Redenção,Isaías 53:4-5; Romanos 5:8; Hebreus 9:22 | Josué 24:15; Efésios 6:1-4 | Mateus 28:19-20; Isaías 6:8; Marcos 16:15 | Salmos 150:1-6; Apocalipse 4:8; Salmos 95:1-2,https://www.youtube.com/watch?v=uARK7ATNd94
104,Na Senda do Calvário,"Adoração e Louvor | Missão e Serviço | Paz, Cuidado e Confiança | Sacrifício e Redenção",Isaías 53:4-5; Romanos 5:8; Hebreus 9:22 | Mateus 28:19-20; Isaías 6:8; Marcos 16:15 | Salmos 150:1-6; Apocalipse 4:8; Salmos 95:1-2 | Salmos 23:1-4; João 14:27; Salmos 46:1,https://www.youtube.com/watch?v=6dOjCNKG3H8
105,"Oh, Fronte Ensanguentada!","Graça e Salvação | Oração e Comunhão | Palavra de Deus e Lei | Paz, Cuidado e Confiança | Sacrifício e Redenção",1 Tessalonicenses 5:17; Mateus 7:7; Filipenses 4:6 | Efésios 2:8-9; João 3:16; 1 João 1:9 | Isaías 53:4-5; Romanos 5:8; Hebreus 9:22 | Salmos 119:105; 2 Timóteo 3:16; Salmos 19:7 | Salmos 23:1-4; João 14:27; Salmos 46:1,https://www.youtube.com/watch?v=HRIFTOPGfQo
106,Cristo no Horto,Adoração e Louvor | Graça e Salvação | Lar e Família | Oração e Comunhão | Sacrifício e Redenção,1 Tessalonicenses 5:17; Mateus 7:7; Filipenses 4:6 | Efésios 2:8-9; João 3:16; 1 João 1:9 | Isaías 53:4-5; Romanos 5:8; Hebreus 9:22 | Josué 24:15; Efésios 6:1-4 | Salmos 150:1-6; Apocalipse 4:8; Salmos 95:1-2,https://www.youtube.com/watch?v=PjPkdT0RdVg
107,Na Cruz Morri Por Ti,Adoração e Louvor | Lar e Família | Sacrifício e Redenção,Isaías 53:4-5; Romanos 5:8; Hebreus 9:22 | Josué 24:15; Efésios 6:1-4 | Salmos 150:1-6; Apocalipse 4:8; Salmos 95:1-2,https://www.youtube.com/watch?v=1LBGWEG23uc
108,Foi Por Você Também,Graça e Salvação | Sacrifício e Redenção,Efésios 2:8-9; João 3:16; 1 João 1:9 | Isaías 53:4-5; Romanos 5:8; Hebreus 9:22,https://www.youtube.com/watch?v=LYPwUpwFqJU
109,Houve Alguém,"Adoração e Louvor | Graça e Salvação | Paz, Cuidado e Confiança | Sacrifício e Redenção",Efésios 2:8-9; João 3:16; 1 João 1:9 | Isaías 53:4-5; Romanos 5:8; Hebreus 9:22 | Salmos 150:1-6; Apocalipse 4:8; Salmos 95:1-2 | Salmos 23:1-4; João 14:27; Salmos 46:1,https://www.youtube.com/watch?v=xoUiEda5iJM
110,Monte do Calvário,Graça e Salvação | Sacrifício e Redenção,Efésios 2:8-9; João 3:16; 1 João 1:9 | Isaías 53:4-5; Romanos 5:8; Hebreus 9:22,https://www.youtube.com/watch?v=RRpKJGGwcXE
111,Ao Ver a Cruz,Graça e Salvação | Oração e Comunhão | Sacrifício e Redenção,1 Tessalonicenses 5:17; Mateus 7:7; Filipenses 4:6 | Efésios 2:8-9; João 3:16; 1 João 1:9 | Isaías 53:4-5; Romanos 5:8; Hebreus 9:22,https://www.youtube.com/watch?v=2wRdBPHruHU
112,Cordeiro de Deus,Adoração e Louvor | Graça e Salvação | Lar e Família | Sacrifício e Redenção,Efésios 2:8-9; João 3:16; 1 João 1:9 | Isaías 53:4-5; Romanos 5:8; Hebreus 9:22 | Josué 24:15; Efésios 6:1-4 | Salmos 150:1-6; Apocalipse 4:8; Salmos 95:1-2,https://www.youtube.com/watch?v=QvcJtKyiJaQ
113,'Stavas Lá?,Missão e Serviço,Mateus 28:19-20; Isaías 6:8; Marcos 16:15,https://www.youtube.com/watch?v=5EB_afTMfPc
114,Cristo Já Ressuscitou,Graça e Salvação | Sacrifício e Redenção,Efésios 2:8-9; João 3:16; 1 João 1:9 | Isaías 53:4-5; Romanos 5:8; Hebreus 9:22,https://www.youtube.com/watch?v=Jxim-KyuzMw
115,Preciosa Graça,"Adoração e Louvor | Graça e Salvação | Lar e Família | Paz, Cuidado e Confiança | Sacrifício e Redenção",Efésios 2:8-9; João 3:16; 1 João 1:9 | Isaías 53:4-5; Romanos 5:8; Hebreus 9:22 | Josué 24:15; Efésios 6:1-4 | Salmos 150:1-6; Apocalipse 4:8; Salmos 95:1-2 | Salmos 23:1-4; João 14:27; Salmos 46:1,https://www.youtube.com/watch?v=3uF79G1Wwjw
116,Maravilhosa Graça,"Adoração e Louvor | Graça e Salvação | Paz, Cuidado e Confiança",Efésios 2:8-9; João 3:16; 1 João 1:9 | Salmos 150:1-6; Apocalipse 4:8; Salmos 95:1-2 | Salmos 23:1-4; João 14:27; Salmos 46:1,https://www.youtube.com/watch?v=Kfplvg2IX6w
117,Infinita Graça,Adoração e Louvor | Graça e Salvação | Lar e Família | Oração e Comunhão,1 Tessalonicenses 5:17; Mateus 7:7; Filipenses 4:6 | Efésios 2:8-9; João 3:16; 1 João 1:9 | Josué 24:15; Efésios 6:1-4 | Salmos 150:1-6; Apocalipse 4:8; Salmos 95:1-2,https://www.youtube.com/watch?v=kQbEAjwxHXU
118,Imenso Amor,Graça e Salvação | Sacrifício e Redenção,Efésios 2:8-9; João 3:16; 1 João 1:9 | Isaías 53:4-5; Romanos 5:8; Hebreus 9:22,https://www.youtube.com/watch?v=p0HlgYN5D6Q
119,Graça de Deus,"Graça e Salvação | Paz, Cuidado e Confiança | Sacrifício e Redenção",Efésios 2:8-9; João 3:16; 1 João 1:9 | Isaías 53:4-5; Romanos 5:8; Hebreus 9:22 | Salmos 23:1-4; João 14:27; Salmos 46:1,https://www.youtube.com/watch?v=cS1Nl3pkS6g
120,Graça,Graça e Salvação | Lar e Família | Oração e Comunhão | Sacrifício e Redenção | Segunda Vinda e Esperança,1 Tessalonicenses 4:16-17; Apocalipse 1:7; João 14:1-3 | 1 Tessalonicenses 5:17; Mateus 7:7; Filipenses 4:6 | Efésios 2:8-9; João 3:16; 1 João 1:9 | Isaías 53:4-5; Romanos 5:8; Hebreus 9:22 | Josué 24:15; Efésios 6:1-4,https://www.youtube.com/watch?v=pb6P7_xmUQs
121,Por Um Pecador Qual Eu,"Graça e Salvação | Lar e Família | Paz, Cuidado e Confiança | Sacrifício e Redenção",Efésios 2:8-9; João 3:16; 1 João 1:9 | Isaías 53:4-5; Romanos 5:8; Hebreus 9:22 | Josué 24:15; Efésios 6:1-4 | Salmos 23:1-4; João 14:27; Salmos 46:1,https://www.youtube.com/watch?v=1d_Sj5oJk2k
122,Só um Passo,Crianças e Jovens | Graça e Salvação,Efésios 2:8-9; João 3:16; 1 João 1:9 | Mateus 19:14; Provérbios 22:6,https://www.youtube.com/watch?v=zJqNjxb-7SI
123,Seu Sangue Tem Poder,Lar e Família | Missão e Serviço | Oração e Comunhão | Sacrifício e Redenção,1 Tessalonicenses 5:17; Mateus 7:7; Filipenses 4:6 | Isaías 53:4-5; Romanos 5:8; Hebreus 9:22 | Josué 24:15; Efésios 6:1-4 | Mateus 28:19-20; Isaías 6:8; Marcos 16:15,https://www.youtube.com/watch?v=IMJRhe3K1EA
124,Deixa a Luz do Céu Entrar,"Graça e Salvação | Oração e Comunhão | Paz, Cuidado e Confiança",1 Tessalonicenses 5:17; Mateus 7:7; Filipenses 4:6 | Efésios 2:8-9; João 3:16; 1 João 1:9 | Salmos 23:1-4; João 14:27; Salmos 46:1,https://www.youtube.com/watch?v=VlxR27Iy9LQ
125,A Terna voz do Salvador,Adoração e Louvor | Graça e Salvação | Segunda Vinda e Esperança,1 Tessalonicenses 4:16-17; Apocalipse 1:7; João 14:1-3 | Efésios 2:8-9; João 3:16; 1 João 1:9 | Salmos 150:1-6; Apocalipse 4:8; Salmos 95:1-2,https://www.youtube.com/watch?v=t0ehkXbVZvw
126,Foge Para o monte,"Adoração e Louvor | Graça e Salvação | Paz, Cuidado e Confiança",Efésios 2:8-9; João 3:16; 1 João 1:9 | Salmos 150:1-6; Apocalipse 4:8; Salmos 95:1-2 | Salmos 23:1-4; João 14:27; Salmos 46:1,https://www.youtube.com/watch?v=1SBM9-TndOU
127,Vida em Olhar,Graça e Salvação | Missão e Serviço | Sacrifício e Redenção,Efésios 2:8-9; João 3:16; 1 João 1:9 | Isaías 53:4-5; Romanos 5:8; Hebreus 9:22 | Mateus 28:19-20; Isaías 6:8; Marcos 16:15,https://www.youtube.com/watch?v=DMdabK3IbAU
128,Se Tu Buscares a Jesus,"Graça e Salvação | Lar e Família | Paz, Cuidado e Confiança | Segunda Vinda e Esperança",1 Tessalonicenses 4:16-17; Apocalipse 1:7; João 14:1-3 | Efésios 2:8-9; João 3:16; 1 João 1:9 | Josué 24:15; Efésios 6:1-4 | Salmos 23:1-4; João 14:27; Salmos 46:1,https://www.youtube.com/watch?v=FHqRzJ1Pj0Q
129,Deixa Entrar o Rei da Glória,"Adoração e Louvor | Graça e Salvação | Oração e Comunhão | Paz, Cuidado e Confiança | Segunda Vinda e Esperança",1 Tessalonicenses 4:16-17; Apocalipse 1:7; João 14:1-3 | 1 Tessalonicenses 5:17; Mateus 7:7; Filipenses 4:6 | Efésios 2:8-9; João 3:16; 1 João 1:9 | Salmos 150:1-6; Apocalipse 4:8; Salmos 95:1-2 | Salmos 23:1-4; João 14:27; Salmos 46:1,https://www.youtube.com/watch?v=R3J8A4uVooQ
130,Jesus Está Esperando,Graça e Salvação | Oração e Comunhão,1 Tessalonicenses 5:17; Mateus 7:7; Filipenses 4:6 | Efésios 2:8-9; João 3:16; 1 João 1:9,https://www.youtube.com/watch?v=KeUClZbg8Uk
131,Manso e Suave,Graça e Salvação,Efésios 2:8-9; João 3:16; 1 João 1:9,https://www.youtube.com/watch?v=U1MtpuMnAK8
132,Pra Quem Nada Tem,"Espírito Santo | Oração e Comunhão | Palavra de Deus e Lei | Paz, Cuidado e Confiança",1 Tessalonicenses 5:17; Mateus 7:7; Filipenses 4:6 | João 14:16-17; Atos 2:1-4 | Salmos 119:105; 2 Timóteo 3:16; Salmos 19:7 | Salmos 23:1-4; João 14:27; Salmos 46:1,https://www.youtube.com/watch?v=WLANtS8injM
133,"Ó Vem, Aflito Coração","Graça e Salvação | Oração e Comunhão | Paz, Cuidado e Confiança | Sábado e Criação",1 Tessalonicenses 5:17; Mateus 7:7; Filipenses 4:6 | Efésios 2:8-9; João 3:16; 1 João 1:9 | Salmos 23:1-4; João 14:27; Salmos 46:1 | Êxodo 20:8-11; Gênesis 2:2-3,https://www.youtube.com/watch?v=1kM5QluWwqc
134,Junto à Cruz,"Graça e Salvação | Paz, Cuidado e Confiança | Sacrifício e Redenção | Segunda Vinda e Esperança",1 Tessalonicenses 4:16-17; Apocalipse 1:7; João 14:1-3 | Efésios 2:8-9; João 3:16; 1 João 1:9 | Isaías 53:4-5; Romanos 5:8; Hebreus 9:22 | Salmos 23:1-4; João 14:27; Salmos 46:1,https://www.youtube.com/watch?v=hXrjWCkDmpY
135,Vinde às Águas,Crianças e Jovens,Mateus 19:14; Provérbios 22:6,https://www.youtube.com/watch?v=f9VL-sdtUHg
136,Quero Estar ao Pé da Cruz,Lar e Família | Sacrifício e Redenção,Isaías 53:4-5; Romanos 5:8; Hebreus 9:22 | Josué 24:15; Efésios 6:1-4,https://www.youtube.com/watch?v=20XieWKvvvA
137,"Pai, Eu me Achego a Ti","Adoração e Louvor | Graça e Salvação | Lar e Família | Palavra de Deus e Lei | Paz, Cuidado e Confiança",Efésios 2:8-9; João 3:16; 1 João 1:9 | Josué 24:15; Efésios 6:1-4 | Salmos 119:105; 2 Timóteo 3:16; Salmos 19:7 | Salmos 150:1-6; Apocalipse 4:8; Salmos 95:1-2 | Salmos 23:1-4; João 14:27; Salmos 46:1,https://www.youtube.com/watch?v=m2XiTAFMXJ0
138,Tal Qual Estou,Graça e Salvação,Efésios 2:8-9; João 3:16; 1 João 1:9,https://www.youtube.com/watch?v=NTBQm-5nTZ0
139,Sou de Jesus Agora,Sacrifício e Redenção | Segunda Vinda e Esperança,1 Tessalonicenses 4:16-17; Apocalipse 1:7; João 14:1-3 | Isaías 53:4-5; Romanos 5:8; Hebreus 9:22,https://www.youtube.com/watch?v=9SHy1_R9Rx4
140,Ao Pé da Cruz de Cristo,"Graça e Salvação | Lar e Família | Paz, Cuidado e Confiança | Sacrifício e Redenção | Segunda Vinda e Esperança",1 Tessalonicenses 4:16-17; Apocalipse 1:7; João 14:1-3 | Efésios 2:8-9; João 3:16; 1 João 1:9 | Isaías 53:4-5; Romanos 5:8; Hebreus 9:22 | Josué 24:15; Efésios 6:1-4 | Salmos 23:1-4; João 14:27; Salmos 46:1,https://www.youtube.com/watch?v=80eW16boEDg
141,Cristo Tocou-me,"Adoração e Louvor | Graça e Salvação | Oração e Comunhão | Paz, Cuidado e Confiança",1 Tessalonicenses 5:17; Mateus 7:7; Filipenses 4:6 | Efésios 2:8-9; João 3:16; 1 João 1:9 | Salmos 150:1-6; Apocalipse 4:8; Salmos 95:1-2 | Salmos 23:1-4; João 14:27; Salmos 46:1,https://www.youtube.com/watch?v=0xi3zUDft6g
142,"Perdão, Poder e Paz","Adoração e Louvor | Espírito Santo | Graça e Salvação | Lar e Família | Paz, Cuidado e Confiança",Efésios 2:8-9; João 3:16; 1 João 1:9 | Josué 24:15; Efésios 6:1-4 | João 14:16-17; Atos 2:1-4 | Salmos 150:1-6; Apocalipse 4:8; Salmos 95:1-2 | Salmos 23:1-4; João 14:27; Salmos 46:1,https://www.youtube.com/watch?v=QbgZAOmi0lc
143,Ao Olhar pra Cruz,"Adoração e Louvor | Graça e Salvação | Paz, Cuidado e Confiança | Sacrifício e Redenção | Sábado e Criação",Efésios 2:8-9; João 3:16; 1 João 1:9 | Isaías 53:4-5; Romanos 5:8; Hebreus 9:22 | Salmos 150:1-6; Apocalipse 4:8; Salmos 95:1-2 | Salmos 23:1-4; João 14:27; Salmos 46:1 | Êxodo 20:8-11; Gênesis 2:2-3,https://www.youtube.com/watch?v=Jxr4l1rb47Q
144,Foi na Cruz,"Adoração e Louvor | Graça e Salvação | Lar e Família | Oração e Comunhão | Paz, Cuidado e Confiança | Sacrifício e Redenção",1 Tessalonicenses 5:17; Mateus 7:7; Filipenses 4:6 | Efésios 2:8-9; João 3:16; 1 João 1:9 | Isaías 53:4-5; Romanos 5:8; Hebreus 9:22 | Josué 24:15; Efésios 6:1-4 | Salmos 150:1-6; Apocalipse 4:8; Salmos 95:1-2 | Salmos 23:1-4; João 14:27; Salmos 46:1,https://www.youtube.com/watch?v=ENC3wRLqSWY
145,É Jesus o Salvador,Adoração e Louvor | Crianças e Jovens | Graça e Salvação | Missão e Serviço | Sacrifício e Redenção,Efésios 2:8-9; João 3:16; 1 João 1:9 | Isaías 53:4-5; Romanos 5:8; Hebreus 9:22 | Mateus 19:14; Provérbios 22:6 | Mateus 28:19-20; Isaías 6:8; Marcos 16:15 | Salmos 150:1-6; Apocalipse 4:8; Salmos 95:1-2,https://www.youtube.com/watch?v=BAVvAtp5I7M
146,Eu Não Sou Mais Eu,Adoração e Louvor | Graça e Salvação | Lar e Família,Efésios 2:8-9; João 3:16; 1 João 1:9 | Josué 24:15; Efésios 6:1-4 | Salmos 150:1-6; Apocalipse 4:8; Salmos 95:1-2,https://www.youtube.com/watch?v=Cp1MchLAT4Q
147,Jesus me Transformou,"Graça e Salvação | Oração e Comunhão | Palavra de Deus e Lei | Paz, Cuidado e Confiança | Segunda Vinda e Esperança",1 Tessalonicenses 4:16-17; Apocalipse 1:7; João 14:1-3 | 1 Tessalonicenses 5:17; Mateus 7:7; Filipenses 4:6 | Efésios 2:8-9; João 3:16; 1 João 1:9 | Salmos 119:105; 2 Timóteo 3:16; Salmos 19:7 | Salmos 23:1-4; João 14:27; Salmos 46:1,https://www.youtube.com/watch?v=Lw5boxvR22k
148,Jesus Achou-me,"Graça e Salvação | Lar e Família | Paz, Cuidado e Confiança | Segunda Vinda e Esperança",1 Tessalonicenses 4:16-17; Apocalipse 1:7; João 14:1-3 | Efésios 2:8-9; João 3:16; 1 João 1:9 | Josué 24:15; Efésios 6:1-4 | Salmos 23:1-4; João 14:27; Salmos 46:1,https://www.youtube.com/watch?v=gmYPdCt9IlM
149,Pedras,"Crianças e Jovens | Graça e Salvação | Lar e Família | Paz, Cuidado e Confiança | Sacrifício e Redenção | Segunda Vinda e Esperança",1 Tessalonicenses 4:16-17; Apocalipse 1:7; João 14:1-3 | Efésios 2:8-9; João 3:16; 1 João 1:9 | Isaías 53:4-5; Romanos 5:8; Hebreus 9:22 | Josué 24:15; Efésios 6:1-4 | Mateus 19:14; Provérbios 22:6 | Salmos 23:1-4; João 14:27; Salmos 46:1,https://www.youtube.com/watch?v=yi08qQYUizE
150,"Ó Jesus, Habita em mim","Graça e Salvação | Paz, Cuidado e Confiança | Sacrifício e Redenção",Efésios 2:8-9; João 3:16; 1 João 1:9 | Isaías 53:4-5; Romanos 5:8; Hebreus 9:22 | Salmos 23:1-4; João 14:27; Salmos 46:1,https://www.youtube.com/watch?v=H6uJzMKrSF8
151,Amor Glorioso,"Graça e Salvação | Oração e Comunhão | Paz, Cuidado e Confiança | Sacrifício e Redenção | Segunda Vinda e Esperança",1 Tessalonicenses 4:16-17; Apocalipse 1:7; João 14:1-3 | 1 Tessalonicenses 5:17; Mateus 7:7; Filipenses 4:6 | Efésios 2:8-9; João 3:16; 1 João 1:9 | Isaías 53:4-5; Romanos 5:8; Hebreus 9:22 | Salmos 23:1-4; João 14:27; Salmos 46:1,https://www.youtube.com/watch?v=J-LrXdce3BQ
152,A Voz de Jesus,"Adoração e Louvor | Crianças e Jovens | Graça e Salvação | Lar e Família | Oração e Comunhão | Paz, Cuidado e Confiança | Segunda Vinda e Esperança",1 Tessalonicenses 4:16-17; Apocalipse 1:7; João 14:1-3 | 1 Tessalonicenses 5:17; Mateus 7:7; Filipenses 4:6 | Efésios 2:8-9; João 3:16; 1 João 1:9 | Josué 24:15; Efésios 6:1-4 | Mateus 19:14; Provérbios 22:6 | Salmos 150:1-6; Apocalipse 4:8; Salmos 95:1-2 | Salmos 23:1-4; João 14:27; Salmos 46:1,https://www.youtube.com/watch?v=PugB4piaHHo
153,O Que Penso de Meu Mestre,"Graça e Salvação | Lar e Família | Oração e Comunhão | Paz, Cuidado e Confiança",1 Tessalonicenses 5:17; Mateus 7:7; Filipenses 4:6 | Efésios 2:8-9; João 3:16; 1 João 1:9 | Josué 24:15; Efésios 6:1-4 | Salmos 23:1-4; João 14:27; Salmos 46:1,https://www.youtube.com/watch?v=Qc_6UoL0Y2g
154,Alvo Mais que a Neve,"Graça e Salvação | Paz, Cuidado e Confiança | Sacrifício e Redenção",Efésios 2:8-9; João 3:16; 1 João 1:9 | Isaías 53:4-5; Romanos 5:8; Hebreus 9:22 | Salmos 23:1-4; João 14:27; Salmos 46:1,https://www.youtube.com/watch?v=E1wkziOywHE
155,Meu Cálice Transborda,"Crianças e Jovens | Graça e Salvação | Paz, Cuidado e Confiança",Efésios 2:8-9; João 3:16; 1 João 1:9 | Mateus 19:14; Provérbios 22:6 | Salmos 23:1-4; João 14:27; Salmos 46:1,https://www.youtube.com/watch?v=RZ7z3wlZ6w0
156,Remido,"Adoração e Louvor | Graça e Salvação | Oração e Comunhão | Paz, Cuidado e Confiança | Sacrifício e Redenção",1 Tessalonicenses 5:17; Mateus 7:7; Filipenses 4:6 | Efésios 2:8-9; João 3:16; 1 João 1:9 | Isaías 53:4-5; Romanos 5:8; Hebreus 9:22 | Salmos 150:1-6; Apocalipse 4:8; Salmos 95:1-2 | Salmos 23:1-4; João 14:27; Salmos 46:1,https://www.youtube.com/watch?v=Tse3sRoZjUY
157,Jesus me Remiu,"Adoração e Louvor | Graça e Salvação | Palavra de Deus e Lei | Paz, Cuidado e Confiança | Sacrifício e Redenção",Efésios 2:8-9; João 3:16; 1 João 1:9 | Isaías 53:4-5; Romanos 5:8; Hebreus 9:22 | Salmos 119:105; 2 Timóteo 3:16; Salmos 19:7 | Salmos 150:1-6; Apocalipse 4:8; Salmos 95:1-2 | Salmos 23:1-4; João 14:27; Salmos 46:1,https://www.youtube.com/watch?v=xf46ZtpsWFU
158,Creio em Milagres,"Graça e Salvação | Lar e Família | Oração e Comunhão | Paz, Cuidado e Confiança | Sábado e Criação",1 Tessalonicenses 5:17; Mateus 7:7; Filipenses 4:6 | Efésios 2:8-9; João 3:16; 1 João 1:9 | Josué 24:15; Efésios 6:1-4 | Salmos 23:1-4; João 14:27; Salmos 46:1 | Êxodo 20:8-11; Gênesis 2:2-3,https://www.youtube.com/watch?v=3bsZ_hMpaG8
159,Um Novo Nome Lá na Glória,"Adoração e Louvor | Graça e Salvação | Lar e Família | Paz, Cuidado e Confiança | Sacrifício e Redenção",Efésios 2:8-9; João 3:16; 1 João 1:9 | Isaías 53:4-5; Romanos 5:8; Hebreus 9:22 | Josué 24:15; Efésios 6:1-4 | Salmos 150:1-6; Apocalipse 4:8; Salmos 95:1-2 | Salmos 23:1-4; João 14:27; Salmos 46:1,https://www.youtube.com/watch?v=OZHToenZk6k
160,Crescendo em Graça,"Graça e Salvação | Oração e Comunhão | Paz, Cuidado e Confiança",1 Tessalonicenses 5:17; Mateus 7:7; Filipenses 4:6 | Efésios 2:8-9; João 3:16; 1 João 1:9 | Salmos 23:1-4; João 14:27; Salmos 46:1,https://www.youtube.com/watch?v=UFgPVxywUzk
161,Salva-me Também,"Graça e Salvação | Oração e Comunhão | Paz, Cuidado e Confiança",1 Tessalonicenses 5:17; Mateus 7:7; Filipenses 4:6 | Efésios 2:8-9; João 3:16; 1 João 1:9 | Salmos 23:1-4; João 14:27; Salmos 46:1,https://www.youtube.com/watch?v=d2TGxq6cUdc
162,Sou de Jesus,"Graça e Salvação | Missão e Serviço | Oração e Comunhão | Paz, Cuidado e Confiança",1 Tessalonicenses 5:17; Mateus 7:7; Filipenses 4:6 | Efésios 2:8-9; João 3:16; 1 João 1:9 | Mateus 28:19-20; Isaías 6:8; Marcos 16:15 | Salmos 23:1-4; João 14:27; Salmos 46:1,https://www.youtube.com/watch?v=lNnC4Lj998s
163,Para o Céu Por Jesus Irei,Lar e Família | Sacrifício e Redenção,Isaías 53:4-5; Romanos 5:8; Hebreus 9:22 | Josué 24:15; Efésios 6:1-4,https://www.youtube.com/watch?v=_G5qqB7zbx4
164,Meu Nome em Suas Mãos,Oração e Comunhão | Sacrifício e Redenção,1 Tessalonicenses 5:17; Mateus 7:7; Filipenses 4:6 | Isaías 53:4-5; Romanos 5:8; Hebreus 9:22,https://www.youtube.com/watch?v=6_dlUP46mEQ
165,Hoje sou Feliz,Graça e Salvação | Sacrifício e Redenção,Efésios 2:8-9; João 3:16; 1 João 1:9 | Isaías 53:4-5; Romanos 5:8; Hebreus 9:22,https://www.youtube.com/watch?v=X4VP_cLQCSY
166,Caminhando,"Lar e Família | Paz, Cuidado e Confiança",Josué 24:15; Efésios 6:1-4 | Salmos 23:1-4; João 14:27; Salmos 46:1,https://www.youtube.com/watch?v=h7uQpNUh9Cw
167,Mui Triste Eu Andava,Graça e Salvação | Lar e Família,Efésios 2:8-9; João 3:16; 1 João 1:9 | Josué 24:15; Efésios 6:1-4,https://www.youtube.com/watch?v=ajWDH9CUcXU
168,Eu Achei,Graça e Salvação | Oração e Comunhão | Sacrifício e Redenção | Segunda Vinda e Esperança,1 Tessalonicenses 4:16-17; Apocalipse 1:7; João 14:1-3 | 1 Tessalonicenses 5:17; Mateus 7:7; Filipenses 4:6 | Efésios 2:8-9; João 3:16; 1 João 1:9 | Isaías 53:4-5; Romanos 5:8; Hebreus 9:22,https://www.youtube.com/watch?v=tsPbzFTxyD8
169,Salvo em Jesus,"Adoração e Louvor | Graça e Salvação | Igreja e Comunhão | Lar e Família | Oração e Comunhão | Paz, Cuidado e Confiança | Segunda Vinda e Esperança",1 Tessalonicenses 4:16-17; Apocalipse 1:7; João 14:1-3 | 1 Tessalonicenses 5:17; Mateus 7:7; Filipenses 4:6 | Efésios 2:8-9; João 3:16; 1 João 1:9 | Josué 24:15; Efésios 6:1-4 | Salmos 133:1; Hebreus 10:25 | Salmos 150:1-6; Apocalipse 4:8; Salmos 95:1-2 | Salmos 23:1-4; João 14:27; Salmos 46:1,https://www.youtube.com/watch?v=Dyd6mAe1LoI
170,"Oh, Que Belo Hino Deus me Deu!",Adoração e Louvor | Graça e Salvação | Lar e Família | Oração e Comunhão | Sacrifício e Redenção,1 Tessalonicenses 5:17; Mateus 7:7; Filipenses 4:6 | Efésios 2:8-9; João 3:16; 1 João 1:9 | Isaías 53:4-5; Romanos 5:8; Hebreus 9:22 | Josué 24:15; Efésios 6:1-4 | Salmos 150:1-6; Apocalipse 4:8; Salmos 95:1-2,https://www.youtube.com/watch?v=ZdBnuWtqR0c
171,Com Cristo no Meu Coração,Oração e Comunhão | Sacrifício e Redenção,1 Tessalonicenses 5:17; Mateus 7:7; Filipenses 4:6 | Isaías 53:4-5; Romanos 5:8; Hebreus 9:22,https://www.youtube.com/watch?v=OvOiXTDTiIk
172,Ando Sempre Alegre,Graça e Salvação | Igreja e Comunhão | Sacrifício e Redenção,Efésios 2:8-9; João 3:16; 1 João 1:9 | Isaías 53:4-5; Romanos 5:8; Hebreus 9:22 | Salmos 133:1; Hebreus 10:25,https://www.youtube.com/watch?v=qY07MGsAkZ0
173,Que Prazer é Ser de Cristo,Palavra de Deus e Lei | Sacrifício e Redenção,Isaías 53:4-5; Romanos 5:8; Hebreus 9:22 | Salmos 119:105; 2 Timóteo 3:16; Salmos 19:7,https://www.youtube.com/watch?v=1AaW6xXABWM
174,Que Consolo e Paz!,"Graça e Salvação | Paz, Cuidado e Confiança | Sábado e Criação",Efésios 2:8-9; João 3:16; 1 João 1:9 | Salmos 23:1-4; João 14:27; Salmos 46:1 | Êxodo 20:8-11; Gênesis 2:2-3,https://www.youtube.com/watch?v=AbkpBk1b3Rc
175,"De Ti Careço, ó Deus",Graça e Salvação | Palavra de Deus e Lei,Efésios 2:8-9; João 3:16; 1 João 1:9 | Salmos 119:105; 2 Timóteo 3:16; Salmos 19:7,https://www.youtube.com/watch?v=7SuzQVHTvb8
176,Nunca Desanimes,Lar e Família | Sacrifício e Redenção,Isaías 53:4-5; Romanos 5:8; Hebreus 9:22 | Josué 24:15; Efésios 6:1-4,https://www.youtube.com/watch?v=UM42XBG0EoY
177,"Conduze-me, Meu Mestre","Graça e Salvação | Oração e Comunhão | Paz, Cuidado e Confiança | Sacrifício e Redenção",1 Tessalonicenses 5:17; Mateus 7:7; Filipenses 4:6 | Efésios 2:8-9; João 3:16; 1 João 1:9 | Isaías 53:4-5; Romanos 5:8; Hebreus 9:22 | Salmos 23:1-4; João 14:27; Salmos 46:1,https://www.youtube.com/watch?v=fwvoO_TPhwY
178,Deus Cuidará de Ti,Graça e Salvação | Lar e Família | Oração e Comunhão,1 Tessalonicenses 5:17; Mateus 7:7; Filipenses 4:6 | Efésios 2:8-9; João 3:16; 1 João 1:9 | Josué 24:15; Efésios 6:1-4,https://www.youtube.com/watch?v=WHCMQjeWqVs
179,Eu Sei em Quem Eu Creio,Graça e Salvação | Lar e Família | Segunda Vinda e Esperança,1 Tessalonicenses 4:16-17; Apocalipse 1:7; João 14:1-3 | Efésios 2:8-9; João 3:16; 1 João 1:9 | Josué 24:15; Efésios 6:1-4,https://www.youtube.com/watch?v=tA4BbhaEKeA
180,Nunca te Deixarei,Graça e Salvação | Sacrifício e Redenção,Efésios 2:8-9; João 3:16; 1 João 1:9 | Isaías 53:4-5; Romanos 5:8; Hebreus 9:22,https://www.youtube.com/watch?v=WBXKUyPkNqo
181,Cuidará de Mim Também,"Espírito Santo | Oração e Comunhão | Paz, Cuidado e Confiança",1 Tessalonicenses 5:17; Mateus 7:7; Filipenses 4:6 | João 14:16-17; Atos 2:1-4 | Salmos 23:1-4; João 14:27; Salmos 46:1,https://www.youtube.com/watch?v=Ti-3MEfiTHQ
182,Eu Pertenço ao Meu Rei,"Adoração e Louvor | Crianças e Jovens | Graça e Salvação | Oração e Comunhão | Palavra de Deus e Lei | Paz, Cuidado e Confiança | Sábado e Criação",1 Tessalonicenses 5:17; Mateus 7:7; Filipenses 4:6 | Efésios 2:8-9; João 3:16; 1 João 1:9 | Mateus 19:14; Provérbios 22:6 | Salmos 119:105; 2 Timóteo 3:16; Salmos 19:7 | Salmos 150:1-6; Apocalipse 4:8; Salmos 95:1-2 | Salmos 23:1-4; João 14:27; Salmos 46:1 | Êxodo 20:8-11; Gênesis 2:2-3,https://www.youtube.com/watch?v=ubclOJpcEgc
183,"Oh, Não temas, Sou Contigo",Vida Cristã e Devoção,Salmos 1:1-2; Provérbios 3:5-6,https://www.youtube.com/watch?v=1JIetpF0Ihk
184,Quero Ter Jesus Comigo,"Graça e Salvação | Missão e Serviço | Paz, Cuidado e Confiança",Efésios 2:8-9; João 3:16; 1 João 1:9 | Mateus 28:19-20; Isaías 6:8; Marcos 16:15 | Salmos 23:1-4; João 14:27; Salmos 46:1,https://www.youtube.com/watch?v=z3FtUwqdEU4
185,Cada Momento,"Graça e Salvação | Paz, Cuidado e Confiança | Sacrifício e Redenção",Efésios 2:8-9; João 3:16; 1 João 1:9 | Isaías 53:4-5; Romanos 5:8; Hebreus 9:22 | Salmos 23:1-4; João 14:27; Salmos 46:1,https://www.youtube.com/watch?v=RvM8AvWDnSQ
186,"Ó Mestre, o Mar se Revolta","Oração e Comunhão | Paz, Cuidado e Confiança | Segunda Vinda e Esperança",1 Tessalonicenses 4:16-17; Apocalipse 1:7; João 14:1-3 | 1 Tessalonicenses 5:17; Mateus 7:7; Filipenses 4:6 | Salmos 23:1-4; João 14:27; Salmos 46:1,https://www.youtube.com/watch?v=Qqp1ZZi1wSw
187,Refúgio em Temporal,"Paz, Cuidado e Confiança",Salmos 23:1-4; João 14:27; Salmos 46:1,https://www.youtube.com/watch?v=485b67iCENY
188,Minha Esperança,Graça e Salvação | Sacrifício e Redenção | Segunda Vinda e Esperança,1 Tessalonicenses 4:16-17; Apocalipse 1:7; João 14:1-3 | Efésios 2:8-9; João 3:16; 1 João 1:9 | Isaías 53:4-5; Romanos 5:8; Hebreus 9:22,https://www.youtube.com/watch?v=cRUWUT-jwYc
189,"Deus Sabe, Deus Ouve, Deus Vê",Oração e Comunhão,1 Tessalonicenses 5:17; Mateus 7:7; Filipenses 4:6,https://www.youtube.com/watch?v=EHbbpkoLJ5U
190,Pertenço a Cristo,"Adoração e Louvor | Lar e Família | Paz, Cuidado e Confiança",Josué 24:15; Efésios 6:1-4 | Salmos 150:1-6; Apocalipse 4:8; Salmos 95:1-2 | Salmos 23:1-4; João 14:27; Salmos 46:1,https://www.youtube.com/watch?v=NxdttzyFf2o
191,Olha com Fé Para Cima,"Oração e Comunhão | Paz, Cuidado e Confiança",1 Tessalonicenses 5:17; Mateus 7:7; Filipenses 4:6 | Salmos 23:1-4; João 14:27; Salmos 46:1,https://www.youtube.com/watch?v=TZnLhvVG68Y
192,Brilho Celeste,"Adoração e Louvor | Graça e Salvação | Paz, Cuidado e Confiança",Efésios 2:8-9; João 3:16; 1 João 1:9 | Salmos 150:1-6; Apocalipse 4:8; Salmos 95:1-2 | Salmos 23:1-4; João 14:27; Salmos 46:1,https://www.youtube.com/watch?v=HUY6sJkScBQ
193,Sob Suas Asas,"Crianças e Jovens | Graça e Salvação | Lar e Família | Oração e Comunhão | Paz, Cuidado e Confiança",1 Tessalonicenses 5:17; Mateus 7:7; Filipenses 4:6 | Efésios 2:8-9; João 3:16; 1 João 1:9 | Josué 24:15; Efésios 6:1-4 | Mateus 19:14; Provérbios 22:6 | Salmos 23:1-4; João 14:27; Salmos 46:1,https://www.youtube.com/watch?v=pheGcnEq8p8
194,Tem Fé em Deus,"Lar e Família | Oração e Comunhão | Paz, Cuidado e Confiança",1 Tessalonicenses 5:17; Mateus 7:7; Filipenses 4:6 | Josué 24:15; Efésios 6:1-4 | Salmos 23:1-4; João 14:27; Salmos 46:1,https://www.youtube.com/watch?v=UabnP6pgbTc
195,Minha Fé bem Segura Está,"Graça e Salvação | Oração e Comunhão | Paz, Cuidado e Confiança | Sacrifício e Redenção | Segunda Vinda e Esperança",1 Tessalonicenses 4:16-17; Apocalipse 1:7; João 14:1-3 | 1 Tessalonicenses 5:17; Mateus 7:7; Filipenses 4:6 | Efésios 2:8-9; João 3:16; 1 João 1:9 | Isaías 53:4-5; Romanos 5:8; Hebreus 9:22 | Salmos 23:1-4; João 14:27; Salmos 46:1,https://www.youtube.com/watch?v=A4izEhw2FLE
196,Ao Jesus me Tomar a Mão,Oração e Comunhão | Segunda Vinda e Esperança,1 Tessalonicenses 4:16-17; Apocalipse 1:7; João 14:1-3 | 1 Tessalonicenses 5:17; Mateus 7:7; Filipenses 4:6,https://www.youtube.com/watch?v=Dsy2ouhHzIs
197,Sou Feliz Com Jesus,"Graça e Salvação | Oração e Comunhão | Paz, Cuidado e Confiança | Sacrifício e Redenção | Segunda Vinda e Esperança",1 Tessalonicenses 4:16-17; Apocalipse 1:7; João 14:1-3 | 1 Tessalonicenses 5:17; Mateus 7:7; Filipenses 4:6 | Efésios 2:8-9; João 3:16; 1 João 1:9 | Isaías 53:4-5; Romanos 5:8; Hebreus 9:22 | Salmos 23:1-4; João 14:27; Salmos 46:1,https://www.youtube.com/watch?v=Xmna0YjSQ-s
198,Deus Vos Guarde,Adoração e Louvor | Graça e Salvação | Missão e Serviço,Efésios 2:8-9; João 3:16; 1 João 1:9 | Mateus 28:19-20; Isaías 6:8; Marcos 16:15 | Salmos 150:1-6; Apocalipse 4:8; Salmos 95:1-2,https://www.youtube.com/watch?v=J0dZy3WKJCc
199,Ao Passares pelas Águas,Vida Cristã e Devoção,Salmos 1:1-2; Provérbios 3:5-6,https://www.youtube.com/watch?v=V6AW8M1Jg-0
200,Nunca Me Deixar,"Paz, Cuidado e Confiança",Salmos 23:1-4; João 14:27; Salmos 46:1,https://www.youtube.com/watch?v=V37Xhq3pVj8
201,Dia a Dia,"Crianças e Jovens | Graça e Salvação | Lar e Família | Paz, Cuidado e Confiança",Efésios 2:8-9; João 3:16; 1 João 1:9 | Josué 24:15; Efésios 6:1-4 | Mateus 19:14; Provérbios 22:6 | Salmos 23:1-4; João 14:27; Salmos 46:1,https://www.youtube.com/watch?v=kUuN3BnJnaI
202,Não Ando Só,"Graça e Salvação | Oração e Comunhão | Paz, Cuidado e Confiança",1 Tessalonicenses 5:17; Mateus 7:7; Filipenses 4:6 | Efésios 2:8-9; João 3:16; 1 João 1:9 | Salmos 23:1-4; João 14:27; Salmos 46:1,https://www.youtube.com/watch?v=kQWEGODrfKc
203,Abrigo na Rocha,"Adoração e Louvor | Graça e Salvação | Paz, Cuidado e Confiança",Efésios 2:8-9; João 3:16; 1 João 1:9 | Salmos 150:1-6; Apocalipse 4:8; Salmos 95:1-2 | Salmos 23:1-4; João 14:27; Salmos 46:1,https://www.youtube.com/watch?v=TqplFQwwgGM
204,Meu Divino Protetor,Crianças e Jovens | Graça e Salvação | Lar e Família | Sacrifício e Redenção,Efésios 2:8-9; João 3:16; 1 João 1:9 | Isaías 53:4-5; Romanos 5:8; Hebreus 9:22 | Josué 24:15; Efésios 6:1-4 | Mateus 19:14; Provérbios 22:6,https://www.youtube.com/watch?v=llDMZ7vVsQU
205,Ergo Os Meus Olhos,Segunda Vinda e Esperança,1 Tessalonicenses 4:16-17; Apocalipse 1:7; João 14:1-3,https://www.youtube.com/watch?v=x097Y9HQpL4
206,Fixa Teus Olhos No Mestre,Graça e Salvação | Lar e Família | Segunda Vinda e Esperança,1 Tessalonicenses 4:16-17; Apocalipse 1:7; João 14:1-3 | Efésios 2:8-9; João 3:16; 1 João 1:9 | Josué 24:15; Efésios 6:1-4,https://www.youtube.com/watch?v=aWL-qItB_uY
207,Confiei No Meu Senhor,Adoração e Louvor,Salmos 150:1-6; Apocalipse 4:8; Salmos 95:1-2,https://www.youtube.com/watch?v=t9Pp34pZ1AQ
208,Confia em Deus,Missão e Serviço | Segunda Vinda e Esperança,1 Tessalonicenses 4:16-17; Apocalipse 1:7; João 14:1-3 | Mateus 28:19-20; Isaías 6:8; Marcos 16:15,https://www.youtube.com/watch?v=u_D5Tk3qn1Y
209,Todas As Coisas Contribuem,Vida Cristã e Devoção,Salmos 1:1-2; Provérbios 3:5-6,https://www.youtube.com/watch?v=ZTX7-BadhSc
210,Sempre Confiante,"Crianças e Jovens | Graça e Salvação | Paz, Cuidado e Confiança | Segunda Vinda e Esperança",1 Tessalonicenses 4:16-17; Apocalipse 1:7; João 14:1-3 | Efésios 2:8-9; João 3:16; 1 João 1:9 | Mateus 19:14; Provérbios 22:6 | Salmos 23:1-4; João 14:27; Salmos 46:1,https://www.youtube.com/watch?v=3axUf7ybwqA
211,Jesus Meu Guia É,"Graça e Salvação | Paz, Cuidado e Confiança",Efésios 2:8-9; João 3:16; 1 João 1:9 | Salmos 23:1-4; João 14:27; Salmos 46:1,https://www.youtube.com/watch?v=vBfU_89IE44
212,Bendita Segurança,"Adoração e Louvor | Graça e Salvação | Paz, Cuidado e Confiança",Efésios 2:8-9; João 3:16; 1 João 1:9 | Salmos 150:1-6; Apocalipse 4:8; Salmos 95:1-2 | Salmos 23:1-4; João 14:27; Salmos 46:1,https://www.youtube.com/watch?v=6NYekrMlTQY
213,Não Me Esqueci De Ti,Crianças e Jovens | Lar e Família | Missão e Serviço | Palavra de Deus e Lei | Sacrifício e Redenção | Segunda Vinda e Esperança,1 Tessalonicenses 4:16-17; Apocalipse 1:7; João 14:1-3 | Isaías 53:4-5; Romanos 5:8; Hebreus 9:22 | Josué 24:15; Efésios 6:1-4 | Mateus 19:14; Provérbios 22:6 | Mateus 28:19-20; Isaías 6:8; Marcos 16:15 | Salmos 119:105; 2 Timóteo 3:16; Salmos 19:7,https://www.youtube.com/watch?v=ILnsDgw5E30
214,Não Há O Que Temer,Adoração e Louvor | Graça e Salvação | Oração e Comunhão | Sacrifício e Redenção,1 Tessalonicenses 5:17; Mateus 7:7; Filipenses 4:6 | Efésios 2:8-9; João 3:16; 1 João 1:9 | Isaías 53:4-5; Romanos 5:8; Hebreus 9:22 | Salmos 150:1-6; Apocalipse 4:8; Salmos 95:1-2,https://www.youtube.com/watch?v=RylJ4GK3r0k
215,A Única Saída,"Paz, Cuidado e Confiança | Segunda Vinda e Esperança",1 Tessalonicenses 4:16-17; Apocalipse 1:7; João 14:1-3 | Salmos 23:1-4; João 14:27; Salmos 46:1,https://www.youtube.com/watch?v=dhYaXaT7SBQ
216,Pode Cair o Mundo,"Adoração e Louvor | Paz, Cuidado e Confiança",Salmos 150:1-6; Apocalipse 4:8; Salmos 95:1-2 | Salmos 23:1-4; João 14:27; Salmos 46:1,https://www.youtube.com/watch?v=OAjs3XGoNS8
217,Fé Dos Nossos Pais,Lar e Família | Missão e Serviço | Oração e Comunhão | Sacrifício e Redenção,1 Tessalonicenses 5:17; Mateus 7:7; Filipenses 4:6 | Isaías 53:4-5; Romanos 5:8; Hebreus 9:22 | Josué 24:15; Efésios 6:1-4 | Mateus 28:19-20; Isaías 6:8; Marcos 16:15,https://www.youtube.com/watch?v=BCeuEXUiNas
218,"Ouve-nos, Pastor Divino","Adoração e Louvor | Graça e Salvação | Oração e Comunhão | Paz, Cuidado e Confiança",1 Tessalonicenses 5:17; Mateus 7:7; Filipenses 4:6 | Efésios 2:8-9; João 3:16; 1 João 1:9 | Salmos 150:1-6; Apocalipse 4:8; Salmos 95:1-2 | Salmos 23:1-4; João 14:27; Salmos 46:1,https://www.youtube.com/watch?v=yF9207i7eQQ
219,Da Igreja o Fundamento,"Adoração e Louvor | Graça e Salvação | Igreja e Comunhão | Lar e Família | Missão e Serviço | Paz, Cuidado e Confiança",Efésios 2:8-9; João 3:16; 1 João 1:9 | Josué 24:15; Efésios 6:1-4 | Mateus 28:19-20; Isaías 6:8; Marcos 16:15 | Salmos 133:1; Hebreus 10:25 | Salmos 150:1-6; Apocalipse 4:8; Salmos 95:1-2 | Salmos 23:1-4; João 14:27; Salmos 46:1,https://www.youtube.com/watch?v=S8Xd30MZcNY
220,Fortalece Tua Igreja,Adoração e Louvor | Graça e Salvação | Igreja e Comunhão | Lar e Família | Segunda Vinda e Esperança,1 Tessalonicenses 4:16-17; Apocalipse 1:7; João 14:1-3 | Efésios 2:8-9; João 3:16; 1 João 1:9 | Josué 24:15; Efésios 6:1-4 | Salmos 133:1; Hebreus 10:25 | Salmos 150:1-6; Apocalipse 4:8; Salmos 95:1-2,https://www.youtube.com/watch?v=ddnROB-Iagk
221,Somos Igreja,Graça e Salvação | Igreja e Comunhão | Lar e Família | Palavra de Deus e Lei | Sacrifício e Redenção,Efésios 2:8-9; João 3:16; 1 João 1:9 | Isaías 53:4-5; Romanos 5:8; Hebreus 9:22 | Josué 24:15; Efésios 6:1-4 | Salmos 119:105; 2 Timóteo 3:16; Salmos 19:7 | Salmos 133:1; Hebreus 10:25,https://www.youtube.com/watch?v=Gd-0ohdm-PI
222,Somos Um Pequeno Povo,Oração e Comunhão | Segunda Vinda e Esperança,1 Tessalonicenses 4:16-17; Apocalipse 1:7; João 14:1-3 | 1 Tessalonicenses 5:17; Mateus 7:7; Filipenses 4:6,https://www.youtube.com/watch?v=ttA_S0UZpCI
223,Há Um Dever,Graça e Salvação | Lar e Família | Missão e Serviço,Efésios 2:8-9; João 3:16; 1 João 1:9 | Josué 24:15; Efésios 6:1-4 | Mateus 28:19-20; Isaías 6:8; Marcos 16:15,https://www.youtube.com/watch?v=cWZK-r9LP2I
224,Mensagem Ao Mundo,"Adoração e Louvor | Graça e Salvação | Missão e Serviço | Paz, Cuidado e Confiança | Sacrifício e Redenção | Segunda Vinda e Esperança",1 Tessalonicenses 4:16-17; Apocalipse 1:7; João 14:1-3 | Efésios 2:8-9; João 3:16; 1 João 1:9 | Isaías 53:4-5; Romanos 5:8; Hebreus 9:22 | Mateus 28:19-20; Isaías 6:8; Marcos 16:15 | Salmos 150:1-6; Apocalipse 4:8; Salmos 95:1-2 | Salmos 23:1-4; João 14:27; Salmos 46:1,https://www.youtube.com/watch?v=bENSL9Ox2LU
225,Dai-nos Luz,"Graça e Salvação | Oração e Comunhão | Paz, Cuidado e Confiança",1 Tessalonicenses 5:17; Mateus 7:7; Filipenses 4:6 | Efésios 2:8-9; João 3:16; 1 João 1:9 | Salmos 23:1-4; João 14:27; Salmos 46:1,https://www.youtube.com/watch?v=6VG21tjg0bM
226,Cristo Nos Conclama,"Graça e Salvação | Lar e Família | Missão e Serviço | Oração e Comunhão | Paz, Cuidado e Confiança | Segunda Vinda e Esperança",1 Tessalonicenses 4:16-17; Apocalipse 1:7; João 14:1-3 | 1 Tessalonicenses 5:17; Mateus 7:7; Filipenses 4:6 | Efésios 2:8-9; João 3:16; 1 João 1:9 | Josué 24:15; Efésios 6:1-4 | Mateus 28:19-20; Isaías 6:8; Marcos 16:15 | Salmos 23:1-4; João 14:27; Salmos 46:1,https://www.youtube.com/watch?v=DcKQcVY394U
227,Se Cristo For Comigo,"Lar e Família | Palavra de Deus e Lei | Paz, Cuidado e Confiança | Sacrifício e Redenção",Isaías 53:4-5; Romanos 5:8; Hebreus 9:22 | Josué 24:15; Efésios 6:1-4 | Salmos 119:105; 2 Timóteo 3:16; Salmos 19:7 | Salmos 23:1-4; João 14:27; Salmos 46:1,https://www.youtube.com/watch?v=IfM3j1Zbkh0
228,Onde Quer Que Seja,Graça e Salvação | Lar e Família | Oração e Comunhão,1 Tessalonicenses 5:17; Mateus 7:7; Filipenses 4:6 | Efésios 2:8-9; João 3:16; 1 João 1:9 | Josué 24:15; Efésios 6:1-4,https://www.youtube.com/watch?v=ZzFbbopH8Vo
229,Trabalho Cristão,Adoração e Louvor | Graça e Salvação | Missão e Serviço | Oração e Comunhão | Sacrifício e Redenção | Segunda Vinda e Esperança | Sábado e Criação,1 Tessalonicenses 4:16-17; Apocalipse 1:7; João 14:1-3 | 1 Tessalonicenses 5:17; Mateus 7:7; Filipenses 4:6 | Efésios 2:8-9; João 3:16; 1 João 1:9 | Isaías 53:4-5; Romanos 5:8; Hebreus 9:22 | Mateus 28:19-20; Isaías 6:8; Marcos 16:15 | Salmos 150:1-6; Apocalipse 4:8; Salmos 95:1-2 | Êxodo 20:8-11; Gênesis 2:2-3,https://www.youtube.com/watch?v=oE4qRzuFjk4
230,Ao Mundo Vou Contar,"Adoração e Louvor | Graça e Salvação | Lar e Família | Oração e Comunhão | Paz, Cuidado e Confiança | Segunda Vinda e Esperança",1 Tessalonicenses 4:16-17; Apocalipse 1:7; João 14:1-3 | 1 Tessalonicenses 5:17; Mateus 7:7; Filipenses 4:6 | Efésios 2:8-9; João 3:16; 1 João 1:9 | Josué 24:15; Efésios 6:1-4 | Salmos 150:1-6; Apocalipse 4:8; Salmos 95:1-2 | Salmos 23:1-4; João 14:27; Salmos 46:1,https://www.youtube.com/watch?v=Sv1Mk5f8Gm4
231,Trabalhar e Orar,"Graça e Salvação | Missão e Serviço | Oração e Comunhão | Paz, Cuidado e Confiança",1 Tessalonicenses 5:17; Mateus 7:7; Filipenses 4:6 | Efésios 2:8-9; João 3:16; 1 João 1:9 | Mateus 28:19-20; Isaías 6:8; Marcos 16:15 | Salmos 23:1-4; João 14:27; Salmos 46:1,https://www.youtube.com/watch?v=NWbx4RI3mAg
232,Jesus Precisa De Ti,Graça e Salvação | Palavra de Deus e Lei | Segunda Vinda e Esperança,1 Tessalonicenses 4:16-17; Apocalipse 1:7; João 14:1-3 | Efésios 2:8-9; João 3:16; 1 João 1:9 | Salmos 119:105; 2 Timóteo 3:16; Salmos 19:7,https://www.youtube.com/watch?v=PNeCs4J9jfE
233,Brilha Por Cristo Em Teu Viver,Graça e Salvação | Lar e Família | Missão e Serviço | Palavra de Deus e Lei,Efésios 2:8-9; João 3:16; 1 João 1:9 | Josué 24:15; Efésios 6:1-4 | Mateus 28:19-20; Isaías 6:8; Marcos 16:15 | Salmos 119:105; 2 Timóteo 3:16; Salmos 19:7,https://www.youtube.com/watch?v=s8nEm0RjysI
234,Hoje Ajuda a Alguém,Graça e Salvação | Palavra de Deus e Lei,Efésios 2:8-9; João 3:16; 1 João 1:9 | Salmos 119:105; 2 Timóteo 3:16; Salmos 19:7,https://www.youtube.com/watch?v=6T8ajgIR4Mk
235,"Somos Teus, Senhor",Adoração e Louvor | Espírito Santo | Igreja e Comunhão | Lar e Família | Missão e Serviço | Oração e Comunhão,1 Tessalonicenses 5:17; Mateus 7:7; Filipenses 4:6 | Josué 24:15; Efésios 6:1-4 | João 14:16-17; Atos 2:1-4 | Mateus 28:19-20; Isaías 6:8; Marcos 16:15 | Salmos 133:1; Hebreus 10:25 | Salmos 150:1-6; Apocalipse 4:8; Salmos 95:1-2,https://www.youtube.com/watch?v=6gOhEHoEcGA
236,Transbordando Em Amor,Graça e Salvação | Igreja e Comunhão | Lar e Família | Missão e Serviço | Oração e Comunhão,1 Tessalonicenses 5:17; Mateus 7:7; Filipenses 4:6 | Efésios 2:8-9; João 3:16; 1 João 1:9 | Josué 24:15; Efésios 6:1-4 | Mateus 28:19-20; Isaías 6:8; Marcos 16:15 | Salmos 133:1; Hebreus 10:25,https://www.youtube.com/watch?v=qAu0J5_yhqg
237,A Colheita,Graça e Salvação | Lar e Família | Missão e Serviço | Segunda Vinda e Esperança,1 Tessalonicenses 4:16-17; Apocalipse 1:7; João 14:1-3 | Efésios 2:8-9; João 3:16; 1 João 1:9 | Josué 24:15; Efésios 6:1-4 | Mateus 28:19-20; Isaías 6:8; Marcos 16:15,https://www.youtube.com/watch?v=fI_xWfXjWcg
238,Oração Pela Missão,Graça e Salvação | Lar e Família | Missão e Serviço | Oração e Comunhão | Segunda Vinda e Esperança,1 Tessalonicenses 4:16-17; Apocalipse 1:7; João 14:1-3 | 1 Tessalonicenses 5:17; Mateus 7:7; Filipenses 4:6 | Efésios 2:8-9; João 3:16; 1 João 1:9 | Josué 24:15; Efésios 6:1-4 | Mateus 28:19-20; Isaías 6:8; Marcos 16:15,https://www.youtube.com/watch?v=SEEy-WPicdc
239,Geração Esperança,Graça e Salvação | Lar e Família | Sacrifício e Redenção | Segunda Vinda e Esperança,1 Tessalonicenses 4:16-17; Apocalipse 1:7; João 14:1-3 | Efésios 2:8-9; João 3:16; 1 João 1:9 | Isaías 53:4-5; Romanos 5:8; Hebreus 9:22 | Josué 24:15; Efésios 6:1-4,https://www.youtube.com/watch?v=irEOEYk8ZkI
240,Brilhar Por Ti,Graça e Salvação | Oração e Comunhão | Palavra de Deus e Lei,1 Tessalonicenses 5:17; Mateus 7:7; Filipenses 4:6 | Efésios 2:8-9; João 3:16; 1 João 1:9 | Salmos 119:105; 2 Timóteo 3:16; Salmos 19:7,https://www.youtube.com/watch?v=Rv0F4c4C-Wg
241,A Todo Semelhante Meu,"Graça e Salvação | Lar e Família | Paz, Cuidado e Confiança",Efésios 2:8-9; João 3:16; 1 João 1:9 | Josué 24:15; Efésios 6:1-4 | Salmos 23:1-4; João 14:27; Salmos 46:1,https://www.youtube.com/watch?v=tSDeT4aYMlY
242,Benditos Laços,Graça e Salvação | Igreja e Comunhão | Oração e Comunhão,1 Tessalonicenses 5:17; Mateus 7:7; Filipenses 4:6 | Efésios 2:8-9; João 3:16; 1 João 1:9 | Salmos 133:1; Hebreus 10:25,https://www.youtube.com/watch?v=olcB1p-umdQ
243,"Jesus, Pastor Amado","Adoração e Louvor | Crianças e Jovens | Graça e Salvação | Igreja e Comunhão | Lar e Família | Paz, Cuidado e Confiança",Efésios 2:8-9; João 3:16; 1 João 1:9 | Josué 24:15; Efésios 6:1-4 | Mateus 19:14; Provérbios 22:6 | Salmos 133:1; Hebreus 10:25 | Salmos 150:1-6; Apocalipse 4:8; Salmos 95:1-2 | Salmos 23:1-4; João 14:27; Salmos 46:1,https://www.youtube.com/watch?v=ZHK2rdtAjTs
244,Ó Vem à Igreja Comigo,Adoração e Louvor | Graça e Salvação | Igreja e Comunhão | Oração e Comunhão,1 Tessalonicenses 5:17; Mateus 7:7; Filipenses 4:6 | Efésios 2:8-9; João 3:16; 1 João 1:9 | Salmos 133:1; Hebreus 10:25 | Salmos 150:1-6; Apocalipse 4:8; Salmos 95:1-2,https://www.youtube.com/watch?v=Q1aD3qdatVI
245,Lado a Lado,Graça e Salvação | Lar e Família,Efésios 2:8-9; João 3:16; 1 João 1:9 | Josué 24:15; Efésios 6:1-4,https://www.youtube.com/watch?v=ZrnPn--2-C0
246,Em Família,Graça e Salvação | Lar e Família | Oração e Comunhão | Sacrifício e Redenção,1 Tessalonicenses 5:17; Mateus 7:7; Filipenses 4:6 | Efésios 2:8-9; João 3:16; 1 João 1:9 | Isaías 53:4-5; Romanos 5:8; Hebreus 9:22 | Josué 24:15; Efésios 6:1-4,https://www.youtube.com/watch?v=blOjsarznsQ
247,Unidos Em Cristo,"Espírito Santo | Graça e Salvação | Igreja e Comunhão | Lar e Família | Missão e Serviço | Paz, Cuidado e Confiança | Segunda Vinda e Esperança",1 Tessalonicenses 4:16-17; Apocalipse 1:7; João 14:1-3 | Efésios 2:8-9; João 3:16; 1 João 1:9 | Josué 24:15; Efésios 6:1-4 | João 14:16-17; Atos 2:1-4 | Mateus 28:19-20; Isaías 6:8; Marcos 16:15 | Salmos 133:1; Hebreus 10:25 | Salmos 23:1-4; João 14:27; Salmos 46:1,https://www.youtube.com/watch?v=LCRzBt65wQA
248,Encontros,"Graça e Salvação | Igreja e Comunhão | Paz, Cuidado e Confiança",Efésios 2:8-9; João 3:16; 1 João 1:9 | Salmos 133:1; Hebreus 10:25 | Salmos 23:1-4; João 14:27; Salmos 46:1,https://www.youtube.com/watch?v=zpfmhV1bkS8
249,"Oh, Que Belos Hinos!",Adoração e Louvor | Crianças e Jovens | Graça e Salvação | Lar e Família | Missão e Serviço | Segunda Vinda e Esperança,1 Tessalonicenses 4:16-17; Apocalipse 1:7; João 14:1-3 | Efésios 2:8-9; João 3:16; 1 João 1:9 | Josué 24:15; Efésios 6:1-4 | Mateus 19:14; Provérbios 22:6 | Mateus 28:19-20; Isaías 6:8; Marcos 16:15 | Salmos 150:1-6; Apocalipse 4:8; Salmos 95:1-2,https://www.youtube.com/watch?v=RGvKiqTibOc
250,A Jesus Seguir Eu Quero,Vida Cristã e Devoção,Salmos 1:1-2; Provérbios 3:5-6,https://www.youtube.com/watch?v=AH39bafXKrE
251,Meu Jesus Está Chamando,"Graça e Salvação | Missão e Serviço | Paz, Cuidado e Confiança | Sacrifício e Redenção",Efésios 2:8-9; João 3:16; 1 João 1:9 | Isaías 53:4-5; Romanos 5:8; Hebreus 9:22 | Mateus 28:19-20; Isaías 6:8; Marcos 16:15 | Salmos 23:1-4; João 14:27; Salmos 46:1,https://www.youtube.com/watch?v=ZHzaGAfdoCM
252,Volto ao Lar,Graça e Salvação | Lar e Família | Palavra de Deus e Lei,Efésios 2:8-9; João 3:16; 1 João 1:9 | Josué 24:15; Efésios 6:1-4 | Salmos 119:105; 2 Timóteo 3:16; Salmos 19:7,https://www.youtube.com/watch?v=BvKZVC9cK9Q
253,Importa Renascer,Adoração e Louvor | Crianças e Jovens | Graça e Salvação | Lar e Família | Palavra de Deus e Lei | Sábado e Criação,Efésios 2:8-9; João 3:16; 1 João 1:9 | Josué 24:15; Efésios 6:1-4 | Mateus 19:14; Provérbios 22:6 | Salmos 119:105; 2 Timóteo 3:16; Salmos 19:7 | Salmos 150:1-6; Apocalipse 4:8; Salmos 95:1-2 | Êxodo 20:8-11; Gênesis 2:2-3,https://www.youtube.com/watch?v=7Ci4QNv-pKA
254,Agora Posso Ver,"Graça e Salvação | Oração e Comunhão | Paz, Cuidado e Confiança | Sacrifício e Redenção",1 Tessalonicenses 5:17; Mateus 7:7; Filipenses 4:6 | Efésios 2:8-9; João 3:16; 1 João 1:9 | Isaías 53:4-5; Romanos 5:8; Hebreus 9:22 | Salmos 23:1-4; João 14:27; Salmos 46:1,https://www.youtube.com/watch?v=VxOMU2J_ZAI
255,As Águas Batismais,Lar e Família | Oração e Comunhão,1 Tessalonicenses 5:17; Mateus 7:7; Filipenses 4:6 | Josué 24:15; Efésios 6:1-4,https://www.youtube.com/watch?v=vf3jfoQFP3U
256,A Ceia do Senhor,"Adoração e Louvor | Graça e Salvação | Igreja e Comunhão | Paz, Cuidado e Confiança | Sacrifício e Redenção",Efésios 2:8-9; João 3:16; 1 João 1:9 | Isaías 53:4-5; Romanos 5:8; Hebreus 9:22 | Salmos 133:1; Hebreus 10:25 | Salmos 150:1-6; Apocalipse 4:8; Salmos 95:1-2 | Salmos 23:1-4; João 14:27; Salmos 46:1,https://www.youtube.com/watch?v=DEIsgr6rAXU
257,"Senhor, Tu nos Convidas",Graça e Salvação | Sacrifício e Redenção,Efésios 2:8-9; João 3:16; 1 João 1:9 | Isaías 53:4-5; Romanos 5:8; Hebreus 9:22,https://www.youtube.com/watch?v=LSLQ7w4we1M
258,A Última Ceia,"Graça e Salvação | Igreja e Comunhão | Oração e Comunhão | Paz, Cuidado e Confiança | Sacrifício e Redenção | Segunda Vinda e Esperança",1 Tessalonicenses 4:16-17; Apocalipse 1:7; João 14:1-3 | 1 Tessalonicenses 5:17; Mateus 7:7; Filipenses 4:6 | Efésios 2:8-9; João 3:16; 1 João 1:9 | Isaías 53:4-5; Romanos 5:8; Hebreus 9:22 | Salmos 133:1; Hebreus 10:25 | Salmos 23:1-4; João 14:27; Salmos 46:1,https://www.youtube.com/watch?v=VbPvb63MO7E
259,Em Memória De Ti,Graça e Salvação | Missão e Serviço | Sacrifício e Redenção,Efésios 2:8-9; João 3:16; 1 João 1:9 | Isaías 53:4-5; Romanos 5:8; Hebreus 9:22 | Mateus 28:19-20; Isaías 6:8; Marcos 16:15,https://www.youtube.com/watch?v=nWIsUdDHHmc
260,Em Memória De Mim,Lar e Família | Oração e Comunhão | Sacrifício e Redenção,1 Tessalonicenses 5:17; Mateus 7:7; Filipenses 4:6 | Isaías 53:4-5; Romanos 5:8; Hebreus 9:22 | Josué 24:15; Efésios 6:1-4,https://www.youtube.com/watch?v=c4JUrBiNjas
261,Quem se Dispõe a Ir?,Lar e Família | Segunda Vinda e Esperança,1 Tessalonicenses 4:16-17; Apocalipse 1:7; João 14:1-3 | Josué 24:15; Efésios 6:1-4,https://www.youtube.com/watch?v=OOCiWJTMvkI
262,Irei Aonde Jesus Mandar,"Graça e Salvação | Lar e Família | Missão e Serviço | Paz, Cuidado e Confiança",Efésios 2:8-9; João 3:16; 1 João 1:9 | Josué 24:15; Efésios 6:1-4 | Mateus 28:19-20; Isaías 6:8; Marcos 16:15 | Salmos 23:1-4; João 14:27; Salmos 46:1,https://www.youtube.com/watch?v=PEUoGbpsQo4
263,Mãos,Graça e Salvação | Missão e Serviço | Sacrifício e Redenção,Efésios 2:8-9; João 3:16; 1 João 1:9 | Isaías 53:4-5; Romanos 5:8; Hebreus 9:22 | Mateus 28:19-20; Isaías 6:8; Marcos 16:15,https://www.youtube.com/watch?v=eC_SG8HxQ_4
264,Envio A Ti,Graça e Salvação | Lar e Família | Missão e Serviço | Oração e Comunhão | Sacrifício e Redenção,1 Tessalonicenses 5:17; Mateus 7:7; Filipenses 4:6 | Efésios 2:8-9; João 3:16; 1 João 1:9 | Isaías 53:4-5; Romanos 5:8; Hebreus 9:22 | Josué 24:15; Efésios 6:1-4 | Mateus 28:19-20; Isaías 6:8; Marcos 16:15,https://www.youtube.com/watch?v=MGgZCcpZIYE
265,Faz-me Um Servo,Oração e Comunhão,1 Tessalonicenses 5:17; Mateus 7:7; Filipenses 4:6,https://www.youtube.com/watch?v=MTnD-Y7pjZA
266,No Serviço do Meu Rei,"Graça e Salvação | Missão e Serviço | Paz, Cuidado e Confiança",Efésios 2:8-9; João 3:16; 1 João 1:9 | Mateus 28:19-20; Isaías 6:8; Marcos 16:15 | Salmos 23:1-4; João 14:27; Salmos 46:1,https://www.youtube.com/watch?v=Wdz8uN0DPFY
267,As Searas Maduras,Graça e Salvação | Lar e Família | Missão e Serviço,Efésios 2:8-9; João 3:16; 1 João 1:9 | Josué 24:15; Efésios 6:1-4 | Mateus 28:19-20; Isaías 6:8; Marcos 16:15,https://www.youtube.com/watch?v=qShdC3CEHN0
268,Compensa Servir a Jesus,Adoração e Louvor | Graça e Salvação | Missão e Serviço | Sacrifício e Redenção,Efésios 2:8-9; João 3:16; 1 João 1:9 | Isaías 53:4-5; Romanos 5:8; Hebreus 9:22 | Mateus 28:19-20; Isaías 6:8; Marcos 16:15 | Salmos 150:1-6; Apocalipse 4:8; Salmos 95:1-2,https://www.youtube.com/watch?v=maPqiR2yjy0
269,Sal da Terra,"Graça e Salvação | Missão e Serviço | Paz, Cuidado e Confiança | Segunda Vinda e Esperança",1 Tessalonicenses 4:16-17; Apocalipse 1:7; João 14:1-3 | Efésios 2:8-9; João 3:16; 1 João 1:9 | Mateus 28:19-20; Isaías 6:8; Marcos 16:15 | Salmos 23:1-4; João 14:27; Salmos 46:1,https://www.youtube.com/watch?v=ROWbiKrX-1U
270,Vaso de Benção,Graça e Salvação | Missão e Serviço,Efésios 2:8-9; João 3:16; 1 João 1:9 | Mateus 28:19-20; Isaías 6:8; Marcos 16:15,https://www.youtube.com/watch?v=tLhObj3zj-c
271,Vaso De Honra,Graça e Salvação | Missão e Serviço | Segunda Vinda e Esperança,1 Tessalonicenses 4:16-17; Apocalipse 1:7; João 14:1-3 | Efésios 2:8-9; João 3:16; 1 João 1:9 | Mateus 28:19-20; Isaías 6:8; Marcos 16:15,https://www.youtube.com/watch?v=Kr-tDldyFmQ
272,Através De Nós,"Adoração e Louvor | Espírito Santo | Lar e Família | Oração e Comunhão | Paz, Cuidado e Confiança",1 Tessalonicenses 5:17; Mateus 7:7; Filipenses 4:6 | Josué 24:15; Efésios 6:1-4 | João 14:16-17; Atos 2:1-4 | Salmos 150:1-6; Apocalipse 4:8; Salmos 95:1-2 | Salmos 23:1-4; João 14:27; Salmos 46:1,https://www.youtube.com/watch?v=c9f7n3Ro6_Y
273,A Escola Sabatina,Igreja e Comunhão | Oração e Comunhão | Palavra de Deus e Lei | Sábado e Criação,1 Tessalonicenses 5:17; Mateus 7:7; Filipenses 4:6 | Salmos 119:105; 2 Timóteo 3:16; Salmos 19:7 | Salmos 133:1; Hebreus 10:25 | Êxodo 20:8-11; Gênesis 2:2-3,https://www.youtube.com/watch?v=cgNzy67c04E
274,O Encontro,Adoração e Louvor | Igreja e Comunhão | Oração e Comunhão | Segunda Vinda e Esperança | Sábado e Criação,1 Tessalonicenses 4:16-17; Apocalipse 1:7; João 14:1-3 | 1 Tessalonicenses 5:17; Mateus 7:7; Filipenses 4:6 | Salmos 133:1; Hebreus 10:25 | Salmos 150:1-6; Apocalipse 4:8; Salmos 95:1-2 | Êxodo 20:8-11; Gênesis 2:2-3,https://www.youtube.com/watch?v=XdXaEhP6LjU
275,Hino Dos Aventureiros,"Adoração e Louvor | Crianças e Jovens | Graça e Salvação | Paz, Cuidado e Confiança",Efésios 2:8-9; João 3:16; 1 João 1:9 | Mateus 19:14; Provérbios 22:6 | Salmos 150:1-6; Apocalipse 4:8; Salmos 95:1-2 | Salmos 23:1-4; João 14:27; Salmos 46:1,https://www.youtube.com/watch?v=As-X-j6HRdE
276,Hino Dos Desbravadores,Crianças e Jovens | Graça e Salvação | Lar e Família | Palavra de Deus e Lei | Segunda Vinda e Esperança,1 Tessalonicenses 4:16-17; Apocalipse 1:7; João 14:1-3 | Efésios 2:8-9; João 3:16; 1 João 1:9 | Josué 24:15; Efésios 6:1-4 | Mateus 19:14; Provérbios 22:6 | Salmos 119:105; 2 Timóteo 3:16; Salmos 19:7,https://www.youtube.com/watch?v=0v1ihqB0gpI
277,Bem-aventurança,Segunda Vinda e Esperança,1 Tessalonicenses 4:16-17; Apocalipse 1:7; João 14:1-3,https://www.youtube.com/watch?v=r9KpN18SQDg
278,A Voz de Deus,"Graça e Salvação | Lar e Família | Palavra de Deus e Lei | Paz, Cuidado e Confiança",Efésios 2:8-9; João 3:16; 1 João 1:9 | Josué 24:15; Efésios 6:1-4 | Salmos 119:105; 2 Timóteo 3:16; Salmos 19:7 | Salmos 23:1-4; João 14:27; Salmos 46:1,https://www.youtube.com/watch?v=sXZgMQKfLfk
279,A Verdade Brilhará,"Espírito Santo | Graça e Salvação | Palavra de Deus e Lei | Paz, Cuidado e Confiança",Efésios 2:8-9; João 3:16; 1 João 1:9 | João 14:16-17; Atos 2:1-4 | Salmos 119:105; 2 Timóteo 3:16; Salmos 19:7 | Salmos 23:1-4; João 14:27; Salmos 46:1,https://www.youtube.com/watch?v=7XEXWM9JX0E
280,O Espírito De Profecia,"Espírito Santo | Graça e Salvação | Lar e Família | Palavra de Deus e Lei | Paz, Cuidado e Confiança",Efésios 2:8-9; João 3:16; 1 João 1:9 | Josué 24:15; Efésios 6:1-4 | João 14:16-17; Atos 2:1-4 | Salmos 119:105; 2 Timóteo 3:16; Salmos 19:7 | Salmos 23:1-4; João 14:27; Salmos 46:1,https://www.youtube.com/watch?v=O4pIdHTqSlM
281,Filhos Da Promessa,Crianças e Jovens | Palavra de Deus e Lei | Segunda Vinda e Esperança,1 Tessalonicenses 4:16-17; Apocalipse 1:7; João 14:1-3 | Mateus 19:14; Provérbios 22:6 | Salmos 119:105; 2 Timóteo 3:16; Salmos 19:7,https://www.youtube.com/watch?v=4B2i8A9v4qc
282,Em Sua Presença,"Graça e Salvação | Missão e Serviço | Palavra de Deus e Lei | Paz, Cuidado e Confiança",Efésios 2:8-9; João 3:16; 1 João 1:9 | Mateus 28:19-20; Isaías 6:8; Marcos 16:15 | Salmos 119:105; 2 Timóteo 3:16; Salmos 19:7 | Salmos 23:1-4; João 14:27; Salmos 46:1,https://www.youtube.com/watch?v=64erEGHX6tg
283,Crer e Observar,"Lar e Família | Oração e Comunhão | Palavra de Deus e Lei | Paz, Cuidado e Confiança",1 Tessalonicenses 5:17; Mateus 7:7; Filipenses 4:6 | Josué 24:15; Efésios 6:1-4 | Salmos 119:105; 2 Timóteo 3:16; Salmos 19:7 | Salmos 23:1-4; João 14:27; Salmos 46:1,https://www.youtube.com/watch?v=lXpmeNNeztI
284,Obedecer É Melhor,Palavra de Deus e Lei,Salmos 119:105; 2 Timóteo 3:16; Salmos 19:7,https://www.youtube.com/watch?v=UBzEdvwvAQY
285,Eu Amo A Tua Lei,Adoração e Louvor | Missão e Serviço | Oração e Comunhão | Palavra de Deus e Lei | Sábado e Criação,1 Tessalonicenses 5:17; Mateus 7:7; Filipenses 4:6 | Mateus 28:19-20; Isaías 6:8; Marcos 16:15 | Salmos 119:105; 2 Timóteo 3:16; Salmos 19:7 | Salmos 150:1-6; Apocalipse 4:8; Salmos 95:1-2 | Êxodo 20:8-11; Gênesis 2:2-3,https://www.youtube.com/watch?v=qNqAq54JUxg
286,Tua Lei,Crianças e Jovens | Graça e Salvação | Lar e Família | Oração e Comunhão | Palavra de Deus e Lei,1 Tessalonicenses 5:17; Mateus 7:7; Filipenses 4:6 | Efésios 2:8-9; João 3:16; 1 João 1:9 | Josué 24:15; Efésios 6:1-4 | Mateus 19:14; Provérbios 22:6 | Salmos 119:105; 2 Timóteo 3:16; Salmos 19:7,https://www.youtube.com/watch?v=179Ih-iPnk0
287,A Lei De Deus,Graça e Salvação | Lar e Família | Oração e Comunhão | Palavra de Deus e Lei | Santuário e Juízo,1 Tessalonicenses 5:17; Mateus 7:7; Filipenses 4:6 | Efésios 2:8-9; João 3:16; 1 João 1:9 | Hebreus 4:14-16; Hebreus 8:1-2; Daniel 8:14 | Josué 24:15; Efésios 6:1-4 | Salmos 119:105; 2 Timóteo 3:16; Salmos 19:7,https://www.youtube.com/watch?v=qkiZ-pjlcqs
288,Fiel a Toda Prova,Graça e Salvação | Lar e Família | Oração e Comunhão,1 Tessalonicenses 5:17; Mateus 7:7; Filipenses 4:6 | Efésios 2:8-9; João 3:16; 1 João 1:9 | Josué 24:15; Efésios 6:1-4,https://www.youtube.com/watch?v=ndQK0QjLHlU
289,A Tua Lei,"Adoração e Louvor | Graça e Salvação | Oração e Comunhão | Palavra de Deus e Lei | Paz, Cuidado e Confiança",1 Tessalonicenses 5:17; Mateus 7:7; Filipenses 4:6 | Efésios 2:8-9; João 3:16; 1 João 1:9 | Salmos 119:105; 2 Timóteo 3:16; Salmos 19:7 | Salmos 150:1-6; Apocalipse 4:8; Salmos 95:1-2 | Salmos 23:1-4; João 14:27; Salmos 46:1,https://www.youtube.com/watch?v=DnJh2Iu9_4Y
290,Do Santo Sábado És Senhor,Adoração e Louvor | Sábado e Criação,Salmos 150:1-6; Apocalipse 4:8; Salmos 95:1-2 | Êxodo 20:8-11; Gênesis 2:2-3,https://www.youtube.com/watch?v=EhZFepZ47yY
291,Sábado do Meu Senhor,Adoração e Louvor | Graça e Salvação | Lar e Família | Sábado e Criação,Efésios 2:8-9; João 3:16; 1 João 1:9 | Josué 24:15; Efésios 6:1-4 | Salmos 150:1-6; Apocalipse 4:8; Salmos 95:1-2 | Êxodo 20:8-11; Gênesis 2:2-3,https://www.youtube.com/watch?v=rHs4oa1_D9Q
292,Sábado,"Adoração e Louvor | Graça e Salvação | Oração e Comunhão | Paz, Cuidado e Confiança | Sábado e Criação",1 Tessalonicenses 5:17; Mateus 7:7; Filipenses 4:6 | Efésios 2:8-9; João 3:16; 1 João 1:9 | Salmos 150:1-6; Apocalipse 4:8; Salmos 95:1-2 | Salmos 23:1-4; João 14:27; Salmos 46:1 | Êxodo 20:8-11; Gênesis 2:2-3,https://www.youtube.com/watch?v=_EJR05GlhLQ
293,O Sábado Chegou,"Adoração e Louvor | Lar e Família | Paz, Cuidado e Confiança | Sábado e Criação",Josué 24:15; Efésios 6:1-4 | Salmos 150:1-6; Apocalipse 4:8; Salmos 95:1-2 | Salmos 23:1-4; João 14:27; Salmos 46:1 | Êxodo 20:8-11; Gênesis 2:2-3,https://www.youtube.com/watch?v=V7Qx617dQQU
294,Lembre-se do Sábado,"Adoração e Louvor | Graça e Salvação | Oração e Comunhão | Paz, Cuidado e Confiança | Sábado e Criação",1 Tessalonicenses 5:17; Mateus 7:7; Filipenses 4:6 | Efésios 2:8-9; João 3:16; 1 João 1:9 | Salmos 150:1-6; Apocalipse 4:8; Salmos 95:1-2 | Salmos 23:1-4; João 14:27; Salmos 46:1 | Êxodo 20:8-11; Gênesis 2:2-3,https://www.youtube.com/watch?v=5w3Xrdf5i_0
295,Sábado Bendito,"Adoração e Louvor | Crianças e Jovens | Graça e Salvação | Igreja e Comunhão | Lar e Família | Oração e Comunhão | Paz, Cuidado e Confiança | Sábado e Criação",1 Tessalonicenses 5:17; Mateus 7:7; Filipenses 4:6 | Efésios 2:8-9; João 3:16; 1 João 1:9 | Josué 24:15; Efésios 6:1-4 | Mateus 19:14; Provérbios 22:6 | Salmos 133:1; Hebreus 10:25 | Salmos 150:1-6; Apocalipse 4:8; Salmos 95:1-2 | Salmos 23:1-4; João 14:27; Salmos 46:1 | Êxodo 20:8-11; Gênesis 2:2-3,https://www.youtube.com/watch?v=5BB1MAN3g1I
296,Bem-vindo o Sábado,"Graça e Salvação | Lar e Família | Missão e Serviço | Paz, Cuidado e Confiança | Sábado e Criação",Efésios 2:8-9; João 3:16; 1 João 1:9 | Josué 24:15; Efésios 6:1-4 | Mateus 28:19-20; Isaías 6:8; Marcos 16:15 | Salmos 23:1-4; João 14:27; Salmos 46:1 | Êxodo 20:8-11; Gênesis 2:2-3,https://www.youtube.com/watch?v=JGnzZ3eY5Xg
297,Dia de Esperança,Adoração e Louvor | Graça e Salvação | Missão e Serviço | Oração e Comunhão | Palavra de Deus e Lei | Segunda Vinda e Esperança | Sábado e Criação,1 Tessalonicenses 4:16-17; Apocalipse 1:7; João 14:1-3 | 1 Tessalonicenses 5:17; Mateus 7:7; Filipenses 4:6 | Efésios 2:8-9; João 3:16; 1 João 1:9 | Mateus 28:19-20; Isaías 6:8; Marcos 16:15 | Salmos 119:105; 2 Timóteo 3:16; Salmos 19:7 | Salmos 150:1-6; Apocalipse 4:8; Salmos 95:1-2 | Êxodo 20:8-11; Gênesis 2:2-3,https://www.youtube.com/watch?v=25cPKkUP8go
298,Deus Fez o Sábado Para Mim,"Lar e Família | Paz, Cuidado e Confiança | Sábado e Criação",Josué 24:15; Efésios 6:1-4 | Salmos 23:1-4; João 14:27; Salmos 46:1 | Êxodo 20:8-11; Gênesis 2:2-3,https://www.youtube.com/watch?v=diMJD80zr30
299,Dia Santo,Adoração e Louvor | Graça e Salvação | Lar e Família | Missão e Serviço | Palavra de Deus e Lei | Segunda Vinda e Esperança | Sábado e Criação,1 Tessalonicenses 4:16-17; Apocalipse 1:7; João 14:1-3 | Efésios 2:8-9; João 3:16; 1 João 1:9 | Josué 24:15; Efésios 6:1-4 | Mateus 28:19-20; Isaías 6:8; Marcos 16:15 | Salmos 119:105; 2 Timóteo 3:16; Salmos 19:7 | Salmos 150:1-6; Apocalipse 4:8; Salmos 95:1-2 | Êxodo 20:8-11; Gênesis 2:2-3,https://www.youtube.com/watch?v=2jlp0c_gOck
300,Tempo de Ser Santo,"Adoração e Louvor | Graça e Salvação | Paz, Cuidado e Confiança",Efésios 2:8-9; João 3:16; 1 João 1:9 | Salmos 150:1-6; Apocalipse 4:8; Salmos 95:1-2 | Salmos 23:1-4; João 14:27; Salmos 46:1,https://www.youtube.com/watch?v=HZxnyB3lJ-k
301,"Toma, ó Deus, Meu Coração",Adoração e Louvor | Graça e Salvação | Igreja e Comunhão | Lar e Família | Oração e Comunhão | Segunda Vinda e Esperança,1 Tessalonicenses 4:16-17; Apocalipse 1:7; João 14:1-3 | 1 Tessalonicenses 5:17; Mateus 7:7; Filipenses 4:6 | Efésios 2:8-9; João 3:16; 1 João 1:9 | Josué 24:15; Efésios 6:1-4 | Salmos 133:1; Hebreus 10:25 | Salmos 150:1-6; Apocalipse 4:8; Salmos 95:1-2,https://www.youtube.com/watch?v=X6AAFwBkfEM
302,Tudo Entregarei,"Adoração e Louvor | Paz, Cuidado e Confiança",Salmos 150:1-6; Apocalipse 4:8; Salmos 95:1-2 | Salmos 23:1-4; João 14:27; Salmos 46:1,https://www.youtube.com/watch?v=bzXmFmM4CTM
303,Minha Entrega,Vida Cristã e Devoção,Salmos 1:1-2; Provérbios 3:5-6,https://www.youtube.com/watch?v=FlkCgkhQ5CI
304,"Que Te Darei, Meu Mestre?",Adoração e Louvor | Graça e Salvação | Oração e Comunhão,1 Tessalonicenses 5:17; Mateus 7:7; Filipenses 4:6 | Efésios 2:8-9; João 3:16; 1 João 1:9 | Salmos 150:1-6; Apocalipse 4:8; Salmos 95:1-2,https://www.youtube.com/watch?v=wAW5aQOksIg
305,Sobre o Altar,"Adoração e Louvor | Missão e Serviço | Oração e Comunhão | Paz, Cuidado e Confiança | Sacrifício e Redenção",1 Tessalonicenses 5:17; Mateus 7:7; Filipenses 4:6 | Isaías 53:4-5; Romanos 5:8; Hebreus 9:22 | Mateus 28:19-20; Isaías 6:8; Marcos 16:15 | Salmos 150:1-6; Apocalipse 4:8; Salmos 95:1-2 | Salmos 23:1-4; João 14:27; Salmos 46:1,https://www.youtube.com/watch?v=nYohbTMsyfo
306,Eis-nos Prontos,"Graça e Salvação | Lar e Família | Paz, Cuidado e Confiança | Segunda Vinda e Esperança",1 Tessalonicenses 4:16-17; Apocalipse 1:7; João 14:1-3 | Efésios 2:8-9; João 3:16; 1 João 1:9 | Josué 24:15; Efésios 6:1-4 | Salmos 23:1-4; João 14:27; Salmos 46:1,https://www.youtube.com/watch?v=hwSVlpmYTWM
307,Conta as Bênçãos,Oração e Comunhão | Sacrifício e Redenção,1 Tessalonicenses 5:17; Mateus 7:7; Filipenses 4:6 | Isaías 53:4-5; Romanos 5:8; Hebreus 9:22,https://www.youtube.com/watch?v=ai_AQ1CwA2A
308,Faze Como Daniel,Missão e Serviço | Oração e Comunhão,1 Tessalonicenses 5:17; Mateus 7:7; Filipenses 4:6 | Mateus 28:19-20; Isaías 6:8; Marcos 16:15,https://www.youtube.com/watch?v=lCz31f0wvvI
309,Em Tuas Mãos,Graça e Salvação | Oração e Comunhão,1 Tessalonicenses 5:17; Mateus 7:7; Filipenses 4:6 | Efésios 2:8-9; João 3:16; 1 João 1:9,https://www.youtube.com/watch?v=J-JW7ALhif8
310,Entrega,Graça e Salvação | Lar e Família | Missão e Serviço | Oração e Comunhão,1 Tessalonicenses 5:17; Mateus 7:7; Filipenses 4:6 | Efésios 2:8-9; João 3:16; 1 João 1:9 | Josué 24:15; Efésios 6:1-4 | Mateus 28:19-20; Isaías 6:8; Marcos 16:15,https://www.youtube.com/watch?v=vylQz82zkKE
311,Inteiramente Fiel,Crianças e Jovens,Mateus 19:14; Provérbios 22:6,https://www.youtube.com/watch?v=CVC5EOg8pCM
312,Nas Tuas Mãos,"Palavra de Deus e Lei | Paz, Cuidado e Confiança",Salmos 119:105; 2 Timóteo 3:16; Salmos 19:7 | Salmos 23:1-4; João 14:27; Salmos 46:1,https://www.youtube.com/watch?v=g9B7YsUgUNM
313,Tudo Para Deus,"Oração e Comunhão | Paz, Cuidado e Confiança | Sacrifício e Redenção",1 Tessalonicenses 5:17; Mateus 7:7; Filipenses 4:6 | Isaías 53:4-5; Romanos 5:8; Hebreus 9:22 | Salmos 23:1-4; João 14:27; Salmos 46:1,https://www.youtube.com/watch?v=pI6-8Jet0YU
314,Se Ele Não For O Primeiro,Crianças e Jovens | Missão e Serviço | Oração e Comunhão,1 Tessalonicenses 5:17; Mateus 7:7; Filipenses 4:6 | Mateus 19:14; Provérbios 22:6 | Mateus 28:19-20; Isaías 6:8; Marcos 16:15,https://www.youtube.com/watch?v=TlArU2RQ2YY
315,A Cristo Eu Amo,"Missão e Serviço | Paz, Cuidado e Confiança | Sacrifício e Redenção",Isaías 53:4-5; Romanos 5:8; Hebreus 9:22 | Mateus 28:19-20; Isaías 6:8; Marcos 16:15 | Salmos 23:1-4; João 14:27; Salmos 46:1,https://www.youtube.com/watch?v=jBfNNgtMVUA
316,Achei Um Grande Amigo,"Graça e Salvação | Igreja e Comunhão | Oração e Comunhão | Palavra de Deus e Lei | Paz, Cuidado e Confiança | Sacrifício e Redenção | Segunda Vinda e Esperança",1 Tessalonicenses 4:16-17; Apocalipse 1:7; João 14:1-3 | 1 Tessalonicenses 5:17; Mateus 7:7; Filipenses 4:6 | Efésios 2:8-9; João 3:16; 1 João 1:9 | Isaías 53:4-5; Romanos 5:8; Hebreus 9:22 | Salmos 119:105; 2 Timóteo 3:16; Salmos 19:7 | Salmos 133:1; Hebreus 10:25 | Salmos 23:1-4; João 14:27; Salmos 46:1,https://www.youtube.com/watch?v=5RRcpOBlXeA
317,Amigo Mui Precioso,"Graça e Salvação | Lar e Família | Paz, Cuidado e Confiança | Sacrifício e Redenção",Efésios 2:8-9; João 3:16; 1 João 1:9 | Isaías 53:4-5; Romanos 5:8; Hebreus 9:22 | Josué 24:15; Efésios 6:1-4 | Salmos 23:1-4; João 14:27; Salmos 46:1,https://www.youtube.com/watch?v=_8yIJOzF0rw
318,Cantarei de Meu Jesus,Adoração e Louvor | Graça e Salvação | Oração e Comunhão | Sacrifício e Redenção,1 Tessalonicenses 5:17; Mateus 7:7; Filipenses 4:6 | Efésios 2:8-9; João 3:16; 1 João 1:9 | Isaías 53:4-5; Romanos 5:8; Hebreus 9:22 | Salmos 150:1-6; Apocalipse 4:8; Salmos 95:1-2,https://www.youtube.com/watch?v=hrtXSRc5Ces
319,Cristo é Tudo Para Mim,"Paz, Cuidado e Confiança",Salmos 23:1-4; João 14:27; Salmos 46:1,https://www.youtube.com/watch?v=s99navSSdWM
320,"Eu Te Amo, Meu Mestre",Adoração e Louvor | Crianças e Jovens | Graça e Salvação | Palavra de Deus e Lei | Segunda Vinda e Esperança,1 Tessalonicenses 4:16-17; Apocalipse 1:7; João 14:1-3 | Efésios 2:8-9; João 3:16; 1 João 1:9 | Mateus 19:14; Provérbios 22:6 | Salmos 119:105; 2 Timóteo 3:16; Salmos 19:7 | Salmos 150:1-6; Apocalipse 4:8; Salmos 95:1-2,https://www.youtube.com/watch?v=Wl9Xe0a1WRI
321,Jesus é Melhor,"Graça e Salvação | Paz, Cuidado e Confiança",Efésios 2:8-9; João 3:16; 1 João 1:9 | Salmos 23:1-4; João 14:27; Salmos 46:1,https://www.youtube.com/watch?v=4OR2dSNYuXk
322,Jesus Me Guia,"Oração e Comunhão | Paz, Cuidado e Confiança",1 Tessalonicenses 5:17; Mateus 7:7; Filipenses 4:6 | Salmos 23:1-4; João 14:27; Salmos 46:1,https://www.youtube.com/watch?v=WmkAm7Eog80
323,Há um Amigo,"Crianças e Jovens | Graça e Salvação | Paz, Cuidado e Confiança | Segunda Vinda e Esperança",1 Tessalonicenses 4:16-17; Apocalipse 1:7; João 14:1-3 | Efésios 2:8-9; João 3:16; 1 João 1:9 | Mateus 19:14; Provérbios 22:6 | Salmos 23:1-4; João 14:27; Salmos 46:1,https://www.youtube.com/watch?v=ti8OJHZqvUs
324,"Jesus, Teu Nome Satisfaz","Oração e Comunhão | Paz, Cuidado e Confiança",1 Tessalonicenses 5:17; Mateus 7:7; Filipenses 4:6 | Salmos 23:1-4; João 14:27; Salmos 46:1,https://www.youtube.com/watch?v=VyKaiFCoIXA
325,Junto ao Bondoso Deus,"Graça e Salvação | Oração e Comunhão | Paz, Cuidado e Confiança",1 Tessalonicenses 5:17; Mateus 7:7; Filipenses 4:6 | Efésios 2:8-9; João 3:16; 1 João 1:9 | Salmos 23:1-4; João 14:27; Salmos 46:1,https://www.youtube.com/watch?v=v76WHJ132HI
326,Manancial de Toda Bênção,Adoração e Louvor | Graça e Salvação | Sacrifício e Redenção,Efésios 2:8-9; João 3:16; 1 João 1:9 | Isaías 53:4-5; Romanos 5:8; Hebreus 9:22 | Salmos 150:1-6; Apocalipse 4:8; Salmos 95:1-2,https://www.youtube.com/watch?v=CsPuhdOn8ko
327,Não Há Amigo Igual A Cristo,"Adoração e Louvor | Paz, Cuidado e Confiança",Salmos 150:1-6; Apocalipse 4:8; Salmos 95:1-2 | Salmos 23:1-4; João 14:27; Salmos 46:1,https://www.youtube.com/watch?v=1ibGBe9svTw
328,Meu Deus e Eu,"Paz, Cuidado e Confiança",Salmos 23:1-4; João 14:27; Salmos 46:1,https://www.youtube.com/watch?v=AW5sH1Z4XYs
329,Não Há Nome Mais Amável,"Adoração e Louvor | Graça e Salvação | Oração e Comunhão | Paz, Cuidado e Confiança | Segunda Vinda e Esperança",1 Tessalonicenses 4:16-17; Apocalipse 1:7; João 14:1-3 | 1 Tessalonicenses 5:17; Mateus 7:7; Filipenses 4:6 | Efésios 2:8-9; João 3:16; 1 João 1:9 | Salmos 150:1-6; Apocalipse 4:8; Salmos 95:1-2 | Salmos 23:1-4; João 14:27; Salmos 46:1,https://www.youtube.com/watch?v=0SoM9vhYIwc
330,O Melhor Amigo,"Graça e Salvação | Oração e Comunhão | Paz, Cuidado e Confiança",1 Tessalonicenses 5:17; Mateus 7:7; Filipenses 4:6 | Efésios 2:8-9; João 3:16; 1 João 1:9 | Salmos 23:1-4; João 14:27; Salmos 46:1,https://www.youtube.com/watch?v=mQblvleLL40
331,Nome Precioso,"Adoração e Louvor | Graça e Salvação | Oração e Comunhão | Paz, Cuidado e Confiança | Segunda Vinda e Esperança",1 Tessalonicenses 4:16-17; Apocalipse 1:7; João 14:1-3 | 1 Tessalonicenses 5:17; Mateus 7:7; Filipenses 4:6 | Efésios 2:8-9; João 3:16; 1 João 1:9 | Salmos 150:1-6; Apocalipse 4:8; Salmos 95:1-2 | Salmos 23:1-4; João 14:27; Salmos 46:1,https://www.youtube.com/watch?v=ol-pFzHphIQ
332,Tudo És Pra Mim,Adoração e Louvor | Sacrifício e Redenção,Isaías 53:4-5; Romanos 5:8; Hebreus 9:22 | Salmos 150:1-6; Apocalipse 4:8; Salmos 95:1-2,https://www.youtube.com/watch?v=1dA0FMuuftU
333,Oh! Que Amigo em Cristo Temos,"Lar e Família | Oração e Comunhão | Paz, Cuidado e Confiança",1 Tessalonicenses 5:17; Mateus 7:7; Filipenses 4:6 | Josué 24:15; Efésios 6:1-4 | Salmos 23:1-4; João 14:27; Salmos 46:1,https://www.youtube.com/watch?v=MeeNmIEjLVs
334,"Oh, Eu Amo A Cristo!","Adoração e Louvor | Graça e Salvação | Lar e Família | Paz, Cuidado e Confiança",Efésios 2:8-9; João 3:16; 1 João 1:9 | Josué 24:15; Efésios 6:1-4 | Salmos 150:1-6; Apocalipse 4:8; Salmos 95:1-2 | Salmos 23:1-4; João 14:27; Salmos 46:1,https://www.youtube.com/watch?v=JCYBqVqtKGQ
335,Precioso é Jesus Para Mim,Adoração e Louvor | Graça e Salvação | Lar e Família | Oração e Comunhão | Sacrifício e Redenção,1 Tessalonicenses 5:17; Mateus 7:7; Filipenses 4:6 | Efésios 2:8-9; João 3:16; 1 João 1:9 | Isaías 53:4-5; Romanos 5:8; Hebreus 9:22 | Josué 24:15; Efésios 6:1-4 | Salmos 150:1-6; Apocalipse 4:8; Salmos 95:1-2,https://www.youtube.com/watch?v=WOpYIxGYvK0
336,Salmo Dos Salmos,"Graça e Salvação | Palavra de Deus e Lei | Paz, Cuidado e Confiança",Efésios 2:8-9; João 3:16; 1 João 1:9 | Salmos 119:105; 2 Timóteo 3:16; Salmos 19:7 | Salmos 23:1-4; João 14:27; Salmos 46:1,https://www.youtube.com/watch?v=2QuelXhYD8w
337,Amor nos Faz Contentes,Graça e Salvação | Palavra de Deus e Lei,Efésios 2:8-9; João 3:16; 1 João 1:9 | Salmos 119:105; 2 Timóteo 3:16; Salmos 19:7,https://www.youtube.com/watch?v=6qSurkv7NNM
338,Deus Não se Cansa de Amar,"Crianças e Jovens | Graça e Salvação | Paz, Cuidado e Confiança | Sacrifício e Redenção | Segunda Vinda e Esperança",1 Tessalonicenses 4:16-17; Apocalipse 1:7; João 14:1-3 | Efésios 2:8-9; João 3:16; 1 João 1:9 | Isaías 53:4-5; Romanos 5:8; Hebreus 9:22 | Mateus 19:14; Provérbios 22:6 | Salmos 23:1-4; João 14:27; Salmos 46:1,https://www.youtube.com/watch?v=SuB1C8QF8RM
339,Eu Sou Um Pobre Peregrino,Lar e Família | Sacrifício e Redenção | Segunda Vinda e Esperança | Sábado e Criação,1 Tessalonicenses 4:16-17; Apocalipse 1:7; João 14:1-3 | Isaías 53:4-5; Romanos 5:8; Hebreus 9:22 | Josué 24:15; Efésios 6:1-4 | Êxodo 20:8-11; Gênesis 2:2-3,https://www.youtube.com/watch?v=9VR9YnK2D04
340,Sou Forasteiro Aqui,Graça e Salvação | Lar e Família | Missão e Serviço,Efésios 2:8-9; João 3:16; 1 João 1:9 | Josué 24:15; Efésios 6:1-4 | Mateus 28:19-20; Isaías 6:8; Marcos 16:15,https://www.youtube.com/watch?v=s0qMxW-q6BY
341,Mágoas,"Graça e Salvação | Oração e Comunhão | Paz, Cuidado e Confiança",1 Tessalonicenses 5:17; Mateus 7:7; Filipenses 4:6 | Efésios 2:8-9; João 3:16; 1 João 1:9 | Salmos 23:1-4; João 14:27; Salmos 46:1,https://www.youtube.com/watch?v=aG7uBv3mnsg
342,Eu Não Te Deixarei,"Graça e Salvação | Lar e Família | Paz, Cuidado e Confiança | Segunda Vinda e Esperança",1 Tessalonicenses 4:16-17; Apocalipse 1:7; João 14:1-3 | Efésios 2:8-9; João 3:16; 1 João 1:9 | Josué 24:15; Efésios 6:1-4 | Salmos 23:1-4; João 14:27; Salmos 46:1,https://www.youtube.com/watch?v=6nJvSdQk0es
343,Meu Refúgio Está no Monte,"Adoração e Louvor | Crianças e Jovens | Oração e Comunhão | Paz, Cuidado e Confiança | Sacrifício e Redenção",1 Tessalonicenses 5:17; Mateus 7:7; Filipenses 4:6 | Isaías 53:4-5; Romanos 5:8; Hebreus 9:22 | Mateus 19:14; Provérbios 22:6 | Salmos 150:1-6; Apocalipse 4:8; Salmos 95:1-2 | Salmos 23:1-4; João 14:27; Salmos 46:1,https://www.youtube.com/watch?v=D60qJG7tseU
344,Confiarei,Graça e Salvação | Oração e Comunhão | Palavra de Deus e Lei,1 Tessalonicenses 5:17; Mateus 7:7; Filipenses 4:6 | Efésios 2:8-9; João 3:16; 1 João 1:9 | Salmos 119:105; 2 Timóteo 3:16; Salmos 19:7,https://www.youtube.com/watch?v=y_tr7ucTMHY
345,Novo Dia Chegará,Graça e Salvação | Oração e Comunhão | Sacrifício e Redenção | Segunda Vinda e Esperança,1 Tessalonicenses 4:16-17; Apocalipse 1:7; João 14:1-3 | 1 Tessalonicenses 5:17; Mateus 7:7; Filipenses 4:6 | Efésios 2:8-9; João 3:16; 1 João 1:9 | Isaías 53:4-5; Romanos 5:8; Hebreus 9:22,https://www.youtube.com/watch?v=Xm1zBfeI-RY
346,Como Agradecer,Adoração e Louvor | Graça e Salvação | Sacrifício e Redenção,Efésios 2:8-9; João 3:16; 1 João 1:9 | Isaías 53:4-5; Romanos 5:8; Hebreus 9:22 | Salmos 150:1-6; Apocalipse 4:8; Salmos 95:1-2,https://www.youtube.com/watch?v=K0dtLwEBX3Q
347,Obrigado,"Crianças e Jovens | Graça e Salvação | Oração e Comunhão | Paz, Cuidado e Confiança | Segunda Vinda e Esperança | Sábado e Criação",1 Tessalonicenses 4:16-17; Apocalipse 1:7; João 14:1-3 | 1 Tessalonicenses 5:17; Mateus 7:7; Filipenses 4:6 | Efésios 2:8-9; João 3:16; 1 João 1:9 | Mateus 19:14; Provérbios 22:6 | Salmos 23:1-4; João 14:27; Salmos 46:1 | Êxodo 20:8-11; Gênesis 2:2-3,https://www.youtube.com/watch?v=yRp9mr9TgcA
348,Graças,"Graça e Salvação | Oração e Comunhão | Paz, Cuidado e Confiança | Sacrifício e Redenção | Segunda Vinda e Esperança",1 Tessalonicenses 4:16-17; Apocalipse 1:7; João 14:1-3 | 1 Tessalonicenses 5:17; Mateus 7:7; Filipenses 4:6 | Efésios 2:8-9; João 3:16; 1 João 1:9 | Isaías 53:4-5; Romanos 5:8; Hebreus 9:22 | Salmos 23:1-4; João 14:27; Salmos 46:1,https://www.youtube.com/watch?v=On65YomkD4g
349,Gratidão,Adoração e Louvor | Graça e Salvação | Lar e Família,Efésios 2:8-9; João 3:16; 1 João 1:9 | Josué 24:15; Efésios 6:1-4 | Salmos 150:1-6; Apocalipse 4:8; Salmos 95:1-2,https://www.youtube.com/watch?v=cnHNKIuzMVk
350,"Senhor Jesus, Muito Obrigado","Adoração e Louvor | Crianças e Jovens | Graça e Salvação | Missão e Serviço | Paz, Cuidado e Confiança",Efésios 2:8-9; João 3:16; 1 João 1:9 | Mateus 19:14; Provérbios 22:6 | Mateus 28:19-20; Isaías 6:8; Marcos 16:15 | Salmos 150:1-6; Apocalipse 4:8; Salmos 95:1-2 | Salmos 23:1-4; João 14:27; Salmos 46:1,https://www.youtube.com/watch?v=rYV_vBMei_A
351,"Jesus, Muito Obrigado","Graça e Salvação | Paz, Cuidado e Confiança | Segunda Vinda e Esperança",1 Tessalonicenses 4:16-17; Apocalipse 1:7; João 14:1-3 | Efésios 2:8-9; João 3:16; 1 João 1:9 | Salmos 23:1-4; João 14:27; Salmos 46:1,https://www.youtube.com/watch?v=Qo1T9ZuepmY
352,"Luz Bendita, Luz Gloriosa","Adoração e Louvor | Graça e Salvação | Paz, Cuidado e Confiança | Segunda Vinda e Esperança",1 Tessalonicenses 4:16-17; Apocalipse 1:7; João 14:1-3 | Efésios 2:8-9; João 3:16; 1 João 1:9 | Salmos 150:1-6; Apocalipse 4:8; Salmos 95:1-2 | Salmos 23:1-4; João 14:27; Salmos 46:1,https://www.youtube.com/watch?v=EeFroE51w8Y
353,É Prazer Servir a Cristo,Adoração e Louvor | Missão e Serviço | Oração e Comunhão,1 Tessalonicenses 5:17; Mateus 7:7; Filipenses 4:6 | Mateus 28:19-20; Isaías 6:8; Marcos 16:15 | Salmos 150:1-6; Apocalipse 4:8; Salmos 95:1-2,https://www.youtube.com/watch?v=QTuACjQAEqQ
354,Paz,"Adoração e Louvor | Graça e Salvação | Lar e Família | Paz, Cuidado e Confiança",Efésios 2:8-9; João 3:16; 1 João 1:9 | Josué 24:15; Efésios 6:1-4 | Salmos 150:1-6; Apocalipse 4:8; Salmos 95:1-2 | Salmos 23:1-4; João 14:27; Salmos 46:1,https://www.youtube.com/watch?v=pb4tGtxy9yE
355,Sempre Alegre,"Adoração e Louvor | Graça e Salvação | Lar e Família | Missão e Serviço | Oração e Comunhão | Paz, Cuidado e Confiança",1 Tessalonicenses 5:17; Mateus 7:7; Filipenses 4:6 | Efésios 2:8-9; João 3:16; 1 João 1:9 | Josué 24:15; Efésios 6:1-4 | Mateus 28:19-20; Isaías 6:8; Marcos 16:15 | Salmos 150:1-6; Apocalipse 4:8; Salmos 95:1-2 | Salmos 23:1-4; João 14:27; Salmos 46:1,https://www.youtube.com/watch?v=rL9g1Vr1jWs
356,Tenho um Hino em Meu Coração,"Adoração e Louvor | Graça e Salvação | Oração e Comunhão | Paz, Cuidado e Confiança",1 Tessalonicenses 5:17; Mateus 7:7; Filipenses 4:6 | Efésios 2:8-9; João 3:16; 1 João 1:9 | Salmos 150:1-6; Apocalipse 4:8; Salmos 95:1-2 | Salmos 23:1-4; João 14:27; Salmos 46:1,https://www.youtube.com/watch?v=veBLWvLwvQ8
357,Bendita Hora de Oração,"Adoração e Louvor | Graça e Salvação | Igreja e Comunhão | Oração e Comunhão | Paz, Cuidado e Confiança",1 Tessalonicenses 5:17; Mateus 7:7; Filipenses 4:6 | Efésios 2:8-9; João 3:16; 1 João 1:9 | Salmos 133:1; Hebreus 10:25 | Salmos 150:1-6; Apocalipse 4:8; Salmos 95:1-2 | Salmos 23:1-4; João 14:27; Salmos 46:1,https://www.youtube.com/watch?v=Z6as5nyLYa8
358,"Só, Com Teu Deus","Crianças e Jovens | Graça e Salvação | Igreja e Comunhão | Paz, Cuidado e Confiança | Sacrifício e Redenção",Efésios 2:8-9; João 3:16; 1 João 1:9 | Isaías 53:4-5; Romanos 5:8; Hebreus 9:22 | Mateus 19:14; Provérbios 22:6 | Salmos 133:1; Hebreus 10:25 | Salmos 23:1-4; João 14:27; Salmos 46:1,https://www.youtube.com/watch?v=PJlt94VhU_M
359,Lugar De Paz,"Graça e Salvação | Oração e Comunhão | Paz, Cuidado e Confiança",1 Tessalonicenses 5:17; Mateus 7:7; Filipenses 4:6 | Efésios 2:8-9; João 3:16; 1 João 1:9 | Salmos 23:1-4; João 14:27; Salmos 46:1,https://www.youtube.com/watch?v=-p9a4BxDUdE
360,"Deus Ouve, Deus Responde","Graça e Salvação | Oração e Comunhão | Paz, Cuidado e Confiança",1 Tessalonicenses 5:17; Mateus 7:7; Filipenses 4:6 | Efésios 2:8-9; João 3:16; 1 João 1:9 | Salmos 23:1-4; João 14:27; Salmos 46:1,https://www.youtube.com/watch?v=lUaHAM1HZdQ
361,Deus Nos Ouvirá,Adoração e Louvor | Graça e Salvação | Igreja e Comunhão | Lar e Família | Oração e Comunhão | Segunda Vinda e Esperança,1 Tessalonicenses 4:16-17; Apocalipse 1:7; João 14:1-3 | 1 Tessalonicenses 5:17; Mateus 7:7; Filipenses 4:6 | Efésios 2:8-9; João 3:16; 1 João 1:9 | Josué 24:15; Efésios 6:1-4 | Salmos 133:1; Hebreus 10:25 | Salmos 150:1-6; Apocalipse 4:8; Salmos 95:1-2,https://www.youtube.com/watch?v=DCRsK6diXAE
362,O Melhor Lugar do Mundo,"Graça e Salvação | Oração e Comunhão | Paz, Cuidado e Confiança | Segunda Vinda e Esperança",1 Tessalonicenses 4:16-17; Apocalipse 1:7; João 14:1-3 | 1 Tessalonicenses 5:17; Mateus 7:7; Filipenses 4:6 | Efésios 2:8-9; João 3:16; 1 João 1:9 | Salmos 23:1-4; João 14:27; Salmos 46:1,https://www.youtube.com/watch?v=7M1qS8d9a8E
363,O Jardim de Oração,"Adoração e Louvor | Graça e Salvação | Lar e Família | Oração e Comunhão | Paz, Cuidado e Confiança | Sábado e Criação",1 Tessalonicenses 5:17; Mateus 7:7; Filipenses 4:6 | Efésios 2:8-9; João 3:16; 1 João 1:9 | Josué 24:15; Efésios 6:1-4 | Salmos 150:1-6; Apocalipse 4:8; Salmos 95:1-2 | Salmos 23:1-4; João 14:27; Salmos 46:1 | Êxodo 20:8-11; Gênesis 2:2-3,https://www.youtube.com/watch?v=xp-d4CRRylI
364,Que Tempo Já faz?,"Graça e Salvação | Missão e Serviço | Oração e Comunhão | Paz, Cuidado e Confiança",1 Tessalonicenses 5:17; Mateus 7:7; Filipenses 4:6 | Efésios 2:8-9; João 3:16; 1 João 1:9 | Mateus 28:19-20; Isaías 6:8; Marcos 16:15 | Salmos 23:1-4; João 14:27; Salmos 46:1,https://www.youtube.com/watch?v=D7NLGP2-GLc
365,Santa Hora de Oração,"Adoração e Louvor | Graça e Salvação | Lar e Família | Oração e Comunhão | Paz, Cuidado e Confiança | Segunda Vinda e Esperança",1 Tessalonicenses 4:16-17; Apocalipse 1:7; João 14:1-3 | 1 Tessalonicenses 5:17; Mateus 7:7; Filipenses 4:6 | Efésios 2:8-9; João 3:16; 1 João 1:9 | Josué 24:15; Efésios 6:1-4 | Salmos 150:1-6; Apocalipse 4:8; Salmos 95:1-2 | Salmos 23:1-4; João 14:27; Salmos 46:1,https://www.youtube.com/watch?v=p9DHQ5v2LgE
366,No Jardim,Sacrifício e Redenção,Isaías 53:4-5; Romanos 5:8; Hebreus 9:22,https://www.youtube.com/watch?v=SnSVCN7Vuzk
367,Falar com Deus,"Adoração e Louvor | Graça e Salvação | Lar e Família | Oração e Comunhão | Paz, Cuidado e Confiança",1 Tessalonicenses 5:17; Mateus 7:7; Filipenses 4:6 | Efésios 2:8-9; João 3:16; 1 João 1:9 | Josué 24:15; Efésios 6:1-4 | Salmos 150:1-6; Apocalipse 4:8; Salmos 95:1-2 | Salmos 23:1-4; João 14:27; Salmos 46:1,https://www.youtube.com/watch?v=FkaoRqCR1Qc
368,Ao Teu Lado Quero Andar,Graça e Salvação | Lar e Família,Efésios 2:8-9; João 3:16; 1 João 1:9 | Josué 24:15; Efésios 6:1-4,https://www.youtube.com/watch?v=fk-hDs89Z8I
369,Seguindo a Jesus,"Lar e Família | Paz, Cuidado e Confiança",Josué 24:15; Efésios 6:1-4 | Salmos 23:1-4; João 14:27; Salmos 46:1,https://www.youtube.com/watch?v=9eU0EyNyVNk
370,Bem Junto a Cristo,"Graça e Salvação | Lar e Família | Oração e Comunhão | Paz, Cuidado e Confiança | Sacrifício e Redenção",1 Tessalonicenses 5:17; Mateus 7:7; Filipenses 4:6 | Efésios 2:8-9; João 3:16; 1 João 1:9 | Isaías 53:4-5; Romanos 5:8; Hebreus 9:22 | Josué 24:15; Efésios 6:1-4 | Salmos 23:1-4; João 14:27; Salmos 46:1,https://www.youtube.com/watch?v=WW-CwdrG7Zo
371,Cada Vez Mais Puro,Adoração e Louvor | Graça e Salvação | Lar e Família | Oração e Comunhão,1 Tessalonicenses 5:17; Mateus 7:7; Filipenses 4:6 | Efésios 2:8-9; João 3:16; 1 João 1:9 | Josué 24:15; Efésios 6:1-4 | Salmos 150:1-6; Apocalipse 4:8; Salmos 95:1-2,https://www.youtube.com/watch?v=9eUp7OZe4NA
372,"Abre, Senhor, Os Olhos Meus","Adoração e Louvor | Graça e Salvação | Lar e Família | Missão e Serviço | Oração e Comunhão | Paz, Cuidado e Confiança",1 Tessalonicenses 5:17; Mateus 7:7; Filipenses 4:6 | Efésios 2:8-9; João 3:16; 1 João 1:9 | Josué 24:15; Efésios 6:1-4 | Mateus 28:19-20; Isaías 6:8; Marcos 16:15 | Salmos 150:1-6; Apocalipse 4:8; Salmos 95:1-2 | Salmos 23:1-4; João 14:27; Salmos 46:1,https://www.youtube.com/watch?v=20rnfeAocEo
373,Deixa-me Contigo Andar,Graça e Salvação | Lar e Família | Oração e Comunhão | Sacrifício e Redenção,1 Tessalonicenses 5:17; Mateus 7:7; Filipenses 4:6 | Efésios 2:8-9; João 3:16; 1 João 1:9 | Isaías 53:4-5; Romanos 5:8; Hebreus 9:22 | Josué 24:15; Efésios 6:1-4,https://www.youtube.com/watch?v=2Os83OCiqo4
374,"Contigo, Ó Deus, Almejo Andar",Graça e Salvação | Lar e Família,Efésios 2:8-9; João 3:16; 1 João 1:9 | Josué 24:15; Efésios 6:1-4,https://www.youtube.com/watch?v=dtSsQXZeSqQ
375,Canção Da Vida,"Graça e Salvação | Lar e Família | Oração e Comunhão | Paz, Cuidado e Confiança",1 Tessalonicenses 5:17; Mateus 7:7; Filipenses 4:6 | Efésios 2:8-9; João 3:16; 1 João 1:9 | Josué 24:15; Efésios 6:1-4 | Salmos 23:1-4; João 14:27; Salmos 46:1,https://www.youtube.com/watch?v=EyOkqnp-boI
376,"Cristo, Dá-nos Tua Paz","Adoração e Louvor | Graça e Salvação | Oração e Comunhão | Paz, Cuidado e Confiança",1 Tessalonicenses 5:17; Mateus 7:7; Filipenses 4:6 | Efésios 2:8-9; João 3:16; 1 João 1:9 | Salmos 150:1-6; Apocalipse 4:8; Salmos 95:1-2 | Salmos 23:1-4; João 14:27; Salmos 46:1,https://www.youtube.com/watch?v=iHocK6sFQG4
377,Mais de Cristo,"Adoração e Louvor | Graça e Salvação | Lar e Família | Palavra de Deus e Lei | Paz, Cuidado e Confiança",Efésios 2:8-9; João 3:16; 1 João 1:9 | Josué 24:15; Efésios 6:1-4 | Salmos 119:105; 2 Timóteo 3:16; Salmos 19:7 | Salmos 150:1-6; Apocalipse 4:8; Salmos 95:1-2 | Salmos 23:1-4; João 14:27; Salmos 46:1,https://www.youtube.com/watch?v=-pYZX4k5weo
378,Mais Perto Quero Estar,"Graça e Salvação | Oração e Comunhão | Paz, Cuidado e Confiança | Sábado e Criação",1 Tessalonicenses 5:17; Mateus 7:7; Filipenses 4:6 | Efésios 2:8-9; João 3:16; 1 João 1:9 | Salmos 23:1-4; João 14:27; Salmos 46:1 | Êxodo 20:8-11; Gênesis 2:2-3,https://www.youtube.com/watch?v=8S4HBQ8vSKY
379,Fala à Minh'Alma,Adoração e Louvor | Crianças e Jovens | Graça e Salvação | Sacrifício e Redenção,Efésios 2:8-9; João 3:16; 1 João 1:9 | Isaías 53:4-5; Romanos 5:8; Hebreus 9:22 | Mateus 19:14; Provérbios 22:6 | Salmos 150:1-6; Apocalipse 4:8; Salmos 95:1-2,https://www.youtube.com/watch?v=_g7rOev2ybA
380,"Sonda-me, ó Deus",Adoração e Louvor | Graça e Salvação | Lar e Família | Missão e Serviço | Oração e Comunhão,1 Tessalonicenses 5:17; Mateus 7:7; Filipenses 4:6 | Efésios 2:8-9; João 3:16; 1 João 1:9 | Josué 24:15; Efésios 6:1-4 | Mateus 28:19-20; Isaías 6:8; Marcos 16:15 | Salmos 150:1-6; Apocalipse 4:8; Salmos 95:1-2,https://www.youtube.com/watch?v=hfvTjhIT-DQ
381,Teu Divinal Amor,Graça e Salvação | Lar e Família | Oração e Comunhão | Sacrifício e Redenção,1 Tessalonicenses 5:17; Mateus 7:7; Filipenses 4:6 | Efésios 2:8-9; João 3:16; 1 João 1:9 | Isaías 53:4-5; Romanos 5:8; Hebreus 9:22 | Josué 24:15; Efésios 6:1-4,https://www.youtube.com/watch?v=yEIIRYcw480
382,Minha Oração,"Adoração e Louvor | Crianças e Jovens | Graça e Salvação | Missão e Serviço | Oração e Comunhão | Paz, Cuidado e Confiança | Sacrifício e Redenção | Segunda Vinda e Esperança",1 Tessalonicenses 4:16-17; Apocalipse 1:7; João 14:1-3 | 1 Tessalonicenses 5:17; Mateus 7:7; Filipenses 4:6 | Efésios 2:8-9; João 3:16; 1 João 1:9 | Isaías 53:4-5; Romanos 5:8; Hebreus 9:22 | Mateus 19:14; Provérbios 22:6 | Mateus 28:19-20; Isaías 6:8; Marcos 16:15 | Salmos 150:1-6; Apocalipse 4:8; Salmos 95:1-2 | Salmos 23:1-4; João 14:27; Salmos 46:1,https://www.youtube.com/watch?v=zdqCReoBjNA
383,Em Mim Vem Habitar,"Graça e Salvação | Lar e Família | Missão e Serviço | Oração e Comunhão | Paz, Cuidado e Confiança | Sacrifício e Redenção",1 Tessalonicenses 5:17; Mateus 7:7; Filipenses 4:6 | Efésios 2:8-9; João 3:16; 1 João 1:9 | Isaías 53:4-5; Romanos 5:8; Hebreus 9:22 | Josué 24:15; Efésios 6:1-4 | Mateus 28:19-20; Isaías 6:8; Marcos 16:15 | Salmos 23:1-4; João 14:27; Salmos 46:1,https://www.youtube.com/watch?v=_Y7x4rwunTM
384,O Teu Querer,"Paz, Cuidado e Confiança",Salmos 23:1-4; João 14:27; Salmos 46:1,https://www.youtube.com/watch?v=kcyghSL8dwc
385,Música Celeste,"Graça e Salvação | Oração e Comunhão | Paz, Cuidado e Confiança",1 Tessalonicenses 5:17; Mateus 7:7; Filipenses 4:6 | Efésios 2:8-9; João 3:16; 1 João 1:9 | Salmos 23:1-4; João 14:27; Salmos 46:1,https://www.youtube.com/watch?v=wScrNQt-IhU
386,Abre Meus Olhos,"Oração e Comunhão | Paz, Cuidado e Confiança",1 Tessalonicenses 5:17; Mateus 7:7; Filipenses 4:6 | Salmos 23:1-4; João 14:27; Salmos 46:1,https://www.youtube.com/watch?v=Z4MGD-mnSHo
387,"Jesus, Não Eu",Espírito Santo | Lar e Família | Oração e Comunhão,1 Tessalonicenses 5:17; Mateus 7:7; Filipenses 4:6 | Josué 24:15; Efésios 6:1-4 | João 14:16-17; Atos 2:1-4,https://www.youtube.com/watch?v=MSXFfVqU2Rk
388,Sê Minha Vida,Crianças e Jovens | Lar e Família | Oração e Comunhão,1 Tessalonicenses 5:17; Mateus 7:7; Filipenses 4:6 | Josué 24:15; Efésios 6:1-4 | Mateus 19:14; Provérbios 22:6,https://www.youtube.com/watch?v=-cigdfK-ktk
389,Minha Cruz,"Graça e Salvação | Lar e Família | Paz, Cuidado e Confiança | Sacrifício e Redenção",Efésios 2:8-9; João 3:16; 1 João 1:9 | Isaías 53:4-5; Romanos 5:8; Hebreus 9:22 | Josué 24:15; Efésios 6:1-4 | Salmos 23:1-4; João 14:27; Salmos 46:1,https://www.youtube.com/watch?v=3JfsZZoCK-I
390,Pegadas,Vida Cristã e Devoção,Salmos 1:1-2; Provérbios 3:5-6,https://www.youtube.com/watch?v=6r_JxU0owC8
391,Queremos Dar Louvor,"Adoração e Louvor | Espírito Santo | Lar e Família | Oração e Comunhão | Paz, Cuidado e Confiança | Sacrifício e Redenção",1 Tessalonicenses 5:17; Mateus 7:7; Filipenses 4:6 | Isaías 53:4-5; Romanos 5:8; Hebreus 9:22 | Josué 24:15; Efésios 6:1-4 | João 14:16-17; Atos 2:1-4 | Salmos 150:1-6; Apocalipse 4:8; Salmos 95:1-2 | Salmos 23:1-4; João 14:27; Salmos 46:1,https://www.youtube.com/watch?v=4CfXjMoe2fA
392,Ser Igual a Cristo,Graça e Salvação | Lar e Família | Missão e Serviço | Oração e Comunhão,1 Tessalonicenses 5:17; Mateus 7:7; Filipenses 4:6 | Efésios 2:8-9; João 3:16; 1 João 1:9 | Josué 24:15; Efésios 6:1-4 | Mateus 28:19-20; Isaías 6:8; Marcos 16:15,https://www.youtube.com/watch?v=WZ0HCgbQ01Y
393,Vem Comigo Habitar,"Espírito Santo | Lar e Família | Paz, Cuidado e Confiança | Segunda Vinda e Esperança",1 Tessalonicenses 4:16-17; Apocalipse 1:7; João 14:1-3 | Josué 24:15; Efésios 6:1-4 | João 14:16-17; Atos 2:1-4 | Salmos 23:1-4; João 14:27; Salmos 46:1,https://www.youtube.com/watch?v=rzb8Y3fZ7Uw
394,De Hoje em Diante,"Oração e Comunhão | Paz, Cuidado e Confiança | Sacrifício e Redenção | Segunda Vinda e Esperança",1 Tessalonicenses 4:16-17; Apocalipse 1:7; João 14:1-3 | 1 Tessalonicenses 5:17; Mateus 7:7; Filipenses 4:6 | Isaías 53:4-5; Romanos 5:8; Hebreus 9:22 | Salmos 23:1-4; João 14:27; Salmos 46:1,https://www.youtube.com/watch?v=k6Am9NI-3q0
395,Vem Brilhar,"Graça e Salvação | Lar e Família | Paz, Cuidado e Confiança",Efésios 2:8-9; João 3:16; 1 João 1:9 | Josué 24:15; Efésios 6:1-4 | Salmos 23:1-4; João 14:27; Salmos 46:1,https://www.youtube.com/watch?v=8N1zAktFoA0
396,Vem Brilhar em Mim,Adoração e Louvor | Graça e Salvação | Oração e Comunhão,1 Tessalonicenses 5:17; Mateus 7:7; Filipenses 4:6 | Efésios 2:8-9; João 3:16; 1 João 1:9 | Salmos 150:1-6; Apocalipse 4:8; Salmos 95:1-2,https://www.youtube.com/watch?v=DNfjGf8qDWo
397,Eu Só Quero Estar Onde Estás,Adoração e Louvor | Oração e Comunhão,1 Tessalonicenses 5:17; Mateus 7:7; Filipenses 4:6 | Salmos 150:1-6; Apocalipse 4:8; Salmos 95:1-2,https://www.youtube.com/watch?v=AFnJNK48Iv0
398,"Pai, Vive Em Mim","Adoração e Louvor | Graça e Salvação | Lar e Família | Oração e Comunhão | Paz, Cuidado e Confiança",1 Tessalonicenses 5:17; Mateus 7:7; Filipenses 4:6 | Efésios 2:8-9; João 3:16; 1 João 1:9 | Josué 24:15; Efésios 6:1-4 | Salmos 150:1-6; Apocalipse 4:8; Salmos 95:1-2 | Salmos 23:1-4; João 14:27; Salmos 46:1,https://www.youtube.com/watch?v=VHhO_p0Gzyo
399,O Céu é Jesus,"Lar e Família | Oração e Comunhão | Paz, Cuidado e Confiança | Segunda Vinda e Esperança",1 Tessalonicenses 4:16-17; Apocalipse 1:7; João 14:1-3 | 1 Tessalonicenses 5:17; Mateus 7:7; Filipenses 4:6 | Josué 24:15; Efésios 6:1-4 | Salmos 23:1-4; João 14:27; Salmos 46:1,https://www.youtube.com/watch?v=9tzUlynVPgA
400,Mais Semelhante A Jesus,Missão e Serviço | Oração e Comunhão,1 Tessalonicenses 5:17; Mateus 7:7; Filipenses 4:6 | Mateus 28:19-20; Isaías 6:8; Marcos 16:15,https://www.youtube.com/watch?v=Pl6dhdohExc
401,Quero Ter Jesus,"Graça e Salvação | Lar e Família | Paz, Cuidado e Confiança",Efésios 2:8-9; João 3:16; 1 João 1:9 | Josué 24:15; Efésios 6:1-4 | Salmos 23:1-4; João 14:27; Salmos 46:1,https://www.youtube.com/watch?v=Dg2XiFULn3Q
402,Perto de Jesus,Graça e Salvação,Efésios 2:8-9; João 3:16; 1 João 1:9,https://www.youtube.com/watch?v=dwzZKr4SKHY
403,Renova-me,Oração e Comunhão,1 Tessalonicenses 5:17; Mateus 7:7; Filipenses 4:6,https://www.youtube.com/watch?v=4ol-obmlzBU
404,Sempre de Jesus,Vida Cristã e Devoção,Salmos 1:1-2; Provérbios 3:5-6,https://www.youtube.com/watch?v=Av4LvfAjdXg
405,"Vem, Ó Senhor","Lar e Família | Oração e Comunhão | Paz, Cuidado e Confiança",1 Tessalonicenses 5:17; Mateus 7:7; Filipenses 4:6 | Josué 24:15; Efésios 6:1-4 | Salmos 23:1-4; João 14:27; Salmos 46:1,https://www.youtube.com/watch?v=SmRxjG7xW58
406,"Pés Na Terra, Olhos No Céu",Graça e Salvação | Lar e Família | Oração e Comunhão | Segunda Vinda e Esperança,1 Tessalonicenses 4:16-17; Apocalipse 1:7; João 14:1-3 | 1 Tessalonicenses 5:17; Mateus 7:7; Filipenses 4:6 | Efésios 2:8-9; João 3:16; 1 João 1:9 | Josué 24:15; Efésios 6:1-4,https://www.youtube.com/watch?v=fLiSJdTA5Vk
407,O Poder do Amor,Graça e Salvação | Sacrifício e Redenção,Efésios 2:8-9; João 3:16; 1 João 1:9 | Isaías 53:4-5; Romanos 5:8; Hebreus 9:22,https://www.youtube.com/watch?v=mekkPPhTwUc
408,Abençoa Este Lar,"Crianças e Jovens | Graça e Salvação | Lar e Família | Oração e Comunhão | Paz, Cuidado e Confiança",1 Tessalonicenses 5:17; Mateus 7:7; Filipenses 4:6 | Efésios 2:8-9; João 3:16; 1 João 1:9 | Josué 24:15; Efésios 6:1-4 | Mateus 19:14; Provérbios 22:6 | Salmos 23:1-4; João 14:27; Salmos 46:1,https://www.youtube.com/watch?v=UiDXm0Y1CfI
409,Amor no Lar,"Graça e Salvação | Lar e Família | Palavra de Deus e Lei | Paz, Cuidado e Confiança",Efésios 2:8-9; João 3:16; 1 João 1:9 | Josué 24:15; Efésios 6:1-4 | Salmos 119:105; 2 Timóteo 3:16; Salmos 19:7 | Salmos 23:1-4; João 14:27; Salmos 46:1,https://www.youtube.com/watch?v=qUFlef2oVRM
410,Vem Entre Nós Morar,Graça e Salvação | Lar e Família | Oração e Comunhão,1 Tessalonicenses 5:17; Mateus 7:7; Filipenses 4:6 | Efésios 2:8-9; João 3:16; 1 João 1:9 | Josué 24:15; Efésios 6:1-4,https://www.youtube.com/watch?v=rR3jNanhKwk
411,Bem de Manhã,Adoração e Louvor | Graça e Salvação | Lar e Família | Oração e Comunhão | Sábado e Criação,1 Tessalonicenses 5:17; Mateus 7:7; Filipenses 4:6 | Efésios 2:8-9; João 3:16; 1 João 1:9 | Josué 24:15; Efésios 6:1-4 | Salmos 150:1-6; Apocalipse 4:8; Salmos 95:1-2 | Êxodo 20:8-11; Gênesis 2:2-3,https://www.youtube.com/watch?v=rioiyg_5IMs
412,Bem Cedinho Sempre Busco,"Paz, Cuidado e Confiança | Sacrifício e Redenção",Isaías 53:4-5; Romanos 5:8; Hebreus 9:22 | Salmos 23:1-4; João 14:27; Salmos 46:1,https://www.youtube.com/watch?v=GU587FZB_gk
413,Vigiar e Orar,"Graça e Salvação | Igreja e Comunhão | Lar e Família | Oração e Comunhão | Paz, Cuidado e Confiança",1 Tessalonicenses 5:17; Mateus 7:7; Filipenses 4:6 | Efésios 2:8-9; João 3:16; 1 João 1:9 | Josué 24:15; Efésios 6:1-4 | Salmos 133:1; Hebreus 10:25 | Salmos 23:1-4; João 14:27; Salmos 46:1,https://www.youtube.com/watch?v=7ApmhZKVsXM
414,Desponta o Sol,Adoração e Louvor | Graça e Salvação | Lar e Família | Segunda Vinda e Esperança,1 Tessalonicenses 4:16-17; Apocalipse 1:7; João 14:1-3 | Efésios 2:8-9; João 3:16; 1 João 1:9 | Josué 24:15; Efésios 6:1-4 | Salmos 150:1-6; Apocalipse 4:8; Salmos 95:1-2,https://www.youtube.com/watch?v=L-F7Sp7UcOk
415,Luzes da Aurora,Crianças e Jovens | Lar e Família | Oração e Comunhão,1 Tessalonicenses 5:17; Mateus 7:7; Filipenses 4:6 | Josué 24:15; Efésios 6:1-4 | Mateus 19:14; Provérbios 22:6,https://www.youtube.com/watch?v=HkgZhA4sbic
416,Surge a Alvorada,Adoração e Louvor | Graça e Salvação,Efésios 2:8-9; João 3:16; 1 João 1:9 | Salmos 150:1-6; Apocalipse 4:8; Salmos 95:1-2,https://www.youtube.com/watch?v=BRdz-QVlbKI
417,Perto do Lar,Graça e Salvação | Lar e Família | Missão e Serviço,Efésios 2:8-9; João 3:16; 1 João 1:9 | Josué 24:15; Efésios 6:1-4 | Mateus 28:19-20; Isaías 6:8; Marcos 16:15,https://www.youtube.com/watch?v=RGeooJu7TUw
418,Finda o Dia,"Adoração e Louvor | Graça e Salvação | Oração e Comunhão | Paz, Cuidado e Confiança",1 Tessalonicenses 5:17; Mateus 7:7; Filipenses 4:6 | Efésios 2:8-9; João 3:16; 1 João 1:9 | Salmos 150:1-6; Apocalipse 4:8; Salmos 95:1-2 | Salmos 23:1-4; João 14:27; Salmos 46:1,https://www.youtube.com/watch?v=iB5SSn4k-WM
419,Prece Vespertina,Graça e Salvação | Lar e Família | Oração e Comunhão | Palavra de Deus e Lei,1 Tessalonicenses 5:17; Mateus 7:7; Filipenses 4:6 | Efésios 2:8-9; João 3:16; 1 João 1:9 | Josué 24:15; Efésios 6:1-4 | Salmos 119:105; 2 Timóteo 3:16; Salmos 19:7,https://www.youtube.com/watch?v=dHXwemIP94U
420,Hora Feliz do Pôr-do-Sol,"Adoração e Louvor | Graça e Salvação | Igreja e Comunhão | Oração e Comunhão | Paz, Cuidado e Confiança",1 Tessalonicenses 5:17; Mateus 7:7; Filipenses 4:6 | Efésios 2:8-9; João 3:16; 1 João 1:9 | Salmos 133:1; Hebreus 10:25 | Salmos 150:1-6; Apocalipse 4:8; Salmos 95:1-2 | Salmos 23:1-4; João 14:27; Salmos 46:1,https://www.youtube.com/watch?v=Ty7iOct_PI8
421,Oração Para Uma Criança,"Crianças e Jovens | Graça e Salvação | Lar e Família | Oração e Comunhão | Paz, Cuidado e Confiança",1 Tessalonicenses 5:17; Mateus 7:7; Filipenses 4:6 | Efésios 2:8-9; João 3:16; 1 João 1:9 | Josué 24:15; Efésios 6:1-4 | Mateus 19:14; Provérbios 22:6 | Salmos 23:1-4; João 14:27; Salmos 46:1,https://www.youtube.com/watch?v=5EQpR-6uEcU
422,Presente de Valor,Adoração e Louvor | Crianças e Jovens | Graça e Salvação | Lar e Família,Efésios 2:8-9; João 3:16; 1 João 1:9 | Josué 24:15; Efésios 6:1-4 | Mateus 19:14; Provérbios 22:6 | Salmos 150:1-6; Apocalipse 4:8; Salmos 95:1-2,https://www.youtube.com/watch?v=W54JbWI39UQ
423,Não os Impeçais,Crianças e Jovens | Graça e Salvação | Lar e Família | Palavra de Deus e Lei,Efésios 2:8-9; João 3:16; 1 João 1:9 | Josué 24:15; Efésios 6:1-4 | Mateus 19:14; Provérbios 22:6 | Salmos 119:105; 2 Timóteo 3:16; Salmos 19:7,https://www.youtube.com/watch?v=kyG5DTHJRn4
424,Canção Para Meu Bebê,Crianças e Jovens | Graça e Salvação | Missão e Serviço | Oração e Comunhão | Palavra de Deus e Lei,1 Tessalonicenses 5:17; Mateus 7:7; Filipenses 4:6 | Efésios 2:8-9; João 3:16; 1 João 1:9 | Mateus 19:14; Provérbios 22:6 | Mateus 28:19-20; Isaías 6:8; Marcos 16:15 | Salmos 119:105; 2 Timóteo 3:16; Salmos 19:7,https://www.youtube.com/watch?v=a0liyVeKGDg
425,Ouço o Clamor do Bom Pastor,"Graça e Salvação | Oração e Comunhão | Paz, Cuidado e Confiança",1 Tessalonicenses 5:17; Mateus 7:7; Filipenses 4:6 | Efésios 2:8-9; João 3:16; 1 João 1:9 | Salmos 23:1-4; João 14:27; Salmos 46:1,https://www.youtube.com/watch?v=9xNmt3L6D5U
426,Cristo Ama as Criancinhas,Crianças e Jovens | Graça e Salvação | Lar e Família | Oração e Comunhão,1 Tessalonicenses 5:17; Mateus 7:7; Filipenses 4:6 | Efésios 2:8-9; João 3:16; 1 João 1:9 | Josué 24:15; Efésios 6:1-4 | Mateus 19:14; Provérbios 22:6,https://www.youtube.com/watch?v=70R4mbhB-y4
427,"Venham, Crianças",Crianças e Jovens | Graça e Salvação | Sacrifício e Redenção,Efésios 2:8-9; João 3:16; 1 João 1:9 | Isaías 53:4-5; Romanos 5:8; Hebreus 9:22 | Mateus 19:14; Provérbios 22:6,https://www.youtube.com/watch?v=LCkv535v4Ok
428,Joias Preciosas,Adoração e Louvor | Crianças e Jovens,Mateus 19:14; Provérbios 22:6 | Salmos 150:1-6; Apocalipse 4:8; Salmos 95:1-2,https://www.youtube.com/watch?v=pJtick2YMPs
429,Quando o Livro Aberto For,Adoração e Louvor | Lar e Família | Oração e Comunhão | Sacrifício e Redenção | Santuário e Juízo,1 Tessalonicenses 5:17; Mateus 7:7; Filipenses 4:6 | Hebreus 4:14-16; Hebreus 8:1-2; Daniel 8:14 | Isaías 53:4-5; Romanos 5:8; Hebreus 9:22 | Josué 24:15; Efésios 6:1-4 | Salmos 150:1-6; Apocalipse 4:8; Salmos 95:1-2,https://www.youtube.com/watch?v=xXaDj2PGEDs
430,O Juízo,Graça e Salvação | Sacrifício e Redenção | Santuário e Juízo,Efésios 2:8-9; João 3:16; 1 João 1:9 | Hebreus 4:14-16; Hebreus 8:1-2; Daniel 8:14 | Isaías 53:4-5; Romanos 5:8; Hebreus 9:22,https://www.youtube.com/watch?v=37DO5uB7IOQ
431,Vem o Grande Dia,Adoração e Louvor | Segunda Vinda e Esperança,1 Tessalonicenses 4:16-17; Apocalipse 1:7; João 14:1-3 | Salmos 150:1-6; Apocalipse 4:8; Salmos 95:1-2,https://www.youtube.com/watch?v=DmKmlupo91M
432,Sangue Precioso De Cristo,"Adoração e Louvor | Graça e Salvação | Lar e Família | Paz, Cuidado e Confiança | Sacrifício e Redenção | Segunda Vinda e Esperança",1 Tessalonicenses 4:16-17; Apocalipse 1:7; João 14:1-3 | Efésios 2:8-9; João 3:16; 1 João 1:9 | Isaías 53:4-5; Romanos 5:8; Hebreus 9:22 | Josué 24:15; Efésios 6:1-4 | Salmos 150:1-6; Apocalipse 4:8; Salmos 95:1-2 | Salmos 23:1-4; João 14:27; Salmos 46:1,https://www.youtube.com/watch?v=SFDn0TVl730
433,Sumo Sacerdote,Adoração e Louvor | Graça e Salvação | Lar e Família | Sacrifício e Redenção | Santuário e Juízo,Efésios 2:8-9; João 3:16; 1 João 1:9 | Hebreus 4:14-16; Hebreus 8:1-2; Daniel 8:14 | Isaías 53:4-5; Romanos 5:8; Hebreus 9:22 | Josué 24:15; Efésios 6:1-4 | Salmos 150:1-6; Apocalipse 4:8; Salmos 95:1-2,https://www.youtube.com/watch?v=yuVlG81PVDo
434,Santuário,"Graça e Salvação | Lar e Família | Missão e Serviço | Palavra de Deus e Lei | Paz, Cuidado e Confiança | Sacrifício e Redenção | Santuário e Juízo | Segunda Vinda e Esperança",1 Tessalonicenses 4:16-17; Apocalipse 1:7; João 14:1-3 | Efésios 2:8-9; João 3:16; 1 João 1:9 | Hebreus 4:14-16; Hebreus 8:1-2; Daniel 8:14 | Isaías 53:4-5; Romanos 5:8; Hebreus 9:22 | Josué 24:15; Efésios 6:1-4 | Mateus 28:19-20; Isaías 6:8; Marcos 16:15 | Salmos 119:105; 2 Timóteo 3:16; Salmos 19:7 | Salmos 23:1-4; João 14:27; Salmos 46:1,https://www.youtube.com/watch?v=M7kip2r_8Tk
435,Acima do Céu,"Adoração e Louvor | Graça e Salvação | Oração e Comunhão | Paz, Cuidado e Confiança | Sacrifício e Redenção | Santuário e Juízo | Segunda Vinda e Esperança",1 Tessalonicenses 4:16-17; Apocalipse 1:7; João 14:1-3 | 1 Tessalonicenses 5:17; Mateus 7:7; Filipenses 4:6 | Efésios 2:8-9; João 3:16; 1 João 1:9 | Hebreus 4:14-16; Hebreus 8:1-2; Daniel 8:14 | Isaías 53:4-5; Romanos 5:8; Hebreus 9:22 | Salmos 150:1-6; Apocalipse 4:8; Salmos 95:1-2 | Salmos 23:1-4; João 14:27; Salmos 46:1,https://www.youtube.com/watch?v=wJQ3LvUaMds
436,E Me Fareis Um Santuário,Graça e Salvação | Oração e Comunhão | Sacrifício e Redenção | Santuário e Juízo,1 Tessalonicenses 5:17; Mateus 7:7; Filipenses 4:6 | Efésios 2:8-9; João 3:16; 1 João 1:9 | Hebreus 4:14-16; Hebreus 8:1-2; Daniel 8:14 | Isaías 53:4-5; Romanos 5:8; Hebreus 9:22,https://www.youtube.com/watch?v=DHokCgyDV-0
437,Chegou a hora,Crianças e Jovens | Graça e Salvação | Oração e Comunhão | Sacrifício e Redenção | Segunda Vinda e Esperança,1 Tessalonicenses 4:16-17; Apocalipse 1:7; João 14:1-3 | 1 Tessalonicenses 5:17; Mateus 7:7; Filipenses 4:6 | Efésios 2:8-9; João 3:16; 1 João 1:9 | Isaías 53:4-5; Romanos 5:8; Hebreus 9:22 | Mateus 19:14; Provérbios 22:6,https://www.youtube.com/watch?v=cmb52hp8Ud4
438,Quando For Chamado,Adoração e Louvor | Graça e Salvação | Lar e Família | Segunda Vinda e Esperança,1 Tessalonicenses 4:16-17; Apocalipse 1:7; João 14:1-3 | Efésios 2:8-9; João 3:16; 1 João 1:9 | Josué 24:15; Efésios 6:1-4 | Salmos 150:1-6; Apocalipse 4:8; Salmos 95:1-2,https://www.youtube.com/watch?v=AQMm1y35sXM
439,Quando Deus Fizer Chamada,Adoração e Louvor | Lar e Família | Segunda Vinda e Esperança,1 Tessalonicenses 4:16-17; Apocalipse 1:7; João 14:1-3 | Josué 24:15; Efésios 6:1-4 | Salmos 150:1-6; Apocalipse 4:8; Salmos 95:1-2,https://www.youtube.com/watch?v=aMEZCGynCn0
440,Breve Jesus Voltará,Missão e Serviço | Segunda Vinda e Esperança,1 Tessalonicenses 4:16-17; Apocalipse 1:7; João 14:1-3 | Mateus 28:19-20; Isaías 6:8; Marcos 16:15,https://www.youtube.com/watch?v=VuxpSoj5eGA
441,Vencendo Vem Jesus,Adoração e Louvor | Lar e Família | Palavra de Deus e Lei | Segunda Vinda e Esperança,1 Tessalonicenses 4:16-17; Apocalipse 1:7; João 14:1-3 | Josué 24:15; Efésios 6:1-4 | Salmos 119:105; 2 Timóteo 3:16; Salmos 19:7 | Salmos 150:1-6; Apocalipse 4:8; Salmos 95:1-2,https://www.youtube.com/watch?v=U4ym16En8xc
442,Jesus Voltará,"Graça e Salvação | Lar e Família | Oração e Comunhão | Paz, Cuidado e Confiança | Sacrifício e Redenção | Segunda Vinda e Esperança",1 Tessalonicenses 4:16-17; Apocalipse 1:7; João 14:1-3 | 1 Tessalonicenses 5:17; Mateus 7:7; Filipenses 4:6 | Efésios 2:8-9; João 3:16; 1 João 1:9 | Isaías 53:4-5; Romanos 5:8; Hebreus 9:22 | Josué 24:15; Efésios 6:1-4 | Salmos 23:1-4; João 14:27; Salmos 46:1,https://www.youtube.com/watch?v=CuF-oo0p7Es
443,Cristo Virá Outra Vez,"Graça e Salvação | Missão e Serviço | Paz, Cuidado e Confiança | Segunda Vinda e Esperança",1 Tessalonicenses 4:16-17; Apocalipse 1:7; João 14:1-3 | Efésios 2:8-9; João 3:16; 1 João 1:9 | Mateus 28:19-20; Isaías 6:8; Marcos 16:15 | Salmos 23:1-4; João 14:27; Salmos 46:1,https://www.youtube.com/watch?v=qg-7IQvW8Lg
444,Oh! Que Esperança!,Segunda Vinda e Esperança,1 Tessalonicenses 4:16-17; Apocalipse 1:7; João 14:1-3,https://www.youtube.com/watch?v=VjksTL6-lQs
445,O Rei Já Perto Está,Lar e Família | Sacrifício e Redenção | Segunda Vinda e Esperança,1 Tessalonicenses 4:16-17; Apocalipse 1:7; João 14:1-3 | Isaías 53:4-5; Romanos 5:8; Hebreus 9:22 | Josué 24:15; Efésios 6:1-4,https://www.youtube.com/watch?v=OMtRXZcDzbo
446,Cristo Vem,"Adoração e Louvor | Lar e Família | Paz, Cuidado e Confiança | Segunda Vinda e Esperança",1 Tessalonicenses 4:16-17; Apocalipse 1:7; João 14:1-3 | Josué 24:15; Efésios 6:1-4 | Salmos 150:1-6; Apocalipse 4:8; Salmos 95:1-2 | Salmos 23:1-4; João 14:27; Salmos 46:1,https://www.youtube.com/watch?v=lEvc-Vmcyyc
447,"Vigiai, Cristãos","Adoração e Louvor | Graça e Salvação | Paz, Cuidado e Confiança",Efésios 2:8-9; João 3:16; 1 João 1:9 | Salmos 150:1-6; Apocalipse 4:8; Salmos 95:1-2 | Salmos 23:1-4; João 14:27; Salmos 46:1,https://www.youtube.com/watch?v=3_kr1ba7voQ
448,Nós O Veremos,Adoração e Louvor | Lar e Família,Josué 24:15; Efésios 6:1-4 | Salmos 150:1-6; Apocalipse 4:8; Salmos 95:1-2,https://www.youtube.com/watch?v=wHq55SJU4ZE
449,Quando o Rei Vier,Crianças e Jovens | Lar e Família | Sacrifício e Redenção | Segunda Vinda e Esperança,1 Tessalonicenses 4:16-17; Apocalipse 1:7; João 14:1-3 | Isaías 53:4-5; Romanos 5:8; Hebreus 9:22 | Josué 24:15; Efésios 6:1-4 | Mateus 19:14; Provérbios 22:6,https://www.youtube.com/watch?v=9g089j2I4Fs
450,"Guarda, Vê se Muito Falta",Adoração e Louvor | Lar e Família | Segunda Vinda e Esperança,1 Tessalonicenses 4:16-17; Apocalipse 1:7; João 14:1-3 | Josué 24:15; Efésios 6:1-4 | Salmos 150:1-6; Apocalipse 4:8; Salmos 95:1-2,https://www.youtube.com/watch?v=mMZfaASuBbI
451,Grande Alegria,Graça e Salvação | Oração e Comunhão | Segunda Vinda e Esperança,1 Tessalonicenses 4:16-17; Apocalipse 1:7; João 14:1-3 | 1 Tessalonicenses 5:17; Mateus 7:7; Filipenses 4:6 | Efésios 2:8-9; João 3:16; 1 João 1:9,https://www.youtube.com/watch?v=SRcgXW3fg7I
452,Cristo Não Tarda a Voltar,"Adoração e Louvor | Paz, Cuidado e Confiança | Segunda Vinda e Esperança",1 Tessalonicenses 4:16-17; Apocalipse 1:7; João 14:1-3 | Salmos 150:1-6; Apocalipse 4:8; Salmos 95:1-2 | Salmos 23:1-4; João 14:27; Salmos 46:1,https://www.youtube.com/watch?v=e4FoHTZzNrQ
453,Anunciai Pelas Montanhas,"Oração e Comunhão | Paz, Cuidado e Confiança | Segunda Vinda e Esperança",1 Tessalonicenses 4:16-17; Apocalipse 1:7; João 14:1-3 | 1 Tessalonicenses 5:17; Mateus 7:7; Filipenses 4:6 | Salmos 23:1-4; João 14:27; Salmos 46:1,https://www.youtube.com/watch?v=EOn959r8A4k
454,A Manhã Gloriosa,Adoração e Louvor | Lar e Família | Segunda Vinda e Esperança,1 Tessalonicenses 4:16-17; Apocalipse 1:7; João 14:1-3 | Josué 24:15; Efésios 6:1-4 | Salmos 150:1-6; Apocalipse 4:8; Salmos 95:1-2,https://www.youtube.com/watch?v=16KaC4dDaeE
455,Verei Jesus,Adoração e Louvor | Lar e Família | Segunda Vinda e Esperança,1 Tessalonicenses 4:16-17; Apocalipse 1:7; João 14:1-3 | Josué 24:15; Efésios 6:1-4 | Salmos 150:1-6; Apocalipse 4:8; Salmos 95:1-2,https://www.youtube.com/watch?v=F6QAsBXj284
456,Bela Manhã,Adoração e Louvor | Graça e Salvação,Efésios 2:8-9; João 3:16; 1 João 1:9 | Salmos 150:1-6; Apocalipse 4:8; Salmos 95:1-2,https://www.youtube.com/watch?v=PE-O2EmOUkk
457,Jesus Vem Logo,Crianças e Jovens | Lar e Família | Oração e Comunhão | Sacrifício e Redenção,1 Tessalonicenses 5:17; Mateus 7:7; Filipenses 4:6 | Isaías 53:4-5; Romanos 5:8; Hebreus 9:22 | Josué 24:15; Efésios 6:1-4 | Mateus 19:14; Provérbios 22:6,https://www.youtube.com/watch?v=mODTk_0iNWE
458,Não Tardará,Lar e Família | Segunda Vinda e Esperança,1 Tessalonicenses 4:16-17; Apocalipse 1:7; João 14:1-3 | Josué 24:15; Efésios 6:1-4,https://www.youtube.com/watch?v=wH6SLP6wEMY
459,Cada Dia Mais Perto,Adoração e Louvor | Graça e Salvação | Lar e Família | Segunda Vinda e Esperança,1 Tessalonicenses 4:16-17; Apocalipse 1:7; João 14:1-3 | Efésios 2:8-9; João 3:16; 1 João 1:9 | Josué 24:15; Efésios 6:1-4 | Salmos 150:1-6; Apocalipse 4:8; Salmos 95:1-2,https://www.youtube.com/watch?v=00FyQOvinS4
460,Decidi Olhar Pra O Amanhã,Adoração e Louvor | Crianças e Jovens | Lar e Família | Segunda Vinda e Esperança,1 Tessalonicenses 4:16-17; Apocalipse 1:7; João 14:1-3 | Josué 24:15; Efésios 6:1-4 | Mateus 19:14; Provérbios 22:6 | Salmos 150:1-6; Apocalipse 4:8; Salmos 95:1-2,https://www.youtube.com/watch?v=v4FahDb_EuM
461,Jesus Precisa Voltar,"Espírito Santo | Graça e Salvação | Oração e Comunhão | Palavra de Deus e Lei | Paz, Cuidado e Confiança | Segunda Vinda e Esperança | Sábado e Criação",1 Tessalonicenses 4:16-17; Apocalipse 1:7; João 14:1-3 | 1 Tessalonicenses 5:17; Mateus 7:7; Filipenses 4:6 | Efésios 2:8-9; João 3:16; 1 João 1:9 | João 14:16-17; Atos 2:1-4 | Salmos 119:105; 2 Timóteo 3:16; Salmos 19:7 | Salmos 23:1-4; João 14:27; Salmos 46:1 | Êxodo 20:8-11; Gênesis 2:2-3,https://www.youtube.com/watch?v=BkwPPB2tjOI
462,Será de Manhã?,Adoração e Louvor | Graça e Salvação | Lar e Família | Sacrifício e Redenção | Segunda Vinda e Esperança,1 Tessalonicenses 4:16-17; Apocalipse 1:7; João 14:1-3 | Efésios 2:8-9; João 3:16; 1 João 1:9 | Isaías 53:4-5; Romanos 5:8; Hebreus 9:22 | Josué 24:15; Efésios 6:1-4 | Salmos 150:1-6; Apocalipse 4:8; Salmos 95:1-2,https://www.youtube.com/watch?v=7GMgx-h-vCw
463,Espero a Manhã Gloriosa,Graça e Salvação | Lar e Família | Segunda Vinda e Esperança,1 Tessalonicenses 4:16-17; Apocalipse 1:7; João 14:1-3 | Efésios 2:8-9; João 3:16; 1 João 1:9 | Josué 24:15; Efésios 6:1-4,https://www.youtube.com/watch?v=2Ms2z4tj1EU
464,Não Desistir,Segunda Vinda e Esperança,1 Tessalonicenses 4:16-17; Apocalipse 1:7; João 14:1-3,https://www.youtube.com/watch?v=c9JfsHZ5Ark
465,O Dia Não Sei,Adoração e Louvor | Oração e Comunhão | Palavra de Deus e Lei | Segunda Vinda e Esperança | Sábado e Criação,1 Tessalonicenses 4:16-17; Apocalipse 1:7; João 14:1-3 | 1 Tessalonicenses 5:17; Mateus 7:7; Filipenses 4:6 | Salmos 119:105; 2 Timóteo 3:16; Salmos 19:7 | Salmos 150:1-6; Apocalipse 4:8; Salmos 95:1-2 | Êxodo 20:8-11; Gênesis 2:2-3,https://www.youtube.com/watch?v=uZ2pD2W0DXM
466,Um Pouco Mais,"Graça e Salvação | Lar e Família | Oração e Comunhão | Paz, Cuidado e Confiança",1 Tessalonicenses 5:17; Mateus 7:7; Filipenses 4:6 | Efésios 2:8-9; João 3:16; 1 João 1:9 | Josué 24:15; Efésios 6:1-4 | Salmos 23:1-4; João 14:27; Salmos 46:1,https://www.youtube.com/watch?v=2wem-qNP3yg
467,Até Quando?,Graça e Salvação | Igreja e Comunhão | Lar e Família | Oração e Comunhão | Segunda Vinda e Esperança,1 Tessalonicenses 4:16-17; Apocalipse 1:7; João 14:1-3 | 1 Tessalonicenses 5:17; Mateus 7:7; Filipenses 4:6 | Efésios 2:8-9; João 3:16; 1 João 1:9 | Josué 24:15; Efésios 6:1-4 | Salmos 133:1; Hebreus 10:25,https://www.youtube.com/watch?v=PHRLFJoaIXQ
468,Quase no Lar,Adoração e Louvor | Graça e Salvação | Lar e Família | Missão e Serviço | Oração e Comunhão | Segunda Vinda e Esperança,1 Tessalonicenses 4:16-17; Apocalipse 1:7; João 14:1-3 | 1 Tessalonicenses 5:17; Mateus 7:7; Filipenses 4:6 | Efésios 2:8-9; João 3:16; 1 João 1:9 | Josué 24:15; Efésios 6:1-4 | Mateus 28:19-20; Isaías 6:8; Marcos 16:15 | Salmos 150:1-6; Apocalipse 4:8; Salmos 95:1-2,https://www.youtube.com/watch?v=pmHkUUEsbPM
469,Enquanto Ele Não Vem,Lar e Família | Oração e Comunhão | Palavra de Deus e Lei | Sacrifício e Redenção | Segunda Vinda e Esperança,1 Tessalonicenses 4:16-17; Apocalipse 1:7; João 14:1-3 | 1 Tessalonicenses 5:17; Mateus 7:7; Filipenses 4:6 | Isaías 53:4-5; Romanos 5:8; Hebreus 9:22 | Josué 24:15; Efésios 6:1-4 | Salmos 119:105; 2 Timóteo 3:16; Salmos 19:7,https://www.youtube.com/watch?v=3AFtQj-ZbXU
470,Rocha Eterna,"Adoração e Louvor | Graça e Salvação | Lar e Família | Paz, Cuidado e Confiança | Sacrifício e Redenção",Efésios 2:8-9; João 3:16; 1 João 1:9 | Isaías 53:4-5; Romanos 5:8; Hebreus 9:22 | Josué 24:15; Efésios 6:1-4 | Salmos 150:1-6; Apocalipse 4:8; Salmos 95:1-2 | Salmos 23:1-4; João 14:27; Salmos 46:1,https://www.youtube.com/watch?v=GAEJzMMk2WQ
471,Porque Ele Vive,Crianças e Jovens | Graça e Salvação | Sacrifício e Redenção,Efésios 2:8-9; João 3:16; 1 João 1:9 | Isaías 53:4-5; Romanos 5:8; Hebreus 9:22 | Mateus 19:14; Provérbios 22:6,https://www.youtube.com/watch?v=0doKHQReQH4
472,"Ó Alegrai-vos, Filhos De Sião",Adoração e Louvor | Crianças e Jovens | Lar e Família | Sacrifício e Redenção,Isaías 53:4-5; Romanos 5:8; Hebreus 9:22 | Josué 24:15; Efésios 6:1-4 | Mateus 19:14; Provérbios 22:6 | Salmos 150:1-6; Apocalipse 4:8; Salmos 95:1-2,https://www.youtube.com/watch?v=TmkQmQ04aQk
473,Morte e Ressurreição,Adoração e Louvor | Oração e Comunhão | Palavra de Deus e Lei | Sacrifício e Redenção,1 Tessalonicenses 5:17; Mateus 7:7; Filipenses 4:6 | Isaías 53:4-5; Romanos 5:8; Hebreus 9:22 | Salmos 119:105; 2 Timóteo 3:16; Salmos 19:7 | Salmos 150:1-6; Apocalipse 4:8; Salmos 95:1-2,https://www.youtube.com/watch?v=3eJVVZc_Dss
474,Eu Espero,Sacrifício e Redenção | Segunda Vinda e Esperança | Sábado e Criação,1 Tessalonicenses 4:16-17; Apocalipse 1:7; João 14:1-3 | Isaías 53:4-5; Romanos 5:8; Hebreus 9:22 | Êxodo 20:8-11; Gênesis 2:2-3,https://www.youtube.com/watch?v=JgMloBodNr0
475,Se Não Houver Amanhã,Graça e Salvação | Lar e Família | Segunda Vinda e Esperança,1 Tessalonicenses 4:16-17; Apocalipse 1:7; João 14:1-3 | Efésios 2:8-9; João 3:16; 1 João 1:9 | Josué 24:15; Efésios 6:1-4,https://www.youtube.com/watch?v=7Kszrnmsozg
476,Hei de Ver,"Adoração e Louvor | Graça e Salvação | Lar e Família | Oração e Comunhão | Paz, Cuidado e Confiança | Sacrifício e Redenção | Segunda Vinda e Esperança",1 Tessalonicenses 4:16-17; Apocalipse 1:7; João 14:1-3 | 1 Tessalonicenses 5:17; Mateus 7:7; Filipenses 4:6 | Efésios 2:8-9; João 3:16; 1 João 1:9 | Isaías 53:4-5; Romanos 5:8; Hebreus 9:22 | Josué 24:15; Efésios 6:1-4 | Salmos 150:1-6; Apocalipse 4:8; Salmos 95:1-2 | Salmos 23:1-4; João 14:27; Salmos 46:1,https://www.youtube.com/watch?v=varJ50douf4
477,Face a Face,Adoração e Louvor | Graça e Salvação | Lar e Família | Segunda Vinda e Esperança,1 Tessalonicenses 4:16-17; Apocalipse 1:7; João 14:1-3 | Efésios 2:8-9; João 3:16; 1 João 1:9 | Josué 24:15; Efésios 6:1-4 | Salmos 150:1-6; Apocalipse 4:8; Salmos 95:1-2,https://www.youtube.com/watch?v=4zeJehRh790
478,"Sim, Glória Haverá No Final",Adoração e Louvor | Graça e Salvação | Segunda Vinda e Esperança,1 Tessalonicenses 4:16-17; Apocalipse 1:7; João 14:1-3 | Efésios 2:8-9; João 3:16; 1 João 1:9 | Salmos 150:1-6; Apocalipse 4:8; Salmos 95:1-2,https://www.youtube.com/watch?v=49eMmsTDmgQ
479,Herdeiro Do Reino,Adoração e Louvor | Crianças e Jovens | Lar e Família,Josué 24:15; Efésios 6:1-4 | Mateus 19:14; Provérbios 22:6 | Salmos 150:1-6; Apocalipse 4:8; Salmos 95:1-2,https://www.youtube.com/watch?v=1p34cF7xJo0
480,O Eterno Lar,"Graça e Salvação | Igreja e Comunhão | Lar e Família | Paz, Cuidado e Confiança | Segunda Vinda e Esperança | Sábado e Criação",1 Tessalonicenses 4:16-17; Apocalipse 1:7; João 14:1-3 | Efésios 2:8-9; João 3:16; 1 João 1:9 | Josué 24:15; Efésios 6:1-4 | Salmos 133:1; Hebreus 10:25 | Salmos 23:1-4; João 14:27; Salmos 46:1 | Êxodo 20:8-11; Gênesis 2:2-3,https://www.youtube.com/watch?v=COAEdwOHpn0
481,No Celeste Lar Glorioso,"Adoração e Louvor | Lar e Família | Paz, Cuidado e Confiança",Josué 24:15; Efésios 6:1-4 | Salmos 150:1-6; Apocalipse 4:8; Salmos 95:1-2 | Salmos 23:1-4; João 14:27; Salmos 46:1,https://www.youtube.com/watch?v=x7wEQ7q-_xM
482,Junto ao Rio Jordão,Graça e Salvação | Lar e Família | Sacrifício e Redenção,Efésios 2:8-9; João 3:16; 1 João 1:9 | Isaías 53:4-5; Romanos 5:8; Hebreus 9:22 | Josué 24:15; Efésios 6:1-4,https://www.youtube.com/watch?v=kn0zFi5orMU
483,Vamos Ver Jesus Ali,"Lar e Família | Oração e Comunhão | Paz, Cuidado e Confiança | Segunda Vinda e Esperança",1 Tessalonicenses 4:16-17; Apocalipse 1:7; João 14:1-3 | 1 Tessalonicenses 5:17; Mateus 7:7; Filipenses 4:6 | Josué 24:15; Efésios 6:1-4 | Salmos 23:1-4; João 14:27; Salmos 46:1,https://www.youtube.com/watch?v=US64k5we5s0
484,Além do Céu Azul,Lar e Família | Oração e Comunhão,1 Tessalonicenses 5:17; Mateus 7:7; Filipenses 4:6 | Josué 24:15; Efésios 6:1-4,https://www.youtube.com/watch?v=e6n44rxIuME
485,Estrelas Terei,"Adoração e Louvor | Lar e Família | Oração e Comunhão | Paz, Cuidado e Confiança",1 Tessalonicenses 5:17; Mateus 7:7; Filipenses 4:6 | Josué 24:15; Efésios 6:1-4 | Salmos 150:1-6; Apocalipse 4:8; Salmos 95:1-2 | Salmos 23:1-4; João 14:27; Salmos 46:1,https://www.youtube.com/watch?v=_o3lA-GuZdI
486,Até Então,Lar e Família | Oração e Comunhão | Sacrifício e Redenção | Segunda Vinda e Esperança,1 Tessalonicenses 4:16-17; Apocalipse 1:7; João 14:1-3 | 1 Tessalonicenses 5:17; Mateus 7:7; Filipenses 4:6 | Isaías 53:4-5; Romanos 5:8; Hebreus 9:22 | Josué 24:15; Efésios 6:1-4,https://www.youtube.com/watch?v=EmNa2mC1REU
487,Primeiro Quero Ver Meu Salvador,Adoração e Louvor | Graça e Salvação | Lar e Família,Efésios 2:8-9; João 3:16; 1 João 1:9 | Josué 24:15; Efésios 6:1-4 | Salmos 150:1-6; Apocalipse 4:8; Salmos 95:1-2,https://www.youtube.com/watch?v=szamXjWAEso
488,Eu vou para o Céu,Adoração e Louvor | Lar e Família | Segunda Vinda e Esperança,1 Tessalonicenses 4:16-17; Apocalipse 1:7; João 14:1-3 | Josué 24:15; Efésios 6:1-4 | Salmos 150:1-6; Apocalipse 4:8; Salmos 95:1-2,https://www.youtube.com/watch?v=_xNrYww0OBY
489,Cristo Foi Preparar Um Lugar,"Adoração e Louvor | Graça e Salvação | Lar e Família | Paz, Cuidado e Confiança | Segunda Vinda e Esperança | Sábado e Criação",1 Tessalonicenses 4:16-17; Apocalipse 1:7; João 14:1-3 | Efésios 2:8-9; João 3:16; 1 João 1:9 | Josué 24:15; Efésios 6:1-4 | Salmos 150:1-6; Apocalipse 4:8; Salmos 95:1-2 | Salmos 23:1-4; João 14:27; Salmos 46:1 | Êxodo 20:8-11; Gênesis 2:2-3,https://www.youtube.com/watch?v=jAxb3hDo4x8
490,Tão Grato Me é Lembrar,"Graça e Salvação | Lar e Família | Oração e Comunhão | Paz, Cuidado e Confiança | Segunda Vinda e Esperança | Sábado e Criação",1 Tessalonicenses 4:16-17; Apocalipse 1:7; João 14:1-3 | 1 Tessalonicenses 5:17; Mateus 7:7; Filipenses 4:6 | Efésios 2:8-9; João 3:16; 1 João 1:9 | Josué 24:15; Efésios 6:1-4 | Salmos 23:1-4; João 14:27; Salmos 46:1 | Êxodo 20:8-11; Gênesis 2:2-3,https://www.youtube.com/watch?v=8A0dsuOgLyg
491,Há um Rio Cristalino,Adoração e Louvor | Crianças e Jovens | Graça e Salvação | Segunda Vinda e Esperança,1 Tessalonicenses 4:16-17; Apocalipse 1:7; João 14:1-3 | Efésios 2:8-9; João 3:16; 1 João 1:9 | Mateus 19:14; Provérbios 22:6 | Salmos 150:1-6; Apocalipse 4:8; Salmos 95:1-2,https://www.youtube.com/watch?v=Co7KPOxg-5k
492,Lar Feliz,Lar e Família | Oração e Comunhão,1 Tessalonicenses 5:17; Mateus 7:7; Filipenses 4:6 | Josué 24:15; Efésios 6:1-4,https://www.youtube.com/watch?v=V4Ve-KPG6mQ
493,Almejo o Lar,"Crianças e Jovens | Lar e Família | Paz, Cuidado e Confiança | Segunda Vinda e Esperança",1 Tessalonicenses 4:16-17; Apocalipse 1:7; João 14:1-3 | Josué 24:15; Efésios 6:1-4 | Mateus 19:14; Provérbios 22:6 | Salmos 23:1-4; João 14:27; Salmos 46:1,https://www.youtube.com/watch?v=ddjCguUcCU4
494,Doce Lar,"Adoração e Louvor | Graça e Salvação | Lar e Família | Paz, Cuidado e Confiança | Sacrifício e Redenção | Segunda Vinda e Esperança",1 Tessalonicenses 4:16-17; Apocalipse 1:7; João 14:1-3 | Efésios 2:8-9; João 3:16; 1 João 1:9 | Isaías 53:4-5; Romanos 5:8; Hebreus 9:22 | Josué 24:15; Efésios 6:1-4 | Salmos 150:1-6; Apocalipse 4:8; Salmos 95:1-2 | Salmos 23:1-4; João 14:27; Salmos 46:1,https://www.youtube.com/watch?v=ILf6xg2sqhQ
495,Glória Perene,"Adoração e Louvor | Graça e Salvação | Paz, Cuidado e Confiança",Efésios 2:8-9; João 3:16; 1 João 1:9 | Salmos 150:1-6; Apocalipse 4:8; Salmos 95:1-2 | Salmos 23:1-4; João 14:27; Salmos 46:1,https://www.youtube.com/watch?v=yqvOpAcE_EE
496,Além do Rio,"Adoração e Louvor | Igreja e Comunhão | Oração e Comunhão | Paz, Cuidado e Confiança",1 Tessalonicenses 5:17; Mateus 7:7; Filipenses 4:6 | Salmos 133:1; Hebreus 10:25 | Salmos 150:1-6; Apocalipse 4:8; Salmos 95:1-2 | Salmos 23:1-4; João 14:27; Salmos 46:1,https://www.youtube.com/watch?v=iAAbWePVmEo
497,Inda é Longe Canaã?,"Graça e Salvação | Lar e Família | Paz, Cuidado e Confiança",Efésios 2:8-9; João 3:16; 1 João 1:9 | Josué 24:15; Efésios 6:1-4 | Salmos 23:1-4; João 14:27; Salmos 46:1,https://www.youtube.com/watch?v=0d0q6B-BuUA
498,Lindo País,"Lar e Família | Paz, Cuidado e Confiança | Sacrifício e Redenção",Isaías 53:4-5; Romanos 5:8; Hebreus 9:22 | Josué 24:15; Efésios 6:1-4 | Salmos 23:1-4; João 14:27; Salmos 46:1,https://www.youtube.com/watch?v=OV4K75Rb-OI
499,Mansão Sobre o Monte,Crianças e Jovens | Lar e Família | Segunda Vinda e Esperança,1 Tessalonicenses 4:16-17; Apocalipse 1:7; João 14:1-3 | Josué 24:15; Efésios 6:1-4 | Mateus 19:14; Provérbios 22:6,https://www.youtube.com/watch?v=FZPXeVnQqYs
500,"Oh, Nunca Separar!",Lar e Família,Josué 24:15; Efésios 6:1-4,https://www.youtube.com/watch?v=Ua3zsO9-2X8
501,Para Além das Montanhas,"Adoração e Louvor | Graça e Salvação | Lar e Família | Paz, Cuidado e Confiança | Sacrifício e Redenção",Efésios 2:8-9; João 3:16; 1 João 1:9 | Isaías 53:4-5; Romanos 5:8; Hebreus 9:22 | Josué 24:15; Efésios 6:1-4 | Salmos 150:1-6; Apocalipse 4:8; Salmos 95:1-2 | Salmos 23:1-4; João 14:27; Salmos 46:1,https://www.youtube.com/watch?v=FlHMYuWZK0g
502,Saudade,Crianças e Jovens | Lar e Família | Oração e Comunhão | Sacrifício e Redenção,1 Tessalonicenses 5:17; Mateus 7:7; Filipenses 4:6 | Isaías 53:4-5; Romanos 5:8; Hebreus 9:22 | Josué 24:15; Efésios 6:1-4 | Mateus 19:14; Provérbios 22:6,https://www.youtube.com/watch?v=RduBykShWsE
503,Vale Do Éden Formoso,Graça e Salvação | Lar e Família,Efésios 2:8-9; João 3:16; 1 João 1:9 | Josué 24:15; Efésios 6:1-4,https://www.youtube.com/watch?v=uGY2V-go_x4
504,Mais Perto Desse Lar,Lar e Família | Palavra de Deus e Lei | Segunda Vinda e Esperança,1 Tessalonicenses 4:16-17; Apocalipse 1:7; João 14:1-3 | Josué 24:15; Efésios 6:1-4 | Salmos 119:105; 2 Timóteo 3:16; Salmos 19:7,https://www.youtube.com/watch?v=JKzMvlzTQIs
505,Muito Além do Sol,Adoração e Louvor | Graça e Salvação | Lar e Família,Efésios 2:8-9; João 3:16; 1 João 1:9 | Josué 24:15; Efésios 6:1-4 | Salmos 150:1-6; Apocalipse 4:8; Salmos 95:1-2,https://www.youtube.com/watch?v=D_tT_5jcnU0
506,Eu Não Preciso Mais Sonhar,"Adoração e Louvor | Graça e Salvação | Igreja e Comunhão | Lar e Família | Paz, Cuidado e Confiança",Efésios 2:8-9; João 3:16; 1 João 1:9 | Josué 24:15; Efésios 6:1-4 | Salmos 133:1; Hebreus 10:25 | Salmos 150:1-6; Apocalipse 4:8; Salmos 95:1-2 | Salmos 23:1-4; João 14:27; Salmos 46:1,https://www.youtube.com/watch?v=6X1wkIN-Cis
507,Jamais se Diz Adeus Ali,"Graça e Salvação | Lar e Família | Paz, Cuidado e Confiança | Segunda Vinda e Esperança",1 Tessalonicenses 4:16-17; Apocalipse 1:7; João 14:1-3 | Efésios 2:8-9; João 3:16; 1 João 1:9 | Josué 24:15; Efésios 6:1-4 | Salmos 23:1-4; João 14:27; Salmos 46:1,https://www.youtube.com/watch?v=kaM0Z4YIuTo
508,Cristo Fez Tudo Muito Bom,Espírito Santo | Lar e Família | Palavra de Deus e Lei,Josué 24:15; Efésios 6:1-4 | João 14:16-17; Atos 2:1-4 | Salmos 119:105; 2 Timóteo 3:16; Salmos 19:7,https://www.youtube.com/watch?v=19pEqRVMq-I
509,A Criação,Sábado e Criação,Êxodo 20:8-11; Gênesis 2:2-3,https://www.youtube.com/watch?v=MVST2oE5nBE
510,Aquarela Do Senhor,Graça e Salvação,Efésios 2:8-9; João 3:16; 1 João 1:9,https://www.youtube.com/watch?v=X8hHMFhz2Pc
511,Eu Sou Uma Obra de Arte,Graça e Salvação | Missão e Serviço | Sábado e Criação,Efésios 2:8-9; João 3:16; 1 João 1:9 | Mateus 28:19-20; Isaías 6:8; Marcos 16:15 | Êxodo 20:8-11; Gênesis 2:2-3,https://www.youtube.com/watch?v=-3419VrV8Vk
512,Cada Dia,"Espírito Santo | Graça e Salvação | Paz, Cuidado e Confiança",Efésios 2:8-9; João 3:16; 1 João 1:9 | João 14:16-17; Atos 2:1-4 | Salmos 23:1-4; João 14:27; Salmos 46:1,https://www.youtube.com/watch?v=geb2ugQWBis
513,Ver Jesus Em Você,Crianças e Jovens | Sacrifício e Redenção,Isaías 53:4-5; Romanos 5:8; Hebreus 9:22 | Mateus 19:14; Provérbios 22:6,https://www.youtube.com/watch?v=elh4QZ-Fij4
514,Fruto da Criação,Crianças e Jovens | Graça e Salvação | Lar e Família | Missão e Serviço | Oração e Comunhão | Sábado e Criação,1 Tessalonicenses 5:17; Mateus 7:7; Filipenses 4:6 | Efésios 2:8-9; João 3:16; 1 João 1:9 | Josué 24:15; Efésios 6:1-4 | Mateus 19:14; Provérbios 22:6 | Mateus 28:19-20; Isaías 6:8; Marcos 16:15 | Êxodo 20:8-11; Gênesis 2:2-3,https://www.youtube.com/watch?v=2w8AGdqCM0s
515,Sabe Quantas Estrelinhas?,Graça e Salvação,Efésios 2:8-9; João 3:16; 1 João 1:9,https://www.youtube.com/watch?v=wXIENxBI5mA
516,Grande Artista,Adoração e Louvor | Graça e Salvação,Efésios 2:8-9; João 3:16; 1 João 1:9 | Salmos 150:1-6; Apocalipse 4:8; Salmos 95:1-2,https://www.youtube.com/watch?v=HjTn64jPYYQ
517,Meu Deus É Tão Grande,Vida Cristã e Devoção,Salmos 1:1-2; Provérbios 3:5-6,https://www.youtube.com/watch?v=mg2bP7sg-QM
518,O Dia Em Que Deus Criou o Mundo,Vida Cristã e Devoção,Salmos 1:1-2; Provérbios 3:5-6,https://www.youtube.com/watch?v=444SonCfdPE
519,O Amigo do Coração,"Oração e Comunhão | Paz, Cuidado e Confiança",1 Tessalonicenses 5:17; Mateus 7:7; Filipenses 4:6 | Salmos 23:1-4; João 14:27; Salmos 46:1,https://www.youtube.com/watch?v=ojukNBX0xRs
520,Cristo é o Número Um,Oração e Comunhão,1 Tessalonicenses 5:17; Mateus 7:7; Filipenses 4:6,https://www.youtube.com/watch?v=GqqgbpjsANo
521,O Espírito Santo,"Adoração e Louvor | Espírito Santo | Paz, Cuidado e Confiança",João 14:16-17; Atos 2:1-4 | Salmos 150:1-6; Apocalipse 4:8; Salmos 95:1-2 | Salmos 23:1-4; João 14:27; Salmos 46:1,https://www.youtube.com/watch?v=97vtuS9WXZc
522,Eu Quero Esse Poder,Adoração e Louvor | Crianças e Jovens | Espírito Santo | Segunda Vinda e Esperança,1 Tessalonicenses 4:16-17; Apocalipse 1:7; João 14:1-3 | João 14:16-17; Atos 2:1-4 | Mateus 19:14; Provérbios 22:6 | Salmos 150:1-6; Apocalipse 4:8; Salmos 95:1-2,https://www.youtube.com/watch?v=cjw0Xd-BcIg
523,"Sim, Cristo me Ama",Graça e Salvação | Lar e Família | Palavra de Deus e Lei | Sacrifício e Redenção,Efésios 2:8-9; João 3:16; 1 João 1:9 | Isaías 53:4-5; Romanos 5:8; Hebreus 9:22 | Josué 24:15; Efésios 6:1-4 | Salmos 119:105; 2 Timóteo 3:16; Salmos 19:7,https://www.youtube.com/watch?v=7lR9ngghlhs
524,Jesus Me Quer Bem,Graça e Salvação | Lar e Família | Oração e Comunhão | Palavra de Deus e Lei,1 Tessalonicenses 5:17; Mateus 7:7; Filipenses 4:6 | Efésios 2:8-9; João 3:16; 1 João 1:9 | Josué 24:15; Efésios 6:1-4 | Salmos 119:105; 2 Timóteo 3:16; Salmos 19:7,https://www.youtube.com/watch?v=qQz-1FXuAmk
525,Deus Sempre me Ama,Crianças e Jovens | Graça e Salvação,Efésios 2:8-9; João 3:16; 1 João 1:9 | Mateus 19:14; Provérbios 22:6,https://www.youtube.com/watch?v=fm8Jh_12bGs
526,Quem Orou Três Vezes?,Vida Cristã e Devoção,Salmos 1:1-2; Provérbios 3:5-6,https://www.youtube.com/watch?v=yFMFvbRS0Mw
527,Aonde Quer Que Eu Vá,"Oração e Comunhão | Paz, Cuidado e Confiança",1 Tessalonicenses 5:17; Mateus 7:7; Filipenses 4:6 | Salmos 23:1-4; João 14:27; Salmos 46:1,https://www.youtube.com/watch?v=h2_xAmV7XqA
528,Quando Estou Com Medo,Adoração e Louvor,Salmos 150:1-6; Apocalipse 4:8; Salmos 95:1-2,https://www.youtube.com/watch?v=vh79qX7CK0c
529,Se Deus É Por Nós,Vida Cristã e Devoção,Salmos 1:1-2; Provérbios 3:5-6,https://www.youtube.com/watch?v=Kzc35-5a-W0
530,Lâmpada Para os Meus Pés,Palavra de Deus e Lei,Salmos 119:105; 2 Timóteo 3:16; Salmos 19:7,https://www.youtube.com/watch?v=z_ULuJComU8
531,A Bíblia,Palavra de Deus e Lei,Salmos 119:105; 2 Timóteo 3:16; Salmos 19:7,https://www.youtube.com/watch?v=Rb5zqe-xg7s
532,Louvem a Jesus,Crianças e Jovens,Mateus 19:14; Provérbios 22:6,https://www.youtube.com/watch?v=hWX79JHd_Sk
533,Louvai-O,Crianças e Jovens | Graça e Salvação,Efésios 2:8-9; João 3:16; 1 João 1:9 | Mateus 19:14; Provérbios 22:6,https://www.youtube.com/watch?v=g9Y0GTrC8Yk
534,Eu Digo Não,Oração e Comunhão,1 Tessalonicenses 5:17; Mateus 7:7; Filipenses 4:6,https://www.youtube.com/watch?v=be6uoFLAuCE
535,Santa Lei De Deus,Adoração e Louvor | Graça e Salvação | Lar e Família | Oração e Comunhão | Palavra de Deus e Lei,1 Tessalonicenses 5:17; Mateus 7:7; Filipenses 4:6 | Efésios 2:8-9; João 3:16; 1 João 1:9 | Josué 24:15; Efésios 6:1-4 | Salmos 119:105; 2 Timóteo 3:16; Salmos 19:7 | Salmos 150:1-6; Apocalipse 4:8; Salmos 95:1-2,https://www.youtube.com/watch?v=wSoey4BKe1Y
536,São Dez Os Mandamentos,"Palavra de Deus e Lei | Paz, Cuidado e Confiança",Salmos 119:105; 2 Timóteo 3:16; Salmos 19:7 | Salmos 23:1-4; João 14:27; Salmos 46:1,https://www.youtube.com/watch?v=YHfVrIMkgYg
537,"Sábado, O Dia Mais Feliz",Igreja e Comunhão | Sábado e Criação,Salmos 133:1; Hebreus 10:25 | Êxodo 20:8-11; Gênesis 2:2-3,https://www.youtube.com/watch?v=QSFP2EvOtk8
538,Dia Especial,Sábado e Criação,Êxodo 20:8-11; Gênesis 2:2-3,https://www.youtube.com/watch?v=kRjHUS_Ix4s
539,Deus Mandou O Sol Brilhar,Lar e Família | Sábado e Criação,Josué 24:15; Efésios 6:1-4 | Êxodo 20:8-11; Gênesis 2:2-3,https://www.youtube.com/watch?v=r3pH5zs7aeY
540,Quero Bem Alegre Obedecer,Lar e Família,Josué 24:15; Efésios 6:1-4,https://www.youtube.com/watch?v=EfwQIFIdlWQ
541,"Cria Em Mim, Ó Deus",Espírito Santo | Oração e Comunhão,1 Tessalonicenses 5:17; Mateus 7:7; Filipenses 4:6 | João 14:16-17; Atos 2:1-4,https://www.youtube.com/watch?v=OTYzVyXbdKw
542,"Vem, Ó Jesus",Oração e Comunhão,1 Tessalonicenses 5:17; Mateus 7:7; Filipenses 4:6,https://www.youtube.com/watch?v=_6a8tqjCZ3w
543,É Bom Ter Jesus No Coração,Oração e Comunhão,1 Tessalonicenses 5:17; Mateus 7:7; Filipenses 4:6,https://www.youtube.com/watch?v=_9TmgYS-BsU
544,Entrega Teu Caminho Ao Senhor,Vida Cristã e Devoção,Salmos 1:1-2; Provérbios 3:5-6,https://www.youtube.com/watch?v=NLwqMcTD8lU
545,Sou Feliz,"Graça e Salvação | Oração e Comunhão | Paz, Cuidado e Confiança",1 Tessalonicenses 5:17; Mateus 7:7; Filipenses 4:6 | Efésios 2:8-9; João 3:16; 1 João 1:9 | Salmos 23:1-4; João 14:27; Salmos 46:1,https://www.youtube.com/watch?v=I1D2ayYAKL0
546,Quero Servir a Jesus,Adoração e Louvor | Lar e Família | Missão e Serviço | Oração e Comunhão,1 Tessalonicenses 5:17; Mateus 7:7; Filipenses 4:6 | Josué 24:15; Efésios 6:1-4 | Mateus 28:19-20; Isaías 6:8; Marcos 16:15 | Salmos 150:1-6; Apocalipse 4:8; Salmos 95:1-2,https://www.youtube.com/watch?v=u9tMVmwsn2w
547,Eu Sei Por Que Nasci,"Graça e Salvação | Missão e Serviço | Paz, Cuidado e Confiança | Segunda Vinda e Esperança",1 Tessalonicenses 4:16-17; Apocalipse 1:7; João 14:1-3 | Efésios 2:8-9; João 3:16; 1 João 1:9 | Mateus 28:19-20; Isaías 6:8; Marcos 16:15 | Salmos 23:1-4; João 14:27; Salmos 46:1,https://www.youtube.com/watch?v=iTfgnKEIbXM
548,O Milagre Da Vida,Graça e Salvação | Oração e Comunhão | Sábado e Criação,1 Tessalonicenses 5:17; Mateus 7:7; Filipenses 4:6 | Efésios 2:8-9; João 3:16; 1 João 1:9 | Êxodo 20:8-11; Gênesis 2:2-3,https://www.youtube.com/watch?v=A6KuXacY6MU
549,Eu Sou Importante,Vida Cristã e Devoção,Salmos 1:1-2; Provérbios 3:5-6,https://www.youtube.com/watch?v=rQQEt6UslBI
550,Deus Tem Um Plano Pra Mim,"Graça e Salvação | Paz, Cuidado e Confiança",Efésios 2:8-9; João 3:16; 1 João 1:9 | Salmos 23:1-4; João 14:27; Salmos 46:1,https://www.youtube.com/watch?v=Qt4e8OzK9k0
551,Minha Pequenina Luz,Vida Cristã e Devoção,Salmos 1:1-2; Provérbios 3:5-6,https://www.youtube.com/watch?v=Wn5nj616hNI
552,Meus Talentos Vou Usar,"Missão e Serviço | Paz, Cuidado e Confiança",Mateus 28:19-20; Isaías 6:8; Marcos 16:15 | Salmos 23:1-4; João 14:27; Salmos 46:1,https://www.youtube.com/watch?v=uMw9alCBJGg
553,Minha Vida É Uma Viagem,Lar e Família | Palavra de Deus e Lei,Josué 24:15; Efésios 6:1-4 | Salmos 119:105; 2 Timóteo 3:16; Salmos 19:7,https://www.youtube.com/watch?v=SjB4E02wpRM
554,Sou Aventureiro,"Crianças e Jovens | Graça e Salvação | Lar e Família | Paz, Cuidado e Confiança",Efésios 2:8-9; João 3:16; 1 João 1:9 | Josué 24:15; Efésios 6:1-4 | Mateus 19:14; Provérbios 22:6 | Salmos 23:1-4; João 14:27; Salmos 46:1,https://www.youtube.com/watch?v=Xlva_BqXBgk
555,Um Lugar Feliz É O Céu,Vida Cristã e Devoção,Salmos 1:1-2; Provérbios 3:5-6,https://www.youtube.com/watch?v=OesQovAZ38Y
556,Lá No Céu,Oração e Comunhão,1 Tessalonicenses 5:17; Mateus 7:7; Filipenses 4:6,https://www.youtube.com/watch?v=TqM_jI_P2pI
557,O Céu,"Graça e Salvação | Igreja e Comunhão | Lar e Família | Oração e Comunhão | Paz, Cuidado e Confiança | Sacrifício e Redenção | Segunda Vinda e Esperança",1 Tessalonicenses 4:16-17; Apocalipse 1:7; João 14:1-3 | 1 Tessalonicenses 5:17; Mateus 7:7; Filipenses 4:6 | Efésios 2:8-9; João 3:16; 1 João 1:9 | Isaías 53:4-5; Romanos 5:8; Hebreus 9:22 | Josué 24:15; Efésios 6:1-4 | Salmos 133:1; Hebreus 10:25 | Salmos 23:1-4; João 14:27; Salmos 46:1,https://www.youtube.com/watch?v=G2fo6bPBLxU
558,O Senhor Está Em Seu Templo,Adoração e Louvor,Salmos 150:1-6; Apocalipse 4:8; Salmos 95:1-2,https://www.youtube.com/watch?v=9w4e6ncQG6U
559,Sinto A Presença Do Senhor,Graça e Salvação,Efésios 2:8-9; João 3:16; 1 João 1:9,https://www.youtube.com/watch?v=pzA0pwlEP_s
560,A Glória da Tua Presença,Adoração e Louvor | Lar e Família,Josué 24:15; Efésios 6:1-4 | Salmos 150:1-6; Apocalipse 4:8; Salmos 95:1-2,https://www.youtube.com/watch?v=tDUVFIYYClg
561,Santo Somente É O Senhor,"Adoração e Louvor | Graça e Salvação | Oração e Comunhão | Paz, Cuidado e Confiança",1 Tessalonicenses 5:17; Mateus 7:7; Filipenses 4:6 | Efésios 2:8-9; João 3:16; 1 João 1:9 | Salmos 150:1-6; Apocalipse 4:8; Salmos 95:1-2 | Salmos 23:1-4; João 14:27; Salmos 46:1,https://www.youtube.com/watch?v=7PCyZUfniNI
562,"Santo És, Senhor",Adoração e Louvor | Graça e Salvação | Oração e Comunhão,1 Tessalonicenses 5:17; Mateus 7:7; Filipenses 4:6 | Efésios 2:8-9; João 3:16; 1 João 1:9 | Salmos 150:1-6; Apocalipse 4:8; Salmos 95:1-2,https://www.youtube.com/watch?v=RIcHuu1eM00
563,Sua Glória,"Adoração e Louvor | Graça e Salvação | Lar e Família | Paz, Cuidado e Confiança | Segunda Vinda e Esperança",1 Tessalonicenses 4:16-17; Apocalipse 1:7; João 14:1-3 | Efésios 2:8-9; João 3:16; 1 João 1:9 | Josué 24:15; Efésios 6:1-4 | Salmos 150:1-6; Apocalipse 4:8; Salmos 95:1-2 | Salmos 23:1-4; João 14:27; Salmos 46:1,https://www.youtube.com/watch?v=KstVYG1eZLo
564,Vamos Adorar,Adoração e Louvor | Graça e Salvação | Oração e Comunhão | Sábado e Criação,1 Tessalonicenses 5:17; Mateus 7:7; Filipenses 4:6 | Efésios 2:8-9; João 3:16; 1 João 1:9 | Salmos 150:1-6; Apocalipse 4:8; Salmos 95:1-2 | Êxodo 20:8-11; Gênesis 2:2-3,https://www.youtube.com/watch?v=WcbKoNxbg6E
565,Adoração,Adoração e Louvor | Crianças e Jovens | Espírito Santo | Lar e Família | Oração e Comunhão,1 Tessalonicenses 5:17; Mateus 7:7; Filipenses 4:6 | Josué 24:15; Efésios 6:1-4 | João 14:16-17; Atos 2:1-4 | Mateus 19:14; Provérbios 22:6 | Salmos 150:1-6; Apocalipse 4:8; Salmos 95:1-2,https://www.youtube.com/watch?v=5fH_OdoULJ8
566,"Oh, Adorai",Vida Cristã e Devoção,Salmos 1:1-2; Provérbios 3:5-6,https://www.youtube.com/watch?v=gHgPE5cBZsk
567,Introito,"Adoração e Louvor | Espírito Santo | Graça e Salvação | Lar e Família | Oração e Comunhão | Paz, Cuidado e Confiança | Sacrifício e Redenção",1 Tessalonicenses 5:17; Mateus 7:7; Filipenses 4:6 | Efésios 2:8-9; João 3:16; 1 João 1:9 | Isaías 53:4-5; Romanos 5:8; Hebreus 9:22 | Josué 24:15; Efésios 6:1-4 | João 14:16-17; Atos 2:1-4 | Salmos 150:1-6; Apocalipse 4:8; Salmos 95:1-2 | Salmos 23:1-4; João 14:27; Salmos 46:1,https://www.youtube.com/watch?v=-O3V4eXegCA
568,Invocação,Adoração e Louvor | Espírito Santo | Lar e Família | Oração e Comunhão | Sacrifício e Redenção | Sábado e Criação,1 Tessalonicenses 5:17; Mateus 7:7; Filipenses 4:6 | Isaías 53:4-5; Romanos 5:8; Hebreus 9:22 | Josué 24:15; Efésios 6:1-4 | João 14:16-17; Atos 2:1-4 | Salmos 150:1-6; Apocalipse 4:8; Salmos 95:1-2 | Êxodo 20:8-11; Gênesis 2:2-3,https://www.youtube.com/watch?v=c5rmDJAwbmo
569,Nosso Maravilhoso Deus,Adoração e Louvor | Graça e Salvação,Efésios 2:8-9; João 3:16; 1 João 1:9 | Salmos 150:1-6; Apocalipse 4:8; Salmos 95:1-2,https://www.youtube.com/watch?v=h3Pn338Jbkc
570,Maravilhoso Deus,Adoração e Louvor | Graça e Salvação | Oração e Comunhão,1 Tessalonicenses 5:17; Mateus 7:7; Filipenses 4:6 | Efésios 2:8-9; João 3:16; 1 João 1:9 | Salmos 150:1-6; Apocalipse 4:8; Salmos 95:1-2,https://www.youtube.com/watch?v=DU-gqqyFXhQ
571,Tu És Digno,Adoração e Louvor | Oração e Comunhão,1 Tessalonicenses 5:17; Mateus 7:7; Filipenses 4:6 | Salmos 150:1-6; Apocalipse 4:8; Salmos 95:1-2,https://www.youtube.com/watch?v=9MI2kh8VZFM
572,Ofertório,Lar e Família | Oração e Comunhão,1 Tessalonicenses 5:17; Mateus 7:7; Filipenses 4:6 | Josué 24:15; Efésios 6:1-4,https://www.youtube.com/watch?v=6XKBBbizSwU
573,Venho Te Adorar,Graça e Salvação | Oração e Comunhão,1 Tessalonicenses 5:17; Mateus 7:7; Filipenses 4:6 | Efésios 2:8-9; João 3:16; 1 João 1:9,https://www.youtube.com/watch?v=IBj_6ya7xas
574,Teu É Nosso Coração,Adoração e Louvor | Crianças e Jovens | Oração e Comunhão,1 Tessalonicenses 5:17; Mateus 7:7; Filipenses 4:6 | Mateus 19:14; Provérbios 22:6 | Salmos 150:1-6; Apocalipse 4:8; Salmos 95:1-2,https://www.youtube.com/watch?v=M4e58v4OYAk
575,Entrego A Ti,Adoração e Louvor | Lar e Família | Oração e Comunhão,1 Tessalonicenses 5:17; Mateus 7:7; Filipenses 4:6 | Josué 24:15; Efésios 6:1-4 | Salmos 150:1-6; Apocalipse 4:8; Salmos 95:1-2,https://www.youtube.com/watch?v=Pl5UNPjWuQc
576,Humildade e Gratidão,Graça e Salvação,Efésios 2:8-9; João 3:16; 1 João 1:9,https://www.youtube.com/watch?v=Mo9jmUk1geA
577,Quero Me Entregar,Oração e Comunhão,1 Tessalonicenses 5:17; Mateus 7:7; Filipenses 4:6,https://www.youtube.com/watch?v=qNSke7mqfpU
578,Humilde Oração,Adoração e Louvor | Graça e Salvação | Oração e Comunhão,1 Tessalonicenses 5:17; Mateus 7:7; Filipenses 4:6 | Efésios 2:8-9; João 3:16; 1 João 1:9 | Salmos 150:1-6; Apocalipse 4:8; Salmos 95:1-2,https://www.youtube.com/watch?v=x7PXEUXWd_c
579,"Ao Orarmos, Senhor",Espírito Santo | Graça e Salvação | Igreja e Comunhão | Oração e Comunhão,1 Tessalonicenses 5:17; Mateus 7:7; Filipenses 4:6 | Efésios 2:8-9; João 3:16; 1 João 1:9 | João 14:16-17; Atos 2:1-4 | Salmos 133:1; Hebreus 10:25,https://www.youtube.com/watch?v=ruwejYHFrso
580,Oração de Súplica,"Graça e Salvação | Lar e Família | Oração e Comunhão | Paz, Cuidado e Confiança",1 Tessalonicenses 5:17; Mateus 7:7; Filipenses 4:6 | Efésios 2:8-9; João 3:16; 1 João 1:9 | Josué 24:15; Efésios 6:1-4 | Salmos 23:1-4; João 14:27; Salmos 46:1,https://www.youtube.com/watch?v=DM6XV-Xa-Q8
581,"Ouve-nos, Senhor","Adoração e Louvor | Paz, Cuidado e Confiança",Salmos 150:1-6; Apocalipse 4:8; Salmos 95:1-2 | Salmos 23:1-4; João 14:27; Salmos 46:1,https://www.youtube.com/watch?v=XlKHkTRrxdY
582,"Pai, Venho A Ti",Graça e Salvação | Lar e Família | Oração e Comunhão,1 Tessalonicenses 5:17; Mateus 7:7; Filipenses 4:6 | Efésios 2:8-9; João 3:16; 1 João 1:9 | Josué 24:15; Efésios 6:1-4,https://www.youtube.com/watch?v=DdIqNGYts1M
583,Entregamos Em Tuas Mãos,Oração e Comunhão,1 Tessalonicenses 5:17; Mateus 7:7; Filipenses 4:6,https://www.youtube.com/watch?v=mCDRltoQyRU
584,Prece de Gratidão,Oração e Comunhão,1 Tessalonicenses 5:17; Mateus 7:7; Filipenses 4:6,https://www.youtube.com/watch?v=x21h3AlUjTk
585,"Vem, Espírito Santo","Adoração e Louvor | Espírito Santo | Paz, Cuidado e Confiança",João 14:16-17; Atos 2:1-4 | Salmos 150:1-6; Apocalipse 4:8; Salmos 95:1-2 | Salmos 23:1-4; João 14:27; Salmos 46:1,https://www.youtube.com/watch?v=lBRMAtNr-F8
586,Venham Todos,Graça e Salvação,Efésios 2:8-9; João 3:16; 1 João 1:9,https://www.youtube.com/watch?v=nw9MZZ4yXhg
587_A,Chegou a Hora de Adorar ao Senhor - A,Adoração e Louvor | Graça e Salvação | Oração e Comunhão,1 Tessalonicenses 5:17; Mateus 7:7; Filipenses 4:6 | Efésios 2:8-9; João 3:16; 1 João 1:9 | Salmos 150:1-6; Apocalipse 4:8; Salmos 95:1-2,https://www.youtube.com/watch?v=0Lps7KHmebA
587_B,Chegou a Hora de Adorar ao Senhor - B,Graça e Salvação | Lar e Família | Oração e Comunhão,1 Tessalonicenses 5:17; Mateus 7:7; Filipenses 4:6 | Efésios 2:8-9; João 3:16; 1 João 1:9 | Josué 24:15; Efésios 6:1-4,https://www.youtube.com/watch?v=GP8qu83lWls
588,Deixai Vir a Mim os Pequeninos,Crianças e Jovens,Mateus 19:14; Provérbios 22:6,https://www.youtube.com/watch?v=YfhkVkDCUzA
589,"Fala, Senhor",Graça e Salvação | Oração e Comunhão,1 Tessalonicenses 5:17; Mateus 7:7; Filipenses 4:6 | Efésios 2:8-9; João 3:16; 1 João 1:9,https://www.youtube.com/watch?v=KC11ybPhXuk
590,"Queremos Te Pedir, Senhor",Espírito Santo | Oração e Comunhão,1 Tessalonicenses 5:17; Mateus 7:7; Filipenses 4:6 | João 14:16-17; Atos 2:1-4,https://www.youtube.com/watch?v=TwLx_8N9Rh8
591,Estejas Conosco,Adoração e Louvor | Espírito Santo | Palavra de Deus e Lei,João 14:16-17; Atos 2:1-4 | Salmos 119:105; 2 Timóteo 3:16; Salmos 19:7 | Salmos 150:1-6; Apocalipse 4:8; Salmos 95:1-2,https://www.youtube.com/watch?v=aJ39JaQeOa4
592,"Graça, Amor e Comunhão",Espírito Santo | Graça e Salvação | Igreja e Comunhão | Lar e Família,Efésios 2:8-9; João 3:16; 1 João 1:9 | Josué 24:15; Efésios 6:1-4 | João 14:16-17; Atos 2:1-4 | Salmos 133:1; Hebreus 10:25,https://www.youtube.com/watch?v=fiUau4pkV9Q
593,"Amigo, Não Saia Sem Cristo","Graça e Salvação | Oração e Comunhão | Paz, Cuidado e Confiança | Sacrifício e Redenção",1 Tessalonicenses 5:17; Mateus 7:7; Filipenses 4:6 | Efésios 2:8-9; João 3:16; 1 João 1:9 | Isaías 53:4-5; Romanos 5:8; Hebreus 9:22 | Salmos 23:1-4; João 14:27; Salmos 46:1,https://www.youtube.com/watch?v=qz4_paWtw8g
594,Bênção Final,"Graça e Salvação | Lar e Família | Oração e Comunhão | Paz, Cuidado e Confiança | Segunda Vinda e Esperança",1 Tessalonicenses 4:16-17; Apocalipse 1:7; João 14:1-3 | 1 Tessalonicenses 5:17; Mateus 7:7; Filipenses 4:6 | Efésios 2:8-9; João 3:16; 1 João 1:9 | Josué 24:15; Efésios 6:1-4 | Salmos 23:1-4; João 14:27; Salmos 46:1,https://www.youtube.com/watch?v=fluE6tBTu6M
595,A Bênção,"Graça e Salvação | Paz, Cuidado e Confiança",Efésios 2:8-9; João 3:16; 1 João 1:9 | Salmos 23:1-4; João 14:27; Salmos 46:1,https://www.youtube.com/watch?v=sRZHnhpdE10
596,"Vem, Senhor",Igreja e Comunhão | Oração e Comunhão,1 Tessalonicenses 5:17; Mateus 7:7; Filipenses 4:6 | Salmos 133:1; Hebreus 10:25,https://www.youtube.com/watch?v=e9GVzfcn-n8
597,Santo Lugar,"Adoração e Louvor | Lar e Família | Paz, Cuidado e Confiança | Segunda Vinda e Esperança",1 Tessalonicenses 4:16-17; Apocalipse 1:7; João 14:1-3 | Josué 24:15; Efésios 6:1-4 | Salmos 150:1-6; Apocalipse 4:8; Salmos 95:1-2 | Salmos 23:1-4; João 14:27; Salmos 46:1,https://www.youtube.com/watch?v=HNp73M6vd5o
598,Que Deus Te Abençoe!,"Graça e Salvação | Paz, Cuidado e Confiança",Efésios 2:8-9; João 3:16; 1 João 1:9 | Salmos 23:1-4; João 14:27; Salmos 46:1,https://www.youtube.com/watch?v=jsAz9HOKXjU
599,Que O Senhor Nos Abençoe!,"Paz, Cuidado e Confiança",Salmos 23:1-4; João 14:27; Salmos 46:1,https://www.youtube.com/watch?v=hbDJN08OQ6I
600,Em Paz eu Vou,"Paz, Cuidado e Confiança",Salmos 23:1-4; João 14:27; Salmos 46:1,https://www.youtube.com/watch?v=hER6dGJKpqY
