Número,Título,Temas Relacionados,Textos Bíblicos Base
1,"Santo, Santo, Santo!",Adoração e Louvor | Graça e Salvação | Sábado e Criação,Efésios 2:8-9; João 3:16; 1 João 1:9 | Salmos 150:1-6; Apocalipse 4:8; Salmos 95:1-2 | Êxodo 20:8-11; Gênesis 2:2-3
2,Ó Adorai o Senhor,Adoração e Louvor | Graça e Salvação | Oração e Comunhão,1 Tessalonicenses 5:17; Mateus 7:7; Filipenses 4:6 | Efésios 2:8-9; João 3:16; 1 João 1:9 | Salmos 150:1-6; Apocalipse 4:8; Salmos 95:1-2
3,O Deus Eterno Reina,"Adoração e Louvor | Graça e Salvação | Oração e Comunhão | Paz, Cuidado e Confiança",1 Tessalonicenses 5:17; Mateus 7:7; Filipenses 4:6 | Efésios 2:8-9; João 3:16; 1 João 1:9 | Salmos 150:1-6; Apocalipse 4:8; Salmos 95:1-2 | Salmos 23:1-4; João 14:27; Salmos 46:1
4,Louvor ao Trino Deus,Adoração e Louvor | Espírito Santo | Graça e Salvação | Sacrifício e Redenção,Efésios 2:8-9; João 3:16; 1 João 1:9 | Isaías 53:4-5; Romanos 5:8; Hebreus 9:22 | João 14:16-17; Atos 2:1-4 | Salmos 150:1-6; Apocalipse 4:8; Salmos 95:1-2
5,Jubilosos Te Adoramos,"Adoração e Louvor | Espírito Santo | Graça e Salvação | Lar e Família | Oração e Comunhão | Paz, Cuidado e Confiança | Segunda Vinda e Esperança",1 Tessalonicenses 4:16-17; Apocalipse 1:7; João 14:1-3 | 1 Tessalonicenses 5:17; Mateus 7:7; Filipenses 4:6 | Efésios 2:8-9; João 3:16; 1 João 1:9 | Josué 24:15; Efésios 6:1-4 | João 14:16-17; Atos 2:1-4 | Salmos 150:1-6; Apocalipse 4:8; Salmos 95:1-2 | Salmos 23:1-4; João 14:27; Salmos 46:1
6,Nós Te Adoramos,"Adoração e Louvor | Crianças e Jovens | Espírito Santo | Graça e Salvação | Oração e Comunhão | Paz, Cuidado e Confiança",1 Tessalonicenses 5:17; Mateus 7:7; Filipenses 4:6 | Efésios 2:8-9; João 3:16; 1 João 1:9 | João 14:16-17; Atos 2:1-4 | Mateus 19:14; Provérbios 22:6 | Salmos 150:1-6; Apocalipse 4:8; Salmos 95:1-2 | Salmos 23:1-4; João 14:27; Salmos 46:1
7,Sejas Louvado,"Adoração e Louvor | Graça e Salvação | Paz, Cuidado e Confiança",Efésios 2:8-9; João 3:16; 1 João 1:9 | Salmos 150:1-6; Apocalipse 4:8; Salmos 95:1-2 | Salmos 23:1-4; João 14:27; Salmos 46:1
8,Ó Deus de Amor,Adoração e Louvor | Graça e Salvação | Oração e Comunhão,1 Tessalonicenses 5:17; Mateus 7:7; Filipenses 4:6 | Efésios 2:8-9; João 3:16; 1 João 1:9 | Salmos 150:1-6; Apocalipse 4:8; Salmos 95:1-2
9,"Santo, Santo, Pai Bondoso",Adoração e Louvor | Espírito Santo | Graça e Salvação | Lar e Família | Oração e Comunhão | Sacrifício e Redenção,1 Tessalonicenses 5:17; Mateus 7:7; Filipenses 4:6 | Efésios 2:8-9; João 3:16; 1 João 1:9 | Isaías 53:4-5; Romanos 5:8; Hebreus 9:22 | Josué 24:15; Efésios 6:1-4 | João 14:16-17; Atos 2:1-4 | Salmos 150:1-6; Apocalipse 4:8; Salmos 95:1-2
10,O Senhor Está Aqui,Adoração e Louvor | Oração e Comunhão | Segunda Vinda e Esperança,1 Tessalonicenses 4:16-17; Apocalipse 1:7; João 14:1-3 | 1 Tessalonicenses 5:17; Mateus 7:7; Filipenses 4:6 | Salmos 150:1-6; Apocalipse 4:8; Salmos 95:1-2
11,Maior que Tudo,Graça e Salvação | Sacrifício e Redenção,Efésios 2:8-9; João 3:16; 1 João 1:9 | Isaías 53:4-5; Romanos 5:8; Hebreus 9:22
12,"Vinde, Povo do Senhor","Adoração e Louvor | Espírito Santo | Graça e Salvação | Igreja e Comunhão | Lar e Família | Paz, Cuidado e Confiança | Segunda Vinda e Esperança",1 Tessalonicenses 4:16-17; Apocalipse 1:7; João 14:1-3 | Efésios 2:8-9; João 3:16; 1 João 1:9 | Josué 24:15; Efésios 6:1-4 | João 14:16-17; Atos 2:1-4 | Salmos 133:1; Hebreus 10:25 | Salmos 150:1-6; Apocalipse 4:8; Salmos 95:1-2 | Salmos 23:1-4; João 14:27; Salmos 46:1
13,"Louvamos-Te, ó Deus",Adoração e Louvor | Espírito Santo | Graça e Salvação | Sacrifício e Redenção | Segunda Vinda e Esperança,1 Tessalonicenses 4:16-17; Apocalipse 1:7; João 14:1-3 | Efésios 2:8-9; João 3:16; 1 João 1:9 | Isaías 53:4-5; Romanos 5:8; Hebreus 9:22 | João 14:16-17; Atos 2:1-4 | Salmos 150:1-6; Apocalipse 4:8; Salmos 95:1-2
14,Louvemos o Rei,"Adoração e Louvor | Crianças e Jovens | Espírito Santo | Graça e Salvação | Lar e Família | Paz, Cuidado e Confiança",Efésios 2:8-9; João 3:16; 1 João 1:9 | Josué 24:15; Efésios 6:1-4 | João 14:16-17; Atos 2:1-4 | Mateus 19:14; Provérbios 22:6 | Salmos 150:1-6; Apocalipse 4:8; Salmos 95:1-2 | Salmos 23:1-4; João 14:27; Salmos 46:1
15,"Tu És Fiel, Senhor","Crianças e Jovens | Graça e Salvação | Lar e Família | Paz, Cuidado e Confiança | Segunda Vinda e Esperança",1 Tessalonicenses 4:16-17; Apocalipse 1:7; João 14:1-3 | Efésios 2:8-9; João 3:16; 1 João 1:9 | Josué 24:15; Efésios 6:1-4 | Mateus 19:14; Provérbios 22:6 | Salmos 23:1-4; João 14:27; Salmos 46:1
16,Sublime Amor,"Adoração e Louvor | Crianças e Jovens | Graça e Salvação | Lar e Família | Paz, Cuidado e Confiança",Efésios 2:8-9; João 3:16; 1 João 1:9 | Josué 24:15; Efésios 6:1-4 | Mateus 19:14; Provérbios 22:6 | Salmos 150:1-6; Apocalipse 4:8; Salmos 95:1-2 | Salmos 23:1-4; João 14:27; Salmos 46:1
17,Deus é Nosso Pai Amado,Adoração e Louvor | Lar e Família | Oração e Comunhão | Sacrifício e Redenção | Segunda Vinda e Esperança,1 Tessalonicenses 4:16-17; Apocalipse 1:7; João 14:1-3 | 1 Tessalonicenses 5:17; Mateus 7:7; Filipenses 4:6 | Isaías 53:4-5; Romanos 5:8; Hebreus 9:22 | Josué 24:15; Efésios 6:1-4 | Salmos 150:1-6; Apocalipse 4:8; Salmos 95:1-2
18,Deus é Nosso Pai Celeste,Adoração e Louvor | Crianças e Jovens | Lar e Família,Josué 24:15; Efésios 6:1-4 | Mateus 19:14; Provérbios 22:6 | Salmos 150:1-6; Apocalipse 4:8; Salmos 95:1-2
19,A Deus demos Glória,Adoração e Louvor | Crianças e Jovens | Graça e Salvação | Sacrifício e Redenção,Efésios 2:8-9; João 3:16; 1 João 1:9 | Isaías 53:4-5; Romanos 5:8; Hebreus 9:22 | Mateus 19:14; Provérbios 22:6 | Salmos 150:1-6; Apocalipse 4:8; Salmos 95:1-2
20,Grande é o Senhor,Adoração e Louvor | Graça e Salvação,Efésios 2:8-9; João 3:16; 1 João 1:9 | Salmos 150:1-6; Apocalipse 4:8; Salmos 95:1-2
21,"Eu Te Amo, ó Deus",Adoração e Louvor | Graça e Salvação | Oração e Comunhão,1 Tessalonicenses 5:17; Mateus 7:7; Filipenses 4:6 | Efésios 2:8-9; João 3:16; 1 João 1:9 | Salmos 150:1-6; Apocalipse 4:8; Salmos 95:1-2
22,A Ti Toda Glória,Adoração e Louvor | Crianças e Jovens | Graça e Salvação | Igreja e Comunhão | Sacrifício e Redenção,Efésios 2:8-9; João 3:16; 1 João 1:9 | Isaías 53:4-5; Romanos 5:8; Hebreus 9:22 | Mateus 19:14; Provérbios 22:6 | Salmos 133:1; Hebreus 10:25 | Salmos 150:1-6; Apocalipse 4:8; Salmos 95:1-2
23,Louvai a Cristo,"Crianças e Jovens | Graça e Salvação | Missão e Serviço | Paz, Cuidado e Confiança | Sacrifício e Redenção | Segunda Vinda e Esperança",1 Tessalonicenses 4:16-17; Apocalipse 1:7; João 14:1-3 | Efésios 2:8-9; João 3:16; 1 João 1:9 | Isaías 53:4-5; Romanos 5:8; Hebreus 9:22 | Mateus 19:14; Provérbios 22:6 | Mateus 28:19-20; Isaías 6:8; Marcos 16:15 | Salmos 23:1-4; João 14:27; Salmos 46:1
24,Louvai a Cristo,Vida Cristã e Devoção,Salmos 1:1-2; Provérbios 3:5-6
25,"Jesus, Sempre Te Amo",Adoração e Louvor | Graça e Salvação,Efésios 2:8-9; João 3:16; 1 João 1:9 | Salmos 150:1-6; Apocalipse 4:8; Salmos 95:1-2
26,Saudai o Nome de Jesus,"Adoração e Louvor | Crianças e Jovens | Graça e Salvação | Lar e Família | Paz, Cuidado e Confiança",Efésios 2:8-9; João 3:16; 1 João 1:9 | Josué 24:15; Efésios 6:1-4 | Mateus 19:14; Provérbios 22:6 | Salmos 150:1-6; Apocalipse 4:8; Salmos 95:1-2 | Salmos 23:1-4; João 14:27; Salmos 46:1
27,Com Glória Coroai,"Adoração e Louvor | Crianças e Jovens | Graça e Salvação | Lar e Família | Paz, Cuidado e Confiança",Efésios 2:8-9; João 3:16; 1 João 1:9 | Josué 24:15; Efésios 6:1-4 | Mateus 19:14; Provérbios 22:6 | Salmos 150:1-6; Apocalipse 4:8; Salmos 95:1-2 | Salmos 23:1-4; João 14:27; Salmos 46:1
28,"Lindo És, Meu Mestre",Adoração e Louvor,Salmos 150:1-6; Apocalipse 4:8; Salmos 95:1-2
29,O Amor de Jesus,"Graça e Salvação | Lar e Família | Oração e Comunhão | Paz, Cuidado e Confiança",1 Tessalonicenses 5:17; Mateus 7:7; Filipenses 4:6 | Efésios 2:8-9; João 3:16; 1 João 1:9 | Josué 24:15; Efésios 6:1-4 | Salmos 23:1-4; João 14:27; Salmos 46:1
30,Sempre Vencendo,"Lar e Família | Paz, Cuidado e Confiança",Josué 24:15; Efésios 6:1-4 | Salmos 23:1-4; João 14:27; Salmos 46:1
31,"Jesus, Tu És a Minha Vida",Adoração e Louvor | Graça e Salvação | Oração e Comunhão | Segunda Vinda e Esperança,1 Tessalonicenses 4:16-17; Apocalipse 1:7; João 14:1-3 | 1 Tessalonicenses 5:17; Mateus 7:7; Filipenses 4:6 | Efésios 2:8-9; João 3:16; 1 João 1:9 | Salmos 150:1-6; Apocalipse 4:8; Salmos 95:1-2
32,"Brilha, Jesus","Adoração e Louvor | Graça e Salvação | Lar e Família | Paz, Cuidado e Confiança",Efésios 2:8-9; João 3:16; 1 João 1:9 | Josué 24:15; Efésios 6:1-4 | Salmos 150:1-6; Apocalipse 4:8; Salmos 95:1-2 | Salmos 23:1-4; João 14:27; Salmos 46:1
33,A Esperança é Jesus,"Graça e Salvação | Paz, Cuidado e Confiança | Segunda Vinda e Esperança",1 Tessalonicenses 4:16-17; Apocalipse 1:7; João 14:1-3 | Efésios 2:8-9; João 3:16; 1 João 1:9 | Salmos 23:1-4; João 14:27; Salmos 46:1
34,Precioso Nome,"Adoração e Louvor | Graça e Salvação | Paz, Cuidado e Confiança",Efésios 2:8-9; João 3:16; 1 João 1:9 | Salmos 150:1-6; Apocalipse 4:8; Salmos 95:1-2 | Salmos 23:1-4; João 14:27; Salmos 46:1
35,Ele é Exaltado,Adoração e Louvor,Salmos 150:1-6; Apocalipse 4:8; Salmos 95:1-2
36,Por Seu Imenso Amor,Adoração e Louvor | Graça e Salvação | Oração e Comunhão,1 Tessalonicenses 5:17; Mateus 7:7; Filipenses 4:6 | Efésios 2:8-9; João 3:16; 1 João 1:9 | Salmos 150:1-6; Apocalipse 4:8; Salmos 95:1-2
37,Cristo,"Adoração e Louvor | Graça e Salvação | Paz, Cuidado e Confiança",Efésios 2:8-9; João 3:16; 1 João 1:9 | Salmos 150:1-6; Apocalipse 4:8; Salmos 95:1-2 | Salmos 23:1-4; João 14:27; Salmos 46:1
38,A Ti Rendemos Glórias,"Adoração e Louvor | Crianças e Jovens | Graça e Salvação | Lar e Família | Paz, Cuidado e Confiança | Sacrifício e Redenção",Efésios 2:8-9; João 3:16; 1 João 1:9 | Isaías 53:4-5; Romanos 5:8; Hebreus 9:22 | Josué 24:15; Efésios 6:1-4 | Mateus 19:14; Provérbios 22:6 | Salmos 150:1-6; Apocalipse 4:8; Salmos 95:1-2 | Salmos 23:1-4; João 14:27; Salmos 46:1
39,Glórias ao Rei de Amor,"Adoração e Louvor | Graça e Salvação | Lar e Família | Oração e Comunhão | Paz, Cuidado e Confiança | Sacrifício e Redenção",1 Tessalonicenses 5:17; Mateus 7:7; Filipenses 4:6 | Efésios 2:8-9; João 3:16; 1 João 1:9 | Isaías 53:4-5; Romanos 5:8; Hebreus 9:22 | Josué 24:15; Efésios 6:1-4 | Salmos 150:1-6; Apocalipse 4:8; Salmos 95:1-2 | Salmos 23:1-4; João 14:27; Salmos 46:1
40,Concede-nos o Espírito,Adoração e Louvor | Crianças e Jovens | Espírito Santo | Graça e Salvação | Lar e Família | Oração e Comunhão | Santuário e Juízo,1 Tessalonicenses 5:17; Mateus 7:7; Filipenses 4:6 | Efésios 2:8-9; João 3:16; 1 João 1:9 | Hebreus 4:14-16; Hebreus 8:1-2; Daniel 8:14 | Josué 24:15; Efésios 6:1-4 | João 14:16-17; Atos 2:1-4 | Mateus 19:14; Provérbios 22:6 | Salmos 150:1-6; Apocalipse 4:8; Salmos 95:1-2
41,Chuvas de Bênçãos,"Espírito Santo | Graça e Salvação | Paz, Cuidado e Confiança",Efésios 2:8-9; João 3:16; 1 João 1:9 | João 14:16-17; Atos 2:1-4 | Salmos 23:1-4; João 14:27; Salmos 46:1
42,Vive em Mim,Adoração e Louvor | Espírito Santo | Graça e Salvação | Oração e Comunhão,1 Tessalonicenses 5:17; Mateus 7:7; Filipenses 4:6 | Efésios 2:8-9; João 3:16; 1 João 1:9 | João 14:16-17; Atos 2:1-4 | Salmos 150:1-6; Apocalipse 4:8; Salmos 95:1-2
43,"Vem, Santo Espírito, Agora",Adoração e Louvor | Espírito Santo | Graça e Salvação | Oração e Comunhão,1 Tessalonicenses 5:17; Mateus 7:7; Filipenses 4:6 | Efésios 2:8-9; João 3:16; 1 João 1:9 | João 14:16-17; Atos 2:1-4 | Salmos 150:1-6; Apocalipse 4:8; Salmos 95:1-2
44,O Santo Espírito,"Adoração e Louvor | Espírito Santo | Graça e Salvação | Igreja e Comunhão | Missão e Serviço | Oração e Comunhão | Palavra de Deus e Lei | Paz, Cuidado e Confiança",1 Tessalonicenses 5:17; Mateus 7:7; Filipenses 4:6 | Efésios 2:8-9; João 3:16; 1 João 1:9 | João 14:16-17; Atos 2:1-4 | Mateus 28:19-20; Isaías 6:8; Marcos 16:15 | Salmos 119:105; 2 Timóteo 3:16; Salmos 19:7 | Salmos 133:1; Hebreus 10:25 | Salmos 150:1-6; Apocalipse 4:8; Salmos 95:1-2 | Salmos 23:1-4; João 14:27; Salmos 46:1
45,Suave Espírito,Adoração e Louvor | Espírito Santo | Graça e Salvação | Missão e Serviço | Oração e Comunhão,1 Tessalonicenses 5:17; Mateus 7:7; Filipenses 4:6 | Efésios 2:8-9; João 3:16; 1 João 1:9 | João 14:16-17; Atos 2:1-4 | Mateus 28:19-20; Isaías 6:8; Marcos 16:15 | Salmos 150:1-6; Apocalipse 4:8; Salmos 95:1-2
46,Dia de Chuva,Espírito Santo | Graça e Salvação | Lar e Família | Oração e Comunhão | Segunda Vinda e Esperança,1 Tessalonicenses 4:16-17; Apocalipse 1:7; João 14:1-3 | 1 Tessalonicenses 5:17; Mateus 7:7; Filipenses 4:6 | Efésios 2:8-9; João 3:16; 1 João 1:9 | Josué 24:15; Efésios 6:1-4 | João 14:16-17; Atos 2:1-4
47,Cheios do Espírito,"Adoração e Louvor | Espírito Santo | Graça e Salvação | Lar e Família | Paz, Cuidado e Confiança | Sacrifício e Redenção | Segunda Vinda e Esperança",1 Tessalonicenses 4:16-17; Apocalipse 1:7; João 14:1-3 | Efésios 2:8-9; João 3:16; 1 João 1:9 | Isaías 53:4-5; Romanos 5:8; Hebreus 9:22 | Josué 24:15; Efésios 6:1-4 | João 14:16-17; Atos 2:1-4 | Salmos 150:1-6; Apocalipse 4:8; Salmos 95:1-2 | Salmos 23:1-4; João 14:27; Salmos 46:1
48,O Poder do Espírito,Adoração e Louvor | Espírito Santo | Graça e Salvação | Segunda Vinda e Esperança,1 Tessalonicenses 4:16-17; Apocalipse 1:7; João 14:1-3 | Efésios 2:8-9; João 3:16; 1 João 1:9 | João 14:16-17; Atos 2:1-4 | Salmos 150:1-6; Apocalipse 4:8; Salmos 95:1-2
49,Que Firme Alicerce!,Adoração e Louvor | Crianças e Jovens | Palavra de Deus e Lei | Sacrifício e Redenção,Isaías 53:4-5; Romanos 5:8; Hebreus 9:22 | Mateus 19:14; Provérbios 22:6 | Salmos 119:105; 2 Timóteo 3:16; Salmos 19:7 | Salmos 150:1-6; Apocalipse 4:8; Salmos 95:1-2
50,Alicerce Seguro,"Crianças e Jovens | Graça e Salvação | Palavra de Deus e Lei | Paz, Cuidado e Confiança | Sacrifício e Redenção",Efésios 2:8-9; João 3:16; 1 João 1:9 | Isaías 53:4-5; Romanos 5:8; Hebreus 9:22 | Mateus 19:14; Provérbios 22:6 | Salmos 119:105; 2 Timóteo 3:16; Salmos 19:7 | Salmos 23:1-4; João 14:27; Salmos 46:1
51,Dá-me a Bíblia,"Palavra de Deus e Lei | Paz, Cuidado e Confiança | Sacrifício e Redenção",Isaías 53:4-5; Romanos 5:8; Hebreus 9:22 | Salmos 119:105; 2 Timóteo 3:16; Salmos 19:7 | Salmos 23:1-4; João 14:27; Salmos 46:1
52,Novas de Amor e Vida,"Adoração e Louvor | Graça e Salvação | Paz, Cuidado e Confiança",Efésios 2:8-9; João 3:16; 1 João 1:9 | Salmos 150:1-6; Apocalipse 4:8; Salmos 95:1-2 | Salmos 23:1-4; João 14:27; Salmos 46:1
53,Que Diz a Bíblia?,Palavra de Deus e Lei | Segunda Vinda e Esperança | Sábado e Criação,1 Tessalonicenses 4:16-17; Apocalipse 1:7; João 14:1-3 | Salmos 119:105; 2 Timóteo 3:16; Salmos 19:7 | Êxodo 20:8-11; Gênesis 2:2-3
54,Unidos Pela Palavra,Espírito Santo | Igreja e Comunhão | Palavra de Deus e Lei | Segunda Vinda e Esperança,1 Tessalonicenses 4:16-17; Apocalipse 1:7; João 14:1-3 | João 14:16-17; Atos 2:1-4 | Salmos 119:105; 2 Timóteo 3:16; Salmos 19:7 | Salmos 133:1; Hebreus 10:25
55,Tua Palavra,"Oração e Comunhão | Palavra de Deus e Lei | Paz, Cuidado e Confiança",1 Tessalonicenses 5:17; Mateus 7:7; Filipenses 4:6 | Salmos 119:105; 2 Timóteo 3:16; Salmos 19:7 | Salmos 23:1-4; João 14:27; Salmos 46:1
56,Nossa Inspiração,Graça e Salvação | Oração e Comunhão | Palavra de Deus e Lei | Segunda Vinda e Esperança,1 Tessalonicenses 4:16-17; Apocalipse 1:7; João 14:1-3 | 1 Tessalonicenses 5:17; Mateus 7:7; Filipenses 4:6 | Efésios 2:8-9; João 3:16; 1 João 1:9 | Salmos 119:105; 2 Timóteo 3:16; Salmos 19:7
57,A Palavra do Senhor,"Oração e Comunhão | Palavra de Deus e Lei | Paz, Cuidado e Confiança | Segunda Vinda e Esperança",1 Tessalonicenses 4:16-17; Apocalipse 1:7; João 14:1-3 | 1 Tessalonicenses 5:17; Mateus 7:7; Filipenses 4:6 | Salmos 119:105; 2 Timóteo 3:16; Salmos 19:7 | Salmos 23:1-4; João 14:27; Salmos 46:1
58,O Pão da Vida,Adoração e Louvor | Graça e Salvação | Lar e Família | Palavra de Deus e Lei,Efésios 2:8-9; João 3:16; 1 João 1:9 | Josué 24:15; Efésios 6:1-4 | Salmos 119:105; 2 Timóteo 3:16; Salmos 19:7 | Salmos 150:1-6; Apocalipse 4:8; Salmos 95:1-2
59,Por Belezas Naturais,"Adoração e Louvor | Espírito Santo | Graça e Salvação | Igreja e Comunhão | Paz, Cuidado e Confiança | Sacrifício e Redenção",Efésios 2:8-9; João 3:16; 1 João 1:9 | Isaías 53:4-5; Romanos 5:8; Hebreus 9:22 | João 14:16-17; Atos 2:1-4 | Salmos 133:1; Hebreus 10:25 | Salmos 150:1-6; Apocalipse 4:8; Salmos 95:1-2 | Salmos 23:1-4; João 14:27; Salmos 46:1
60,Ao Deus de Abraão Louvai,Adoração e Louvor | Crianças e Jovens | Graça e Salvação | Lar e Família,Efésios 2:8-9; João 3:16; 1 João 1:9 | Josué 24:15; Efésios 6:1-4 | Mateus 19:14; Provérbios 22:6 | Salmos 150:1-6; Apocalipse 4:8; Salmos 95:1-2
61,"Vós, Criaturas do Senhor",Adoração e Louvor | Crianças e Jovens | Espírito Santo | Graça e Salvação | Lar e Família | Sábado e Criação,Efésios 2:8-9; João 3:16; 1 João 1:9 | Josué 24:15; Efésios 6:1-4 | João 14:16-17; Atos 2:1-4 | Mateus 19:14; Provérbios 22:6 | Salmos 150:1-6; Apocalipse 4:8; Salmos 95:1-2 | Êxodo 20:8-11; Gênesis 2:2-3
62,Quão Grande És Tu,Adoração e Louvor | Crianças e Jovens | Lar e Família | Sacrifício e Redenção,Isaías 53:4-5; Romanos 5:8; Hebreus 9:22 | Josué 24:15; Efésios 6:1-4 | Mateus 19:14; Provérbios 22:6 | Salmos 150:1-6; Apocalipse 4:8; Salmos 95:1-2
63,O Mundo é de Meu Deus,Sacrifício e Redenção | Sábado e Criação,Isaías 53:4-5; Romanos 5:8; Hebreus 9:22 | Êxodo 20:8-11; Gênesis 2:2-3
64,Vaso Novo,Graça e Salvação | Palavra de Deus e Lei,Efésios 2:8-9; João 3:16; 1 João 1:9 | Salmos 119:105; 2 Timóteo 3:16; Salmos 19:7
65,Das Mãos do Criador,"Adoração e Louvor | Graça e Salvação | Igreja e Comunhão | Lar e Família | Oração e Comunhão | Palavra de Deus e Lei | Paz, Cuidado e Confiança | Sacrifício e Redenção | Segunda Vinda e Esperança",1 Tessalonicenses 4:16-17; Apocalipse 1:7; João 14:1-3 | 1 Tessalonicenses 5:17; Mateus 7:7; Filipenses 4:6 | Efésios 2:8-9; João 3:16; 1 João 1:9 | Isaías 53:4-5; Romanos 5:8; Hebreus 9:22 | Josué 24:15; Efésios 6:1-4 | Salmos 119:105; 2 Timóteo 3:16; Salmos 19:7 | Salmos 133:1; Hebreus 10:25 | Salmos 150:1-6; Apocalipse 4:8; Salmos 95:1-2 | Salmos 23:1-4; João 14:27; Salmos 46:1
66,Não Há Outro Igual a Você,Espírito Santo | Lar e Família,Josué 24:15; Efésios 6:1-4 | João 14:16-17; Atos 2:1-4
67,Restaura em Mim,Espírito Santo | Lar e Família,Josué 24:15; Efésios 6:1-4 | João 14:16-17; Atos 2:1-4
68,Restaura,"Adoração e Louvor | Graça e Salvação | Oração e Comunhão | Paz, Cuidado e Confiança",1 Tessalonicenses 5:17; Mateus 7:7; Filipenses 4:6 | Efésios 2:8-9; João 3:16; 1 João 1:9 | Salmos 150:1-6; Apocalipse 4:8; Salmos 95:1-2 | Salmos 23:1-4; João 14:27; Salmos 46:1
69,"Obrigado, Bom Pai",Adoração e Louvor | Graça e Salvação | Lar e Família | Oração e Comunhão | Palavra de Deus e Lei | Segunda Vinda e Esperança,1 Tessalonicenses 4:16-17; Apocalipse 1:7; João 14:1-3 | 1 Tessalonicenses 5:17; Mateus 7:7; Filipenses 4:6 | Efésios 2:8-9; João 3:16; 1 João 1:9 | Josué 24:15; Efésios 6:1-4 | Salmos 119:105; 2 Timóteo 3:16; Salmos 19:7 | Salmos 150:1-6; Apocalipse 4:8; Salmos 95:1-2
70,A Real Bandeira,Oração e Comunhão,1 Tessalonicenses 5:17; Mateus 7:7; Filipenses 4:6
71,Vitória em Cristo,"Adoração e Louvor | Lar e Família | Paz, Cuidado e Confiança | Sacrifício e Redenção | Segunda Vinda e Esperança",1 Tessalonicenses 4:16-17; Apocalipse 1:7; João 14:1-3 | Isaías 53:4-5; Romanos 5:8; Hebreus 9:22 | Josué 24:15; Efésios 6:1-4 | Salmos 150:1-6; Apocalipse 4:8; Salmos 95:1-2 | Salmos 23:1-4; João 14:27; Salmos 46:1
72,Firme nas Promessas,"Adoração e Louvor | Graça e Salvação | Paz, Cuidado e Confiança | Sacrifício e Redenção",Efésios 2:8-9; João 3:16; 1 João 1:9 | Isaías 53:4-5; Romanos 5:8; Hebreus 9:22 | Salmos 150:1-6; Apocalipse 4:8; Salmos 95:1-2 | Salmos 23:1-4; João 14:27; Salmos 46:1
73,Castelo Forte,"Lar e Família | Oração e Comunhão | Palavra de Deus e Lei | Paz, Cuidado e Confiança | Sábado e Criação",1 Tessalonicenses 5:17; Mateus 7:7; Filipenses 4:6 | Josué 24:15; Efésios 6:1-4 | Salmos 119:105; 2 Timóteo 3:16; Salmos 19:7 | Salmos 23:1-4; João 14:27; Salmos 46:1 | Êxodo 20:8-11; Gênesis 2:2-3
74,Grande Comandante,Lar e Família,Josué 24:15; Efésios 6:1-4
75,Fé é a Vitória,"Adoração e Louvor | Graça e Salvação | Igreja e Comunhão | Paz, Cuidado e Confiança",Efésios 2:8-9; João 3:16; 1 João 1:9 | Salmos 133:1; Hebreus 10:25 | Salmos 150:1-6; Apocalipse 4:8; Salmos 95:1-2 | Salmos 23:1-4; João 14:27; Salmos 46:1
76,Vencedor Cada Dia,Graça e Salvação | Lar e Família | Missão e Serviço | Oração e Comunhão | Palavra de Deus e Lei | Segunda Vinda e Esperança,1 Tessalonicenses 4:16-17; Apocalipse 1:7; João 14:1-3 | 1 Tessalonicenses 5:17; Mateus 7:7; Filipenses 4:6 | Efésios 2:8-9; João 3:16; 1 João 1:9 | Josué 24:15; Efésios 6:1-4 | Mateus 28:19-20; Isaías 6:8; Marcos 16:15 | Salmos 119:105; 2 Timóteo 3:16; Salmos 19:7
77,"Ó Cristãos, Avante!","Adoração e Louvor | Igreja e Comunhão | Lar e Família | Paz, Cuidado e Confiança | Sacrifício e Redenção",Isaías 53:4-5; Romanos 5:8; Hebreus 9:22 | Josué 24:15; Efésios 6:1-4 | Salmos 133:1; Hebreus 10:25 | Salmos 150:1-6; Apocalipse 4:8; Salmos 95:1-2 | Salmos 23:1-4; João 14:27; Salmos 46:1
78,Um Vencedor,"Graça e Salvação | Missão e Serviço | Paz, Cuidado e Confiança | Sacrifício e Redenção",Efésios 2:8-9; João 3:16; 1 João 1:9 | Isaías 53:4-5; Romanos 5:8; Hebreus 9:22 | Mateus 28:19-20; Isaías 6:8; Marcos 16:15 | Salmos 23:1-4; João 14:27; Salmos 46:1
79,Noite de Paz,"Adoração e Louvor | Graça e Salvação | Paz, Cuidado e Confiança",Efésios 2:8-9; João 3:16; 1 João 1:9 | Salmos 150:1-6; Apocalipse 4:8; Salmos 95:1-2 | Salmos 23:1-4; João 14:27; Salmos 46:1
80,Soou em Meio à Noite Azul,"Adoração e Louvor | Graça e Salvação | Lar e Família | Paz, Cuidado e Confiança",Efésios 2:8-9; João 3:16; 1 João 1:9 | Josué 24:15; Efésios 6:1-4 | Salmos 150:1-6; Apocalipse 4:8; Salmos 95:1-2 | Salmos 23:1-4; João 14:27; Salmos 46:1
81,Surgem Anjos Proclamando,"Adoração e Louvor | Graça e Salvação | Oração e Comunhão | Paz, Cuidado e Confiança",1 Tessalonicenses 5:17; Mateus 7:7; Filipenses 4:6 | Efésios 2:8-9; João 3:16; 1 João 1:9 | Salmos 150:1-6; Apocalipse 4:8; Salmos 95:1-2 | Salmos 23:1-4; João 14:27; Salmos 46:1
82,Num Berço de Palha,"Adoração e Louvor | Crianças e Jovens | Graça e Salvação | Lar e Família | Paz, Cuidado e Confiança",Efésios 2:8-9; João 3:16; 1 João 1:9 | Josué 24:15; Efésios 6:1-4 | Mateus 19:14; Provérbios 22:6 | Salmos 150:1-6; Apocalipse 4:8; Salmos 95:1-2 | Salmos 23:1-4; João 14:27; Salmos 46:1
83,Canção da Manjedoura,"Adoração e Louvor | Crianças e Jovens | Graça e Salvação | Lar e Família | Paz, Cuidado e Confiança",Efésios 2:8-9; João 3:16; 1 João 1:9 | Josué 24:15; Efésios 6:1-4 | Mateus 19:14; Provérbios 22:6 | Salmos 150:1-6; Apocalipse 4:8; Salmos 95:1-2 | Salmos 23:1-4; João 14:27; Salmos 46:1
84,"Ó Vinde, Adoremos",Adoração e Louvor,Salmos 150:1-6; Apocalipse 4:8; Salmos 95:1-2
85,Estrela de Luz,"Graça e Salvação | Lar e Família | Paz, Cuidado e Confiança",Efésios 2:8-9; João 3:16; 1 João 1:9 | Josué 24:15; Efésios 6:1-4 | Salmos 23:1-4; João 14:27; Salmos 46:1
86,Nasce Jesus,"Adoração e Louvor | Crianças e Jovens | Graça e Salvação | Paz, Cuidado e Confiança",Efésios 2:8-9; João 3:16; 1 João 1:9 | Mateus 19:14; Provérbios 22:6 | Salmos 150:1-6; Apocalipse 4:8; Salmos 95:1-2 | Salmos 23:1-4; João 14:27; Salmos 46:1
87,"Belém, Bendita És","Adoração e Louvor | Oração e Comunhão | Paz, Cuidado e Confiança | Segunda Vinda e Esperança",1 Tessalonicenses 4:16-17; Apocalipse 1:7; João 14:1-3 | 1 Tessalonicenses 5:17; Mateus 7:7; Filipenses 4:6 | Salmos 150:1-6; Apocalipse 4:8; Salmos 95:1-2 | Salmos 23:1-4; João 14:27; Salmos 46:1
88,Cristo Nasceu,Adoração e Louvor | Graça e Salvação | Oração e Comunhão,1 Tessalonicenses 5:17; Mateus 7:7; Filipenses 4:6 | Efésios 2:8-9; João 3:16; 1 João 1:9 | Salmos 150:1-6; Apocalipse 4:8; Salmos 95:1-2
89,"Natal, Feliz Natal!","Graça e Salvação | Lar e Família | Missão e Serviço | Paz, Cuidado e Confiança | Segunda Vinda e Esperança",1 Tessalonicenses 4:16-17; Apocalipse 1:7; João 14:1-3 | Efésios 2:8-9; João 3:16; 1 João 1:9 | Josué 24:15; Efésios 6:1-4 | Mateus 28:19-20; Isaías 6:8; Marcos 16:15 | Salmos 23:1-4; João 14:27; Salmos 46:1
90,Glória ao Rei que Vos Nasceu,"Adoração e Louvor | Crianças e Jovens | Graça e Salvação | Paz, Cuidado e Confiança",Efésios 2:8-9; João 3:16; 1 João 1:9 | Mateus 19:14; Provérbios 22:6 | Salmos 150:1-6; Apocalipse 4:8; Salmos 95:1-2 | Salmos 23:1-4; João 14:27; Salmos 46:1
91,Ó Noite Santa!,"Adoração e Louvor | Graça e Salvação | Lar e Família | Paz, Cuidado e Confiança | Segunda Vinda e Esperança",1 Tessalonicenses 4:16-17; Apocalipse 1:7; João 14:1-3 | Efésios 2:8-9; João 3:16; 1 João 1:9 | Josué 24:15; Efésios 6:1-4 | Salmos 150:1-6; Apocalipse 4:8; Salmos 95:1-2 | Salmos 23:1-4; João 14:27; Salmos 46:1
92,Onde Estavam?,"Adoração e Louvor | Crianças e Jovens | Graça e Salvação | Paz, Cuidado e Confiança | Segunda Vinda e Esperança",1 Tessalonicenses 4:16-17; Apocalipse 1:7; João 14:1-3 | Efésios 2:8-9; João 3:16; 1 João 1:9 | Mateus 19:14; Provérbios 22:6 | Salmos 150:1-6; Apocalipse 4:8; Salmos 95:1-2 | Salmos 23:1-4; João 14:27; Salmos 46:1
93,Nasceu o Salvador,"Crianças e Jovens | Graça e Salvação | Paz, Cuidado e Confiança",Efésios 2:8-9; João 3:16; 1 João 1:9 | Mateus 19:14; Provérbios 22:6 | Salmos 23:1-4; João 14:27; Salmos 46:1
94,Vestido em Linho,Adoração e Louvor | Graça e Salvação | Lar e Família | Sacrifício e Redenção,Efésios 2:8-9; João 3:16; 1 João 1:9 | Isaías 53:4-5; Romanos 5:8; Hebreus 9:22 | Josué 24:15; Efésios 6:1-4 | Salmos 150:1-6; Apocalipse 4:8; Salmos 95:1-2
95,Amor Que Por Amor Desceste,"Graça e Salvação | Paz, Cuidado e Confiança | Sacrifício e Redenção",Efésios 2:8-9; João 3:16; 1 João 1:9 | Isaías 53:4-5; Romanos 5:8; Hebreus 9:22 | Salmos 23:1-4; João 14:27; Salmos 46:1
96,Foi Amor,"Crianças e Jovens | Graça e Salvação | Paz, Cuidado e Confiança | Sacrifício e Redenção",Efésios 2:8-9; João 3:16; 1 João 1:9 | Isaías 53:4-5; Romanos 5:8; Hebreus 9:22 | Mateus 19:14; Provérbios 22:6 | Salmos 23:1-4; João 14:27; Salmos 46:1
97,Por Que Me Amou Assim?,Graça e Salvação | Sacrifício e Redenção,Efésios 2:8-9; João 3:16; 1 João 1:9 | Isaías 53:4-5; Romanos 5:8; Hebreus 9:22
98,Conta-me a História de Cristo,"Adoração e Louvor | Graça e Salvação | Oração e Comunhão | Paz, Cuidado e Confiança | Sacrifício e Redenção",1 Tessalonicenses 5:17; Mateus 7:7; Filipenses 4:6 | Efésios 2:8-9; João 3:16; 1 João 1:9 | Isaías 53:4-5; Romanos 5:8; Hebreus 9:22 | Salmos 150:1-6; Apocalipse 4:8; Salmos 95:1-2 | Salmos 23:1-4; João 14:27; Salmos 46:1
99,Conta-me a Velha História,"Adoração e Louvor | Graça e Salvação | Paz, Cuidado e Confiança",Efésios 2:8-9; João 3:16; 1 João 1:9 | Salmos 150:1-6; Apocalipse 4:8; Salmos 95:1-2 | Salmos 23:1-4; João 14:27; Salmos 46:1
100,A Doce História,"Adoração e Louvor | Graça e Salvação | Lar e Família | Paz, Cuidado e Confiança | Sacrifício e Redenção | Segunda Vinda e Esperança",1 Tessalonicenses 4:16-17; Apocalipse 1:7; João 14:1-3 | Efésios 2:8-9; João 3:16; 1 João 1:9 | Isaías 53:4-5; Romanos 5:8; Hebreus 9:22 | Josué 24:15; Efésios 6:1-4 | Salmos 150:1-6; Apocalipse 4:8; Salmos 95:1-2 | Salmos 23:1-4; João 14:27; Salmos 46:1
101,Seu Maravilhoso Olhar,"Graça e Salvação | Paz, Cuidado e Confiança | Sacrifício e Redenção",Efésios 2:8-9; João 3:16; 1 João 1:9 | Isaías 53:4-5; Romanos 5:8; Hebreus 9:22 | Salmos 23:1-4; João 14:27; Salmos 46:1
102,"Ó Vem, Emanuel!","Igreja e Comunhão | Paz, Cuidado e Confiança | Segunda Vinda e Esperança",1 Tessalonicenses 4:16-17; Apocalipse 1:7; João 14:1-3 | Salmos 133:1; Hebreus 10:25 | Salmos 23:1-4; João 14:27; Salmos 46:1
103,Rude Cruz,Adoração e Louvor | Lar e Família | Missão e Serviço | Sacrifício e Redenção,Isaías 53:4-5; Romanos 5:8; Hebreus 9:22 | Josué 24:15; Efésios 6:1-4 | Mateus 28:19-20; Isaías 6:8; Marcos 16:15 | Salmos 150:1-6; Apocalipse 4:8; Salmos 95:1-2
104,Na Senda do Calvário,"Adoração e Louvor | Missão e Serviço | Paz, Cuidado e Confiança | Sacrifício e Redenção",Isaías 53:4-5; Romanos 5:8; Hebreus 9:22 | Mateus 28:19-20; Isaías 6:8; Marcos 16:15 | Salmos 150:1-6; Apocalipse 4:8; Salmos 95:1-2 | Salmos 23:1-4; João 14:27; Salmos 46:1
105,"Oh, Fronte Ensanguentada!","Graça e Salvação | Oração e Comunhão | Palavra de Deus e Lei | Paz, Cuidado e Confiança | Sacrifício e Redenção",1 Tessalonicenses 5:17; Mateus 7:7; Filipenses 4:6 | Efésios 2:8-9; João 3:16; 1 João 1:9 | Isaías 53:4-5; Romanos 5:8; Hebreus 9:22 | Salmos 119:105; 2 Timóteo 3:16; Salmos 19:7 | Salmos 23:1-4; João 14:27; Salmos 46:1
106,Cristo no Horto,Adoração e Louvor | Graça e Salvação | Lar e Família | Oração e Comunhão | Sacrifício e Redenção,1 Tessalonicenses 5:17; Mateus 7:7; Filipenses 4:6 | Efésios 2:8-9; João 3:16; 1 João 1:9 | Isaías 53:4-5; Romanos 5:8; Hebreus 9:22 | Josué 24:15; Efésios 6:1-4 | Salmos 150:1-6; Apocalipse 4:8; Salmos 95:1-2
107,Na Cruz Morri Por Ti,Adoração e Louvor | Lar e Família | Sacrifício e Redenção,Isaías 53:4-5; Romanos 5:8; Hebreus 9:22 | Josué 24:15; Efésios 6:1-4 | Salmos 150:1-6; Apocalipse 4:8; Salmos 95:1-2
108,Foi Por Você Também,Graça e Salvação | Sacrifício e Redenção,Efésios 2:8-9; João 3:16; 1 João 1:9 | Isaías 53:4-5; Romanos 5:8; Hebreus 9:22
109,Houve Alguém,"Adoração e Louvor | Graça e Salvação | Paz, Cuidado e Confiança | Sacrifício e Redenção",Efésios 2:8-9; João 3:16; 1 João 1:9 | Isaías 53:4-5; Romanos 5:8; Hebreus 9:22 | Salmos 150:1-6; Apocalipse 4:8; Salmos 95:1-2 | Salmos 23:1-4; João 14:27; Salmos 46:1
110,Monte do Calvário,Graça e Salvação | Sacrifício e Redenção,Efésios 2:8-9; João 3:16; 1 João 1:9 | Isaías 53:4-5; Romanos 5:8; Hebreus 9:22
111,Ao Ver a Cruz,Graça e Salvação | Oração e Comunhão | Sacrifício e Redenção,1 Tessalonicenses 5:17; Mateus 7:7; Filipenses 4:6 | Efésios 2:8-9; João 3:16; 1 João 1:9 | Isaías 53:4-5; Romanos 5:8; Hebreus 9:22
112,Cordeiro de Deus,Adoração e Louvor | Graça e Salvação | Lar e Família | Sacrifício e Redenção,Efésios 2:8-9; João 3:16; 1 João 1:9 | Isaías 53:4-5; Romanos 5:8; Hebreus 9:22 | Josué 24:15; Efésios 6:1-4 | Salmos 150:1-6; Apocalipse 4:8; Salmos 95:1-2
113,'Stavas Lá?,Missão e Serviço,Mateus 28:19-20; Isaías 6:8; Marcos 16:15
114,Cristo Já Ressuscitou,Graça e Salvação | Sacrifício e Redenção,Efésios 2:8-9; João 3:16; 1 João 1:9 | Isaías 53:4-5; Romanos 5:8; Hebreus 9:22
115,Preciosa Graça,"Adoração e Louvor | Graça e Salvação | Lar e Família | Paz, Cuidado e Confiança | Sacrifício e Redenção",Efésios 2:8-9; João 3:16; 1 João 1:9 | Isaías 53:4-5; Romanos 5:8; Hebreus 9:22 | Josué 24:15; Efésios 6:1-4 | Salmos 150:1-6; Apocalipse 4:8; Salmos 95:1-2 | Salmos 23:1-4; João 14:27; Salmos 46:1
116,Maravilhosa Graça,"Adoração e Louvor | Graça e Salvação | Paz, Cuidado e Confiança",Efésios 2:8-9; João 3:16; 1 João 1:9 | Salmos 150:1-6; Apocalipse 4:8; Salmos 95:1-2 | Salmos 23:1-4; João 14:27; Salmos 46:1
117,Infinita Graça,Adoração e Louvor | Graça e Salvação | Lar e Família | Oração e Comunhão,1 Tessalonicenses 5:17; Mateus 7:7; Filipenses 4:6 | Efésios 2:8-9; João 3:16; 1 João 1:9 | Josué 24:15; Efésios 6:1-4 | Salmos 150:1-6; Apocalipse 4:8; Salmos 95:1-2
118,Imenso Amor,Graça e Salvação | Sacrifício e Redenção,Efésios 2:8-9; João 3:16; 1 João 1:9 | Isaías 53:4-5; Romanos 5:8; Hebreus 9:22
119,Graça de Deus,"Graça e Salvação | Paz, Cuidado e Confiança | Sacrifício e Redenção",Efésios 2:8-9; João 3:16; 1 João 1:9 | Isaías 53:4-5; Romanos 5:8; Hebreus 9:22 | Salmos 23:1-4; João 14:27; Salmos 46:1
120,Graça,Graça e Salvação | Lar e Família | Oração e Comunhão | Sacrifício e Redenção | Segunda Vinda e Esperança,1 Tessalonicenses 4:16-17; Apocalipse 1:7; João 14:1-3 | 1 Tessalonicenses 5:17; Mateus 7:7; Filipenses 4:6 | Efésios 2:8-9; João 3:16; 1 João 1:9 | Isaías 53:4-5; Romanos 5:8; Hebreus 9:22 | Josué 24:15; Efésios 6:1-4
121,Por Um Pecador Qual Eu,"Graça e Salvação | Lar e Família | Paz, Cuidado e Confiança | Sacrifício e Redenção",Efésios 2:8-9; João 3:16; 1 João 1:9 | Isaías 53:4-5; Romanos 5:8; Hebreus 9:22 | Josué 24:15; Efésios 6:1-4 | Salmos 23:1-4; João 14:27; Salmos 46:1
122,Só um Passo,Crianças e Jovens | Graça e Salvação,Efésios 2:8-9; João 3:16; 1 João 1:9 | Mateus 19:14; Provérbios 22:6
123,Seu Sangue Tem Poder,Lar e Família | Missão e Serviço | Oração e Comunhão | Sacrifício e Redenção,1 Tessalonicenses 5:17; Mateus 7:7; Filipenses 4:6 | Isaías 53:4-5; Romanos 5:8; Hebreus 9:22 | Josué 24:15; Efésios 6:1-4 | Mateus 28:19-20; Isaías 6:8; Marcos 16:15
124,Deixa a Luz do Céu Entrar,"Graça e Salvação | Oração e Comunhão | Paz, Cuidado e Confiança",1 Tessalonicenses 5:17; Mateus 7:7; Filipenses 4:6 | Efésios 2:8-9; João 3:16; 1 João 1:9 | Salmos 23:1-4; João 14:27; Salmos 46:1
125,A Terna voz do Salvador,Adoração e Louvor | Graça e Salvação | Segunda Vinda e Esperança,1 Tessalonicenses 4:16-17; Apocalipse 1:7; João 14:1-3 | Efésios 2:8-9; João 3:16; 1 João 1:9 | Salmos 150:1-6; Apocalipse 4:8; Salmos 95:1-2
126,Foge Para o monte,"Adoração e Louvor | Graça e Salvação | Paz, Cuidado e Confiança",Efésios 2:8-9; João 3:16; 1 João 1:9 | Salmos 150:1-6; Apocalipse 4:8; Salmos 95:1-2 | Salmos 23:1-4; João 14:27; Salmos 46:1
127,Vida em Olhar,Graça e Salvação | Missão e Serviço | Sacrifício e Redenção,Efésios 2:8-9; João 3:16; 1 João 1:9 | Isaías 53:4-5; Romanos 5:8; Hebreus 9:22 | Mateus 28:19-20; Isaías 6:8; Marcos 16:15
128,Se Tu Buscares a Jesus,"Graça e Salvação | Lar e Família | Paz, Cuidado e Confiança | Segunda Vinda e Esperança",1 Tessalonicenses 4:16-17; Apocalipse 1:7; João 14:1-3 | Efésios 2:8-9; João 3:16; 1 João 1:9 | Josué 24:15; Efésios 6:1-4 | Salmos 23:1-4; João 14:27; Salmos 46:1
129,Deixa Entrar o Rei da Glória,"Adoração e Louvor | Graça e Salvação | Oração e Comunhão | Paz, Cuidado e Confiança | Segunda Vinda e Esperança",1 Tessalonicenses 4:16-17; Apocalipse 1:7; João 14:1-3 | 1 Tessalonicenses 5:17; Mateus 7:7; Filipenses 4:6 | Efésios 2:8-9; João 3:16; 1 João 1:9 | Salmos 150:1-6; Apocalipse 4:8; Salmos 95:1-2 | Salmos 23:1-4; João 14:27; Salmos 46:1
130,Jesus Está Esperando,Graça e Salvação | Oração e Comunhão,1 Tessalonicenses 5:17; Mateus 7:7; Filipenses 4:6 | Efésios 2:8-9; João 3:16; 1 João 1:9
131,Manso e Suave,Graça e Salvação,Efésios 2:8-9; João 3:16; 1 João 1:9
132,Pra Quem Nada Tem,"Espírito Santo | Oração e Comunhão | Palavra de Deus e Lei | Paz, Cuidado e Confiança",1 Tessalonicenses 5:17; Mateus 7:7; Filipenses 4:6 | João 14:16-17; Atos 2:1-4 | Salmos 119:105; 2 Timóteo 3:16; Salmos 19:7 | Salmos 23:1-4; João 14:27; Salmos 46:1
133,"Ó Vem, Aflito Coração","Graça e Salvação | Oração e Comunhão | Paz, Cuidado e Confiança | Sábado e Criação",1 Tessalonicenses 5:17; Mateus 7:7; Filipenses 4:6 | Efésios 2:8-9; João 3:16; 1 João 1:9 | Salmos 23:1-4; João 14:27; Salmos 46:1 | Êxodo 20:8-11; Gênesis 2:2-3
134,Junto à Cruz,"Graça e Salvação | Paz, Cuidado e Confiança | Sacrifício e Redenção | Segunda Vinda e Esperança",1 Tessalonicenses 4:16-17; Apocalipse 1:7; João 14:1-3 | Efésios 2:8-9; João 3:16; 1 João 1:9 | Isaías 53:4-5; Romanos 5:8; Hebreus 9:22 | Salmos 23:1-4; João 14:27; Salmos 46:1
135,Vinde às Águas,Crianças e Jovens,Mateus 19:14; Provérbios 22:6
136,Quero Estar ao Pé da Cruz,Lar e Família | Sacrifício e Redenção,Isaías 53:4-5; Romanos 5:8; Hebreus 9:22 | Josué 24:15; Efésios 6:1-4
137,"Pai, Eu me Achego a Ti","Adoração e Louvor | Graça e Salvação | Lar e Família | Palavra de Deus e Lei | Paz, Cuidado e Confiança",Efésios 2:8-9; João 3:16; 1 João 1:9 | Josué 24:15; Efésios 6:1-4 | Salmos 119:105; 2 Timóteo 3:16; Salmos 19:7 | Salmos 150:1-6; Apocalipse 4:8; Salmos 95:1-2 | Salmos 23:1-4; João 14:27; Salmos 46:1
138,Tal Qual Estou,Graça e Salvação,Efésios 2:8-9; João 3:16; 1 João 1:9
139,Sou de Jesus Agora,Sacrifício e Redenção | Segunda Vinda e Esperança,1 Tessalonicenses 4:16-17; Apocalipse 1:7; João 14:1-3 | Isaías 53:4-5; Romanos 5:8; Hebreus 9:22
140,Ao Pé da Cruz de Cristo,"Graça e Salvação | Lar e Família | Paz, Cuidado e Confiança | Sacrifício e Redenção | Segunda Vinda e Esperança",1 Tessalonicenses 4:16-17; Apocalipse 1:7; João 14:1-3 | Efésios 2:8-9; João 3:16; 1 João 1:9 | Isaías 53:4-5; Romanos 5:8; Hebreus 9:22 | Josué 24:15; Efésios 6:1-4 | Salmos 23:1-4; João 14:27; Salmos 46:1
141,Cristo Tocou-me,"Adoração e Louvor | Graça e Salvação | Oração e Comunhão | Paz, Cuidado e Confiança",1 Tessalonicenses 5:17; Mateus 7:7; Filipenses 4:6 | Efésios 2:8-9; João 3:16; 1 João 1:9 | Salmos 150:1-6; Apocalipse 4:8; Salmos 95:1-2 | Salmos 23:1-4; João 14:27; Salmos 46:1
142,"Perdão, Poder e Paz","Adoração e Louvor | Espírito Santo | Graça e Salvação | Lar e Família | Paz, Cuidado e Confiança",Efésios 2:8-9; João 3:16; 1 João 1:9 | Josué 24:15; Efésios 6:1-4 | João 14:16-17; Atos 2:1-4 | Salmos 150:1-6; Apocalipse 4:8; Salmos 95:1-2 | Salmos 23:1-4; João 14:27; Salmos 46:1
143,Ao Olhar pra Cruz,"Adoração e Louvor | Graça e Salvação | Paz, Cuidado e Confiança | Sacrifício e Redenção | Sábado e Criação",Efésios 2:8-9; João 3:16; 1 João 1:9 | Isaías 53:4-5; Romanos 5:8; Hebreus 9:22 | Salmos 150:1-6; Apocalipse 4:8; Salmos 95:1-2 | Salmos 23:1-4; João 14:27; Salmos 46:1 | Êxodo 20:8-11; Gênesis 2:2-3
144,Foi na Cruz,"Adoração e Louvor | Graça e Salvação | Lar e Família | Oração e Comunhão | Paz, Cuidado e Confiança | Sacrifício e Redenção",1 Tessalonicenses 5:17; Mateus 7:7; Filipenses 4:6 | Efésios 2:8-9; João 3:16; 1 João 1:9 | Isaías 53:4-5; Romanos 5:8; Hebreus 9:22 | Josué 24:15; Efésios 6:1-4 | Salmos 150:1-6; Apocalipse 4:8; Salmos 95:1-2 | Salmos 23:1-4; João 14:27; Salmos 46:1
145,É Jesus o Salvador,Adoração e Louvor | Crianças e Jovens | Graça e Salvação | Missão e Serviço | Sacrifício e Redenção,Efésios 2:8-9; João 3:16; 1 João 1:9 | Isaías 53:4-5; Romanos 5:8; Hebreus 9:22 | Mateus 19:14; Provérbios 22:6 | Mateus 28:19-20; Isaías 6:8; Marcos 16:15 | Salmos 150:1-6; Apocalipse 4:8; Salmos 95:1-2
146,Eu Não Sou Mais Eu,Adoração e Louvor | Graça e Salvação | Lar e Família,Efésios 2:8-9; João 3:16; 1 João 1:9 | Josué 24:15; Efésios 6:1-4 | Salmos 150:1-6; Apocalipse 4:8; Salmos 95:1-2
147,Jesus me Transformou,"Graça e Salvação | Oração e Comunhão | Palavra de Deus e Lei | Paz, Cuidado e Confiança | Segunda Vinda e Esperança",1 Tessalonicenses 4:16-17; Apocalipse 1:7; João 14:1-3 | 1 Tessalonicenses 5:17; Mateus 7:7; Filipenses 4:6 | Efésios 2:8-9; João 3:16; 1 João 1:9 | Salmos 119:105; 2 Timóteo 3:16; Salmos 19:7 | Salmos 23:1-4; João 14:27; Salmos 46:1
148,Jesus Achou-me,"Graça e Salvação | Lar e Família | Paz, Cuidado e Confiança | Segunda Vinda e Esperança",1 Tessalonicenses 4:16-17; Apocalipse 1:7; João 14:1-3 | Efésios 2:8-9; João 3:16; 1 João 1:9 | Josué 24:15; Efésios 6:1-4 | Salmos 23:1-4; João 14:27; Salmos 46:1
149,Pedras,"Crianças e Jovens | Graça e Salvação | Lar e Família | Paz, Cuidado e Confiança | Sacrifício e Redenção | Segunda Vinda e Esperança",1 Tessalonicenses 4:16-17; Apocalipse 1:7; João 14:1-3 | Efésios 2:8-9; João 3:16; 1 João 1:9 | Isaías 53:4-5; Romanos 5:8; Hebreus 9:22 | Josué 24:15; Efésios 6:1-4 | Mateus 19:14; Provérbios 22:6 | Salmos 23:1-4; João 14:27; Salmos 46:1
150,"Ó Jesus, Habita em mim","Graça e Salvação | Paz, Cuidado e Confiança | Sacrifício e Redenção",Efésios 2:8-9; João 3:16; 1 João 1:9 | Isaías 53:4-5; Romanos 5:8; Hebreus 9:22 | Salmos 23:1-4; João 14:27; Salmos 46:1
151,Amor Glorioso,"Graça e Salvação | Oração e Comunhão | Paz, Cuidado e Confiança | Sacrifício e Redenção | Segunda Vinda e Esperança",1 Tessalonicenses 4:16-17; Apocalipse 1:7; João 14:1-3 | 1 Tessalonicenses 5:17; Mateus 7:7; Filipenses 4:6 | Efésios 2:8-9; João 3:16; 1 João 1:9 | Isaías 53:4-5; Romanos 5:8; Hebreus 9:22 | Salmos 23:1-4; João 14:27; Salmos 46:1
152,A Voz de Jesus,"Adoração e Louvor | Crianças e Jovens | Graça e Salvação | Lar e Família | Oração e Comunhão | Paz, Cuidado e Confiança | Segunda Vinda e Esperança",1 Tessalonicenses 4:16-17; Apocalipse 1:7; João 14:1-3 | 1 Tessalonicenses 5:17; Mateus 7:7; Filipenses 4:6 | Efésios 2:8-9; João 3:16; 1 João 1:9 | Josué 24:15; Efésios 6:1-4 | Mateus 19:14; Provérbios 22:6 | Salmos 150:1-6; Apocalipse 4:8; Salmos 95:1-2 | Salmos 23:1-4; João 14:27; Salmos 46:1
153,O Que Penso de Meu Mestre,"Graça e Salvação | Lar e Família | Oração e Comunhão | Paz, Cuidado e Confiança",1 Tessalonicenses 5:17; Mateus 7:7; Filipenses 4:6 | Efésios 2:8-9; João 3:16; 1 João 1:9 | Josué 24:15; Efésios 6:1-4 | Salmos 23:1-4; João 14:27; Salmos 46:1
154,Alvo Mais que a Neve,"Graça e Salvação | Paz, Cuidado e Confiança | Sacrifício e Redenção",Efésios 2:8-9; João 3:16; 1 João 1:9 | Isaías 53:4-5; Romanos 5:8; Hebreus 9:22 | Salmos 23:1-4; João 14:27; Salmos 46:1
155,Meu Cálice Transborda,"Crianças e Jovens | Graça e Salvação | Paz, Cuidado e Confiança",Efésios 2:8-9; João 3:16; 1 João 1:9 | Mateus 19:14; Provérbios 22:6 | Salmos 23:1-4; João 14:27; Salmos 46:1
156,Remido,"Adoração e Louvor | Graça e Salvação | Oração e Comunhão | Paz, Cuidado e Confiança | Sacrifício e Redenção",1 Tessalonicenses 5:17; Mateus 7:7; Filipenses 4:6 | Efésios 2:8-9; João 3:16; 1 João 1:9 | Isaías 53:4-5; Romanos 5:8; Hebreus 9:22 | Salmos 150:1-6; Apocalipse 4:8; Salmos 95:1-2 | Salmos 23:1-4; João 14:27; Salmos 46:1
157,Jesus me Remiu,"Adoração e Louvor | Graça e Salvação | Palavra de Deus e Lei | Paz, Cuidado e Confiança | Sacrifício e Redenção",Efésios 2:8-9; João 3:16; 1 João 1:9 | Isaías 53:4-5; Romanos 5:8; Hebreus 9:22 | Salmos 119:105; 2 Timóteo 3:16; Salmos 19:7 | Salmos 150:1-6; Apocalipse 4:8; Salmos 95:1-2 | Salmos 23:1-4; João 14:27; Salmos 46:1
158,Creio em Milagres,"Graça e Salvação | Lar e Família | Oração e Comunhão | Paz, Cuidado e Confiança | Sábado e Criação",1 Tessalonicenses 5:17; Mateus 7:7; Filipenses 4:6 | Efésios 2:8-9; João 3:16; 1 João 1:9 | Josué 24:15; Efésios 6:1-4 | Salmos 23:1-4; João 14:27; Salmos 46:1 | Êxodo 20:8-11; Gênesis 2:2-3
159,Um Novo Nome Lá na Glória,"Adoração e Louvor | Graça e Salvação | Lar e Família | Paz, Cuidado e Confiança | Sacrifício e Redenção",Efésios 2:8-9; João 3:16; 1 João 1:9 | Isaías 53:4-5; Romanos 5:8; Hebreus 9:22 | Josué 24:15; Efésios 6:1-4 | Salmos 150:1-6; Apocalipse 4:8; Salmos 95:1-2 | Salmos 23:1-4; João 14:27; Salmos 46:1
160,Crescendo em Graça,"Graça e Salvação | Oração e Comunhão | Paz, Cuidado e Confiança",1 Tessalonicenses 5:17; Mateus 7:7; Filipenses 4:6 | Efésios 2:8-9; João 3:16; 1 João 1:9 | Salmos 23:1-4; João 14:27; Salmos 46:1
161,Salva-me Também,"Graça e Salvação | Oração e Comunhão | Paz, Cuidado e Confiança",1 Tessalonicenses 5:17; Mateus 7:7; Filipenses 4:6 | Efésios 2:8-9; João 3:16; 1 João 1:9 | Salmos 23:1-4; João 14:27; Salmos 46:1
162,Sou de Jesus,"Graça e Salvação | Missão e Serviço | Oração e Comunhão | Paz, Cuidado e Confiança",1 Tessalonicenses 5:17; Mateus 7:7; Filipenses 4:6 | Efésios 2:8-9; João 3:16; 1 João 1:9 | Mateus 28:19-20; Isaías 6:8; Marcos 16:15 | Salmos 23:1-4; João 14:27; Salmos 46:1
163,Para o Céu Por Jesus Irei,Lar e Família | Sacrifício e Redenção,Isaías 53:4-5; Romanos 5:8; Hebreus 9:22 | Josué 24:15; Efésios 6:1-4
164,Meu Nome em Suas Mãos,Oração e Comunhão | Sacrifício e Redenção,1 Tessalonicenses 5:17; Mateus 7:7; Filipenses 4:6 | Isaías 53:4-5; Romanos 5:8; Hebreus 9:22
165,Hoje sou Feliz,Graça e Salvação | Sacrifício e Redenção,Efésios 2:8-9; João 3:16; 1 João 1:9 | Isaías 53:4-5; Romanos 5:8; Hebreus 9:22
166,Caminhando,"Lar e Família | Paz, Cuidado e Confiança",Josué 24:15; Efésios 6:1-4 | Salmos 23:1-4; João 14:27; Salmos 46:1
167,Mui Triste Eu Andava,Graça e Salvação | Lar e Família,Efésios 2:8-9; João 3:16; 1 João 1:9 | Josué 24:15; Efésios 6:1-4
168,Eu Achei,Graça e Salvação | Oração e Comunhão | Sacrifício e Redenção | Segunda Vinda e Esperança,1 Tessalonicenses 4:16-17; Apocalipse 1:7; João 14:1-3 | 1 Tessalonicenses 5:17; Mateus 7:7; Filipenses 4:6 | Efésios 2:8-9; João 3:16; 1 João 1:9 | Isaías 53:4-5; Romanos 5:8; Hebreus 9:22
169,Salvo em Jesus,"Adoração e Louvor | Graça e Salvação | Igreja e Comunhão | Lar e Família | Oração e Comunhão | Paz, Cuidado e Confiança | Segunda Vinda e Esperança",1 Tessalonicenses 4:16-17; Apocalipse 1:7; João 14:1-3 | 1 Tessalonicenses 5:17; Mateus 7:7; Filipenses 4:6 | Efésios 2:8-9; João 3:16; 1 João 1:9 | Josué 24:15; Efésios 6:1-4 | Salmos 133:1; Hebreus 10:25 | Salmos 150:1-6; Apocalipse 4:8; Salmos 95:1-2 | Salmos 23:1-4; João 14:27; Salmos 46:1
170,"Oh, Que Belo Hino Deus me Deu!",Adoração e Louvor | Graça e Salvação | Lar e Família | Oração e Comunhão | Sacrifício e Redenção,1 Tessalonicenses 5:17; Mateus 7:7; Filipenses 4:6 | Efésios 2:8-9; João 3:16; 1 João 1:9 | Isaías 53:4-5; Romanos 5:8; Hebreus 9:22 | Josué 24:15; Efésios 6:1-4 | Salmos 150:1-6; Apocalipse 4:8; Salmos 95:1-2
171,Com Cristo no Meu Coração,Oração e Comunhão | Sacrifício e Redenção,1 Tessalonicenses 5:17; Mateus 7:7; Filipenses 4:6 | Isaías 53:4-5; Romanos 5:8; Hebreus 9:22
172,Ando Sempre Alegre,Graça e Salvação | Igreja e Comunhão | Sacrifício e Redenção,Efésios 2:8-9; João 3:16; 1 João 1:9 | Isaías 53:4-5; Romanos 5:8; Hebreus 9:22 | Salmos 133:1; Hebreus 10:25
173,Que Prazer é Ser de Cristo,Palavra de Deus e Lei | Sacrifício e Redenção,Isaías 53:4-5; Romanos 5:8; Hebreus 9:22 | Salmos 119:105; 2 Timóteo 3:16; Salmos 19:7
174,Que Consolo e Paz!,"Graça e Salvação | Paz, Cuidado e Confiança | Sábado e Criação",Efésios 2:8-9; João 3:16; 1 João 1:9 | Salmos 23:1-4; João 14:27; Salmos 46:1 | Êxodo 20:8-11; Gênesis 2:2-3
175,"De Ti Careço, ó Deus",Graça e Salvação | Palavra de Deus e Lei,Efésios 2:8-9; João 3:16; 1 João 1:9 | Salmos 119:105; 2 Timóteo 3:16; Salmos 19:7
176,Nunca Desanimes,Lar e Família | Sacrifício e Redenção,Isaías 53:4-5; Romanos 5:8; Hebreus 9:22 | Josué 24:15; Efésios 6:1-4
177,"Conduze-me, Meu Mestre","Graça e Salvação | Oração e Comunhão | Paz, Cuidado e Confiança | Sacrifício e Redenção",1 Tessalonicenses 5:17; Mateus 7:7; Filipenses 4:6 | Efésios 2:8-9; João 3:16; 1 João 1:9 | Isaías 53:4-5; Romanos 5:8; Hebreus 9:22 | Salmos 23:1-4; João 14:27; Salmos 46:1
178,Deus Cuidará de Ti,Graça e Salvação | Lar e Família | Oração e Comunhão,1 Tessalonicenses 5:17; Mateus 7:7; Filipenses 4:6 | Efésios 2:8-9; João 3:16; 1 João 1:9 | Josué 24:15; Efésios 6:1-4
179,Eu Sei em Quem Eu Creio,Graça e Salvação | Lar e Família | Segunda Vinda e Esperança,1 Tessalonicenses 4:16-17; Apocalipse 1:7; João 14:1-3 | Efésios 2:8-9; João 3:16; 1 João 1:9 | Josué 24:15; Efésios 6:1-4
180,Nunca te Deixarei,Graça e Salvação | Sacrifício e Redenção,Efésios 2:8-9; João 3:16; 1 João 1:9 | Isaías 53:4-5; Romanos 5:8; Hebreus 9:22
181,Cuidará de Mim Também,"Espírito Santo | Oração e Comunhão | Paz, Cuidado e Confiança",1 Tessalonicenses 5:17; Mateus 7:7; Filipenses 4:6 | João 14:16-17; Atos 2:1-4 | Salmos 23:1-4; João 14:27; Salmos 46:1
182,Eu Pertenço ao Meu Rei,"Adoração e Louvor | Crianças e Jovens | Graça e Salvação | Oração e Comunhão | Palavra de Deus e Lei | Paz, Cuidado e Confiança | Sábado e Criação",1 Tessalonicenses 5:17; Mateus 7:7; Filipenses 4:6 | Efésios 2:8-9; João 3:16; 1 João 1:9 | Mateus 19:14; Provérbios 22:6 | Salmos 119:105; 2 Timóteo 3:16; Salmos 19:7 | Salmos 150:1-6; Apocalipse 4:8; Salmos 95:1-2 | Salmos 23:1-4; João 14:27; Salmos 46:1 | Êxodo 20:8-11; Gênesis 2:2-3
183,"Oh, Não temas, Sou Contigo",Vida Cristã e Devoção,Salmos 1:1-2; Provérbios 3:5-6
184,Quero Ter Jesus Comigo,"Graça e Salvação | Missão e Serviço | Paz, Cuidado e Confiança",Efésios 2:8-9; João 3:16; 1 João 1:9 | Mateus 28:19-20; Isaías 6:8; Marcos 16:15 | Salmos 23:1-4; João 14:27; Salmos 46:1
185,Cada Momento,"Graça e Salvação | Paz, Cuidado e Confiança | Sacrifício e Redenção",Efésios 2:8-9; João 3:16; 1 João 1:9 | Isaías 53:4-5; Romanos 5:8; Hebreus 9:22 | Salmos 23:1-4; João 14:27; Salmos 46:1
186,"Ó Mestre, o Mar se Revolta","Oração e Comunhão | Paz, Cuidado e Confiança | Segunda Vinda e Esperança",1 Tessalonicenses 4:16-17; Apocalipse 1:7; João 14:1-3 | 1 Tessalonicenses 5:17; Mateus 7:7; Filipenses 4:6 | Salmos 23:1-4; João 14:27; Salmos 46:1
187,Refúgio em Temporal,"Paz, Cuidado e Confiança",Salmos 23:1-4; João 14:27; Salmos 46:1
188,Minha Esperança,Graça e Salvação | Sacrifício e Redenção | Segunda Vinda e Esperança,1 Tessalonicenses 4:16-17; Apocalipse 1:7; João 14:1-3 | Efésios 2:8-9; João 3:16; 1 João 1:9 | Isaías 53:4-5; Romanos 5:8; Hebreus 9:22
189,"Deus Sabe, Deus Ouve, Deus Vê",Oração e Comunhão,1 Tessalonicenses 5:17; Mateus 7:7; Filipenses 4:6
190,Pertenço a Cristo,"Adoração e Louvor | Lar e Família | Paz, Cuidado e Confiança",Josué 24:15; Efésios 6:1-4 | Salmos 150:1-6; Apocalipse 4:8; Salmos 95:1-2 | Salmos 23:1-4; João 14:27; Salmos 46:1
191,Olha com Fé Para Cima,"Oração e Comunhão | Paz, Cuidado e Confiança",1 Tessalonicenses 5:17; Mateus 7:7; Filipenses 4:6 | Salmos 23:1-4; João 14:27; Salmos 46:1
192,Brilho Celeste,"Adoração e Louvor | Graça e Salvação | Paz, Cuidado e Confiança",Efésios 2:8-9; João 3:16; 1 João 1:9 | Salmos 150:1-6; Apocalipse 4:8; Salmos 95:1-2 | Salmos 23:1-4; João 14:27; Salmos 46:1
193,Sob Suas Asas,"Crianças e Jovens | Graça e Salvação | Lar e Família | Oração e Comunhão | Paz, Cuidado e Confiança",1 Tessalonicenses 5:17; Mateus 7:7; Filipenses 4:6 | Efésios 2:8-9; João 3:16; 1 João 1:9 | Josué 24:15; Efésios 6:1-4 | Mateus 19:14; Provérbios 22:6 | Salmos 23:1-4; João 14:27; Salmos 46:1
194,Tem Fé em Deus,"Lar e Família | Oração e Comunhão | Paz, Cuidado e Confiança",1 Tessalonicenses 5:17; Mateus 7:7; Filipenses 4:6 | Josué 24:15; Efésios 6:1-4 | Salmos 23:1-4; João 14:27; Salmos 46:1
195,Minha Fé bem Segura Está,"Graça e Salvação | Oração e Comunhão | Paz, Cuidado e Confiança | Sacrifício e Redenção | Segunda Vinda e Esperança",1 Tessalonicenses 4:16-17; Apocalipse 1:7; João 14:1-3 | 1 Tessalonicenses 5:17; Mateus 7:7; Filipenses 4:6 | Efésios 2:8-9; João 3:16; 1 João 1:9 | Isaías 53:4-5; Romanos 5:8; Hebreus 9:22 | Salmos 23:1-4; João 14:27; Salmos 46:1
196,Ao Jesus me Tomar a Mão,Oração e Comunhão | Segunda Vinda e Esperança,1 Tessalonicenses 4:16-17; Apocalipse 1:7; João 14:1-3 | 1 Tessalonicenses 5:17; Mateus 7:7; Filipenses 4:6
197,Sou Feliz Com Jesus,"Graça e Salvação | Oração e Comunhão | Paz, Cuidado e Confiança | Sacrifício e Redenção | Segunda Vinda e Esperança",1 Tessalonicenses 4:16-17; Apocalipse 1:7; João 14:1-3 | 1 Tessalonicenses 5:17; Mateus 7:7; Filipenses 4:6 | Efésios 2:8-9; João 3:16; 1 João 1:9 | Isaías 53:4-5; Romanos 5:8; Hebreus 9:22 | Salmos 23:1-4; João 14:27; Salmos 46:1
198,Deus Vos Guarde,Adoração e Louvor | Graça e Salvação | Missão e Serviço,Efésios 2:8-9; João 3:16; 1 João 1:9 | Mateus 28:19-20; Isaías 6:8; Marcos 16:15 | Salmos 150:1-6; Apocalipse 4:8; Salmos 95:1-2
199,Ao Passares pelas Águas,Vida Cristã e Devoção,Salmos 1:1-2; Provérbios 3:5-6
200,Nunca Me Deixar,"Paz, Cuidado e Confiança",Salmos 23:1-4; João 14:27; Salmos 46:1
201,Dia a Dia,"Crianças e Jovens | Graça e Salvação | Lar e Família | Paz, Cuidado e Confiança",Efésios 2:8-9; João 3:16; 1 João 1:9 | Josué 24:15; Efésios 6:1-4 | Mateus 19:14; Provérbios 22:6 | Salmos 23:1-4; João 14:27; Salmos 46:1
202,Não Ando Só,"Graça e Salvação | Oração e Comunhão | Paz, Cuidado e Confiança",1 Tessalonicenses 5:17; Mateus 7:7; Filipenses 4:6 | Efésios 2:8-9; João 3:16; 1 João 1:9 | Salmos 23:1-4; João 14:27; Salmos 46:1
203,Abrigo na Rocha,"Adoração e Louvor | Graça e Salvação | Paz, Cuidado e Confiança",Efésios 2:8-9; João 3:16; 1 João 1:9 | Salmos 150:1-6; Apocalipse 4:8; Salmos 95:1-2 | Salmos 23:1-4; João 14:27; Salmos 46:1
204,Meu Divino Protetor,Crianças e Jovens | Graça e Salvação | Lar e Família | Sacrifício e Redenção,Efésios 2:8-9; João 3:16; 1 João 1:9 | Isaías 53:4-5; Romanos 5:8; Hebreus 9:22 | Josué 24:15; Efésios 6:1-4 | Mateus 19:14; Provérbios 22:6
205,Ergo Os Meus Olhos,Segunda Vinda e Esperança,1 Tessalonicenses 4:16-17; Apocalipse 1:7; João 14:1-3
206,Fixa Teus Olhos No Mestre,Graça e Salvação | Lar e Família | Segunda Vinda e Esperança,1 Tessalonicenses 4:16-17; Apocalipse 1:7; João 14:1-3 | Efésios 2:8-9; João 3:16; 1 João 1:9 | Josué 24:15; Efésios 6:1-4
207,Confiei No Meu Senhor,Adoração e Louvor,Salmos 150:1-6; Apocalipse 4:8; Salmos 95:1-2
208,Confia em Deus,Missão e Serviço | Segunda Vinda e Esperança,1 Tessalonicenses 4:16-17; Apocalipse 1:7; João 14:1-3 | Mateus 28:19-20; Isaías 6:8; Marcos 16:15
209,Todas As Coisas Contribuem,Vida Cristã e Devoção,Salmos 1:1-2; Provérbios 3:5-6
210,Sempre Confiante,"Crianças e Jovens | Graça e Salvação | Paz, Cuidado e Confiança | Segunda Vinda e Esperança",1 Tessalonicenses 4:16-17; Apocalipse 1:7; João 14:1-3 | Efésios 2:8-9; João 3:16; 1 João 1:9 | Mateus 19:14; Provérbios 22:6 | Salmos 23:1-4; João 14:27; Salmos 46:1
211,Jesus Meu Guia É,"Graça e Salvação | Paz, Cuidado e Confiança",Efésios 2:8-9; João 3:16; 1 João 1:9 | Salmos 23:1-4; João 14:27; Salmos 46:1
212,Bendita Segurança,"Adoração e Louvor | Graça e Salvação | Paz, Cuidado e Confiança",Efésios 2:8-9; João 3:16; 1 João 1:9 | Salmos 150:1-6; Apocalipse 4:8; Salmos 95:1-2 | Salmos 23:1-4; João 14:27; Salmos 46:1
213,Não Me Esqueci De Ti,Crianças e Jovens | Lar e Família | Missão e Serviço | Palavra de Deus e Lei | Sacrifício e Redenção | Segunda Vinda e Esperança,1 Tessalonicenses 4:16-17; Apocalipse 1:7; João 14:1-3 | Isaías 53:4-5; Romanos 5:8; Hebreus 9:22 | Josué 24:15; Efésios 6:1-4 | Mateus 19:14; Provérbios 22:6 | Mateus 28:19-20; Isaías 6:8; Marcos 16:15 | Salmos 119:105; 2 Timóteo 3:16; Salmos 19:7
214,Não Há O Que Temer,Adoração e Louvor | Graça e Salvação | Oração e Comunhão | Sacrifício e Redenção,1 Tessalonicenses 5:17; Mateus 7:7; Filipenses 4:6 | Efésios 2:8-9; João 3:16; 1 João 1:9 | Isaías 53:4-5; Romanos 5:8; Hebreus 9:22 | Salmos 150:1-6; Apocalipse 4:8; Salmos 95:1-2
215,A Única Saída,"Paz, Cuidado e Confiança | Segunda Vinda e Esperança",1 Tessalonicenses 4:16-17; Apocalipse 1:7; João 14:1-3 | Salmos 23:1-4; João 14:27; Salmos 46:1
216,Pode Cair o Mundo,"Adoração e Louvor | Paz, Cuidado e Confiança",Salmos 150:1-6; Apocalipse 4:8; Salmos 95:1-2 | Salmos 23:1-4; João 14:27; Salmos 46:1
217,Fé Dos Nossos Pais,Lar e Família | Missão e Serviço | Oração e Comunhão | Sacrifício e Redenção,1 Tessalonicenses 5:17; Mateus 7:7; Filipenses 4:6 | Isaías 53:4-5; Romanos 5:8; Hebreus 9:22 | Josué 24:15; Efésios 6:1-4 | Mateus 28:19-20; Isaías 6:8; Marcos 16:15
218,"Ouve-nos, Pastor Divino","Adoração e Louvor | Graça e Salvação | Oração e Comunhão | Paz, Cuidado e Confiança",1 Tessalonicenses 5:17; Mateus 7:7; Filipenses 4:6 | Efésios 2:8-9; João 3:16; 1 João 1:9 | Salmos 150:1-6; Apocalipse 4:8; Salmos 95:1-2 | Salmos 23:1-4; João 14:27; Salmos 46:1
219,Da Igreja o Fundamento,"Adoração e Louvor | Graça e Salvação | Igreja e Comunhão | Lar e Família | Missão e Serviço | Paz, Cuidado e Confiança",Efésios 2:8-9; João 3:16; 1 João 1:9 | Josué 24:15; Efésios 6:1-4 | Mateus 28:19-20; Isaías 6:8; Marcos 16:15 | Salmos 133:1; Hebreus 10:25 | Salmos 150:1-6; Apocalipse 4:8; Salmos 95:1-2 | Salmos 23:1-4; João 14:27; Salmos 46:1
220,Fortalece Tua Igreja,Adoração e Louvor | Graça e Salvação | Igreja e Comunhão | Lar e Família | Segunda Vinda e Esperança,1 Tessalonicenses 4:16-17; Apocalipse 1:7; João 14:1-3 | Efésios 2:8-9; João 3:16; 1 João 1:9 | Josué 24:15; Efésios 6:1-4 | Salmos 133:1; Hebreus 10:25 | Salmos 150:1-6; Apocalipse 4:8; Salmos 95:1-2
221,Somos Igreja,Graça e Salvação | Igreja e Comunhão | Lar e Família | Palavra de Deus e Lei | Sacrifício e Redenção,Efésios 2:8-9; João 3:16; 1 João 1:9 | Isaías 53:4-5; Romanos 5:8; Hebreus 9:22 | Josué 24:15; Efésios 6:1-4 | Salmos 119:105; 2 Timóteo 3:16; Salmos 19:7 | Salmos 133:1; Hebreus 10:25
222,Somos Um Pequeno Povo,Oração e Comunhão | Segunda Vinda e Esperança,1 Tessalonicenses 4:16-17; Apocalipse 1:7; João 14:1-3 | 1 Tessalonicenses 5:17; Mateus 7:7; Filipenses 4:6
223,Há Um Dever,Graça e Salvação | Lar e Família | Missão e Serviço,Efésios 2:8-9; João 3:16; 1 João 1:9 | Josué 24:15; Efésios 6:1-4 | Mateus 28:19-20; Isaías 6:8; Marcos 16:15
224,Mensagem Ao Mundo,"Adoração e Louvor | Graça e Salvação | Missão e Serviço | Paz, Cuidado e Confiança | Sacrifício e Redenção | Segunda Vinda e Esperança",1 Tessalonicenses 4:16-17; Apocalipse 1:7; João 14:1-3 | Efésios 2:8-9; João 3:16; 1 João 1:9 | Isaías 53:4-5; Romanos 5:8; Hebreus 9:22 | Mateus 28:19-20; Isaías 6:8; Marcos 16:15 | Salmos 150:1-6; Apocalipse 4:8; Salmos 95:1-2 | Salmos 23:1-4; João 14:27; Salmos 46:1
225,Dai-nos Luz,"Graça e Salvação | Oração e Comunhão | Paz, Cuidado e Confiança",1 Tessalonicenses 5:17; Mateus 7:7; Filipenses 4:6 | Efésios 2:8-9; João 3:16; 1 João 1:9 | Salmos 23:1-4; João 14:27; Salmos 46:1
226,Cristo Nos Conclama,"Graça e Salvação | Lar e Família | Missão e Serviço | Oração e Comunhão | Paz, Cuidado e Confiança | Segunda Vinda e Esperança",1 Tessalonicenses 4:16-17; Apocalipse 1:7; João 14:1-3 | 1 Tessalonicenses 5:17; Mateus 7:7; Filipenses 4:6 | Efésios 2:8-9; João 3:16; 1 João 1:9 | Josué 24:15; Efésios 6:1-4 | Mateus 28:19-20; Isaías 6:8; Marcos 16:15 | Salmos 23:1-4; João 14:27; Salmos 46:1
227,Se Cristo For Comigo,"Lar e Família | Palavra de Deus e Lei | Paz, Cuidado e Confiança | Sacrifício e Redenção",Isaías 53:4-5; Romanos 5:8; Hebreus 9:22 | Josué 24:15; Efésios 6:1-4 | Salmos 119:105; 2 Timóteo 3:16; Salmos 19:7 | Salmos 23:1-4; João 14:27; Salmos 46:1
228,Onde Quer Que Seja,Graça e Salvação | Lar e Família | Oração e Comunhão,1 Tessalonicenses 5:17; Mateus 7:7; Filipenses 4:6 | Efésios 2:8-9; João 3:16; 1 João 1:9 | Josué 24:15; Efésios 6:1-4
229,Trabalho Cristão,Adoração e Louvor | Graça e Salvação | Missão e Serviço | Oração e Comunhão | Sacrifício e Redenção | Segunda Vinda e Esperança | Sábado e Criação,1 Tessalonicenses 4:16-17; Apocalipse 1:7; João 14:1-3 | 1 Tessalonicenses 5:17; Mateus 7:7; Filipenses 4:6 | Efésios 2:8-9; João 3:16; 1 João 1:9 | Isaías 53:4-5; Romanos 5:8; Hebreus 9:22 | Mateus 28:19-20; Isaías 6:8; Marcos 16:15 | Salmos 150:1-6; Apocalipse 4:8; Salmos 95:1-2 | Êxodo 20:8-11; Gênesis 2:2-3
230,Ao Mundo Vou Contar,"Adoração e Louvor | Graça e Salvação | Lar e Família | Oração e Comunhão | Paz, Cuidado e Confiança | Segunda Vinda e Esperança",1 Tessalonicenses 4:16-17; Apocalipse 1:7; João 14:1-3 | 1 Tessalonicenses 5:17; Mateus 7:7; Filipenses 4:6 | Efésios 2:8-9; João 3:16; 1 João 1:9 | Josué 24:15; Efésios 6:1-4 | Salmos 150:1-6; Apocalipse 4:8; Salmos 95:1-2 | Salmos 23:1-4; João 14:27; Salmos 46:1
231,Trabalhar e Orar,"Graça e Salvação | Missão e Serviço | Oração e Comunhão | Paz, Cuidado e Confiança",1 Tessalonicenses 5:17; Mateus 7:7; Filipenses 4:6 | Efésios 2:8-9; João 3:16; 1 João 1:9 | Mateus 28:19-20; Isaías 6:8; Marcos 16:15 | Salmos 23:1-4; João 14:27; Salmos 46:1
232,Jesus Precisa De Ti,Graça e Salvação | Palavra de Deus e Lei | Segunda Vinda e Esperança,1 Tessalonicenses 4:16-17; Apocalipse 1:7; João 14:1-3 | Efésios 2:8-9; João 3:16; 1 João 1:9 | Salmos 119:105; 2 Timóteo 3:16; Salmos 19:7
233,Brilha Por Cristo Em Teu Viver,Graça e Salvação | Lar e Família | Missão e Serviço | Palavra de Deus e Lei,Efésios 2:8-9; João 3:16; 1 João 1:9 | Josué 24:15; Efésios 6:1-4 | Mateus 28:19-20; Isaías 6:8; Marcos 16:15 | Salmos 119:105; 2 Timóteo 3:16; Salmos 19:7
234,Hoje Ajuda a Alguém,Graça e Salvação | Palavra de Deus e Lei,Efésios 2:8-9; João 3:16; 1 João 1:9 | Salmos 119:105; 2 Timóteo 3:16; Salmos 19:7
235,"Somos Teus, Senhor",Adoração e Louvor | Espírito Santo | Igreja e Comunhão | Lar e Família | Missão e Serviço | Oração e Comunhão,1 Tessalonicenses 5:17; Mateus 7:7; Filipenses 4:6 | Josué 24:15; Efésios 6:1-4 | João 14:16-17; Atos 2:1-4 | Mateus 28:19-20; Isaías 6:8; Marcos 16:15 | Salmos 133:1; Hebreus 10:25 | Salmos 150:1-6; Apocalipse 4:8; Salmos 95:1-2
236,Transbordando Em Amor,Graça e Salvação | Igreja e Comunhão | Lar e Família | Missão e Serviço | Oração e Comunhão,1 Tessalonicenses 5:17; Mateus 7:7; Filipenses 4:6 | Efésios 2:8-9; João 3:16; 1 João 1:9 | Josué 24:15; Efésios 6:1-4 | Mateus 28:19-20; Isaías 6:8; Marcos 16:15 | Salmos 133:1; Hebreus 10:25
237,A Colheita,Graça e Salvação | Lar e Família | Missão e Serviço | Segunda Vinda e Esperança,1 Tessalonicenses 4:16-17; Apocalipse 1:7; João 14:1-3 | Efésios 2:8-9; João 3:16; 1 João 1:9 | Josué 24:15; Efésios 6:1-4 | Mateus 28:19-20; Isaías 6:8; Marcos 16:15
238,Oração Pela Missão,Graça e Salvação | Lar e Família | Missão e Serviço | Oração e Comunhão | Segunda Vinda e Esperança,1 Tessalonicenses 4:16-17; Apocalipse 1:7; João 14:1-3 | 1 Tessalonicenses 5:17; Mateus 7:7; Filipenses 4:6 | Efésios 2:8-9; João 3:16; 1 João 1:9 | Josué 24:15; Efésios 6:1-4 | Mateus 28:19-20; Isaías 6:8; Marcos 16:15
239,Geração Esperança,Graça e Salvação | Lar e Família | Sacrifício e Redenção | Segunda Vinda e Esperança,1 Tessalonicenses 4:16-17; Apocalipse 1:7; João 14:1-3 | Efésios 2:8-9; João 3:16; 1 João 1:9 | Isaías 53:4-5; Romanos 5:8; Hebreus 9:22 | Josué 24:15; Efésios 6:1-4
240,Brilhar Por Ti,Graça e Salvação | Oração e Comunhão | Palavra de Deus e Lei,1 Tessalonicenses 5:17; Mateus 7:7; Filipenses 4:6 | Efésios 2:8-9; João 3:16; 1 João 1:9 | Salmos 119:105; 2 Timóteo 3:16; Salmos 19:7
241,A Todo Semelhante Meu,"Graça e Salvação | Lar e Família | Paz, Cuidado e Confiança",Efésios 2:8-9; João 3:16; 1 João 1:9 | Josué 24:15; Efésios 6:1-4 | Salmos 23:1-4; João 14:27; Salmos 46:1
242,Benditos Laços,Graça e Salvação | Igreja e Comunhão | Oração e Comunhão,1 Tessalonicenses 5:17; Mateus 7:7; Filipenses 4:6 | Efésios 2:8-9; João 3:16; 1 João 1:9 | Salmos 133:1; Hebreus 10:25
243,"Jesus, Pastor Amado","Adoração e Louvor | Crianças e Jovens | Graça e Salvação | Igreja e Comunhão | Lar e Família | Paz, Cuidado e Confiança",Efésios 2:8-9; João 3:16; 1 João 1:9 | Josué 24:15; Efésios 6:1-4 | Mateus 19:14; Provérbios 22:6 | Salmos 133:1; Hebreus 10:25 | Salmos 150:1-6; Apocalipse 4:8; Salmos 95:1-2 | Salmos 23:1-4; João 14:27; Salmos 46:1
244,Ó Vem à Igreja Comigo,Adoração e Louvor | Graça e Salvação | Igreja e Comunhão | Oração e Comunhão,1 Tessalonicenses 5:17; Mateus 7:7; Filipenses 4:6 | Efésios 2:8-9; João 3:16; 1 João 1:9 | Salmos 133:1; Hebreus 10:25 | Salmos 150:1-6; Apocalipse 4:8; Salmos 95:1-2
245,Lado a Lado,Graça e Salvação | Lar e Família,Efésios 2:8-9; João 3:16; 1 João 1:9 | Josué 24:15; Efésios 6:1-4
246,Em Família,Graça e Salvação | Lar e Família | Oração e Comunhão | Sacrifício e Redenção,1 Tessalonicenses 5:17; Mateus 7:7; Filipenses 4:6 | Efésios 2:8-9; João 3:16; 1 João 1:9 | Isaías 53:4-5; Romanos 5:8; Hebreus 9:22 | Josué 24:15; Efésios 6:1-4
247,Unidos Em Cristo,"Espírito Santo | Graça e Salvação | Igreja e Comunhão | Lar e Família | Missão e Serviço | Paz, Cuidado e Confiança | Segunda Vinda e Esperança",1 Tessalonicenses 4:16-17; Apocalipse 1:7; João 14:1-3 | Efésios 2:8-9; João 3:16; 1 João 1:9 | Josué 24:15; Efésios 6:1-4 | João 14:16-17; Atos 2:1-4 | Mateus 28:19-20; Isaías 6:8; Marcos 16:15 | Salmos 133:1; Hebreus 10:25 | Salmos 23:1-4; João 14:27; Salmos 46:1
248,Encontros,"Graça e Salvação | Igreja e Comunhão | Paz, Cuidado e Confiança",Efésios 2:8-9; João 3:16; 1 João 1:9 | Salmos 133:1; Hebreus 10:25 | Salmos 23:1-4; João 14:27; Salmos 46:1
249,"Oh, Que Belos Hinos!",Adoração e Louvor | Crianças e Jovens | Graça e Salvação | Lar e Família | Missão e Serviço | Segunda Vinda e Esperança,1 Tessalonicenses 4:16-17; Apocalipse 1:7; João 14:1-3 | Efésios 2:8-9; João 3:16; 1 João 1:9 | Josué 24:15; Efésios 6:1-4 | Mateus 19:14; Provérbios 22:6 | Mateus 28:19-20; Isaías 6:8; Marcos 16:15 | Salmos 150:1-6; Apocalipse 4:8; Salmos 95:1-2
250,A Jesus Seguir Eu Quero,Vida Cristã e Devoção,Salmos 1:1-2; Provérbios 3:5-6
251,Meu Jesus Está Chamando,"Graça e Salvação | Missão e Serviço | Paz, Cuidado e Confiança | Sacrifício e Redenção",Efésios 2:8-9; João 3:16; 1 João 1:9 | Isaías 53:4-5; Romanos 5:8; Hebreus 9:22 | Mateus 28:19-20; Isaías 6:8; Marcos 16:15 | Salmos 23:1-4; João 14:27; Salmos 46:1
252,Volto ao Lar,Graça e Salvação | Lar e Família | Palavra de Deus e Lei,Efésios 2:8-9; João 3:16; 1 João 1:9 | Josué 24:15; Efésios 6:1-4 | Salmos 119:105; 2 Timóteo 3:16; Salmos 19:7
253,Importa Renascer,Adoração e Louvor | Crianças e Jovens | Graça e Salvação | Lar e Família | Palavra de Deus e Lei | Sábado e Criação,Efésios 2:8-9; João 3:16; 1 João 1:9 | Josué 24:15; Efésios 6:1-4 | Mateus 19:14; Provérbios 22:6 | Salmos 119:105; 2 Timóteo 3:16; Salmos 19:7 | Salmos 150:1-6; Apocalipse 4:8; Salmos 95:1-2 | Êxodo 20:8-11; Gênesis 2:2-3
254,Agora Posso Ver,"Graça e Salvação | Oração e Comunhão | Paz, Cuidado e Confiança | Sacrifício e Redenção",1 Tessalonicenses 5:17; Mateus 7:7; Filipenses 4:6 | Efésios 2:8-9; João 3:16; 1 João 1:9 | Isaías 53:4-5; Romanos 5:8; Hebreus 9:22 | Salmos 23:1-4; João 14:27; Salmos 46:1
255,As Águas Batismais,Lar e Família | Oração e Comunhão,1 Tessalonicenses 5:17; Mateus 7:7; Filipenses 4:6 | Josué 24:15; Efésios 6:1-4
256,A Ceia do Senhor,"Adoração e Louvor | Graça e Salvação | Igreja e Comunhão | Paz, Cuidado e Confiança | Sacrifício e Redenção",Efésios 2:8-9; João 3:16; 1 João 1:9 | Isaías 53:4-5; Romanos 5:8; Hebreus 9:22 | Salmos 133:1; Hebreus 10:25 | Salmos 150:1-6; Apocalipse 4:8; Salmos 95:1-2 | Salmos 23:1-4; João 14:27; Salmos 46:1
257,"Senhor, Tu nos Convidas",Graça e Salvação | Sacrifício e Redenção,Efésios 2:8-9; João 3:16; 1 João 1:9 | Isaías 53:4-5; Romanos 5:8; Hebreus 9:22
258,A Última Ceia,"Graça e Salvação | Igreja e Comunhão | Oração e Comunhão | Paz, Cuidado e Confiança | Sacrifício e Redenção | Segunda Vinda e Esperança",1 Tessalonicenses 4:16-17; Apocalipse 1:7; João 14:1-3 | 1 Tessalonicenses 5:17; Mateus 7:7; Filipenses 4:6 | Efésios 2:8-9; João 3:16; 1 João 1:9 | Isaías 53:4-5; Romanos 5:8; Hebreus 9:22 | Salmos 133:1; Hebreus 10:25 | Salmos 23:1-4; João 14:27; Salmos 46:1
259,Em Memória De Ti,Graça e Salvação | Missão e Serviço | Sacrifício e Redenção,Efésios 2:8-9; João 3:16; 1 João 1:9 | Isaías 53:4-5; Romanos 5:8; Hebreus 9:22 | Mateus 28:19-20; Isaías 6:8; Marcos 16:15
260,Em Memória De Mim,Lar e Família | Oração e Comunhão | Sacrifício e Redenção,1 Tessalonicenses 5:17; Mateus 7:7; Filipenses 4:6 | Isaías 53:4-5; Romanos 5:8; Hebreus 9:22 | Josué 24:15; Efésios 6:1-4
261,Quem se Dispõe a Ir?,Lar e Família | Segunda Vinda e Esperança,1 Tessalonicenses 4:16-17; Apocalipse 1:7; João 14:1-3 | Josué 24:15; Efésios 6:1-4
262,Irei Aonde Jesus Mandar,"Graça e Salvação | Lar e Família | Missão e Serviço | Paz, Cuidado e Confiança",Efésios 2:8-9; João 3:16; 1 João 1:9 | Josué 24:15; Efésios 6:1-4 | Mateus 28:19-20; Isaías 6:8; Marcos 16:15 | Salmos 23:1-4; João 14:27; Salmos 46:1
263,Mãos,Graça e Salvação | Missão e Serviço | Sacrifício e Redenção,Efésios 2:8-9; João 3:16; 1 João 1:9 | Isaías 53:4-5; Romanos 5:8; Hebreus 9:22 | Mateus 28:19-20; Isaías 6:8; Marcos 16:15
264,Envio A Ti,Graça e Salvação | Lar e Família | Missão e Serviço | Oração e Comunhão | Sacrifício e Redenção,1 Tessalonicenses 5:17; Mateus 7:7; Filipenses 4:6 | Efésios 2:8-9; João 3:16; 1 João 1:9 | Isaías 53:4-5; Romanos 5:8; Hebreus 9:22 | Josué 24:15; Efésios 6:1-4 | Mateus 28:19-20; Isaías 6:8; Marcos 16:15
265,Faz-me Um Servo,Oração e Comunhão,1 Tessalonicenses 5:17; Mateus 7:7; Filipenses 4:6
266,No Serviço do Meu Rei,"Graça e Salvação | Missão e Serviço | Paz, Cuidado e Confiança",Efésios 2:8-9; João 3:16; 1 João 1:9 | Mateus 28:19-20; Isaías 6:8; Marcos 16:15 | Salmos 23:1-4; João 14:27; Salmos 46:1
267,As Searas Maduras,Graça e Salvação | Lar e Família | Missão e Serviço,Efésios 2:8-9; João 3:16; 1 João 1:9 | Josué 24:15; Efésios 6:1-4 | Mateus 28:19-20; Isaías 6:8; Marcos 16:15
268,Compensa Servir a Jesus,Adoração e Louvor | Graça e Salvação | Missão e Serviço | Sacrifício e Redenção,Efésios 2:8-9; João 3:16; 1 João 1:9 | Isaías 53:4-5; Romanos 5:8; Hebreus 9:22 | Mateus 28:19-20; Isaías 6:8; Marcos 16:15 | Salmos 150:1-6; Apocalipse 4:8; Salmos 95:1-2
269,Sal da Terra,"Graça e Salvação | Missão e Serviço | Paz, Cuidado e Confiança | Segunda Vinda e Esperança",1 Tessalonicenses 4:16-17; Apocalipse 1:7; João 14:1-3 | Efésios 2:8-9; João 3:16; 1 João 1:9 | Mateus 28:19-20; Isaías 6:8; Marcos 16:15 | Salmos 23:1-4; João 14:27; Salmos 46:1
270,Vaso de Benção,Graça e Salvação | Missão e Serviço,Efésios 2:8-9; João 3:16; 1 João 1:9 | Mateus 28:19-20; Isaías 6:8; Marcos 16:15
271,Vaso De Honra,Graça e Salvação | Missão e Serviço | Segunda Vinda e Esperança,1 Tessalonicenses 4:16-17; Apocalipse 1:7; João 14:1-3 | Efésios 2:8-9; João 3:16; 1 João 1:9 | Mateus 28:19-20; Isaías 6:8; Marcos 16:15
272,Através De Nós,"Adoração e Louvor | Espírito Santo | Lar e Família | Oração e Comunhão | Paz, Cuidado e Confiança",1 Tessalonicenses 5:17; Mateus 7:7; Filipenses 4:6 | Josué 24:15; Efésios 6:1-4 | João 14:16-17; Atos 2:1-4 | Salmos 150:1-6; Apocalipse 4:8; Salmos 95:1-2 | Salmos 23:1-4; João 14:27; Salmos 46:1
273,A Escola Sabatina,Igreja e Comunhão | Oração e Comunhão | Palavra de Deus e Lei | Sábado e Criação,1 Tessalonicenses 5:17; Mateus 7:7; Filipenses 4:6 | Salmos 119:105; 2 Timóteo 3:16; Salmos 19:7 | Salmos 133:1; Hebreus 10:25 | Êxodo 20:8-11; Gênesis 2:2-3
274,O Encontro,Adoração e Louvor | Igreja e Comunhão | Oração e Comunhão | Segunda Vinda e Esperança | Sábado e Criação,1 Tessalonicenses 4:16-17; Apocalipse 1:7; João 14:1-3 | 1 Tessalonicenses 5:17; Mateus 7:7; Filipenses 4:6 | Salmos 133:1; Hebreus 10:25 | Salmos 150:1-6; Apocalipse 4:8; Salmos 95:1-2 | Êxodo 20:8-11; Gênesis 2:2-3
275,Hino Dos Aventureiros,"Adoração e Louvor | Crianças e Jovens | Graça e Salvação | Paz, Cuidado e Confiança",Efésios 2:8-9; João 3:16; 1 João 1:9 | Mateus 19:14; Provérbios 22:6 | Salmos 150:1-6; Apocalipse 4:8; Salmos 95:1-2 | Salmos 23:1-4; João 14:27; Salmos 46:1
276,Hino Dos Desbravadores,Crianças e Jovens | Graça e Salvação | Lar e Família | Palavra de Deus e Lei | Segunda Vinda e Esperança,1 Tessalonicenses 4:16-17; Apocalipse 1:7; João 14:1-3 | Efésios 2:8-9; João 3:16; 1 João 1:9 | Josué 24:15; Efésios 6:1-4 | Mateus 19:14; Provérbios 22:6 | Salmos 119:105; 2 Timóteo 3:16; Salmos 19:7
277,Bem-aventurança,Segunda Vinda e Esperança,1 Tessalonicenses 4:16-17; Apocalipse 1:7; João 14:1-3
278,A Voz de Deus,"Graça e Salvação | Lar e Família | Palavra de Deus e Lei | Paz, Cuidado e Confiança",Efésios 2:8-9; João 3:16; 1 João 1:9 | Josué 24:15; Efésios 6:1-4 | Salmos 119:105; 2 Timóteo 3:16; Salmos 19:7 | Salmos 23:1-4; João 14:27; Salmos 46:1
279,A Verdade Brilhará,"Espírito Santo | Graça e Salvação | Palavra de Deus e Lei | Paz, Cuidado e Confiança",Efésios 2:8-9; João 3:16; 1 João 1:9 | João 14:16-17; Atos 2:1-4 | Salmos 119:105; 2 Timóteo 3:16; Salmos 19:7 | Salmos 23:1-4; João 14:27; Salmos 46:1
280,O Espírito De Profecia,"Espírito Santo | Graça e Salvação | Lar e Família | Palavra de Deus e Lei | Paz, Cuidado e Confiança",Efésios 2:8-9; João 3:16; 1 João 1:9 | Josué 24:15; Efésios 6:1-4 | João 14:16-17; Atos 2:1-4 | Salmos 119:105; 2 Timóteo 3:16; Salmos 19:7 | Salmos 23:1-4; João 14:27; Salmos 46:1
281,Filhos Da Promessa,Crianças e Jovens | Palavra de Deus e Lei | Segunda Vinda e Esperança,1 Tessalonicenses 4:16-17; Apocalipse 1:7; João 14:1-3 | Mateus 19:14; Provérbios 22:6 | Salmos 119:105; 2 Timóteo 3:16; Salmos 19:7
282,Em Sua Presença,"Graça e Salvação | Missão e Serviço | Palavra de Deus e Lei | Paz, Cuidado e Confiança",Efésios 2:8-9; João 3:16; 1 João 1:9 | Mateus 28:19-20; Isaías 6:8; Marcos 16:15 | Salmos 119:105; 2 Timóteo 3:16; Salmos 19:7 | Salmos 23:1-4; João 14:27; Salmos 46:1
283,Crer e Observar,"Lar e Família | Oração e Comunhão | Palavra de Deus e Lei | Paz, Cuidado e Confiança",1 Tessalonicenses 5:17; Mateus 7:7; Filipenses 4:6 | Josué 24:15; Efésios 6:1-4 | Salmos 119:105; 2 Timóteo 3:16; Salmos 19:7 | Salmos 23:1-4; João 14:27; Salmos 46:1
284,Obedecer É Melhor,Palavra de Deus e Lei,Salmos 119:105; 2 Timóteo 3:16; Salmos 19:7
285,Eu Amo A Tua Lei,Adoração e Louvor | Missão e Serviço | Oração e Comunhão | Palavra de Deus e Lei | Sábado e Criação,1 Tessalonicenses 5:17; Mateus 7:7; Filipenses 4:6 | Mateus 28:19-20; Isaías 6:8; Marcos 16:15 | Salmos 119:105; 2 Timóteo 3:16; Salmos 19:7 | Salmos 150:1-6; Apocalipse 4:8; Salmos 95:1-2 | Êxodo 20:8-11; Gênesis 2:2-3
286,Tua Lei,Crianças e Jovens | Graça e Salvação | Lar e Família | Oração e Comunhão | Palavra de Deus e Lei,1 Tessalonicenses 5:17; Mateus 7:7; Filipenses 4:6 | Efésios 2:8-9; João 3:16; 1 João 1:9 | Josué 24:15; Efésios 6:1-4 | Mateus 19:14; Provérbios 22:6 | Salmos 119:105; 2 Timóteo 3:16; Salmos 19:7
287,A Lei De Deus,Graça e Salvação | Lar e Família | Oração e Comunhão | Palavra de Deus e Lei | Santuário e Juízo,1 Tessalonicenses 5:17; Mateus 7:7; Filipenses 4:6 | Efésios 2:8-9; João 3:16; 1 João 1:9 | Hebreus 4:14-16; Hebreus 8:1-2; Daniel 8:14 | Josué 24:15; Efésios 6:1-4 | Salmos 119:105; 2 Timóteo 3:16; Salmos 19:7
288,Fiel a Toda Prova,Graça e Salvação | Lar e Família | Oração e Comunhão,1 Tessalonicenses 5:17; Mateus 7:7; Filipenses 4:6 | Efésios 2:8-9; João 3:16; 1 João 1:9 | Josué 24:15; Efésios 6:1-4
289,A Tua Lei,"Adoração e Louvor | Graça e Salvação | Oração e Comunhão | Palavra de Deus e Lei | Paz, Cuidado e Confiança",1 Tessalonicenses 5:17; Mateus 7:7; Filipenses 4:6 | Efésios 2:8-9; João 3:16; 1 João 1:9 | Salmos 119:105; 2 Timóteo 3:16; Salmos 19:7 | Salmos 150:1-6; Apocalipse 4:8; Salmos 95:1-2 | Salmos 23:1-4; João 14:27; Salmos 46:1
290,Do Santo Sábado És Senhor,Adoração e Louvor | Sábado e Criação,Salmos 150:1-6; Apocalipse 4:8; Salmos 95:1-2 | Êxodo 20:8-11; Gênesis 2:2-3
291,Sábado do Meu Senhor,Adoração e Louvor | Graça e Salvação | Lar e Família | Sábado e Criação,Efésios 2:8-9; João 3:16; 1 João 1:9 | Josué 24:15; Efésios 6:1-4 | Salmos 150:1-6; Apocalipse 4:8; Salmos 95:1-2 | Êxodo 20:8-11; Gênesis 2:2-3
292,Sábado,"Adoração e Louvor | Graça e Salvação | Oração e Comunhão | Paz, Cuidado e Confiança | Sábado e Criação",1 Tessalonicenses 5:17; Mateus 7:7; Filipenses 4:6 | Efésios 2:8-9; João 3:16; 1 João 1:9 | Salmos 150:1-6; Apocalipse 4:8; Salmos 95:1-2 | Salmos 23:1-4; João 14:27; Salmos 46:1 | Êxodo 20:8-11; Gênesis 2:2-3
293,O Sábado Chegou,"Adoração e Louvor | Lar e Família | Paz, Cuidado e Confiança | Sábado e Criação",Josué 24:15; Efésios 6:1-4 | Salmos 150:1-6; Apocalipse 4:8; Salmos 95:1-2 | Salmos 23:1-4; João 14:27; Salmos 46:1 | Êxodo 20:8-11; Gênesis 2:2-3
294,Lembre-se do Sábado,"Adoração e Louvor | Graça e Salvação | Oração e Comunhão | Paz, Cuidado e Confiança | Sábado e Criação",1 Tessalonicenses 5:17; Mateus 7:7; Filipenses 4:6 | Efésios 2:8-9; João 3:16; 1 João 1:9 | Salmos 150:1-6; Apocalipse 4:8; Salmos 95:1-2 | Salmos 23:1-4; João 14:27; Salmos 46:1 | Êxodo 20:8-11; Gênesis 2:2-3
295,Sábado Bendito,"Adoração e Louvor | Crianças e Jovens | Graça e Salvação | Igreja e Comunhão | Lar e Família | Oração e Comunhão | Paz, Cuidado e Confiança | Sábado e Criação",1 Tessalonicenses 5:17; Mateus 7:7; Filipenses 4:6 | Efésios 2:8-9; João 3:16; 1 João 1:9 | Josué 24:15; Efésios 6:1-4 | Mateus 19:14; Provérbios 22:6 | Salmos 133:1; Hebreus 10:25 | Salmos 150:1-6; Apocalipse 4:8; Salmos 95:1-2 | Salmos 23:1-4; João 14:27; Salmos 46:1 | Êxodo 20:8-11; Gênesis 2:2-3
296,Bem-vindo o Sábado,"Graça e Salvação | Lar e Família | Missão e Serviço | Paz, Cuidado e Confiança | Sábado e Criação",Efésios 2:8-9; João 3:16; 1 João 1:9 | Josué 24:15; Efésios 6:1-4 | Mateus 28:19-20; Isaías 6:8; Marcos 16:15 | Salmos 23:1-4; João 14:27; Salmos 46:1 | Êxodo 20:8-11; Gênesis 2:2-3
297,Dia de Esperança,Adoração e Louvor | Graça e Salvação | Missão e Serviço | Oração e Comunhão | Palavra de Deus e Lei | Segunda Vinda e Esperança | Sábado e Criação,1 Tessalonicenses 4:16-17; Apocalipse 1:7; João 14:1-3 | 1 Tessalonicenses 5:17; Mateus 7:7; Filipenses 4:6 | Efésios 2:8-9; João 3:16; 1 João 1:9 | Mateus 28:19-20; Isaías 6:8; Marcos 16:15 | Salmos 119:105; 2 Timóteo 3:16; Salmos 19:7 | Salmos 150:1-6; Apocalipse 4:8; Salmos 95:1-2 | Êxodo 20:8-11; Gênesis 2:2-3
298,Deus Fez o Sábado Para Mim,"Lar e Família | Paz, Cuidado e Confiança | Sábado e Criação",Josué 24:15; Efésios 6:1-4 | Salmos 23:1-4; João 14:27; Salmos 46:1 | Êxodo 20:8-11; Gênesis 2:2-3
299,Dia Santo,Adoração e Louvor | Graça e Salvação | Lar e Família | Missão e Serviço | Palavra de Deus e Lei | Segunda Vinda e Esperança | Sábado e Criação,1 Tessalonicenses 4:16-17; Apocalipse 1:7; João 14:1-3 | Efésios 2:8-9; João 3:16; 1 João 1:9 | Josué 24:15; Efésios 6:1-4 | Mateus 28:19-20; Isaías 6:8; Marcos 16:15 | Salmos 119:105; 2 Timóteo 3:16; Salmos 19:7 | Salmos 150:1-6; Apocalipse 4:8; Salmos 95:1-2 | Êxodo 20:8-11; Gênesis 2:2-3
300,Tempo de Ser Santo,"Adoração e Louvor | Graça e Salvação | Paz, Cuidado e Confiança",Efésios 2:8-9; João 3:16; 1 João 1:9 | Salmos 150:1-6; Apocalipse 4:8; Salmos 95:1-2 | Salmos 23:1-4; João 14:27; Salmos 46:1
301,"Toma, ó Deus, Meu Coração",Adoração e Louvor | Graça e Salvação | Igreja e Comunhão | Lar e Família | Oração e Comunhão | Segunda Vinda e Esperança,1 Tessalonicenses 4:16-17; Apocalipse 1:7; João 14:1-3 | 1 Tessalonicenses 5:17; Mateus 7:7; Filipenses 4:6 | Efésios 2:8-9; João 3:16; 1 João 1:9 | Josué 24:15; Efésios 6:1-4 | Salmos 133:1; Hebreus 10:25 | Salmos 150:1-6; Apocalipse 4:8; Salmos 95:1-2
302,Tudo Entregarei,"Adoração e Louvor | Paz, Cuidado e Confiança",Salmos 150:1-6; Apocalipse 4:8; Salmos 95:1-2 | Salmos 23:1-4; João 14:27; Salmos 46:1
303,Minha Entrega,Vida Cristã e Devoção,Salmos 1:1-2; Provérbios 3:5-6
304,"Que Te Darei, Meu Mestre?",Adoração e Louvor | Graça e Salvação | Oração e Comunhão,1 Tessalonicenses 5:17; Mateus 7:7; Filipenses 4:6 | Efésios 2:8-9; João 3:16; 1 João 1:9 | Salmos 150:1-6; Apocalipse 4:8; Salmos 95:1-2
305,Sobre o Altar,"Adoração e Louvor | Missão e Serviço | Oração e Comunhão | Paz, Cuidado e Confiança | Sacrifício e Redenção",1 Tessalonicenses 5:17; Mateus 7:7; Filipenses 4:6 | Isaías 53:4-5; Romanos 5:8; Hebreus 9:22 | Mateus 28:19-20; Isaías 6:8; Marcos 16:15 | Salmos 150:1-6; Apocalipse 4:8; Salmos 95:1-2 | Salmos 23:1-4; João 14:27; Salmos 46:1
306,Eis-nos Prontos,"Graça e Salvação | Lar e Família | Paz, Cuidado e Confiança | Segunda Vinda e Esperança",1 Tessalonicenses 4:16-17; Apocalipse 1:7; João 14:1-3 | Efésios 2:8-9; João 3:16; 1 João 1:9 | Josué 24:15; Efésios 6:1-4 | Salmos 23:1-4; João 14:27; Salmos 46:1
307,Conta as Bênçãos,Oração e Comunhão | Sacrifício e Redenção,1 Tessalonicenses 5:17; Mateus 7:7; Filipenses 4:6 | Isaías 53:4-5; Romanos 5:8; Hebreus 9:22
308,Faze Como Daniel,Missão e Serviço | Oração e Comunhão,1 Tessalonicenses 5:17; Mateus 7:7; Filipenses 4:6 | Mateus 28:19-20; Isaías 6:8; Marcos 16:15
309,Em Tuas Mãos,Graça e Salvação | Oração e Comunhão,1 Tessalonicenses 5:17; Mateus 7:7; Filipenses 4:6 | Efésios 2:8-9; João 3:16; 1 João 1:9
310,Entrega,Graça e Salvação | Lar e Família | Missão e Serviço | Oração e Comunhão,1 Tessalonicenses 5:17; Mateus 7:7; Filipenses 4:6 | Efésios 2:8-9; João 3:16; 1 João 1:9 | Josué 24:15; Efésios 6:1-4 | Mateus 28:19-20; Isaías 6:8; Marcos 16:15
311,Inteiramente Fiel,Crianças e Jovens,Mateus 19:14; Provérbios 22:6
312,Nas Tuas Mãos,"Palavra de Deus e Lei | Paz, Cuidado e Confiança",Salmos 119:105; 2 Timóteo 3:16; Salmos 19:7 | Salmos 23:1-4; João 14:27; Salmos 46:1
313,Tudo Para Deus,"Oração e Comunhão | Paz, Cuidado e Confiança | Sacrifício e Redenção",1 Tessalonicenses 5:17; Mateus 7:7; Filipenses 4:6 | Isaías 53:4-5; Romanos 5:8; Hebreus 9:22 | Salmos 23:1-4; João 14:27; Salmos 46:1
314,Se Ele Não For O Primeiro,Crianças e Jovens | Missão e Serviço | Oração e Comunhão,1 Tessalonicenses 5:17; Mateus 7:7; Filipenses 4:6 | Mateus 19:14; Provérbios 22:6 | Mateus 28:19-20; Isaías 6:8; Marcos 16:15
315,A Cristo Eu Amo,"Missão e Serviço | Paz, Cuidado e Confiança | Sacrifício e Redenção",Isaías 53:4-5; Romanos 5:8; Hebreus 9:22 | Mateus 28:19-20; Isaías 6:8; Marcos 16:15 | Salmos 23:1-4; João 14:27; Salmos 46:1
316,Achei Um Grande Amigo,"Graça e Salvação | Igreja e Comunhão | Oração e Comunhão | Palavra de Deus e Lei | Paz, Cuidado e Confiança | Sacrifício e Redenção | Segunda Vinda e Esperança",1 Tessalonicenses 4:16-17; Apocalipse 1:7; João 14:1-3 | 1 Tessalonicenses 5:17; Mateus 7:7; Filipenses 4:6 | Efésios 2:8-9; João 3:16; 1 João 1:9 | Isaías 53:4-5; Romanos 5:8; Hebreus 9:22 | Salmos 119:105; 2 Timóteo 3:16; Salmos 19:7 | Salmos 133:1; Hebreus 10:25 | Salmos 23:1-4; João 14:27; Salmos 46:1
317,Amigo Mui Precioso,"Graça e Salvação | Lar e Família | Paz, Cuidado e Confiança | Sacrifício e Redenção",Efésios 2:8-9; João 3:16; 1 João 1:9 | Isaías 53:4-5; Romanos 5:8; Hebreus 9:22 | Josué 24:15; Efésios 6:1-4 | Salmos 23:1-4; João 14:27; Salmos 46:1
318,Cantarei de Meu Jesus,Adoração e Louvor | Graça e Salvação | Oração e Comunhão | Sacrifício e Redenção,1 Tessalonicenses 5:17; Mateus 7:7; Filipenses 4:6 | Efésios 2:8-9; João 3:16; 1 João 1:9 | Isaías 53:4-5; Romanos 5:8; Hebreus 9:22 | Salmos 150:1-6; Apocalipse 4:8; Salmos 95:1-2
319,Cristo é Tudo Para Mim,"Paz, Cuidado e Confiança",Salmos 23:1-4; João 14:27; Salmos 46:1
320,"Eu Te Amo, Meu Mestre",Adoração e Louvor | Crianças e Jovens | Graça e Salvação | Palavra de Deus e Lei | Segunda Vinda e Esperança,1 Tessalonicenses 4:16-17; Apocalipse 1:7; João 14:1-3 | Efésios 2:8-9; João 3:16; 1 João 1:9 | Mateus 19:14; Provérbios 22:6 | Salmos 119:105; 2 Timóteo 3:16; Salmos 19:7 | Salmos 150:1-6; Apocalipse 4:8; Salmos 95:1-2
321,Jesus é Melhor,"Graça e Salvação | Paz, Cuidado e Confiança",Efésios 2:8-9; João 3:16; 1 João 1:9 | Salmos 23:1-4; João 14:27; Salmos 46:1
322,Jesus Me Guia,"Oração e Comunhão | Paz, Cuidado e Confiança",1 Tessalonicenses 5:17; Mateus 7:7; Filipenses 4:6 | Salmos 23:1-4; João 14:27; Salmos 46:1
323,Há um Amigo,"Crianças e Jovens | Graça e Salvação | Paz, Cuidado e Confiança | Segunda Vinda e Esperança",1 Tessalonicenses 4:16-17; Apocalipse 1:7; João 14:1-3 | Efésios 2:8-9; João 3:16; 1 João 1:9 | Mateus 19:14; Provérbios 22:6 | Salmos 23:1-4; João 14:27; Salmos 46:1
324,"Jesus, Teu Nome Satisfaz","Oração e Comunhão | Paz, Cuidado e Confiança",1 Tessalonicenses 5:17; Mateus 7:7; Filipenses 4:6 | Salmos 23:1-4; João 14:27; Salmos 46:1
325,Junto ao Bondoso Deus,"Graça e Salvação | Oração e Comunhão | Paz, Cuidado e Confiança",1 Tessalonicenses 5:17; Mateus 7:7; Filipenses 4:6 | Efésios 2:8-9; João 3:16; 1 João 1:9 | Salmos 23:1-4; João 14:27; Salmos 46:1
326,Manancial de Toda Bênção,Adoração e Louvor | Graça e Salvação | Sacrifício e Redenção,Efésios 2:8-9; João 3:16; 1 João 1:9 | Isaías 53:4-5; Romanos 5:8; Hebreus 9:22 | Salmos 150:1-6; Apocalipse 4:8; Salmos 95:1-2
327,Não Há Amigo Igual A Cristo,"Adoração e Louvor | Paz, Cuidado e Confiança",Salmos 150:1-6; Apocalipse 4:8; Salmos 95:1-2 | Salmos 23:1-4; João 14:27; Salmos 46:1
328,Meu Deus e Eu,"Paz, Cuidado e Confiança",Salmos 23:1-4; João 14:27; Salmos 46:1
329,Não Há Nome Mais Amável,"Adoração e Louvor | Graça e Salvação | Oração e Comunhão | Paz, Cuidado e Confiança | Segunda Vinda e Esperança",1 Tessalonicenses 4:16-17; Apocalipse 1:7; João 14:1-3 | 1 Tessalonicenses 5:17; Mateus 7:7; Filipenses 4:6 | Efésios 2:8-9; João 3:16; 1 João 1:9 | Salmos 150:1-6; Apocalipse 4:8; Salmos 95:1-2 | Salmos 23:1-4; João 14:27; Salmos 46:1
330,O Melhor Amigo,"Graça e Salvação | Oração e Comunhão | Paz, Cuidado e Confiança",1 Tessalonicenses 5:17; Mateus 7:7; Filipenses 4:6 | Efésios 2:8-9; João 3:16; 1 João 1:9 | Salmos 23:1-4; João 14:27; Salmos 46:1
331,Nome Precioso,"Adoração e Louvor | Graça e Salvação | Oração e Comunhão | Paz, Cuidado e Confiança | Segunda Vinda e Esperança",1 Tessalonicenses 4:16-17; Apocalipse 1:7; João 14:1-3 | 1 Tessalonicenses 5:17; Mateus 7:7; Filipenses 4:6 | Efésios 2:8-9; João 3:16; 1 João 1:9 | Salmos 150:1-6; Apocalipse 4:8; Salmos 95:1-2 | Salmos 23:1-4; João 14:27; Salmos 46:1
332,Tudo És Pra Mim,Adoração e Louvor | Sacrifício e Redenção,Isaías 53:4-5; Romanos 5:8; Hebreus 9:22 | Salmos 150:1-6; Apocalipse 4:8; Salmos 95:1-2
333,Oh! Que Amigo em Cristo Temos,"Lar e Família | Oração e Comunhão | Paz, Cuidado e Confiança",1 Tessalonicenses 5:17; Mateus 7:7; Filipenses 4:6 | Josué 24:15; Efésios 6:1-4 | Salmos 23:1-4; João 14:27; Salmos 46:1
334,"Oh, Eu Amo A Cristo!","Adoração e Louvor | Graça e Salvação | Lar e Família | Paz, Cuidado e Confiança",Efésios 2:8-9; João 3:16; 1 João 1:9 | Josué 24:15; Efésios 6:1-4 | Salmos 150:1-6; Apocalipse 4:8; Salmos 95:1-2 | Salmos 23:1-4; João 14:27; Salmos 46:1
335,Precioso é Jesus Para Mim,Adoração e Louvor | Graça e Salvação | Lar e Família | Oração e Comunhão | Sacrifício e Redenção,1 Tessalonicenses 5:17; Mateus 7:7; Filipenses 4:6 | Efésios 2:8-9; João 3:16; 1 João 1:9 | Isaías 53:4-5; Romanos 5:8; Hebreus 9:22 | Josué 24:15; Efésios 6:1-4 | Salmos 150:1-6; Apocalipse 4:8; Salmos 95:1-2
336,Salmo Dos Salmos,"Graça e Salvação | Palavra de Deus e Lei | Paz, Cuidado e Confiança",Efésios 2:8-9; João 3:16; 1 João 1:9 | Salmos 119:105; 2 Timóteo 3:16; Salmos 19:7 | Salmos 23:1-4; João 14:27; Salmos 46:1
337,Amor nos Faz Contentes,Graça e Salvação | Palavra de Deus e Lei,Efésios 2:8-9; João 3:16; 1 João 1:9 | Salmos 119:105; 2 Timóteo 3:16; Salmos 19:7
338,Deus Não se Cansa de Amar,"Crianças e Jovens | Graça e Salvação | Paz, Cuidado e Confiança | Sacrifício e Redenção | Segunda Vinda e Esperança",1 Tessalonicenses 4:16-17; Apocalipse 1:7; João 14:1-3 | Efésios 2:8-9; João 3:16; 1 João 1:9 | Isaías 53:4-5; Romanos 5:8; Hebreus 9:22 | Mateus 19:14; Provérbios 22:6 | Salmos 23:1-4; João 14:27; Salmos 46:1
339,Eu Sou Um Pobre Peregrino,Lar e Família | Sacrifício e Redenção | Segunda Vinda e Esperança | Sábado e Criação,1 Tessalonicenses 4:16-17; Apocalipse 1:7; João 14:1-3 | Isaías 53:4-5; Romanos 5:8; Hebreus 9:22 | Josué 24:15; Efésios 6:1-4 | Êxodo 20:8-11; Gênesis 2:2-3
340,Sou Forasteiro Aqui,Graça e Salvação | Lar e Família | Missão e Serviço,Efésios 2:8-9; João 3:16; 1 João 1:9 | Josué 24:15; Efésios 6:1-4 | Mateus 28:19-20; Isaías 6:8; Marcos 16:15
341,Mágoas,"Graça e Salvação | Oração e Comunhão | Paz, Cuidado e Confiança",1 Tessalonicenses 5:17; Mateus 7:7; Filipenses 4:6 | Efésios 2:8-9; João 3:16; 1 João 1:9 | Salmos 23:1-4; João 14:27; Salmos 46:1
342,Eu Não Te Deixarei,"Graça e Salvação | Lar e Família | Paz, Cuidado e Confiança | Segunda Vinda e Esperança",1 Tessalonicenses 4:16-17; Apocalipse 1:7; João 14:1-3 | Efésios 2:8-9; João 3:16; 1 João 1:9 | Josué 24:15; Efésios 6:1-4 | Salmos 23:1-4; João 14:27; Salmos 46:1
343,Meu Refúgio Está no Monte,"Adoração e Louvor | Crianças e Jovens | Oração e Comunhão | Paz, Cuidado e Confiança | Sacrifício e Redenção",1 Tessalonicenses 5:17; Mateus 7:7; Filipenses 4:6 | Isaías 53:4-5; Romanos 5:8; Hebreus 9:22 | Mateus 19:14; Provérbios 22:6 | Salmos 150:1-6; Apocalipse 4:8; Salmos 95:1-2 | Salmos 23:1-4; João 14:27; Salmos 46:1
344,Confiarei,Graça e Salvação | Oração e Comunhão | Palavra de Deus e Lei,1 Tessalonicenses 5:17; Mateus 7:7; Filipenses 4:6 | Efésios 2:8-9; João 3:16; 1 João 1:9 | Salmos 119:105; 2 Timóteo 3:16; Salmos 19:7
345,Novo Dia Chegará,Graça e Salvação | Oração e Comunhão | Sacrifício e Redenção | Segunda Vinda e Esperança,1 Tessalonicenses 4:16-17; Apocalipse 1:7; João 14:1-3 | 1 Tessalonicenses 5:17; Mateus 7:7; Filipenses 4:6 | Efésios 2:8-9; João 3:16; 1 João 1:9 | Isaías 53:4-5; Romanos 5:8; Hebreus 9:22
346,Como Agradecer,Adoração e Louvor | Graça e Salvação | Sacrifício e Redenção,Efésios 2:8-9; João 3:16; 1 João 1:9 | Isaías 53:4-5; Romanos 5:8; Hebreus 9:22 | Salmos 150:1-6; Apocalipse 4:8; Salmos 95:1-2
347,Obrigado,"Crianças e Jovens | Graça e Salvação | Oração e Comunhão | Paz, Cuidado e Confiança | Segunda Vinda e Esperança | Sábado e Criação",1 Tessalonicenses 4:16-17; Apocalipse 1:7; João 14:1-3 | 1 Tessalonicenses 5:17; Mateus 7:7; Filipenses 4:6 | Efésios 2:8-9; João 3:16; 1 João 1:9 | Mateus 19:14; Provérbios 22:6 | Salmos 23:1-4; João 14:27; Salmos 46:1 | Êxodo 20:8-11; Gênesis 2:2-3
348,Graças,"Graça e Salvação | Oração e Comunhão | Paz, Cuidado e Confiança | Sacrifício e Redenção | Segunda Vinda e Esperança",1 Tessalonicenses 4:16-17; Apocalipse 1:7; João 14:1-3 | 1 Tessalonicenses 5:17; Mateus 7:7; Filipenses 4:6 | Efésios 2:8-9; João 3:16; 1 João 1:9 | Isaías 53:4-5; Romanos 5:8; Hebreus 9:22 | Salmos 23:1-4; João 14:27; Salmos 46:1
349,Gratidão,Adoração e Louvor | Graça e Salvação | Lar e Família,Efésios 2:8-9; João 3:16; 1 João 1:9 | Josué 24:15; Efésios 6:1-4 | Salmos 150:1-6; Apocalipse 4:8; Salmos 95:1-2
350,"Senhor Jesus, Muito Obrigado","Adoração e Louvor | Crianças e Jovens | Graça e Salvação | Missão e Serviço | Paz, Cuidado e Confiança",Efésios 2:8-9; João 3:16; 1 João 1:9 | Mateus 19:14; Provérbios 22:6 | Mateus 28:19-20; Isaías 6:8; Marcos 16:15 | Salmos 150:1-6; Apocalipse 4:8; Salmos 95:1-2 | Salmos 23:1-4; João 14:27; Salmos 46:1
351,"Jesus, Muito Obrigado","Graça e Salvação | Paz, Cuidado e Confiança | Segunda Vinda e Esperança",1 Tessalonicenses 4:16-17; Apocalipse 1:7; João 14:1-3 | Efésios 2:8-9; João 3:16; 1 João 1:9 | Salmos 23:1-4; João 14:27; Salmos 46:1
352,"Luz Bendita, Luz Gloriosa","Adoração e Louvor | Graça e Salvação | Paz, Cuidado e Confiança | Segunda Vinda e Esperança",1 Tessalonicenses 4:16-17; Apocalipse 1:7; João 14:1-3 | Efésios 2:8-9; João 3:16; 1 João 1:9 | Salmos 150:1-6; Apocalipse 4:8; Salmos 95:1-2 | Salmos 23:1-4; João 14:27; Salmos 46:1
353,É Prazer Servir a Cristo,Adoração e Louvor | Missão e Serviço | Oração e Comunhão,1 Tessalonicenses 5:17; Mateus 7:7; Filipenses 4:6 | Mateus 28:19-20; Isaías 6:8; Marcos 16:15 | Salmos 150:1-6; Apocalipse 4:8; Salmos 95:1-2
354,Paz,"Adoração e Louvor | Graça e Salvação | Lar e Família | Paz, Cuidado e Confiança",Efésios 2:8-9; João 3:16; 1 João 1:9 | Josué 24:15; Efésios 6:1-4 | Salmos 150:1-6; Apocalipse 4:8; Salmos 95:1-2 | Salmos 23:1-4; João 14:27; Salmos 46:1
355,Sempre Alegre,"Adoração e Louvor | Graça e Salvação | Lar e Família | Missão e Serviço | Oração e Comunhão | Paz, Cuidado e Confiança",1 Tessalonicenses 5:17; Mateus 7:7; Filipenses 4:6 | Efésios 2:8-9; João 3:16; 1 João 1:9 | Josué 24:15; Efésios 6:1-4 | Mateus 28:19-20; Isaías 6:8; Marcos 16:15 | Salmos 150:1-6; Apocalipse 4:8; Salmos 95:1-2 | Salmos 23:1-4; João 14:27; Salmos 46:1
356,Tenho um Hino em Meu Coração,"Adoração e Louvor | Graça e Salvação | Oração e Comunhão | Paz, Cuidado e Confiança",1 Tessalonicenses 5:17; Mateus 7:7; Filipenses 4:6 | Efésios 2:8-9; João 3:16; 1 João 1:9 | Salmos 150:1-6; Apocalipse 4:8; Salmos 95:1-2 | Salmos 23:1-4; João 14:27; Salmos 46:1
357,Bendita Hora de Oração,"Adoração e Louvor | Graça e Salvação | Igreja e Comunhão | Oração e Comunhão | Paz, Cuidado e Confiança",1 Tessalonicenses 5:17; Mateus 7:7; Filipenses 4:6 | Efésios 2:8-9; João 3:16; 1 João 1:9 | Salmos 133:1; Hebreus 10:25 | Salmos 150:1-6; Apocalipse 4:8; Salmos 95:1-2 | Salmos 23:1-4; João 14:27; Salmos 46:1
358,"Só, Com Teu Deus","Crianças e Jovens | Graça e Salvação | Igreja e Comunhão | Paz, Cuidado e Confiança | Sacrifício e Redenção",Efésios 2:8-9; João 3:16; 1 João 1:9 | Isaías 53:4-5; Romanos 5:8; Hebreus 9:22 | Mateus 19:14; Provérbios 22:6 | Salmos 133:1; Hebreus 10:25 | Salmos 23:1-4; João 14:27; Salmos 46:1
359,Lugar De Paz,"Graça e Salvação | Oração e Comunhão | Paz, Cuidado e Confiança",1 Tessalonicenses 5:17; Mateus 7:7; Filipenses 4:6 | Efésios 2:8-9; João 3:16; 1 João 1:9 | Salmos 23:1-4; João 14:27; Salmos 46:1
360,"Deus Ouve, Deus Responde","Graça e Salvação | Oração e Comunhão | Paz, Cuidado e Confiança",1 Tessalonicenses 5:17; Mateus 7:7; Filipenses 4:6 | Efésios 2:8-9; João 3:16; 1 João 1:9 | Salmos 23:1-4; João 14:27; Salmos 46:1
361,Deus Nos Ouvirá,Adoração e Louvor | Graça e Salvação | Igreja e Comunhão | Lar e Família | Oração e Comunhão | Segunda Vinda e Esperança,1 Tessalonicenses 4:16-17; Apocalipse 1:7; João 14:1-3 | 1 Tessalonicenses 5:17; Mateus 7:7; Filipenses 4:6 | Efésios 2:8-9; João 3:16; 1 João 1:9 | Josué 24:15; Efésios 6:1-4 | Salmos 133:1; Hebreus 10:25 | Salmos 150:1-6; Apocalipse 4:8; Salmos 95:1-2
362,O Melhor Lugar do Mundo,"Graça e Salvação | Oração e Comunhão | Paz, Cuidado e Confiança | Segunda Vinda e Esperança",1 Tessalonicenses 4:16-17; Apocalipse 1:7; João 14:1-3 | 1 Tessalonicenses 5:17; Mateus 7:7; Filipenses 4:6 | Efésios 2:8-9; João 3:16; 1 João 1:9 | Salmos 23:1-4; João 14:27; Salmos 46:1
363,O Jardim de Oração,"Adoração e Louvor | Graça e Salvação | Lar e Família | Oração e Comunhão | Paz, Cuidado e Confiança | Sábado e Criação",1 Tessalonicenses 5:17; Mateus 7:7; Filipenses 4:6 | Efésios 2:8-9; João 3:16; 1 João 1:9 | Josué 24:15; Efésios 6:1-4 | Salmos 150:1-6; Apocalipse 4:8; Salmos 95:1-2 | Salmos 23:1-4; João 14:27; Salmos 46:1 | Êxodo 20:8-11; Gênesis 2:2-3
364,Que Tempo Já faz?,"Graça e Salvação | Missão e Serviço | Oração e Comunhão | Paz, Cuidado e Confiança",1 Tessalonicenses 5:17; Mateus 7:7; Filipenses 4:6 | Efésios 2:8-9; João 3:16; 1 João 1:9 | Mateus 28:19-20; Isaías 6:8; Marcos 16:15 | Salmos 23:1-4; João 14:27; Salmos 46:1
365,Santa Hora de Oração,"Adoração e Louvor | Graça e Salvação | Lar e Família | Oração e Comunhão | Paz, Cuidado e Confiança | Segunda Vinda e Esperança",1 Tessalonicenses 4:16-17; Apocalipse 1:7; João 14:1-3 | 1 Tessalonicenses 5:17; Mateus 7:7; Filipenses 4:6 | Efésios 2:8-9; João 3:16; 1 João 1:9 | Josué 24:15; Efésios 6:1-4 | Salmos 150:1-6; Apocalipse 4:8; Salmos 95:1-2 | Salmos 23:1-4; João 14:27; Salmos 46:1
366,No Jardim,Sacrifício e Redenção,Isaías 53:4-5; Romanos 5:8; Hebreus 9:22
367,Falar com Deus,"Adoração e Louvor | Graça e Salvação | Lar e Família | Oração e Comunhão | Paz, Cuidado e Confiança",1 Tessalonicenses 5:17; Mateus 7:7; Filipenses 4:6 | Efésios 2:8-9; João 3:16; 1 João 1:9 | Josué 24:15; Efésios 6:1-4 | Salmos 150:1-6; Apocalipse 4:8; Salmos 95:1-2 | Salmos 23:1-4; João 14:27; Salmos 46:1
368,Ao Teu Lado Quero Andar,Graça e Salvação | Lar e Família,Efésios 2:8-9; João 3:16; 1 João 1:9 | Josué 24:15; Efésios 6:1-4
369,Seguindo a Jesus,"Lar e Família | Paz, Cuidado e Confiança",Josué 24:15; Efésios 6:1-4 | Salmos 23:1-4; João 14:27; Salmos 46:1
370,Bem Junto a Cristo,"Graça e Salvação | Lar e Família | Oração e Comunhão | Paz, Cuidado e Confiança | Sacrifício e Redenção",1 Tessalonicenses 5:17; Mateus 7:7; Filipenses 4:6 | Efésios 2:8-9; João 3:16; 1 João 1:9 | Isaías 53:4-5; Romanos 5:8; Hebreus 9:22 | Josué 24:15; Efésios 6:1-4 | Salmos 23:1-4; João 14:27; Salmos 46:1
371,Cada Vez Mais Puro,Adoração e Louvor | Graça e Salvação | Lar e Família | Oração e Comunhão,1 Tessalonicenses 5:17; Mateus 7:7; Filipenses 4:6 | Efésios 2:8-9; João 3:16; 1 João 1:9 | Josué 24:15; Efésios 6:1-4 | Salmos 150:1-6; Apocalipse 4:8; Salmos 95:1-2
372,"Abre, Senhor, Os Olhos Meus","Adoração e Louvor | Graça e Salvação | Lar e Família | Missão e Serviço | Oração e Comunhão | Paz, Cuidado e Confiança",1 Tessalonicenses 5:17; Mateus 7:7; Filipenses 4:6 | Efésios 2:8-9; João 3:16; 1 João 1:9 | Josué 24:15; Efésios 6:1-4 | Mateus 28:19-20; Isaías 6:8; Marcos 16:15 | Salmos 150:1-6; Apocalipse 4:8; Salmos 95:1-2 | Salmos 23:1-4; João 14:27; Salmos 46:1
373,Deixa-me Contigo Andar,Graça e Salvação | Lar e Família | Oração e Comunhão | Sacrifício e Redenção,1 Tessalonicenses 5:17; Mateus 7:7; Filipenses 4:6 | Efésios 2:8-9; João 3:16; 1 João 1:9 | Isaías 53:4-5; Romanos 5:8; Hebreus 9:22 | Josué 24:15; Efésios 6:1-4
374,"Contigo, Ó Deus, Almejo Andar",Graça e Salvação | Lar e Família,Efésios 2:8-9; João 3:16; 1 João 1:9 | Josué 24:15; Efésios 6:1-4
375,Canção Da Vida,"Graça e Salvação | Lar e Família | Oração e Comunhão | Paz, Cuidado e Confiança",1 Tessalonicenses 5:17; Mateus 7:7; Filipenses 4:6 | Efésios 2:8-9; João 3:16; 1 João 1:9 | Josué 24:15; Efésios 6:1-4 | Salmos 23:1-4; João 14:27; Salmos 46:1
376,"Cristo, Dá-nos Tua Paz","Adoração e Louvor | Graça e Salvação | Oração e Comunhão | Paz, Cuidado e Confiança",1 Tessalonicenses 5:17; Mateus 7:7; Filipenses 4:6 | Efésios 2:8-9; João 3:16; 1 João 1:9 | Salmos 150:1-6; Apocalipse 4:8; Salmos 95:1-2 | Salmos 23:1-4; João 14:27; Salmos 46:1
377,Mais de Cristo,"Adoração e Louvor | Graça e Salvação | Lar e Família | Palavra de Deus e Lei | Paz, Cuidado e Confiança",Efésios 2:8-9; João 3:16; 1 João 1:9 | Josué 24:15; Efésios 6:1-4 | Salmos 119:105; 2 Timóteo 3:16; Salmos 19:7 | Salmos 150:1-6; Apocalipse 4:8; Salmos 95:1-2 | Salmos 23:1-4; João 14:27; Salmos 46:1
378,Mais Perto Quero Estar,"Graça e Salvação | Oração e Comunhão | Paz, Cuidado e Confiança | Sábado e Criação",1 Tessalonicenses 5:17; Mateus 7:7; Filipenses 4:6 | Efésios 2:8-9; João 3:16; 1 João 1:9 | Salmos 23:1-4; João 14:27; Salmos 46:1 | Êxodo 20:8-11; Gênesis 2:2-3
379,Fala à Minh'Alma,Adoração e Louvor | Crianças e Jovens | Graça e Salvação | Sacrifício e Redenção,Efésios 2:8-9; João 3:16; 1 João 1:9 | Isaías 53:4-5; Romanos 5:8; Hebreus 9:22 | Mateus 19:14; Provérbios 22:6 | Salmos 150:1-6; Apocalipse 4:8; Salmos 95:1-2
380,"Sonda-me, ó Deus",Adoração e Louvor | Graça e Salvação | Lar e Família | Missão e Serviço | Oração e Comunhão,1 Tessalonicenses 5:17; Mateus 7:7; Filipenses 4:6 | Efésios 2:8-9; João 3:16; 1 João 1:9 | Josué 24:15; Efésios 6:1-4 | Mateus 28:19-20; Isaías 6:8; Marcos 16:15 | Salmos 150:1-6; Apocalipse 4:8; Salmos 95:1-2
381,Teu Divinal Amor,Graça e Salvação | Lar e Família | Oração e Comunhão | Sacrifício e Redenção,1 Tessalonicenses 5:17; Mateus 7:7; Filipenses 4:6 | Efésios 2:8-9; João 3:16; 1 João 1:9 | Isaías 53:4-5; Romanos 5:8; Hebreus 9:22 | Josué 24:15; Efésios 6:1-4
382,Minha Oração,"Adoração e Louvor | Crianças e Jovens | Graça e Salvação | Missão e Serviço | Oração e Comunhão | Paz, Cuidado e Confiança | Sacrifício e Redenção | Segunda Vinda e Esperança",1 Tessalonicenses 4:16-17; Apocalipse 1:7; João 14:1-3 | 1 Tessalonicenses 5:17; Mateus 7:7; Filipenses 4:6 | Efésios 2:8-9; João 3:16; 1 João 1:9 | Isaías 53:4-5; Romanos 5:8; Hebreus 9:22 | Mateus 19:14; Provérbios 22:6 | Mateus 28:19-20; Isaías 6:8; Marcos 16:15 | Salmos 150:1-6; Apocalipse 4:8; Salmos 95:1-2 | Salmos 23:1-4; João 14:27; Salmos 46:1
383,Em Mim Vem Habitar,"Graça e Salvação | Lar e Família | Missão e Serviço | Oração e Comunhão | Paz, Cuidado e Confiança | Sacrifício e Redenção",1 Tessalonicenses 5:17; Mateus 7:7; Filipenses 4:6 | Efésios 2:8-9; João 3:16; 1 João 1:9 | Isaías 53:4-5; Romanos 5:8; Hebreus 9:22 | Josué 24:15; Efésios 6:1-4 | Mateus 28:19-20; Isaías 6:8; Marcos 16:15 | Salmos 23:1-4; João 14:27; Salmos 46:1
384,O Teu Querer,"Paz, Cuidado e Confiança",Salmos 23:1-4; João 14:27; Salmos 46:1
385,Música Celeste,"Graça e Salvação | Oração e Comunhão | Paz, Cuidado e Confiança",1 Tessalonicenses 5:17; Mateus 7:7; Filipenses 4:6 | Efésios 2:8-9; João 3:16; 1 João 1:9 | Salmos 23:1-4; João 14:27; Salmos 46:1
386,Abre Meus Olhos,"Oração e Comunhão | Paz, Cuidado e Confiança",1 Tessalonicenses 5:17; Mateus 7:7; Filipenses 4:6 | Salmos 23:1-4; João 14:27; Salmos 46:1
387,"Jesus, Não Eu",Espírito Santo | Lar e Família | Oração e Comunhão,1 Tessalonicenses 5:17; Mateus 7:7; Filipenses 4:6 | Josué 24:15; Efésios 6:1-4 | João 14:16-17; Atos 2:1-4
388,Sê Minha Vida,Crianças e Jovens | Lar e Família | Oração e Comunhão,1 Tessalonicenses 5:17; Mateus 7:7; Filipenses 4:6 | Josué 24:15; Efésios 6:1-4 | Mateus 19:14; Provérbios 22:6
389,Minha Cruz,"Graça e Salvação | Lar e Família | Paz, Cuidado e Confiança | Sacrifício e Redenção",Efésios 2:8-9; João 3:16; 1 João 1:9 | Isaías 53:4-5; Romanos 5:8; Hebreus 9:22 | Josué 24:15; Efésios 6:1-4 | Salmos 23:1-4; João 14:27; Salmos 46:1
390,Pegadas,Vida Cristã e Devoção,Salmos 1:1-2; Provérbios 3:5-6
391,Queremos Dar Louvor,"Adoração e Louvor | Espírito Santo | Lar e Família | Oração e Comunhão | Paz, Cuidado e Confiança | Sacrifício e Redenção",1 Tessalonicenses 5:17; Mateus 7:7; Filipenses 4:6 | Isaías 53:4-5; Romanos 5:8; Hebreus 9:22 | Josué 24:15; Efésios 6:1-4 | João 14:16-17; Atos 2:1-4 | Salmos 150:1-6; Apocalipse 4:8; Salmos 95:1-2 | Salmos 23:1-4; João 14:27; Salmos 46:1
392,Ser Igual a Cristo,Graça e Salvação | Lar e Família | Missão e Serviço | Oração e Comunhão,1 Tessalonicenses 5:17; Mateus 7:7; Filipenses 4:6 | Efésios 2:8-9; João 3:16; 1 João 1:9 | Josué 24:15; Efésios 6:1-4 | Mateus 28:19-20; Isaías 6:8; Marcos 16:15
393,Vem Comigo Habitar,"Espírito Santo | Lar e Família | Paz, Cuidado e Confiança | Segunda Vinda e Esperança",1 Tessalonicenses 4:16-17; Apocalipse 1:7; João 14:1-3 | Josué 24:15; Efésios 6:1-4 | João 14:16-17; Atos 2:1-4 | Salmos 23:1-4; João 14:27; Salmos 46:1
394,De Hoje em Diante,"Oração e Comunhão | Paz, Cuidado e Confiança | Sacrifício e Redenção | Segunda Vinda e Esperança",1 Tessalonicenses 4:16-17; Apocalipse 1:7; João 14:1-3 | 1 Tessalonicenses 5:17; Mateus 7:7; Filipenses 4:6 | Isaías 53:4-5; Romanos 5:8; Hebreus 9:22 | Salmos 23:1-4; João 14:27; Salmos 46:1
395,Vem Brilhar,"Graça e Salvação | Lar e Família | Paz, Cuidado e Confiança",Efésios 2:8-9; João 3:16; 1 João 1:9 | Josué 24:15; Efésios 6:1-4 | Salmos 23:1-4; João 14:27; Salmos 46:1
396,Vem Brilhar em Mim,Adoração e Louvor | Graça e Salvação | Oração e Comunhão,1 Tessalonicenses 5:17; Mateus 7:7; Filipenses 4:6 | Efésios 2:8-9; João 3:16; 1 João 1:9 | Salmos 150:1-6; Apocalipse 4:8; Salmos 95:1-2
397,Eu Só Quero Estar Onde Estás,Adoração e Louvor | Oração e Comunhão,1 Tessalonicenses 5:17; Mateus 7:7; Filipenses 4:6 | Salmos 150:1-6; Apocalipse 4:8; Salmos 95:1-2
398,"Pai, Vive Em Mim","Adoração e Louvor | Graça e Salvação | Lar e Família | Oração e Comunhão | Paz, Cuidado e Confiança",1 Tessalonicenses 5:17; Mateus 7:7; Filipenses 4:6 | Efésios 2:8-9; João 3:16; 1 João 1:9 | Josué 24:15; Efésios 6:1-4 | Salmos 150:1-6; Apocalipse 4:8; Salmos 95:1-2 | Salmos 23:1-4; João 14:27; Salmos 46:1
399,O Céu é Jesus,"Lar e Família | Oração e Comunhão | Paz, Cuidado e Confiança | Segunda Vinda e Esperança",1 Tessalonicenses 4:16-17; Apocalipse 1:7; João 14:1-3 | 1 Tessalonicenses 5:17; Mateus 7:7; Filipenses 4:6 | Josué 24:15; Efésios 6:1-4 | Salmos 23:1-4; João 14:27; Salmos 46:1
400,Mais Semelhante A Jesus,Missão e Serviço | Oração e Comunhão,1 Tessalonicenses 5:17; Mateus 7:7; Filipenses 4:6 | Mateus 28:19-20; Isaías 6:8; Marcos 16:15
401,Quero Ter Jesus,"Graça e Salvação | Lar e Família | Paz, Cuidado e Confiança",Efésios 2:8-9; João 3:16; 1 João 1:9 | Josué 24:15; Efésios 6:1-4 | Salmos 23:1-4; João 14:27; Salmos 46:1
402,Perto de Jesus,Graça e Salvação,Efésios 2:8-9; João 3:16; 1 João 1:9
403,Renova-me,Oração e Comunhão,1 Tessalonicenses 5:17; Mateus 7:7; Filipenses 4:6
404,Sempre de Jesus,Vida Cristã e Devoção,Salmos 1:1-2; Provérbios 3:5-6
405,"Vem, Ó Senhor","Lar e Família | Oração e Comunhão | Paz, Cuidado e Confiança",1 Tessalonicenses 5:17; Mateus 7:7; Filipenses 4:6 | Josué 24:15; Efésios 6:1-4 | Salmos 23:1-4; João 14:27; Salmos 46:1
406,"Pés Na Terra, Olhos No Céu",Graça e Salvação | Lar e Família | Oração e Comunhão | Segunda Vinda e Esperança,1 Tessalonicenses 4:16-17; Apocalipse 1:7; João 14:1-3 | 1 Tessalonicenses 5:17; Mateus 7:7; Filipenses 4:6 | Efésios 2:8-9; João 3:16; 1 João 1:9 | Josué 24:15; Efésios 6:1-4
407,O Poder do Amor,Graça e Salvação | Sacrifício e Redenção,Efésios 2:8-9; João 3:16; 1 João 1:9 | Isaías 53:4-5; Romanos 5:8; Hebreus 9:22
408,Abençoa Este Lar,"Crianças e Jovens | Graça e Salvação | Lar e Família | Oração e Comunhão | Paz, Cuidado e Confiança",1 Tessalonicenses 5:17; Mateus 7:7; Filipenses 4:6 | Efésios 2:8-9; João 3:16; 1 João 1:9 | Josué 24:15; Efésios 6:1-4 | Mateus 19:14; Provérbios 22:6 | Salmos 23:1-4; João 14:27; Salmos 46:1
409,Amor no Lar,"Graça e Salvação | Lar e Família | Palavra de Deus e Lei | Paz, Cuidado e Confiança",Efésios 2:8-9; João 3:16; 1 João 1:9 | Josué 24:15; Efésios 6:1-4 | Salmos 119:105; 2 Timóteo 3:16; Salmos 19:7 | Salmos 23:1-4; João 14:27; Salmos 46:1
410,Vem Entre Nós Morar,Graça e Salvação | Lar e Família | Oração e Comunhão,1 Tessalonicenses 5:17; Mateus 7:7; Filipenses 4:6 | Efésios 2:8-9; João 3:16; 1 João 1:9 | Josué 24:15; Efésios 6:1-4
411,Bem de Manhã,Adoração e Louvor | Graça e Salvação | Lar e Família | Oração e Comunhão | Sábado e Criação,1 Tessalonicenses 5:17; Mateus 7:7; Filipenses 4:6 | Efésios 2:8-9; João 3:16; 1 João 1:9 | Josué 24:15; Efésios 6:1-4 | Salmos 150:1-6; Apocalipse 4:8; Salmos 95:1-2 | Êxodo 20:8-11; Gênesis 2:2-3
412,Bem Cedinho Sempre Busco,"Paz, Cuidado e Confiança | Sacrifício e Redenção",Isaías 53:4-5; Romanos 5:8; Hebreus 9:22 | Salmos 23:1-4; João 14:27; Salmos 46:1
413,Vigiar e Orar,"Graça e Salvação | Igreja e Comunhão | Lar e Família | Oração e Comunhão | Paz, Cuidado e Confiança",1 Tessalonicenses 5:17; Mateus 7:7; Filipenses 4:6 | Efésios 2:8-9; João 3:16; 1 João 1:9 | Josué 24:15; Efésios 6:1-4 | Salmos 133:1; Hebreus 10:25 | Salmos 23:1-4; João 14:27; Salmos 46:1
414,Desponta o Sol,Adoração e Louvor | Graça e Salvação | Lar e Família | Segunda Vinda e Esperança,1 Tessalonicenses 4:16-17; Apocalipse 1:7; João 14:1-3 | Efésios 2:8-9; João 3:16; 1 João 1:9 | Josué 24:15; Efésios 6:1-4 | Salmos 150:1-6; Apocalipse 4:8; Salmos 95:1-2
415,Luzes da Aurora,Crianças e Jovens | Lar e Família | Oração e Comunhão,1 Tessalonicenses 5:17; Mateus 7:7; Filipenses 4:6 | Josué 24:15; Efésios 6:1-4 | Mateus 19:14; Provérbios 22:6
416,Surge a Alvorada,Adoração e Louvor | Graça e Salvação,Efésios 2:8-9; João 3:16; 1 João 1:9 | Salmos 150:1-6; Apocalipse 4:8; Salmos 95:1-2
417,Perto do Lar,Graça e Salvação | Lar e Família | Missão e Serviço,Efésios 2:8-9; João 3:16; 1 João 1:9 | Josué 24:15; Efésios 6:1-4 | Mateus 28:19-20; Isaías 6:8; Marcos 16:15
418,Finda o Dia,"Adoração e Louvor | Graça e Salvação | Oração e Comunhão | Paz, Cuidado e Confiança",1 Tessalonicenses 5:17; Mateus 7:7; Filipenses 4:6 | Efésios 2:8-9; João 3:16; 1 João 1:9 | Salmos 150:1-6; Apocalipse 4:8; Salmos 95:1-2 | Salmos 23:1-4; João 14:27; Salmos 46:1
419,Prece Vespertina,Graça e Salvação | Lar e Família | Oração e Comunhão | Palavra de Deus e Lei,1 Tessalonicenses 5:17; Mateus 7:7; Filipenses 4:6 | Efésios 2:8-9; João 3:16; 1 João 1:9 | Josué 24:15; Efésios 6:1-4 | Salmos 119:105; 2 Timóteo 3:16; Salmos 19:7
420,Hora Feliz do Pôr-do-Sol,"Adoração e Louvor | Graça e Salvação | Igreja e Comunhão | Oração e Comunhão | Paz, Cuidado e Confiança",1 Tessalonicenses 5:17; Mateus 7:7; Filipenses 4:6 | Efésios 2:8-9; João 3:16; 1 João 1:9 | Salmos 133:1; Hebreus 10:25 | Salmos 150:1-6; Apocalipse 4:8; Salmos 95:1-2 | Salmos 23:1-4; João 14:27; Salmos 46:1
421,Oração Para Uma Criança,"Crianças e Jovens | Graça e Salvação | Lar e Família | Oração e Comunhão | Paz, Cuidado e Confiança",1 Tessalonicenses 5:17; Mateus 7:7; Filipenses 4:6 | Efésios 2:8-9; João 3:16; 1 João 1:9 | Josué 24:15; Efésios 6:1-4 | Mateus 19:14; Provérbios 22:6 | Salmos 23:1-4; João 14:27; Salmos 46:1
422,Presente de Valor,Adoração e Louvor | Crianças e Jovens | Graça e Salvação | Lar e Família,Efésios 2:8-9; João 3:16; 1 João 1:9 | Josué 24:15; Efésios 6:1-4 | Mateus 19:14; Provérbios 22:6 | Salmos 150:1-6; Apocalipse 4:8; Salmos 95:1-2
423,Não os Impeçais,Crianças e Jovens | Graça e Salvação | Lar e Família | Palavra de Deus e Lei,Efésios 2:8-9; João 3:16; 1 João 1:9 | Josué 24:15; Efésios 6:1-4 | Mateus 19:14; Provérbios 22:6 | Salmos 119:105; 2 Timóteo 3:16; Salmos 19:7
424,Canção Para Meu Bebê,Crianças e Jovens | Graça e Salvação | Missão e Serviço | Oração e Comunhão | Palavra de Deus e Lei,1 Tessalonicenses 5:17; Mateus 7:7; Filipenses 4:6 | Efésios 2:8-9; João 3:16; 1 João 1:9 | Mateus 19:14; Provérbios 22:6 | Mateus 28:19-20; Isaías 6:8; Marcos 16:15 | Salmos 119:105; 2 Timóteo 3:16; Salmos 19:7
425,Ouço o Clamor do Bom Pastor,"Graça e Salvação | Oração e Comunhão | Paz, Cuidado e Confiança",1 Tessalonicenses 5:17; Mateus 7:7; Filipenses 4:6 | Efésios 2:8-9; João 3:16; 1 João 1:9 | Salmos 23:1-4; João 14:27; Salmos 46:1
426,Cristo Ama as Criancinhas,Crianças e Jovens | Graça e Salvação | Lar e Família | Oração e Comunhão,1 Tessalonicenses 5:17; Mateus 7:7; Filipenses 4:6 | Efésios 2:8-9; João 3:16; 1 João 1:9 | Josué 24:15; Efésios 6:1-4 | Mateus 19:14; Provérbios 22:6
427,"Venham, Crianças",Crianças e Jovens | Graça e Salvação | Sacrifício e Redenção,Efésios 2:8-9; João 3:16; 1 João 1:9 | Isaías 53:4-5; Romanos 5:8; Hebreus 9:22 | Mateus 19:14; Provérbios 22:6
428,Joias Preciosas,Adoração e Louvor | Crianças e Jovens,Mateus 19:14; Provérbios 22:6 | Salmos 150:1-6; Apocalipse 4:8; Salmos 95:1-2
429,Quando o Livro Aberto For,Adoração e Louvor | Lar e Família | Oração e Comunhão | Sacrifício e Redenção | Santuário e Juízo,1 Tessalonicenses 5:17; Mateus 7:7; Filipenses 4:6 | Hebreus 4:14-16; Hebreus 8:1-2; Daniel 8:14 | Isaías 53:4-5; Romanos 5:8; Hebreus 9:22 | Josué 24:15; Efésios 6:1-4 | Salmos 150:1-6; Apocalipse 4:8; Salmos 95:1-2
430,O Juízo,Graça e Salvação | Sacrifício e Redenção | Santuário e Juízo,Efésios 2:8-9; João 3:16; 1 João 1:9 | Hebreus 4:14-16; Hebreus 8:1-2; Daniel 8:14 | Isaías 53:4-5; Romanos 5:8; Hebreus 9:22
431,Vem o Grande Dia,Adoração e Louvor | Segunda Vinda e Esperança,1 Tessalonicenses 4:16-17; Apocalipse 1:7; João 14:1-3 | Salmos 150:1-6; Apocalipse 4:8; Salmos 95:1-2
432,Sangue Precioso De Cristo,"Adoração e Louvor | Graça e Salvação | Lar e Família | Paz, Cuidado e Confiança | Sacrifício e Redenção | Segunda Vinda e Esperança",1 Tessalonicenses 4:16-17; Apocalipse 1:7; João 14:1-3 | Efésios 2:8-9; João 3:16; 1 João 1:9 | Isaías 53:4-5; Romanos 5:8; Hebreus 9:22 | Josué 24:15; Efésios 6:1-4 | Salmos 150:1-6; Apocalipse 4:8; Salmos 95:1-2 | Salmos 23:1-4; João 14:27; Salmos 46:1
433,Sumo Sacerdote,Adoração e Louvor | Graça e Salvação | Lar e Família | Sacrifício e Redenção | Santuário e Juízo,Efésios 2:8-9; João 3:16; 1 João 1:9 | Hebreus 4:14-16; Hebreus 8:1-2; Daniel 8:14 | Isaías 53:4-5; Romanos 5:8; Hebreus 9:22 | Josué 24:15; Efésios 6:1-4 | Salmos 150:1-6; Apocalipse 4:8; Salmos 95:1-2
434,Santuário,"Graça e Salvação | Lar e Família | Missão e Serviço | Palavra de Deus e Lei | Paz, Cuidado e Confiança | Sacrifício e Redenção | Santuário e Juízo | Segunda Vinda e Esperança",1 Tessalonicenses 4:16-17; Apocalipse 1:7; João 14:1-3 | Efésios 2:8-9; João 3:16; 1 João 1:9 | Hebreus 4:14-16; Hebreus 8:1-2; Daniel 8:14 | Isaías 53:4-5; Romanos 5:8; Hebreus 9:22 | Josué 24:15; Efésios 6:1-4 | Mateus 28:19-20; Isaías 6:8; Marcos 16:15 | Salmos 119:105; 2 Timóteo 3:16; Salmos 19:7 | Salmos 23:1-4; João 14:27; Salmos 46:1
435,Acima do Céu,"Adoração e Louvor | Graça e Salvação | Oração e Comunhão | Paz, Cuidado e Confiança | Sacrifício e Redenção | Santuário e Juízo | Segunda Vinda e Esperança",1 Tessalonicenses 4:16-17; Apocalipse 1:7; João 14:1-3 | 1 Tessalonicenses 5:17; Mateus 7:7; Filipenses 4:6 | Efésios 2:8-9; João 3:16; 1 João 1:9 | Hebreus 4:14-16; Hebreus 8:1-2; Daniel 8:14 | Isaías 53:4-5; Romanos 5:8; Hebreus 9:22 | Salmos 150:1-6; Apocalipse 4:8; Salmos 95:1-2 | Salmos 23:1-4; João 14:27; Salmos 46:1
436,E Me Fareis Um Santuário,Graça e Salvação | Oração e Comunhão | Sacrifício e Redenção | Santuário e Juízo,1 Tessalonicenses 5:17; Mateus 7:7; Filipenses 4:6 | Efésios 2:8-9; João 3:16; 1 João 1:9 | Hebreus 4:14-16; Hebreus 8:1-2; Daniel 8:14 | Isaías 53:4-5; Romanos 5:8; Hebreus 9:22
437,Chegou a hora,Crianças e Jovens | Graça e Salvação | Oração e Comunhão | Sacrifício e Redenção | Segunda Vinda e Esperança,1 Tessalonicenses 4:16-17; Apocalipse 1:7; João 14:1-3 | 1 Tessalonicenses 5:17; Mateus 7:7; Filipenses 4:6 | Efésios 2:8-9; João 3:16; 1 João 1:9 | Isaías 53:4-5; Romanos 5:8; Hebreus 9:22 | Mateus 19:14; Provérbios 22:6
438,Quando For Chamado,Adoração e Louvor | Graça e Salvação | Lar e Família | Segunda Vinda e Esperança,1 Tessalonicenses 4:16-17; Apocalipse 1:7; João 14:1-3 | Efésios 2:8-9; João 3:16; 1 João 1:9 | Josué 24:15; Efésios 6:1-4 | Salmos 150:1-6; Apocalipse 4:8; Salmos 95:1-2
439,Quando Deus Fizer Chamada,Adoração e Louvor | Lar e Família | Segunda Vinda e Esperança,1 Tessalonicenses 4:16-17; Apocalipse 1:7; João 14:1-3 | Josué 24:15; Efésios 6:1-4 | Salmos 150:1-6; Apocalipse 4:8; Salmos 95:1-2
440,Breve Jesus Voltará,Missão e Serviço | Segunda Vinda e Esperança,1 Tessalonicenses 4:16-17; Apocalipse 1:7; João 14:1-3 | Mateus 28:19-20; Isaías 6:8; Marcos 16:15
441,Vencendo Vem Jesus,Adoração e Louvor | Lar e Família | Palavra de Deus e Lei | Segunda Vinda e Esperança,1 Tessalonicenses 4:16-17; Apocalipse 1:7; João 14:1-3 | Josué 24:15; Efésios 6:1-4 | Salmos 119:105; 2 Timóteo 3:16; Salmos 19:7 | Salmos 150:1-6; Apocalipse 4:8; Salmos 95:1-2
442,Jesus Voltará,"Graça e Salvação | Lar e Família | Oração e Comunhão | Paz, Cuidado e Confiança | Sacrifício e Redenção | Segunda Vinda e Esperança",1 Tessalonicenses 4:16-17; Apocalipse 1:7; João 14:1-3 | 1 Tessalonicenses 5:17; Mateus 7:7; Filipenses 4:6 | Efésios 2:8-9; João 3:16; 1 João 1:9 | Isaías 53:4-5; Romanos 5:8; Hebreus 9:22 | Josué 24:15; Efésios 6:1-4 | Salmos 23:1-4; João 14:27; Salmos 46:1
443,Cristo Virá Outra Vez,"Graça e Salvação | Missão e Serviço | Paz, Cuidado e Confiança | Segunda Vinda e Esperança",1 Tessalonicenses 4:16-17; Apocalipse 1:7; João 14:1-3 | Efésios 2:8-9; João 3:16; 1 João 1:9 | Mateus 28:19-20; Isaías 6:8; Marcos 16:15 | Salmos 23:1-4; João 14:27; Salmos 46:1
444,Oh! Que Esperança!,Segunda Vinda e Esperança,1 Tessalonicenses 4:16-17; Apocalipse 1:7; João 14:1-3
445,O Rei Já Perto Está,Lar e Família | Sacrifício e Redenção | Segunda Vinda e Esperança,1 Tessalonicenses 4:16-17; Apocalipse 1:7; João 14:1-3 | Isaías 53:4-5; Romanos 5:8; Hebreus 9:22 | Josué 24:15; Efésios 6:1-4
446,Cristo Vem,"Adoração e Louvor | Lar e Família | Paz, Cuidado e Confiança | Segunda Vinda e Esperança",1 Tessalonicenses 4:16-17; Apocalipse 1:7; João 14:1-3 | Josué 24:15; Efésios 6:1-4 | Salmos 150:1-6; Apocalipse 4:8; Salmos 95:1-2 | Salmos 23:1-4; João 14:27; Salmos 46:1
447,"Vigiai, Cristãos","Adoração e Louvor | Graça e Salvação | Paz, Cuidado e Confiança",Efésios 2:8-9; João 3:16; 1 João 1:9 | Salmos 150:1-6; Apocalipse 4:8; Salmos 95:1-2 | Salmos 23:1-4; João 14:27; Salmos 46:1
448,Nós O Veremos,Adoração e Louvor | Lar e Família,Josué 24:15; Efésios 6:1-4 | Salmos 150:1-6; Apocalipse 4:8; Salmos 95:1-2
449,Quando o Rei Vier,Crianças e Jovens | Lar e Família | Sacrifício e Redenção | Segunda Vinda e Esperança,1 Tessalonicenses 4:16-17; Apocalipse 1:7; João 14:1-3 | Isaías 53:4-5; Romanos 5:8; Hebreus 9:22 | Josué 24:15; Efésios 6:1-4 | Mateus 19:14; Provérbios 22:6
450,"Guarda, Vê se Muito Falta",Adoração e Louvor | Lar e Família | Segunda Vinda e Esperança,1 Tessalonicenses 4:16-17; Apocalipse 1:7; João 14:1-3 | Josué 24:15; Efésios 6:1-4 | Salmos 150:1-6; Apocalipse 4:8; Salmos 95:1-2
451,Grande Alegria,Graça e Salvação | Oração e Comunhão | Segunda Vinda e Esperança,1 Tessalonicenses 4:16-17; Apocalipse 1:7; João 14:1-3 | 1 Tessalonicenses 5:17; Mateus 7:7; Filipenses 4:6 | Efésios 2:8-9; João 3:16; 1 João 1:9
452,Cristo Não Tarda a Voltar,"Adoração e Louvor | Paz, Cuidado e Confiança | Segunda Vinda e Esperança",1 Tessalonicenses 4:16-17; Apocalipse 1:7; João 14:1-3 | Salmos 150:1-6; Apocalipse 4:8; Salmos 95:1-2 | Salmos 23:1-4; João 14:27; Salmos 46:1
453,Anunciai Pelas Montanhas,"Oração e Comunhão | Paz, Cuidado e Confiança | Segunda Vinda e Esperança",1 Tessalonicenses 4:16-17; Apocalipse 1:7; João 14:1-3 | 1 Tessalonicenses 5:17; Mateus 7:7; Filipenses 4:6 | Salmos 23:1-4; João 14:27; Salmos 46:1
454,A Manhã Gloriosa,Adoração e Louvor | Lar e Família | Segunda Vinda e Esperança,1 Tessalonicenses 4:16-17; Apocalipse 1:7; João 14:1-3 | Josué 24:15; Efésios 6:1-4 | Salmos 150:1-6; Apocalipse 4:8; Salmos 95:1-2
455,Verei Jesus,Adoração e Louvor | Lar e Família | Segunda Vinda e Esperança,1 Tessalonicenses 4:16-17; Apocalipse 1:7; João 14:1-3 | Josué 24:15; Efésios 6:1-4 | Salmos 150:1-6; Apocalipse 4:8; Salmos 95:1-2
456,Bela Manhã,Adoração e Louvor | Graça e Salvação,Efésios 2:8-9; João 3:16; 1 João 1:9 | Salmos 150:1-6; Apocalipse 4:8; Salmos 95:1-2
457,Jesus Vem Logo,Crianças e Jovens | Lar e Família | Oração e Comunhão | Sacrifício e Redenção,1 Tessalonicenses 5:17; Mateus 7:7; Filipenses 4:6 | Isaías 53:4-5; Romanos 5:8; Hebreus 9:22 | Josué 24:15; Efésios 6:1-4 | Mateus 19:14; Provérbios 22:6
458,Não Tardará,Lar e Família | Segunda Vinda e Esperança,1 Tessalonicenses 4:16-17; Apocalipse 1:7; João 14:1-3 | Josué 24:15; Efésios 6:1-4
459,Cada Dia Mais Perto,Adoração e Louvor | Graça e Salvação | Lar e Família | Segunda Vinda e Esperança,1 Tessalonicenses 4:16-17; Apocalipse 1:7; João 14:1-3 | Efésios 2:8-9; João 3:16; 1 João 1:9 | Josué 24:15; Efésios 6:1-4 | Salmos 150:1-6; Apocalipse 4:8; Salmos 95:1-2
460,Decidi Olhar Pra O Amanhã,Adoração e Louvor | Crianças e Jovens | Lar e Família | Segunda Vinda e Esperança,1 Tessalonicenses 4:16-17; Apocalipse 1:7; João 14:1-3 | Josué 24:15; Efésios 6:1-4 | Mateus 19:14; Provérbios 22:6 | Salmos 150:1-6; Apocalipse 4:8; Salmos 95:1-2
461,Jesus Precisa Voltar,"Espírito Santo | Graça e Salvação | Oração e Comunhão | Palavra de Deus e Lei | Paz, Cuidado e Confiança | Segunda Vinda e Esperança | Sábado e Criação",1 Tessalonicenses 4:16-17; Apocalipse 1:7; João 14:1-3 | 1 Tessalonicenses 5:17; Mateus 7:7; Filipenses 4:6 | Efésios 2:8-9; João 3:16; 1 João 1:9 | João 14:16-17; Atos 2:1-4 | Salmos 119:105; 2 Timóteo 3:16; Salmos 19:7 | Salmos 23:1-4; João 14:27; Salmos 46:1 | Êxodo 20:8-11; Gênesis 2:2-3
462,Será de Manhã?,Adoração e Louvor | Graça e Salvação | Lar e Família | Sacrifício e Redenção | Segunda Vinda e Esperança,1 Tessalonicenses 4:16-17; Apocalipse 1:7; João 14:1-3 | Efésios 2:8-9; João 3:16; 1 João 1:9 | Isaías 53:4-5; Romanos 5:8; Hebreus 9:22 | Josué 24:15; Efésios 6:1-4 | Salmos 150:1-6; Apocalipse 4:8; Salmos 95:1-2
463,Espero a Manhã Gloriosa,Graça e Salvação | Lar e Família | Segunda Vinda e Esperança,1 Tessalonicenses 4:16-17; Apocalipse 1:7; João 14:1-3 | Efésios 2:8-9; João 3:16; 1 João 1:9 | Josué 24:15; Efésios 6:1-4
464,Não Desistir,Segunda Vinda e Esperança,1 Tessalonicenses 4:16-17; Apocalipse 1:7; João 14:1-3
465,O Dia Não Sei,Adoração e Louvor | Oração e Comunhão | Palavra de Deus e Lei | Segunda Vinda e Esperança | Sábado e Criação,1 Tessalonicenses 4:16-17; Apocalipse 1:7; João 14:1-3 | 1 Tessalonicenses 5:17; Mateus 7:7; Filipenses 4:6 | Salmos 119:105; 2 Timóteo 3:16; Salmos 19:7 | Salmos 150:1-6; Apocalipse 4:8; Salmos 95:1-2 | Êxodo 20:8-11; Gênesis 2:2-3
466,Um Pouco Mais,"Graça e Salvação | Lar e Família | Oração e Comunhão | Paz, Cuidado e Confiança",1 Tessalonicenses 5:17; Mateus 7:7; Filipenses 4:6 | Efésios 2:8-9; João 3:16; 1 João 1:9 | Josué 24:15; Efésios 6:1-4 | Salmos 23:1-4; João 14:27; Salmos 46:1
467,Até Quando?,Graça e Salvação | Igreja e Comunhão | Lar e Família | Oração e Comunhão | Segunda Vinda e Esperança,1 Tessalonicenses 4:16-17; Apocalipse 1:7; João 14:1-3 | 1 Tessalonicenses 5:17; Mateus 7:7; Filipenses 4:6 | Efésios 2:8-9; João 3:16; 1 João 1:9 | Josué 24:15; Efésios 6:1-4 | Salmos 133:1; Hebreus 10:25
468,Quase no Lar,Adoração e Louvor | Graça e Salvação | Lar e Família | Missão e Serviço | Oração e Comunhão | Segunda Vinda e Esperança,1 Tessalonicenses 4:16-17; Apocalipse 1:7; João 14:1-3 | 1 Tessalonicenses 5:17; Mateus 7:7; Filipenses 4:6 | Efésios 2:8-9; João 3:16; 1 João 1:9 | Josué 24:15; Efésios 6:1-4 | Mateus 28:19-20; Isaías 6:8; Marcos 16:15 | Salmos 150:1-6; Apocalipse 4:8; Salmos 95:1-2
469,Enquanto Ele Não Vem,Lar e Família | Oração e Comunhão | Palavra de Deus e Lei | Sacrifício e Redenção | Segunda Vinda e Esperança,1 Tessalonicenses 4:16-17; Apocalipse 1:7; João 14:1-3 | 1 Tessalonicenses 5:17; Mateus 7:7; Filipenses 4:6 | Isaías 53:4-5; Romanos 5:8; Hebreus 9:22 | Josué 24:15; Efésios 6:1-4 | Salmos 119:105; 2 Timóteo 3:16; Salmos 19:7
470,Rocha Eterna,"Adoração e Louvor | Graça e Salvação | Lar e Família | Paz, Cuidado e Confiança | Sacrifício e Redenção",Efésios 2:8-9; João 3:16; 1 João 1:9 | Isaías 53:4-5; Romanos 5:8; Hebreus 9:22 | Josué 24:15; Efésios 6:1-4 | Salmos 150:1-6; Apocalipse 4:8; Salmos 95:1-2 | Salmos 23:1-4; João 14:27; Salmos 46:1
471,Porque Ele Vive,Crianças e Jovens | Graça e Salvação | Sacrifício e Redenção,Efésios 2:8-9; João 3:16; 1 João 1:9 | Isaías 53:4-5; Romanos 5:8; Hebreus 9:22 | Mateus 19:14; Provérbios 22:6
472,"Ó Alegrai-vos, Filhos De Sião",Adoração e Louvor | Crianças e Jovens | Lar e Família | Sacrifício e Redenção,Isaías 53:4-5; Romanos 5:8; Hebreus 9:22 | Josué 24:15; Efésios 6:1-4 | Mateus 19:14; Provérbios 22:6 | Salmos 150:1-6; Apocalipse 4:8; Salmos 95:1-2
473,Morte e Ressurreição,Adoração e Louvor | Oração e Comunhão | Palavra de Deus e Lei | Sacrifício e Redenção,1 Tessalonicenses 5:17; Mateus 7:7; Filipenses 4:6 | Isaías 53:4-5; Romanos 5:8; Hebreus 9:22 | Salmos 119:105; 2 Timóteo 3:16; Salmos 19:7 | Salmos 150:1-6; Apocalipse 4:8; Salmos 95:1-2
474,Eu Espero,Sacrifício e Redenção | Segunda Vinda e Esperança | Sábado e Criação,1 Tessalonicenses 4:16-17; Apocalipse 1:7; João 14:1-3 | Isaías 53:4-5; Romanos 5:8; Hebreus 9:22 | Êxodo 20:8-11; Gênesis 2:2-3
475,Se Não Houver Amanhã,Graça e Salvação | Lar e Família | Segunda Vinda e Esperança,1 Tessalonicenses 4:16-17; Apocalipse 1:7; João 14:1-3 | Efésios 2:8-9; João 3:16; 1 João 1:9 | Josué 24:15; Efésios 6:1-4
476,Hei de Ver,"Adoração e Louvor | Graça e Salvação | Lar e Família | Oração e Comunhão | Paz, Cuidado e Confiança | Sacrifício e Redenção | Segunda Vinda e Esperança",1 Tessalonicenses 4:16-17; Apocalipse 1:7; João 14:1-3 | 1 Tessalonicenses 5:17; Mateus 7:7; Filipenses 4:6 | Efésios 2:8-9; João 3:16; 1 João 1:9 | Isaías 53:4-5; Romanos 5:8; Hebreus 9:22 | Josué 24:15; Efésios 6:1-4 | Salmos 150:1-6; Apocalipse 4:8; Salmos 95:1-2 | Salmos 23:1-4; João 14:27; Salmos 46:1
477,Face a Face,Adoração e Louvor | Graça e Salvação | Lar e Família | Segunda Vinda e Esperança,1 Tessalonicenses 4:16-17; Apocalipse 1:7; João 14:1-3 | Efésios 2:8-9; João 3:16; 1 João 1:9 | Josué 24:15; Efésios 6:1-4 | Salmos 150:1-6; Apocalipse 4:8; Salmos 95:1-2
478,"Sim, Glória Haverá No Final",Adoração e Louvor | Graça e Salvação | Segunda Vinda e Esperança,1 Tessalonicenses 4:16-17; Apocalipse 1:7; João 14:1-3 | Efésios 2:8-9; João 3:16; 1 João 1:9 | Salmos 150:1-6; Apocalipse 4:8; Salmos 95:1-2
479,Herdeiro Do Reino,Adoração e Louvor | Crianças e Jovens | Lar e Família,Josué 24:15; Efésios 6:1-4 | Mateus 19:14; Provérbios 22:6 | Salmos 150:1-6; Apocalipse 4:8; Salmos 95:1-2
480,O Eterno Lar,"Graça e Salvação | Igreja e Comunhão | Lar e Família | Paz, Cuidado e Confiança | Segunda Vinda e Esperança | Sábado e Criação",1 Tessalonicenses 4:16-17; Apocalipse 1:7; João 14:1-3 | Efésios 2:8-9; João 3:16; 1 João 1:9 | Josué 24:15; Efésios 6:1-4 | Salmos 133:1; Hebreus 10:25 | Salmos 23:1-4; João 14:27; Salmos 46:1 | Êxodo 20:8-11; Gênesis 2:2-3
481,No Celeste Lar Glorioso,"Adoração e Louvor | Lar e Família | Paz, Cuidado e Confiança",Josué 24:15; Efésios 6:1-4 | Salmos 150:1-6; Apocalipse 4:8; Salmos 95:1-2 | Salmos 23:1-4; João 14:27; Salmos 46:1
482,Junto ao Rio Jordão,Graça e Salvação | Lar e Família | Sacrifício e Redenção,Efésios 2:8-9; João 3:16; 1 João 1:9 | Isaías 53:4-5; Romanos 5:8; Hebreus 9:22 | Josué 24:15; Efésios 6:1-4
483,Vamos Ver Jesus Ali,"Lar e Família | Oração e Comunhão | Paz, Cuidado e Confiança | Segunda Vinda e Esperança",1 Tessalonicenses 4:16-17; Apocalipse 1:7; João 14:1-3 | 1 Tessalonicenses 5:17; Mateus 7:7; Filipenses 4:6 | Josué 24:15; Efésios 6:1-4 | Salmos 23:1-4; João 14:27; Salmos 46:1
484,Além do Céu Azul,Lar e Família | Oração e Comunhão,1 Tessalonicenses 5:17; Mateus 7:7; Filipenses 4:6 | Josué 24:15; Efésios 6:1-4
485,Estrelas Terei,"Adoração e Louvor | Lar e Família | Oração e Comunhão | Paz, Cuidado e Confiança",1 Tessalonicenses 5:17; Mateus 7:7; Filipenses 4:6 | Josué 24:15; Efésios 6:1-4 | Salmos 150:1-6; Apocalipse 4:8; Salmos 95:1-2 | Salmos 23:1-4; João 14:27; Salmos 46:1
486,Até Então,Lar e Família | Oração e Comunhão | Sacrifício e Redenção | Segunda Vinda e Esperança,1 Tessalonicenses 4:16-17; Apocalipse 1:7; João 14:1-3 | 1 Tessalonicenses 5:17; Mateus 7:7; Filipenses 4:6 | Isaías 53:4-5; Romanos 5:8; Hebreus 9:22 | Josué 24:15; Efésios 6:1-4
487,Primeiro Quero Ver Meu Salvador,Adoração e Louvor | Graça e Salvação | Lar e Família,Efésios 2:8-9; João 3:16; 1 João 1:9 | Josué 24:15; Efésios 6:1-4 | Salmos 150:1-6; Apocalipse 4:8; Salmos 95:1-2
488,Eu vou para o Céu,Adoração e Louvor | Lar e Família | Segunda Vinda e Esperança,1 Tessalonicenses 4:16-17; Apocalipse 1:7; João 14:1-3 | Josué 24:15; Efésios 6:1-4 | Salmos 150:1-6; Apocalipse 4:8; Salmos 95:1-2
489,Cristo Foi Preparar Um Lugar,"Adoração e Louvor | Graça e Salvação | Lar e Família | Paz, Cuidado e Confiança | Segunda Vinda e Esperança | Sábado e Criação",1 Tessalonicenses 4:16-17; Apocalipse 1:7; João 14:1-3 | Efésios 2:8-9; João 3:16; 1 João 1:9 | Josué 24:15; Efésios 6:1-4 | Salmos 150:1-6; Apocalipse 4:8; Salmos 95:1-2 | Salmos 23:1-4; João 14:27; Salmos 46:1 | Êxodo 20:8-11; Gênesis 2:2-3
490,Tão Grato Me é Lembrar,"Graça e Salvação | Lar e Família | Oração e Comunhão | Paz, Cuidado e Confiança | Segunda Vinda e Esperança | Sábado e Criação",1 Tessalonicenses 4:16-17; Apocalipse 1:7; João 14:1-3 | 1 Tessalonicenses 5:17; Mateus 7:7; Filipenses 4:6 | Efésios 2:8-9; João 3:16; 1 João 1:9 | Josué 24:15; Efésios 6:1-4 | Salmos 23:1-4; João 14:27; Salmos 46:1 | Êxodo 20:8-11; Gênesis 2:2-3
491,Há um Rio Cristalino,Adoração e Louvor | Crianças e Jovens | Graça e Salvação | Segunda Vinda e Esperança,1 Tessalonicenses 4:16-17; Apocalipse 1:7; João 14:1-3 | Efésios 2:8-9; João 3:16; 1 João 1:9 | Mateus 19:14; Provérbios 22:6 | Salmos 150:1-6; Apocalipse 4:8; Salmos 95:1-2
492,Lar Feliz,Lar e Família | Oração e Comunhão,1 Tessalonicenses 5:17; Mateus 7:7; Filipenses 4:6 | Josué 24:15; Efésios 6:1-4
493,Almejo o Lar,"Crianças e Jovens | Lar e Família | Paz, Cuidado e Confiança | Segunda Vinda e Esperança",1 Tessalonicenses 4:16-17; Apocalipse 1:7; João 14:1-3 | Josué 24:15; Efésios 6:1-4 | Mateus 19:14; Provérbios 22:6 | Salmos 23:1-4; João 14:27; Salmos 46:1
494,Doce Lar,"Adoração e Louvor | Graça e Salvação | Lar e Família | Paz, Cuidado e Confiança | Sacrifício e Redenção | Segunda Vinda e Esperança",1 Tessalonicenses 4:16-17; Apocalipse 1:7; João 14:1-3 | Efésios 2:8-9; João 3:16; 1 João 1:9 | Isaías 53:4-5; Romanos 5:8; Hebreus 9:22 | Josué 24:15; Efésios 6:1-4 | Salmos 150:1-6; Apocalipse 4:8; Salmos 95:1-2 | Salmos 23:1-4; João 14:27; Salmos 46:1
495,Glória Perene,"Adoração e Louvor | Graça e Salvação | Paz, Cuidado e Confiança",Efésios 2:8-9; João 3:16; 1 João 1:9 | Salmos 150:1-6; Apocalipse 4:8; Salmos 95:1-2 | Salmos 23:1-4; João 14:27; Salmos 46:1
496,Além do Rio,"Adoração e Louvor | Igreja e Comunhão | Oração e Comunhão | Paz, Cuidado e Confiança",1 Tessalonicenses 5:17; Mateus 7:7; Filipenses 4:6 | Salmos 133:1; Hebreus 10:25 | Salmos 150:1-6; Apocalipse 4:8; Salmos 95:1-2 | Salmos 23:1-4; João 14:27; Salmos 46:1
497,Inda é Longe Canaã?,"Graça e Salvação | Lar e Família | Paz, Cuidado e Confiança",Efésios 2:8-9; João 3:16; 1 João 1:9 | Josué 24:15; Efésios 6:1-4 | Salmos 23:1-4; João 14:27; Salmos 46:1
498,Lindo País,"Lar e Família | Paz, Cuidado e Confiança | Sacrifício e Redenção",Isaías 53:4-5; Romanos 5:8; Hebreus 9:22 | Josué 24:15; Efésios 6:1-4 | Salmos 23:1-4; João 14:27; Salmos 46:1
499,Mansão Sobre o Monte,Crianças e Jovens | Lar e Família | Segunda Vinda e Esperança,1 Tessalonicenses 4:16-17; Apocalipse 1:7; João 14:1-3 | Josué 24:15; Efésios 6:1-4 | Mateus 19:14; Provérbios 22:6
500,"Oh, Nunca Separar!",Lar e Família,Josué 24:15; Efésios 6:1-4
501,Para Além das Montanhas,"Adoração e Louvor | Graça e Salvação | Lar e Família | Paz, Cuidado e Confiança | Sacrifício e Redenção",Efésios 2:8-9; João 3:16; 1 João 1:9 | Isaías 53:4-5; Romanos 5:8; Hebreus 9:22 | Josué 24:15; Efésios 6:1-4 | Salmos 150:1-6; Apocalipse 4:8; Salmos 95:1-2 | Salmos 23:1-4; João 14:27; Salmos 46:1
502,Saudade,Crianças e Jovens | Lar e Família | Oração e Comunhão | Sacrifício e Redenção,1 Tessalonicenses 5:17; Mateus 7:7; Filipenses 4:6 | Isaías 53:4-5; Romanos 5:8; Hebreus 9:22 | Josué 24:15; Efésios 6:1-4 | Mateus 19:14; Provérbios 22:6
503,Vale Do Éden Formoso,Graça e Salvação | Lar e Família,Efésios 2:8-9; João 3:16; 1 João 1:9 | Josué 24:15; Efésios 6:1-4
504,Mais Perto Desse Lar,Lar e Família | Palavra de Deus e Lei | Segunda Vinda e Esperança,1 Tessalonicenses 4:16-17; Apocalipse 1:7; João 14:1-3 | Josué 24:15; Efésios 6:1-4 | Salmos 119:105; 2 Timóteo 3:16; Salmos 19:7
505,Muito Além do Sol,Adoração e Louvor | Graça e Salvação | Lar e Família,Efésios 2:8-9; João 3:16; 1 João 1:9 | Josué 24:15; Efésios 6:1-4 | Salmos 150:1-6; Apocalipse 4:8; Salmos 95:1-2
506,Eu Não Preciso Mais Sonhar,"Adoração e Louvor | Graça e Salvação | Igreja e Comunhão | Lar e Família | Paz, Cuidado e Confiança",Efésios 2:8-9; João 3:16; 1 João 1:9 | Josué 24:15; Efésios 6:1-4 | Salmos 133:1; Hebreus 10:25 | Salmos 150:1-6; Apocalipse 4:8; Salmos 95:1-2 | Salmos 23:1-4; João 14:27; Salmos 46:1
507,Jamais se Diz Adeus Ali,"Graça e Salvação | Lar e Família | Paz, Cuidado e Confiança | Segunda Vinda e Esperança",1 Tessalonicenses 4:16-17; Apocalipse 1:7; João 14:1-3 | Efésios 2:8-9; João 3:16; 1 João 1:9 | Josué 24:15; Efésios 6:1-4 | Salmos 23:1-4; João 14:27; Salmos 46:1
508,Cristo Fez Tudo Muito Bom,Espírito Santo | Lar e Família | Palavra de Deus e Lei,Josué 24:15; Efésios 6:1-4 | João 14:16-17; Atos 2:1-4 | Salmos 119:105; 2 Timóteo 3:16; Salmos 19:7
509,A Criação,Sábado e Criação,Êxodo 20:8-11; Gênesis 2:2-3
510,Aquarela Do Senhor,Graça e Salvação,Efésios 2:8-9; João 3:16; 1 João 1:9
511,Eu Sou Uma Obra de Arte,Graça e Salvação | Missão e Serviço | Sábado e Criação,Efésios 2:8-9; João 3:16; 1 João 1:9 | Mateus 28:19-20; Isaías 6:8; Marcos 16:15 | Êxodo 20:8-11; Gênesis 2:2-3
512,Cada Dia,"Espírito Santo | Graça e Salvação | Paz, Cuidado e Confiança",Efésios 2:8-9; João 3:16; 1 João 1:9 | João 14:16-17; Atos 2:1-4 | Salmos 23:1-4; João 14:27; Salmos 46:1
513,Ver Jesus Em Você,Crianças e Jovens | Sacrifício e Redenção,Isaías 53:4-5; Romanos 5:8; Hebreus 9:22 | Mateus 19:14; Provérbios 22:6
514,Fruto da Criação,Crianças e Jovens | Graça e Salvação | Lar e Família | Missão e Serviço | Oração e Comunhão | Sábado e Criação,1 Tessalonicenses 5:17; Mateus 7:7; Filipenses 4:6 | Efésios 2:8-9; João 3:16; 1 João 1:9 | Josué 24:15; Efésios 6:1-4 | Mateus 19:14; Provérbios 22:6 | Mateus 28:19-20; Isaías 6:8; Marcos 16:15 | Êxodo 20:8-11; Gênesis 2:2-3
515,Sabe Quantas Estrelinhas?,Graça e Salvação,Efésios 2:8-9; João 3:16; 1 João 1:9
516,Grande Artista,Adoração e Louvor | Graça e Salvação,Efésios 2:8-9; João 3:16; 1 João 1:9 | Salmos 150:1-6; Apocalipse 4:8; Salmos 95:1-2
517,Meu Deus É Tão Grande,Vida Cristã e Devoção,Salmos 1:1-2; Provérbios 3:5-6
518,O Dia Em Que Deus Criou o Mundo,Vida Cristã e Devoção,Salmos 1:1-2; Provérbios 3:5-6
519,O Amigo do Coração,"Oração e Comunhão | Paz, Cuidado e Confiança",1 Tessalonicenses 5:17; Mateus 7:7; Filipenses 4:6 | Salmos 23:1-4; João 14:27; Salmos 46:1
520,Cristo é o Número Um,Oração e Comunhão,1 Tessalonicenses 5:17; Mateus 7:7; Filipenses 4:6
521,O Espírito Santo,"Adoração e Louvor | Espírito Santo | Paz, Cuidado e Confiança",João 14:16-17; Atos 2:1-4 | Salmos 150:1-6; Apocalipse 4:8; Salmos 95:1-2 | Salmos 23:1-4; João 14:27; Salmos 46:1
522,Eu Quero Esse Poder,Adoração e Louvor | Crianças e Jovens | Espírito Santo | Segunda Vinda e Esperança,1 Tessalonicenses 4:16-17; Apocalipse 1:7; João 14:1-3 | João 14:16-17; Atos 2:1-4 | Mateus 19:14; Provérbios 22:6 | Salmos 150:1-6; Apocalipse 4:8; Salmos 95:1-2
523,"Sim, Cristo me Ama",Graça e Salvação | Lar e Família | Palavra de Deus e Lei | Sacrifício e Redenção,Efésios 2:8-9; João 3:16; 1 João 1:9 | Isaías 53:4-5; Romanos 5:8; Hebreus 9:22 | Josué 24:15; Efésios 6:1-4 | Salmos 119:105; 2 Timóteo 3:16; Salmos 19:7
524,Jesus Me Quer Bem,Graça e Salvação | Lar e Família | Oração e Comunhão | Palavra de Deus e Lei,1 Tessalonicenses 5:17; Mateus 7:7; Filipenses 4:6 | Efésios 2:8-9; João 3:16; 1 João 1:9 | Josué 24:15; Efésios 6:1-4 | Salmos 119:105; 2 Timóteo 3:16; Salmos 19:7
525,Deus Sempre me Ama,Crianças e Jovens | Graça e Salvação,Efésios 2:8-9; João 3:16; 1 João 1:9 | Mateus 19:14; Provérbios 22:6
526,Quem Orou Três Vezes?,Vida Cristã e Devoção,Salmos 1:1-2; Provérbios 3:5-6
527,Aonde Quer Que Eu Vá,"Oração e Comunhão | Paz, Cuidado e Confiança",1 Tessalonicenses 5:17; Mateus 7:7; Filipenses 4:6 | Salmos 23:1-4; João 14:27; Salmos 46:1
528,Quando Estou Com Medo,Adoração e Louvor,Salmos 150:1-6; Apocalipse 4:8; Salmos 95:1-2
529,Se Deus É Por Nós,Vida Cristã e Devoção,Salmos 1:1-2; Provérbios 3:5-6
530,Lâmpada Para os Meus Pés,Palavra de Deus e Lei,Salmos 119:105; 2 Timóteo 3:16; Salmos 19:7
531,A Bíblia,Palavra de Deus e Lei,Salmos 119:105; 2 Timóteo 3:16; Salmos 19:7
532,Louvem a Jesus,Crianças e Jovens,Mateus 19:14; Provérbios 22:6
533,Louvai-O,Crianças e Jovens | Graça e Salvação,Efésios 2:8-9; João 3:16; 1 João 1:9 | Mateus 19:14; Provérbios 22:6
534,Eu Digo Não,Oração e Comunhão,1 Tessalonicenses 5:17; Mateus 7:7; Filipenses 4:6
535,Santa Lei De Deus,Adoração e Louvor | Graça e Salvação | Lar e Família | Oração e Comunhão | Palavra de Deus e Lei,1 Tessalonicenses 5:17; Mateus 7:7; Filipenses 4:6 | Efésios 2:8-9; João 3:16; 1 João 1:9 | Josué 24:15; Efésios 6:1-4 | Salmos 119:105; 2 Timóteo 3:16; Salmos 19:7 | Salmos 150:1-6; Apocalipse 4:8; Salmos 95:1-2
536,São Dez Os Mandamentos,"Palavra de Deus e Lei | Paz, Cuidado e Confiança",Salmos 119:105; 2 Timóteo 3:16; Salmos 19:7 | Salmos 23:1-4; João 14:27; Salmos 46:1
537,"Sábado, O Dia Mais Feliz",Igreja e Comunhão | Sábado e Criação,Salmos 133:1; Hebreus 10:25 | Êxodo 20:8-11; Gênesis 2:2-3
538,Dia Especial,Sábado e Criação,Êxodo 20:8-11; Gênesis 2:2-3
539,Deus Mandou O Sol Brilhar,Lar e Família | Sábado e Criação,Josué 24:15; Efésios 6:1-4 | Êxodo 20:8-11; Gênesis 2:2-3
540,Quero Bem Alegre Obedecer,Lar e Família,Josué 24:15; Efésios 6:1-4
541,"Cria Em Mim, Ó Deus",Espírito Santo | Oração e Comunhão,1 Tessalonicenses 5:17; Mateus 7:7; Filipenses 4:6 | João 14:16-17; Atos 2:1-4
542,"Vem, Ó Jesus",Oração e Comunhão,1 Tessalonicenses 5:17; Mateus 7:7; Filipenses 4:6
543,É Bom Ter Jesus No Coração,Oração e Comunhão,1 Tessalonicenses 5:17; Mateus 7:7; Filipenses 4:6
544,Entrega Teu Caminho Ao Senhor,Vida Cristã e Devoção,Salmos 1:1-2; Provérbios 3:5-6
545,Sou Feliz,"Graça e Salvação | Oração e Comunhão | Paz, Cuidado e Confiança",1 Tessalonicenses 5:17; Mateus 7:7; Filipenses 4:6 | Efésios 2:8-9; João 3:16; 1 João 1:9 | Salmos 23:1-4; João 14:27; Salmos 46:1
546,Quero Servir a Jesus,Adoração e Louvor | Lar e Família | Missão e Serviço | Oração e Comunhão,1 Tessalonicenses 5:17; Mateus 7:7; Filipenses 4:6 | Josué 24:15; Efésios 6:1-4 | Mateus 28:19-20; Isaías 6:8; Marcos 16:15 | Salmos 150:1-6; Apocalipse 4:8; Salmos 95:1-2
547,Eu Sei Por Que Nasci,"Graça e Salvação | Missão e Serviço | Paz, Cuidado e Confiança | Segunda Vinda e Esperança",1 Tessalonicenses 4:16-17; Apocalipse 1:7; João 14:1-3 | Efésios 2:8-9; João 3:16; 1 João 1:9 | Mateus 28:19-20; Isaías 6:8; Marcos 16:15 | Salmos 23:1-4; João 14:27; Salmos 46:1
548,O Milagre Da Vida,Graça e Salvação | Oração e Comunhão | Sábado e Criação,1 Tessalonicenses 5:17; Mateus 7:7; Filipenses 4:6 | Efésios 2:8-9; João 3:16; 1 João 1:9 | Êxodo 20:8-11; Gênesis 2:2-3
549,Eu Sou Importante,Vida Cristã e Devoção,Salmos 1:1-2; Provérbios 3:5-6
550,Deus Tem Um Plano Pra Mim,"Graça e Salvação | Paz, Cuidado e Confiança",Efésios 2:8-9; João 3:16; 1 João 1:9 | Salmos 23:1-4; João 14:27; Salmos 46:1
551,Minha Pequenina Luz,Vida Cristã e Devoção,Salmos 1:1-2; Provérbios 3:5-6
552,Meus Talentos Vou Usar,"Missão e Serviço | Paz, Cuidado e Confiança",Mateus 28:19-20; Isaías 6:8; Marcos 16:15 | Salmos 23:1-4; João 14:27; Salmos 46:1
553,Minha Vida É Uma Viagem,Lar e Família | Palavra de Deus e Lei,Josué 24:15; Efésios 6:1-4 | Salmos 119:105; 2 Timóteo 3:16; Salmos 19:7
554,Sou Aventureiro,"Crianças e Jovens | Graça e Salvação | Lar e Família | Paz, Cuidado e Confiança",Efésios 2:8-9; João 3:16; 1 João 1:9 | Josué 24:15; Efésios 6:1-4 | Mateus 19:14; Provérbios 22:6 | Salmos 23:1-4; João 14:27; Salmos 46:1
555,Um Lugar Feliz É O Céu,Vida Cristã e Devoção,Salmos 1:1-2; Provérbios 3:5-6
556,Lá No Céu,Oração e Comunhão,1 Tessalonicenses 5:17; Mateus 7:7; Filipenses 4:6
557,O Céu,"Graça e Salvação | Igreja e Comunhão | Lar e Família | Oração e Comunhão | Paz, Cuidado e Confiança | Sacrifício e Redenção | Segunda Vinda e Esperança",1 Tessalonicenses 4:16-17; Apocalipse 1:7; João 14:1-3 | 1 Tessalonicenses 5:17; Mateus 7:7; Filipenses 4:6 | Efésios 2:8-9; João 3:16; 1 João 1:9 | Isaías 53:4-5; Romanos 5:8; Hebreus 9:22 | Josué 24:15; Efésios 6:1-4 | Salmos 133:1; Hebreus 10:25 | Salmos 23:1-4; João 14:27; Salmos 46:1
558,O Senhor Está Em Seu Templo,Adoração e Louvor,Salmos 150:1-6; Apocalipse 4:8; Salmos 95:1-2
559,Sinto A Presença Do Senhor,Graça e Salvação,Efésios 2:8-9; João 3:16; 1 João 1:9
560,A Glória da Tua Presença,Adoração e Louvor | Lar e Família,Josué 24:15; Efésios 6:1-4 | Salmos 150:1-6; Apocalipse 4:8; Salmos 95:1-2
561,Santo Somente É O Senhor,"Adoração e Louvor | Graça e Salvação | Oração e Comunhão | Paz, Cuidado e Confiança",1 Tessalonicenses 5:17; Mateus 7:7; Filipenses 4:6 | Efésios 2:8-9; João 3:16; 1 João 1:9 | Salmos 150:1-6; Apocalipse 4:8; Salmos 95:1-2 | Salmos 23:1-4; João 14:27; Salmos 46:1
562,"Santo És, Senhor",Adoração e Louvor | Graça e Salvação | Oração e Comunhão,1 Tessalonicenses 5:17; Mateus 7:7; Filipenses 4:6 | Efésios 2:8-9; João 3:16; 1 João 1:9 | Salmos 150:1-6; Apocalipse 4:8; Salmos 95:1-2
563,Sua Glória,"Adoração e Louvor | Graça e Salvação | Lar e Família | Paz, Cuidado e Confiança | Segunda Vinda e Esperança",1 Tessalonicenses 4:16-17; Apocalipse 1:7; João 14:1-3 | Efésios 2:8-9; João 3:16; 1 João 1:9 | Josué 24:15; Efésios 6:1-4 | Salmos 150:1-6; Apocalipse 4:8; Salmos 95:1-2 | Salmos 23:1-4; João 14:27; Salmos 46:1
564,Vamos Adorar,Adoração e Louvor | Graça e Salvação | Oração e Comunhão | Sábado e Criação,1 Tessalonicenses 5:17; Mateus 7:7; Filipenses 4:6 | Efésios 2:8-9; João 3:16; 1 João 1:9 | Salmos 150:1-6; Apocalipse 4:8; Salmos 95:1-2 | Êxodo 20:8-11; Gênesis 2:2-3
565,Adoração,Adoração e Louvor | Crianças e Jovens | Espírito Santo | Lar e Família | Oração e Comunhão,1 Tessalonicenses 5:17; Mateus 7:7; Filipenses 4:6 | Josué 24:15; Efésios 6:1-4 | João 14:16-17; Atos 2:1-4 | Mateus 19:14; Provérbios 22:6 | Salmos 150:1-6; Apocalipse 4:8; Salmos 95:1-2
566,"Oh, Adorai",Vida Cristã e Devoção,Salmos 1:1-2; Provérbios 3:5-6
567,Introito,"Adoração e Louvor | Espírito Santo | Graça e Salvação | Lar e Família | Oração e Comunhão | Paz, Cuidado e Confiança | Sacrifício e Redenção",1 Tessalonicenses 5:17; Mateus 7:7; Filipenses 4:6 | Efésios 2:8-9; João 3:16; 1 João 1:9 | Isaías 53:4-5; Romanos 5:8; Hebreus 9:22 | Josué 24:15; Efésios 6:1-4 | João 14:16-17; Atos 2:1-4 | Salmos 150:1-6; Apocalipse 4:8; Salmos 95:1-2 | Salmos 23:1-4; João 14:27; Salmos 46:1
568,Invocação,Adoração e Louvor | Espírito Santo | Lar e Família | Oração e Comunhão | Sacrifício e Redenção | Sábado e Criação,1 Tessalonicenses 5:17; Mateus 7:7; Filipenses 4:6 | Isaías 53:4-5; Romanos 5:8; Hebreus 9:22 | Josué 24:15; Efésios 6:1-4 | João 14:16-17; Atos 2:1-4 | Salmos 150:1-6; Apocalipse 4:8; Salmos 95:1-2 | Êxodo 20:8-11; Gênesis 2:2-3
569,Nosso Maravilhoso Deus,Adoração e Louvor | Graça e Salvação,Efésios 2:8-9; João 3:16; 1 João 1:9 | Salmos 150:1-6; Apocalipse 4:8; Salmos 95:1-2
570,Maravilhoso Deus,Adoração e Louvor | Graça e Salvação | Oração e Comunhão,1 Tessalonicenses 5:17; Mateus 7:7; Filipenses 4:6 | Efésios 2:8-9; João 3:16; 1 João 1:9 | Salmos 150:1-6; Apocalipse 4:8; Salmos 95:1-2
571,Tu És Digno,Adoração e Louvor | Oração e Comunhão,1 Tessalonicenses 5:17; Mateus 7:7; Filipenses 4:6 | Salmos 150:1-6; Apocalipse 4:8; Salmos 95:1-2
572,Ofertório,Lar e Família | Oração e Comunhão,1 Tessalonicenses 5:17; Mateus 7:7; Filipenses 4:6 | Josué 24:15; Efésios 6:1-4
573,Venho Te Adorar,Graça e Salvação | Oração e Comunhão,1 Tessalonicenses 5:17; Mateus 7:7; Filipenses 4:6 | Efésios 2:8-9; João 3:16; 1 João 1:9
574,Teu É Nosso Coração,Adoração e Louvor | Crianças e Jovens | Oração e Comunhão,1 Tessalonicenses 5:17; Mateus 7:7; Filipenses 4:6 | Mateus 19:14; Provérbios 22:6 | Salmos 150:1-6; Apocalipse 4:8; Salmos 95:1-2
575,Entrego A Ti,Adoração e Louvor | Lar e Família | Oração e Comunhão,1 Tessalonicenses 5:17; Mateus 7:7; Filipenses 4:6 | Josué 24:15; Efésios 6:1-4 | Salmos 150:1-6; Apocalipse 4:8; Salmos 95:1-2
576,Humildade e Gratidão,Graça e Salvação,Efésios 2:8-9; João 3:16; 1 João 1:9
577,Quero Me Entregar,Oração e Comunhão,1 Tessalonicenses 5:17; Mateus 7:7; Filipenses 4:6
578,Humilde Oração,Adoração e Louvor | Graça e Salvação | Oração e Comunhão,1 Tessalonicenses 5:17; Mateus 7:7; Filipenses 4:6 | Efésios 2:8-9; João 3:16; 1 João 1:9 | Salmos 150:1-6; Apocalipse 4:8; Salmos 95:1-2
579,"Ao Orarmos, Senhor",Espírito Santo | Graça e Salvação | Igreja e Comunhão | Oração e Comunhão,1 Tessalonicenses 5:17; Mateus 7:7; Filipenses 4:6 | Efésios 2:8-9; João 3:16; 1 João 1:9 | João 14:16-17; Atos 2:1-4 | Salmos 133:1; Hebreus 10:25
580,Oração de Súplica,"Graça e Salvação | Lar e Família | Oração e Comunhão | Paz, Cuidado e Confiança",1 Tessalonicenses 5:17; Mateus 7:7; Filipenses 4:6 | Efésios 2:8-9; João 3:16; 1 João 1:9 | Josué 24:15; Efésios 6:1-4 | Salmos 23:1-4; João 14:27; Salmos 46:1
581,"Ouve-nos, Senhor","Adoração e Louvor | Paz, Cuidado e Confiança",Salmos 150:1-6; Apocalipse 4:8; Salmos 95:1-2 | Salmos 23:1-4; João 14:27; Salmos 46:1
582,"Pai, Venho A Ti",Graça e Salvação | Lar e Família | Oração e Comunhão,1 Tessalonicenses 5:17; Mateus 7:7; Filipenses 4:6 | Efésios 2:8-9; João 3:16; 1 João 1:9 | Josué 24:15; Efésios 6:1-4
583,Entregamos Em Tuas Mãos,Oração e Comunhão,1 Tessalonicenses 5:17; Mateus 7:7; Filipenses 4:6
584,Prece de Gratidão,Oração e Comunhão,1 Tessalonicenses 5:17; Mateus 7:7; Filipenses 4:6
585,"Vem, Espírito Santo","Adoração e Louvor | Espírito Santo | Paz, Cuidado e Confiança",João 14:16-17; Atos 2:1-4 | Salmos 150:1-6; Apocalipse 4:8; Salmos 95:1-2 | Salmos 23:1-4; João 14:27; Salmos 46:1
586,Venham Todos,Graça e Salvação,Efésios 2:8-9; João 3:16; 1 João 1:9
587_A,Chegou a Hora de Adorar ao Senhor - A,Adoração e Louvor | Graça e Salvação | Oração e Comunhão,1 Tessalonicenses 5:17; Mateus 7:7; Filipenses 4:6 | Efésios 2:8-9; João 3:16; 1 João 1:9 | Salmos 150:1-6; Apocalipse 4:8; Salmos 95:1-2
587_B,Chegou a Hora de Adorar ao Senhor - B,Graça e Salvação | Lar e Família | Oração e Comunhão,1 Tessalonicenses 5:17; Mateus 7:7; Filipenses 4:6 | Efésios 2:8-9; João 3:16; 1 João 1:9 | Josué 24:15; Efésios 6:1-4
588,Deixai Vir a Mim os Pequeninos,Crianças e Jovens,Mateus 19:14; Provérbios 22:6
589,"Fala, Senhor",Graça e Salvação | Oração e Comunhão,1 Tessalonicenses 5:17; Mateus 7:7; Filipenses 4:6 | Efésios 2:8-9; João 3:16; 1 João 1:9
590,"Queremos Te Pedir, Senhor",Espírito Santo | Oração e Comunhão,1 Tessalonicenses 5:17; Mateus 7:7; Filipenses 4:6 | João 14:16-17; Atos 2:1-4
591,Estejas Conosco,Adoração e Louvor | Espírito Santo | Palavra de Deus e Lei,João 14:16-17; Atos 2:1-4 | Salmos 119:105; 2 Timóteo 3:16; Salmos 19:7 | Salmos 150:1-6; Apocalipse 4:8; Salmos 95:1-2
592,"Graça, Amor e Comunhão",Espírito Santo | Graça e Salvação | Igreja e Comunhão | Lar e Família,Efésios 2:8-9; João 3:16; 1 João 1:9 | Josué 24:15; Efésios 6:1-4 | João 14:16-17; Atos 2:1-4 | Salmos 133:1; Hebreus 10:25
593,"Amigo, Não Saia Sem Cristo","Graça e Salvação | Oração e Comunhão | Paz, Cuidado e Confiança | Sacrifício e Redenção",1 Tessalonicenses 5:17; Mateus 7:7; Filipenses 4:6 | Efésios 2:8-9; João 3:16; 1 João 1:9 | Isaías 53:4-5; Romanos 5:8; Hebreus 9:22 | Salmos 23:1-4; João 14:27; Salmos 46:1
594,Bênção Final,"Graça e Salvação | Lar e Família | Oração e Comunhão | Paz, Cuidado e Confiança | Segunda Vinda e Esperança",1 Tessalonicenses 4:16-17; Apocalipse 1:7; João 14:1-3 | 1 Tessalonicenses 5:17; Mateus 7:7; Filipenses 4:6 | Efésios 2:8-9; João 3:16; 1 João 1:9 | Josué 24:15; Efésios 6:1-4 | Salmos 23:1-4; João 14:27; Salmos 46:1
595,A Bênção,"Graça e Salvação | Paz, Cuidado e Confiança",Efésios 2:8-9; João 3:16; 1 João 1:9 | Salmos 23:1-4; João 14:27; Salmos 46:1
596,"Vem, Senhor",Igreja e Comunhão | Oração e Comunhão,1 Tessalonicenses 5:17; Mateus 7:7; Filipenses 4:6 | Salmos 133:1; Hebreus 10:25
597,Santo Lugar,"Adoração e Louvor | Lar e Família | Paz, Cuidado e Confiança | Segunda Vinda e Esperança",1 Tessalonicenses 4:16-17; Apocalipse 1:7; João 14:1-3 | Josué 24:15; Efésios 6:1-4 | Salmos 150:1-6; Apocalipse 4:8; Salmos 95:1-2 | Salmos 23:1-4; João 14:27; Salmos 46:1
598,Que Deus Te Abençoe!,"Graça e Salvação | Paz, Cuidado e Confiança",Efésios 2:8-9; João 3:16; 1 João 1:9 | Salmos 23:1-4; João 14:27; Salmos 46:1
599,Que O Senhor Nos Abençoe!,"Paz, Cuidado e Confiança",Salmos 23:1-4; João 14:27; Salmos 46:1
600,Em Paz eu Vou,"Paz, Cuidado e Confiança",Salmos 23:1-4; João 14:27; Salmos 46:1
